path_name,file_name
DATA/2009/20090620/,LEND_RDR_RSCI_20090620.LBL
DATA/2009/20090621/,LEND_RDR_RSCI_20090621.LBL
DATA/2009/20090622/,LEND_RDR_RSCI_20090622.LBL
DATA/2009/20090623/,LEND_RDR_RSCI_20090623.LBL
DATA/2009/20090624/,LEND_RDR_RSCI_20090624.LBL
DATA/2009/20090625/,LEND_RDR_RSCI_20090625.LBL
DATA/2009/20090626/,LEND_RDR_RSCI_20090626.LBL
DATA/2009/20090627/,LEND_RDR_RSCI_20090627.LBL
DATA/2009/20090628/,LEND_RDR_RSCI_20090628.LBL
DATA/2009/20090629/,LEND_RDR_RSCI_20090629.LBL
DATA/2009/20090630/,LEND_RDR_RSCI_20090630.LBL
DATA/2009/20090701/,LEND_RDR_RSCI_20090701.LBL
DATA/2009/20090702/,LEND_RDR_RSCI_20090702.LBL
DATA/2009/20090703/,LEND_RDR_RSCI_20090703.LBL
DATA/2009/20090704/,LEND_RDR_RSCI_20090704.LBL
DATA/2009/20090705/,LEND_RDR_RSCI_20090705.LBL
DATA/2009/20090706/,LEND_RDR_RSCI_20090706.LBL
DATA/2009/20090707/,LEND_RDR_RSCI_20090707.LBL
DATA/2009/20090708/,LEND_RDR_RSCI_20090708.LBL
DATA/2009/20090709/,LEND_RDR_RSCI_20090709.LBL
DATA/2009/20090710/,LEND_RDR_RSCI_20090710.LBL
DATA/2009/20090711/,LEND_RDR_RSCI_20090711.LBL
DATA/2009/20090712/,LEND_RDR_RSCI_20090712.LBL
DATA/2009/20090713/,LEND_RDR_RSCI_20090713.LBL
DATA/2009/20090714/,LEND_RDR_RSCI_20090714.LBL
DATA/2009/20090715/,LEND_RDR_RSCI_20090715.LBL
DATA/2009/20090716/,LEND_RDR_RSCI_20090716.LBL
DATA/2009/20090717/,LEND_RDR_RSCI_20090717.LBL
DATA/2009/20090718/,LEND_RDR_RSCI_20090718.LBL
DATA/2009/20090719/,LEND_RDR_RSCI_20090719.LBL
DATA/2009/20090720/,LEND_RDR_RSCI_20090720.LBL
DATA/2009/20090721/,LEND_RDR_RSCI_20090721.LBL
DATA/2009/20090722/,LEND_RDR_RSCI_20090722.LBL
DATA/2009/20090723/,LEND_RDR_RSCI_20090723.LBL
DATA/2009/20090724/,LEND_RDR_RSCI_20090724.LBL
DATA/2009/20090725/,LEND_RDR_RSCI_20090725.LBL
DATA/2009/20090726/,LEND_RDR_RSCI_20090726.LBL
DATA/2009/20090727/,LEND_RDR_RSCI_20090727.LBL
DATA/2009/20090728/,LEND_RDR_RSCI_20090728.LBL
DATA/2009/20090729/,LEND_RDR_RSCI_20090729.LBL
DATA/2009/20090730/,LEND_RDR_RSCI_20090730.LBL
DATA/2009/20090731/,LEND_RDR_RSCI_20090731.LBL
DATA/2009/20090801/,LEND_RDR_RSCI_20090801.LBL
DATA/2009/20090802/,LEND_RDR_RSCI_20090802.LBL
DATA/2009/20090803/,LEND_RDR_RSCI_20090803.LBL
DATA/2009/20090804/,LEND_RDR_RSCI_20090804.LBL
DATA/2009/20090805/,LEND_RDR_RSCI_20090805.LBL
DATA/2009/20090806/,LEND_RDR_RSCI_20090806.LBL
DATA/2009/20090807/,LEND_RDR_RSCI_20090807.LBL
DATA/2009/20090808/,LEND_RDR_RSCI_20090808.LBL
DATA/2009/20090809/,LEND_RDR_RSCI_20090809.LBL
DATA/2009/20090810/,LEND_RDR_RSCI_20090810.LBL
DATA/2009/20090811/,LEND_RDR_RSCI_20090811.LBL
DATA/2009/20090812/,LEND_RDR_RSCI_20090812.LBL
DATA/2009/20090813/,LEND_RDR_RSCI_20090813.LBL
DATA/2009/20090814/,LEND_RDR_RSCI_20090814.LBL
DATA/2009/20090815/,LEND_RDR_RSCI_20090815.LBL
DATA/2009/20090816/,LEND_RDR_RSCI_20090816.LBL
DATA/2009/20090817/,LEND_RDR_RSCI_20090817.LBL
DATA/2009/20090818/,LEND_RDR_RSCI_20090818.LBL
DATA/2009/20090819/,LEND_RDR_RSCI_20090819.LBL
DATA/2009/20090820/,LEND_RDR_RSCI_20090820.LBL
DATA/2009/20090821/,LEND_RDR_RSCI_20090821.LBL
DATA/2009/20090822/,LEND_RDR_RSCI_20090822.LBL
DATA/2009/20090823/,LEND_RDR_RSCI_20090823.LBL
DATA/2009/20090824/,LEND_RDR_RSCI_20090824.LBL
DATA/2009/20090825/,LEND_RDR_RSCI_20090825.LBL
DATA/2009/20090826/,LEND_RDR_RSCI_20090826.LBL
DATA/2009/20090827/,LEND_RDR_RSCI_20090827.LBL
DATA/2009/20090828/,LEND_RDR_RSCI_20090828.LBL
DATA/2009/20090829/,LEND_RDR_RSCI_20090829.LBL
DATA/2009/20090830/,LEND_RDR_RSCI_20090830.LBL
DATA/2009/20090831/,LEND_RDR_RSCI_20090831.LBL
DATA/2009/20090901/,LEND_RDR_RSCI_20090901.LBL
DATA/2009/20090902/,LEND_RDR_RSCI_20090902.LBL
DATA/2009/20090903/,LEND_RDR_RSCI_20090903.LBL
DATA/2009/20090904/,LEND_RDR_RSCI_20090904.LBL
DATA/2009/20090905/,LEND_RDR_RSCI_20090905.LBL
DATA/2009/20090906/,LEND_RDR_RSCI_20090906.LBL
DATA/2009/20090907/,LEND_RDR_RSCI_20090907.LBL
DATA/2009/20090908/,LEND_RDR_RSCI_20090908.LBL
DATA/2009/20090909/,LEND_RDR_RSCI_20090909.LBL
DATA/2009/20090910/,LEND_RDR_RSCI_20090910.LBL
DATA/2009/20090911/,LEND_RDR_RSCI_20090911.LBL
DATA/2009/20090912/,LEND_RDR_RSCI_20090912.LBL
DATA/2009/20090913/,LEND_RDR_RSCI_20090913.LBL
DATA/2009/20090914/,LEND_RDR_RSCI_20090914.LBL
DATA/2009/20090915/,LEND_RDR_RSCI_20090915.LBL
DATA/2009/20090916/,LEND_RDR_RSCI_20090916.LBL
DATA/2009/20090917/,LEND_RDR_RSCI_20090917.LBL
DATA/2009/20090918/,LEND_RDR_RSCI_20090918.LBL
DATA/2009/20090919/,LEND_RDR_RSCI_20090919.LBL
DATA/2009/20090920/,LEND_RDR_RSCI_20090920.LBL
DATA/2009/20090921/,LEND_RDR_RSCI_20090921.LBL
DATA/2009/20090922/,LEND_RDR_RSCI_20090922.LBL
DATA/2009/20090923/,LEND_RDR_RSCI_20090923.LBL
DATA/2009/20090924/,LEND_RDR_RSCI_20090924.LBL
DATA/2009/20090925/,LEND_RDR_RSCI_20090925.LBL
DATA/2009/20090926/,LEND_RDR_RSCI_20090926.LBL
DATA/2009/20090927/,LEND_RDR_RSCI_20090927.LBL
DATA/2009/20090928/,LEND_RDR_RSCI_20090928.LBL
DATA/2009/20090929/,LEND_RDR_RSCI_20090929.LBL
DATA/2009/20090930/,LEND_RDR_RSCI_20090930.LBL
DATA/2009/20091001/,LEND_RDR_RSCI_20091001.LBL
DATA/2009/20091002/,LEND_RDR_RSCI_20091002.LBL
DATA/2009/20091003/,LEND_RDR_RSCI_20091003.LBL
DATA/2009/20091004/,LEND_RDR_RSCI_20091004.LBL
DATA/2009/20091005/,LEND_RDR_RSCI_20091005.LBL
DATA/2009/20091006/,LEND_RDR_RSCI_20091006.LBL
DATA/2009/20091007/,LEND_RDR_RSCI_20091007.LBL
DATA/2009/20091008/,LEND_RDR_RSCI_20091008.LBL
DATA/2009/20091009/,LEND_RDR_RSCI_20091009.LBL
DATA/2009/20091010/,LEND_RDR_RSCI_20091010.LBL
DATA/2009/20091011/,LEND_RDR_RSCI_20091011.LBL
DATA/2009/20091012/,LEND_RDR_RSCI_20091012.LBL
DATA/2009/20091013/,LEND_RDR_RSCI_20091013.LBL
DATA/2009/20091014/,LEND_RDR_RSCI_20091014.LBL
DATA/2009/20091015/,LEND_RDR_RSCI_20091015.LBL
DATA/2009/20091016/,LEND_RDR_RSCI_20091016.LBL
DATA/2009/20091017/,LEND_RDR_RSCI_20091017.LBL
DATA/2009/20091018/,LEND_RDR_RSCI_20091018.LBL
DATA/2009/20091019/,LEND_RDR_RSCI_20091019.LBL
DATA/2009/20091020/,LEND_RDR_RSCI_20091020.LBL
DATA/2009/20091021/,LEND_RDR_RSCI_20091021.LBL
DATA/2009/20091022/,LEND_RDR_RSCI_20091022.LBL
DATA/2009/20091023/,LEND_RDR_RSCI_20091023.LBL
DATA/2009/20091024/,LEND_RDR_RSCI_20091024.LBL
DATA/2009/20091025/,LEND_RDR_RSCI_20091025.LBL
DATA/2009/20091026/,LEND_RDR_RSCI_20091026.LBL
DATA/2009/20091027/,LEND_RDR_RSCI_20091027.LBL
DATA/2009/20091028/,LEND_RDR_RSCI_20091028.LBL
DATA/2009/20091029/,LEND_RDR_RSCI_20091029.LBL
DATA/2009/20091030/,LEND_RDR_RSCI_20091030.LBL
DATA/2009/20091031/,LEND_RDR_RSCI_20091031.LBL
DATA/2009/20091101/,LEND_RDR_RSCI_20091101.LBL
DATA/2009/20091102/,LEND_RDR_RSCI_20091102.LBL
DATA/2009/20091103/,LEND_RDR_RSCI_20091103.LBL
DATA/2009/20091104/,LEND_RDR_RSCI_20091104.LBL
DATA/2009/20091105/,LEND_RDR_RSCI_20091105.LBL
DATA/2009/20091106/,LEND_RDR_RSCI_20091106.LBL
DATA/2009/20091107/,LEND_RDR_RSCI_20091107.LBL
DATA/2009/20091108/,LEND_RDR_RSCI_20091108.LBL
DATA/2009/20091109/,LEND_RDR_RSCI_20091109.LBL
DATA/2009/20091110/,LEND_RDR_RSCI_20091110.LBL
DATA/2009/20091111/,LEND_RDR_RSCI_20091111.LBL
DATA/2009/20091112/,LEND_RDR_RSCI_20091112.LBL
DATA/2009/20091113/,LEND_RDR_RSCI_20091113.LBL
DATA/2009/20091114/,LEND_RDR_RSCI_20091114.LBL
DATA/2009/20091115/,LEND_RDR_RSCI_20091115.LBL
DATA/2009/20091116/,LEND_RDR_RSCI_20091116.LBL
DATA/2009/20091117/,LEND_RDR_RSCI_20091117.LBL
DATA/2009/20091118/,LEND_RDR_RSCI_20091118.LBL
DATA/2009/20091119/,LEND_RDR_RSCI_20091119.LBL
DATA/2009/20091120/,LEND_RDR_RSCI_20091120.LBL
DATA/2009/20091121/,LEND_RDR_RSCI_20091121.LBL
DATA/2009/20091122/,LEND_RDR_RSCI_20091122.LBL
DATA/2009/20091123/,LEND_RDR_RSCI_20091123.LBL
DATA/2009/20091124/,LEND_RDR_RSCI_20091124.LBL
DATA/2009/20091125/,LEND_RDR_RSCI_20091125.LBL
DATA/2009/20091126/,LEND_RDR_RSCI_20091126.LBL
DATA/2009/20091127/,LEND_RDR_RSCI_20091127.LBL
DATA/2009/20091128/,LEND_RDR_RSCI_20091128.LBL
DATA/2009/20091129/,LEND_RDR_RSCI_20091129.LBL
DATA/2009/20091130/,LEND_RDR_RSCI_20091130.LBL
DATA/2009/20091201/,LEND_RDR_RSCI_20091201.LBL
DATA/2009/20091202/,LEND_RDR_RSCI_20091202.LBL
DATA/2009/20091203/,LEND_RDR_RSCI_20091203.LBL
DATA/2009/20091204/,LEND_RDR_RSCI_20091204.LBL
DATA/2009/20091205/,LEND_RDR_RSCI_20091205.LBL
DATA/2009/20091206/,LEND_RDR_RSCI_20091206.LBL
DATA/2009/20091207/,LEND_RDR_RSCI_20091207.LBL
DATA/2009/20091208/,LEND_RDR_RSCI_20091208.LBL
DATA/2009/20091209/,LEND_RDR_RSCI_20091209.LBL
DATA/2009/20091210/,LEND_RDR_RSCI_20091210.LBL
DATA/2009/20091211/,LEND_RDR_RSCI_20091211.LBL
DATA/2009/20091212/,LEND_RDR_RSCI_20091212.LBL
DATA/2009/20091213/,LEND_RDR_RSCI_20091213.LBL
DATA/2009/20091214/,LEND_RDR_RSCI_20091214.LBL
DATA/2009/20091215/,LEND_RDR_RSCI_20091215.LBL
DATA/2009/20091216/,LEND_RDR_RSCI_20091216.LBL
DATA/2009/20091217/,LEND_RDR_RSCI_20091217.LBL
DATA/2009/20091218/,LEND_RDR_RSCI_20091218.LBL
DATA/2009/20091219/,LEND_RDR_RSCI_20091219.LBL
DATA/2009/20091220/,LEND_RDR_RSCI_20091220.LBL
DATA/2009/20091221/,LEND_RDR_RSCI_20091221.LBL
DATA/2009/20091222/,LEND_RDR_RSCI_20091222.LBL
DATA/2009/20091223/,LEND_RDR_RSCI_20091223.LBL
DATA/2009/20091224/,LEND_RDR_RSCI_20091224.LBL
DATA/2009/20091225/,LEND_RDR_RSCI_20091225.LBL
DATA/2009/20091226/,LEND_RDR_RSCI_20091226.LBL
DATA/2009/20091227/,LEND_RDR_RSCI_20091227.LBL
DATA/2009/20091228/,LEND_RDR_RSCI_20091228.LBL
DATA/2009/20091229/,LEND_RDR_RSCI_20091229.LBL
DATA/2009/20091230/,LEND_RDR_RSCI_20091230.LBL
DATA/2009/20091231/,LEND_RDR_RSCI_20091231.LBL
DATA/2010/20100101/,LEND_RDR_RSCI_20100101.LBL
DATA/2010/20100102/,LEND_RDR_RSCI_20100102.LBL
DATA/2010/20100103/,LEND_RDR_RSCI_20100103.LBL
DATA/2010/20100104/,LEND_RDR_RSCI_20100104.LBL
DATA/2010/20100105/,LEND_RDR_RSCI_20100105.LBL
DATA/2010/20100106/,LEND_RDR_RSCI_20100106.LBL
DATA/2010/20100107/,LEND_RDR_RSCI_20100107.LBL
DATA/2010/20100108/,LEND_RDR_RSCI_20100108.LBL
DATA/2010/20100109/,LEND_RDR_RSCI_20100109.LBL
DATA/2010/20100110/,LEND_RDR_RSCI_20100110.LBL
DATA/2010/20100111/,LEND_RDR_RSCI_20100111.LBL
DATA/2010/20100112/,LEND_RDR_RSCI_20100112.LBL
DATA/2010/20100113/,LEND_RDR_RSCI_20100113.LBL
DATA/2010/20100114/,LEND_RDR_RSCI_20100114.LBL
DATA/2010/20100115/,LEND_RDR_RSCI_20100115.LBL
DATA/2010/20100116/,LEND_RDR_RSCI_20100116.LBL
DATA/2010/20100117/,LEND_RDR_RSCI_20100117.LBL
DATA/2010/20100118/,LEND_RDR_RSCI_20100118.LBL
DATA/2010/20100119/,LEND_RDR_RSCI_20100119.LBL
DATA/2010/20100120/,LEND_RDR_RSCI_20100120.LBL
DATA/2010/20100121/,LEND_RDR_RSCI_20100121.LBL
DATA/2010/20100122/,LEND_RDR_RSCI_20100122.LBL
DATA/2010/20100123/,LEND_RDR_RSCI_20100123.LBL
DATA/2010/20100124/,LEND_RDR_RSCI_20100124.LBL
DATA/2010/20100125/,LEND_RDR_RSCI_20100125.LBL
DATA/2010/20100126/,LEND_RDR_RSCI_20100126.LBL
DATA/2010/20100127/,LEND_RDR_RSCI_20100127.LBL
DATA/2010/20100128/,LEND_RDR_RSCI_20100128.LBL
DATA/2010/20100129/,LEND_RDR_RSCI_20100129.LBL
DATA/2010/20100130/,LEND_RDR_RSCI_20100130.LBL
DATA/2010/20100131/,LEND_RDR_RSCI_20100131.LBL
DATA/2010/20100201/,LEND_RDR_RSCI_20100201.LBL
DATA/2010/20100202/,LEND_RDR_RSCI_20100202.LBL
DATA/2010/20100203/,LEND_RDR_RSCI_20100203.LBL
DATA/2010/20100204/,LEND_RDR_RSCI_20100204.LBL
DATA/2010/20100205/,LEND_RDR_RSCI_20100205.LBL
DATA/2010/20100206/,LEND_RDR_RSCI_20100206.LBL
DATA/2010/20100207/,LEND_RDR_RSCI_20100207.LBL
DATA/2010/20100208/,LEND_RDR_RSCI_20100208.LBL
DATA/2010/20100209/,LEND_RDR_RSCI_20100209.LBL
DATA/2010/20100210/,LEND_RDR_RSCI_20100210.LBL
DATA/2010/20100215/,LEND_RDR_RSCI_20100215.LBL
DATA/2010/20100216/,LEND_RDR_RSCI_20100216.LBL
DATA/2010/20100217/,LEND_RDR_RSCI_20100217.LBL
DATA/2010/20100218/,LEND_RDR_RSCI_20100218.LBL
DATA/2010/20100219/,LEND_RDR_RSCI_20100219.LBL
DATA/2010/20100220/,LEND_RDR_RSCI_20100220.LBL
DATA/2010/20100221/,LEND_RDR_RSCI_20100221.LBL
DATA/2010/20100222/,LEND_RDR_RSCI_20100222.LBL
DATA/2010/20100223/,LEND_RDR_RSCI_20100223.LBL
DATA/2010/20100224/,LEND_RDR_RSCI_20100224.LBL
DATA/2010/20100225/,LEND_RDR_RSCI_20100225.LBL
DATA/2010/20100226/,LEND_RDR_RSCI_20100226.LBL
DATA/2010/20100227/,LEND_RDR_RSCI_20100227.LBL
DATA/2010/20100228/,LEND_RDR_RSCI_20100228.LBL
DATA/2010/20100301/,LEND_RDR_RSCI_20100301.LBL
DATA/2010/20100302/,LEND_RDR_RSCI_20100302.LBL
DATA/2010/20100303/,LEND_RDR_RSCI_20100303.LBL
DATA/2010/20100304/,LEND_RDR_RSCI_20100304.LBL
DATA/2010/20100305/,LEND_RDR_RSCI_20100305.LBL
DATA/2010/20100306/,LEND_RDR_RSCI_20100306.LBL
DATA/2010/20100307/,LEND_RDR_RSCI_20100307.LBL
DATA/2010/20100308/,LEND_RDR_RSCI_20100308.LBL
DATA/2010/20100309/,LEND_RDR_RSCI_20100309.LBL
DATA/2010/20100310/,LEND_RDR_RSCI_20100310.LBL
DATA/2010/20100311/,LEND_RDR_RSCI_20100311.LBL
DATA/2010/20100312/,LEND_RDR_RSCI_20100312.LBL
DATA/2010/20100313/,LEND_RDR_RSCI_20100313.LBL
DATA/2010/20100314/,LEND_RDR_RSCI_20100314.LBL
DATA/2010/20100315/,LEND_RDR_RSCI_20100315.LBL
DATA/2010/20100316/,LEND_RDR_RSCI_20100316.LBL
DATA/2010/20100317/,LEND_RDR_RSCI_20100317.LBL
DATA/2010/20100318/,LEND_RDR_RSCI_20100318.LBL
DATA/2010/20100319/,LEND_RDR_RSCI_20100319.LBL
DATA/2010/20100320/,LEND_RDR_RSCI_20100320.LBL
DATA/2010/20100321/,LEND_RDR_RSCI_20100321.LBL
DATA/2010/20100322/,LEND_RDR_RSCI_20100322.LBL
DATA/2010/20100323/,LEND_RDR_RSCI_20100323.LBL
DATA/2010/20100324/,LEND_RDR_RSCI_20100324.LBL
DATA/2010/20100325/,LEND_RDR_RSCI_20100325.LBL
DATA/2010/20100326/,LEND_RDR_RSCI_20100326.LBL
DATA/2010/20100327/,LEND_RDR_RSCI_20100327.LBL
DATA/2010/20100328/,LEND_RDR_RSCI_20100328.LBL
DATA/2010/20100329/,LEND_RDR_RSCI_20100329.LBL
DATA/2010/20100330/,LEND_RDR_RSCI_20100330.LBL
DATA/2010/20100331/,LEND_RDR_RSCI_20100331.LBL
DATA/2010/20100401/,LEND_RDR_RSCI_20100401.LBL
DATA/2010/20100402/,LEND_RDR_RSCI_20100402.LBL
DATA/2010/20100403/,LEND_RDR_RSCI_20100403.LBL
DATA/2010/20100404/,LEND_RDR_RSCI_20100404.LBL
DATA/2010/20100405/,LEND_RDR_RSCI_20100405.LBL
DATA/2010/20100406/,LEND_RDR_RSCI_20100406.LBL
DATA/2010/20100407/,LEND_RDR_RSCI_20100407.LBL
DATA/2010/20100408/,LEND_RDR_RSCI_20100408.LBL
DATA/2010/20100409/,LEND_RDR_RSCI_20100409.LBL
DATA/2010/20100410/,LEND_RDR_RSCI_20100410.LBL
DATA/2010/20100411/,LEND_RDR_RSCI_20100411.LBL
DATA/2010/20100412/,LEND_RDR_RSCI_20100412.LBL
DATA/2010/20100413/,LEND_RDR_RSCI_20100413.LBL
DATA/2010/20100414/,LEND_RDR_RSCI_20100414.LBL
DATA/2010/20100415/,LEND_RDR_RSCI_20100415.LBL
DATA/2010/20100416/,LEND_RDR_RSCI_20100416.LBL
DATA/2010/20100417/,LEND_RDR_RSCI_20100417.LBL
DATA/2010/20100418/,LEND_RDR_RSCI_20100418.LBL
DATA/2010/20100419/,LEND_RDR_RSCI_20100419.LBL
DATA/2010/20100420/,LEND_RDR_RSCI_20100420.LBL
DATA/2010/20100421/,LEND_RDR_RSCI_20100421.LBL
DATA/2010/20100422/,LEND_RDR_RSCI_20100422.LBL
DATA/2010/20100423/,LEND_RDR_RSCI_20100423.LBL
DATA/2010/20100424/,LEND_RDR_RSCI_20100424.LBL
DATA/2010/20100425/,LEND_RDR_RSCI_20100425.LBL
DATA/2010/20100426/,LEND_RDR_RSCI_20100426.LBL
DATA/2010/20100427/,LEND_RDR_RSCI_20100427.LBL
DATA/2010/20100428/,LEND_RDR_RSCI_20100428.LBL
DATA/2010/20100429/,LEND_RDR_RSCI_20100429.LBL
DATA/2010/20100430/,LEND_RDR_RSCI_20100430.LBL
DATA/2010/20100501/,LEND_RDR_RSCI_20100501.LBL
DATA/2010/20100502/,LEND_RDR_RSCI_20100502.LBL
DATA/2010/20100503/,LEND_RDR_RSCI_20100503.LBL
DATA/2010/20100504/,LEND_RDR_RSCI_20100504.LBL
DATA/2010/20100505/,LEND_RDR_RSCI_20100505.LBL
DATA/2010/20100506/,LEND_RDR_RSCI_20100506.LBL
DATA/2010/20100507/,LEND_RDR_RSCI_20100507.LBL
DATA/2010/20100508/,LEND_RDR_RSCI_20100508.LBL
DATA/2010/20100509/,LEND_RDR_RSCI_20100509.LBL
DATA/2010/20100510/,LEND_RDR_RSCI_20100510.LBL
DATA/2010/20100511/,LEND_RDR_RSCI_20100511.LBL
DATA/2010/20100512/,LEND_RDR_RSCI_20100512.LBL
DATA/2010/20100513/,LEND_RDR_RSCI_20100513.LBL
DATA/2010/20100514/,LEND_RDR_RSCI_20100514.LBL
DATA/2010/20100515/,LEND_RDR_RSCI_20100515.LBL
DATA/2010/20100516/,LEND_RDR_RSCI_20100516.LBL
DATA/2010/20100517/,LEND_RDR_RSCI_20100517.LBL
DATA/2010/20100518/,LEND_RDR_RSCI_20100518.LBL
DATA/2010/20100519/,LEND_RDR_RSCI_20100519.LBL
DATA/2010/20100520/,LEND_RDR_RSCI_20100520.LBL
DATA/2010/20100521/,LEND_RDR_RSCI_20100521.LBL
DATA/2010/20100522/,LEND_RDR_RSCI_20100522.LBL
DATA/2010/20100523/,LEND_RDR_RSCI_20100523.LBL
DATA/2010/20100524/,LEND_RDR_RSCI_20100524.LBL
DATA/2010/20100525/,LEND_RDR_RSCI_20100525.LBL
DATA/2010/20100526/,LEND_RDR_RSCI_20100526.LBL
DATA/2010/20100527/,LEND_RDR_RSCI_20100527.LBL
DATA/2010/20100528/,LEND_RDR_RSCI_20100528.LBL
DATA/2010/20100529/,LEND_RDR_RSCI_20100529.LBL
DATA/2010/20100530/,LEND_RDR_RSCI_20100530.LBL
DATA/2010/20100531/,LEND_RDR_RSCI_20100531.LBL
DATA/2010/20100601/,LEND_RDR_RSCI_20100601.LBL
DATA/2010/20100602/,LEND_RDR_RSCI_20100602.LBL
DATA/2010/20100603/,LEND_RDR_RSCI_20100603.LBL
DATA/2010/20100604/,LEND_RDR_RSCI_20100604.LBL
DATA/2010/20100605/,LEND_RDR_RSCI_20100605.LBL
DATA/2010/20100606/,LEND_RDR_RSCI_20100606.LBL
DATA/2010/20100607/,LEND_RDR_RSCI_20100607.LBL
DATA/2010/20100608/,LEND_RDR_RSCI_20100608.LBL
DATA/2010/20100609/,LEND_RDR_RSCI_20100609.LBL
DATA/2010/20100610/,LEND_RDR_RSCI_20100610.LBL
DATA/2010/20100611/,LEND_RDR_RSCI_20100611.LBL
DATA/2010/20100612/,LEND_RDR_RSCI_20100612.LBL
DATA/2010/20100613/,LEND_RDR_RSCI_20100613.LBL
DATA/2010/20100614/,LEND_RDR_RSCI_20100614.LBL
DATA/2010/20100615/,LEND_RDR_RSCI_20100615.LBL
DATA/2010/20100616/,LEND_RDR_RSCI_20100616.LBL
DATA/2010/20100617/,LEND_RDR_RSCI_20100617.LBL
DATA/2010/20100618/,LEND_RDR_RSCI_20100618.LBL
DATA/2010/20100619/,LEND_RDR_RSCI_20100619.LBL
DATA/2010/20100620/,LEND_RDR_RSCI_20100620.LBL
DATA/2010/20100621/,LEND_RDR_RSCI_20100621.LBL
DATA/2010/20100622/,LEND_RDR_RSCI_20100622.LBL
DATA/2010/20100623/,LEND_RDR_RSCI_20100623.LBL
DATA/2010/20100624/,LEND_RDR_RSCI_20100624.LBL
DATA/2010/20100625/,LEND_RDR_RSCI_20100625.LBL
DATA/2010/20100626/,LEND_RDR_RSCI_20100626.LBL
DATA/2010/20100627/,LEND_RDR_RSCI_20100627.LBL
DATA/2010/20100628/,LEND_RDR_RSCI_20100628.LBL
DATA/2010/20100629/,LEND_RDR_RSCI_20100629.LBL
DATA/2010/20100630/,LEND_RDR_RSCI_20100630.LBL
DATA/2010/20100701/,LEND_RDR_RSCI_20100701.LBL
DATA/2010/20100702/,LEND_RDR_RSCI_20100702.LBL
DATA/2010/20100703/,LEND_RDR_RSCI_20100703.LBL
DATA/2010/20100704/,LEND_RDR_RSCI_20100704.LBL
DATA/2010/20100705/,LEND_RDR_RSCI_20100705.LBL
DATA/2010/20100706/,LEND_RDR_RSCI_20100706.LBL
DATA/2010/20100707/,LEND_RDR_RSCI_20100707.LBL
DATA/2010/20100708/,LEND_RDR_RSCI_20100708.LBL
DATA/2010/20100709/,LEND_RDR_RSCI_20100709.LBL
DATA/2010/20100710/,LEND_RDR_RSCI_20100710.LBL
DATA/2010/20100711/,LEND_RDR_RSCI_20100711.LBL
DATA/2010/20100712/,LEND_RDR_RSCI_20100712.LBL
DATA/2010/20100713/,LEND_RDR_RSCI_20100713.LBL
DATA/2010/20100714/,LEND_RDR_RSCI_20100714.LBL
DATA/2010/20100715/,LEND_RDR_RSCI_20100715.LBL
DATA/2010/20100716/,LEND_RDR_RSCI_20100716.LBL
DATA/2010/20100717/,LEND_RDR_RSCI_20100717.LBL
DATA/2010/20100718/,LEND_RDR_RSCI_20100718.LBL
DATA/2010/20100719/,LEND_RDR_RSCI_20100719.LBL
DATA/2010/20100720/,LEND_RDR_RSCI_20100720.LBL
DATA/2010/20100721/,LEND_RDR_RSCI_20100721.LBL
DATA/2010/20100722/,LEND_RDR_RSCI_20100722.LBL
DATA/2010/20100723/,LEND_RDR_RSCI_20100723.LBL
DATA/2010/20100724/,LEND_RDR_RSCI_20100724.LBL
DATA/2010/20100725/,LEND_RDR_RSCI_20100725.LBL
DATA/2010/20100726/,LEND_RDR_RSCI_20100726.LBL
DATA/2010/20100727/,LEND_RDR_RSCI_20100727.LBL
DATA/2010/20100728/,LEND_RDR_RSCI_20100728.LBL
DATA/2010/20100729/,LEND_RDR_RSCI_20100729.LBL
DATA/2010/20100730/,LEND_RDR_RSCI_20100730.LBL
DATA/2010/20100731/,LEND_RDR_RSCI_20100731.LBL
DATA/2010/20100801/,LEND_RDR_RSCI_20100801.LBL
DATA/2010/20100802/,LEND_RDR_RSCI_20100802.LBL
DATA/2010/20100803/,LEND_RDR_RSCI_20100803.LBL
DATA/2010/20100804/,LEND_RDR_RSCI_20100804.LBL
DATA/2010/20100805/,LEND_RDR_RSCI_20100805.LBL
DATA/2010/20100806/,LEND_RDR_RSCI_20100806.LBL
DATA/2010/20100807/,LEND_RDR_RSCI_20100807.LBL
DATA/2010/20100808/,LEND_RDR_RSCI_20100808.LBL
DATA/2010/20100809/,LEND_RDR_RSCI_20100809.LBL
DATA/2010/20100810/,LEND_RDR_RSCI_20100810.LBL
DATA/2010/20100811/,LEND_RDR_RSCI_20100811.LBL
DATA/2010/20100812/,LEND_RDR_RSCI_20100812.LBL
DATA/2010/20100813/,LEND_RDR_RSCI_20100813.LBL
DATA/2010/20100814/,LEND_RDR_RSCI_20100814.LBL
DATA/2010/20100815/,LEND_RDR_RSCI_20100815.LBL
DATA/2010/20100816/,LEND_RDR_RSCI_20100816.LBL
DATA/2010/20100817/,LEND_RDR_RSCI_20100817.LBL
DATA/2010/20100818/,LEND_RDR_RSCI_20100818.LBL
DATA/2010/20100819/,LEND_RDR_RSCI_20100819.LBL
DATA/2010/20100820/,LEND_RDR_RSCI_20100820.LBL
DATA/2010/20100821/,LEND_RDR_RSCI_20100821.LBL
DATA/2010/20100822/,LEND_RDR_RSCI_20100822.LBL
DATA/2010/20100823/,LEND_RDR_RSCI_20100823.LBL
DATA/2010/20100824/,LEND_RDR_RSCI_20100824.LBL
DATA/2010/20100825/,LEND_RDR_RSCI_20100825.LBL
DATA/2010/20100826/,LEND_RDR_RSCI_20100826.LBL
DATA/2010/20100827/,LEND_RDR_RSCI_20100827.LBL
DATA/2010/20100828/,LEND_RDR_RSCI_20100828.LBL
DATA/2010/20100829/,LEND_RDR_RSCI_20100829.LBL
DATA/2010/20100830/,LEND_RDR_RSCI_20100830.LBL
DATA/2010/20100831/,LEND_RDR_RSCI_20100831.LBL
DATA/2010/20100901/,LEND_RDR_RSCI_20100901.LBL
DATA/2010/20100902/,LEND_RDR_RSCI_20100902.LBL
DATA/2010/20100903/,LEND_RDR_RSCI_20100903.LBL
DATA/2010/20100904/,LEND_RDR_RSCI_20100904.LBL
DATA/2010/20100905/,LEND_RDR_RSCI_20100905.LBL
DATA/2010/20100906/,LEND_RDR_RSCI_20100906.LBL
DATA/2010/20100907/,LEND_RDR_RSCI_20100907.LBL
DATA/2010/20100908/,LEND_RDR_RSCI_20100908.LBL
DATA/2010/20100909/,LEND_RDR_RSCI_20100909.LBL
DATA/2010/20100910/,LEND_RDR_RSCI_20100910.LBL
DATA/2010/20100911/,LEND_RDR_RSCI_20100911.LBL
DATA/2010/20100912/,LEND_RDR_RSCI_20100912.LBL
DATA/2010/20100913/,LEND_RDR_RSCI_20100913.LBL
DATA/2010/20100914/,LEND_RDR_RSCI_20100914.LBL
DATA/2010/20100915/,LEND_RDR_RSCI_20100915.LBL
DATA/2010/20100916/,LEND_RDR_RSCI_20100916.LBL
DATA/2010/20100917/,LEND_RDR_RSCI_20100917.LBL
DATA/2010/20100918/,LEND_RDR_RSCI_20100918.LBL
DATA/2010/20100919/,LEND_RDR_RSCI_20100919.LBL
DATA/2010/20100920/,LEND_RDR_RSCI_20100920.LBL
DATA/2010/20100921/,LEND_RDR_RSCI_20100921.LBL
DATA/2010/20100922/,LEND_RDR_RSCI_20100922.LBL
DATA/2010/20100923/,LEND_RDR_RSCI_20100923.LBL
DATA/2010/20100924/,LEND_RDR_RSCI_20100924.LBL
DATA/2010/20100925/,LEND_RDR_RSCI_20100925.LBL
DATA/2010/20100926/,LEND_RDR_RSCI_20100926.LBL
DATA/2010/20100927/,LEND_RDR_RSCI_20100927.LBL
DATA/2010/20100928/,LEND_RDR_RSCI_20100928.LBL
DATA/2010/20100929/,LEND_RDR_RSCI_20100929.LBL
DATA/2010/20100930/,LEND_RDR_RSCI_20100930.LBL
DATA/2010/20101001/,LEND_RDR_RSCI_20101001.LBL
DATA/2010/20101002/,LEND_RDR_RSCI_20101002.LBL
DATA/2010/20101003/,LEND_RDR_RSCI_20101003.LBL
DATA/2010/20101004/,LEND_RDR_RSCI_20101004.LBL
DATA/2010/20101005/,LEND_RDR_RSCI_20101005.LBL
DATA/2010/20101006/,LEND_RDR_RSCI_20101006.LBL
DATA/2010/20101007/,LEND_RDR_RSCI_20101007.LBL
DATA/2010/20101008/,LEND_RDR_RSCI_20101008.LBL
DATA/2010/20101009/,LEND_RDR_RSCI_20101009.LBL
DATA/2010/20101010/,LEND_RDR_RSCI_20101010.LBL
DATA/2010/20101011/,LEND_RDR_RSCI_20101011.LBL
DATA/2010/20101012/,LEND_RDR_RSCI_20101012.LBL
DATA/2010/20101013/,LEND_RDR_RSCI_20101013.LBL
DATA/2010/20101014/,LEND_RDR_RSCI_20101014.LBL
DATA/2010/20101015/,LEND_RDR_RSCI_20101015.LBL
DATA/2010/20101016/,LEND_RDR_RSCI_20101016.LBL
DATA/2010/20101017/,LEND_RDR_RSCI_20101017.LBL
DATA/2010/20101018/,LEND_RDR_RSCI_20101018.LBL
DATA/2010/20101019/,LEND_RDR_RSCI_20101019.LBL
DATA/2010/20101020/,LEND_RDR_RSCI_20101020.LBL
DATA/2010/20101021/,LEND_RDR_RSCI_20101021.LBL
DATA/2010/20101022/,LEND_RDR_RSCI_20101022.LBL
DATA/2010/20101023/,LEND_RDR_RSCI_20101023.LBL
DATA/2010/20101024/,LEND_RDR_RSCI_20101024.LBL
DATA/2010/20101025/,LEND_RDR_RSCI_20101025.LBL
DATA/2010/20101026/,LEND_RDR_RSCI_20101026.LBL
DATA/2010/20101027/,LEND_RDR_RSCI_20101027.LBL
DATA/2010/20101028/,LEND_RDR_RSCI_20101028.LBL
DATA/2010/20101029/,LEND_RDR_RSCI_20101029.LBL
DATA/2010/20101030/,LEND_RDR_RSCI_20101030.LBL
DATA/2010/20101031/,LEND_RDR_RSCI_20101031.LBL
DATA/2010/20101101/,LEND_RDR_RSCI_20101101.LBL
DATA/2010/20101102/,LEND_RDR_RSCI_20101102.LBL
DATA/2010/20101103/,LEND_RDR_RSCI_20101103.LBL
DATA/2010/20101104/,LEND_RDR_RSCI_20101104.LBL
DATA/2010/20101105/,LEND_RDR_RSCI_20101105.LBL
DATA/2010/20101106/,LEND_RDR_RSCI_20101106.LBL
DATA/2010/20101107/,LEND_RDR_RSCI_20101107.LBL
DATA/2010/20101108/,LEND_RDR_RSCI_20101108.LBL
DATA/2010/20101109/,LEND_RDR_RSCI_20101109.LBL
DATA/2010/20101110/,LEND_RDR_RSCI_20101110.LBL
DATA/2010/20101111/,LEND_RDR_RSCI_20101111.LBL
DATA/2010/20101112/,LEND_RDR_RSCI_20101112.LBL
DATA/2010/20101113/,LEND_RDR_RSCI_20101113.LBL
DATA/2010/20101114/,LEND_RDR_RSCI_20101114.LBL
DATA/2010/20101115/,LEND_RDR_RSCI_20101115.LBL
DATA/2010/20101116/,LEND_RDR_RSCI_20101116.LBL
DATA/2010/20101117/,LEND_RDR_RSCI_20101117.LBL
DATA/2010/20101118/,LEND_RDR_RSCI_20101118.LBL
DATA/2010/20101119/,LEND_RDR_RSCI_20101119.LBL
DATA/2010/20101120/,LEND_RDR_RSCI_20101120.LBL
DATA/2010/20101121/,LEND_RDR_RSCI_20101121.LBL
DATA/2010/20101122/,LEND_RDR_RSCI_20101122.LBL
DATA/2010/20101123/,LEND_RDR_RSCI_20101123.LBL
DATA/2010/20101124/,LEND_RDR_RSCI_20101124.LBL
DATA/2010/20101125/,LEND_RDR_RSCI_20101125.LBL
DATA/2010/20101126/,LEND_RDR_RSCI_20101126.LBL
DATA/2010/20101127/,LEND_RDR_RSCI_20101127.LBL
DATA/2010/20101128/,LEND_RDR_RSCI_20101128.LBL
DATA/2010/20101129/,LEND_RDR_RSCI_20101129.LBL
DATA/2010/20101130/,LEND_RDR_RSCI_20101130.LBL
DATA/2010/20101201/,LEND_RDR_RSCI_20101201.LBL
DATA/2010/20101202/,LEND_RDR_RSCI_20101202.LBL
DATA/2010/20101203/,LEND_RDR_RSCI_20101203.LBL
DATA/2010/20101204/,LEND_RDR_RSCI_20101204.LBL
DATA/2010/20101205/,LEND_RDR_RSCI_20101205.LBL
DATA/2010/20101206/,LEND_RDR_RSCI_20101206.LBL
DATA/2010/20101207/,LEND_RDR_RSCI_20101207.LBL
DATA/2010/20101208/,LEND_RDR_RSCI_20101208.LBL
DATA/2010/20101209/,LEND_RDR_RSCI_20101209.LBL
DATA/2010/20101210/,LEND_RDR_RSCI_20101210.LBL
DATA/2010/20101211/,LEND_RDR_RSCI_20101211.LBL
DATA/2010/20101212/,LEND_RDR_RSCI_20101212.LBL
DATA/2010/20101213/,LEND_RDR_RSCI_20101213.LBL
DATA/2010/20101214/,LEND_RDR_RSCI_20101214.LBL
DATA/2010/20101215/,LEND_RDR_RSCI_20101215.LBL
DATA/2010/20101216/,LEND_RDR_RSCI_20101216.LBL
DATA/2010/20101217/,LEND_RDR_RSCI_20101217.LBL
DATA/2010/20101218/,LEND_RDR_RSCI_20101218.LBL
DATA/2010/20101219/,LEND_RDR_RSCI_20101219.LBL
DATA/2010/20101220/,LEND_RDR_RSCI_20101220.LBL
DATA/2010/20101221/,LEND_RDR_RSCI_20101221.LBL
DATA/2010/20101222/,LEND_RDR_RSCI_20101222.LBL
DATA/2010/20101223/,LEND_RDR_RSCI_20101223.LBL
DATA/2010/20101224/,LEND_RDR_RSCI_20101224.LBL
DATA/2010/20101225/,LEND_RDR_RSCI_20101225.LBL
DATA/2010/20101226/,LEND_RDR_RSCI_20101226.LBL
DATA/2010/20101227/,LEND_RDR_RSCI_20101227.LBL
DATA/2010/20101228/,LEND_RDR_RSCI_20101228.LBL
DATA/2010/20101229/,LEND_RDR_RSCI_20101229.LBL
DATA/2010/20101230/,LEND_RDR_RSCI_20101230.LBL
DATA/2010/20101231/,LEND_RDR_RSCI_20101231.LBL
DATA/2011/20110101/,LEND_RDR_RSCI_20110101.LBL
DATA/2011/20110102/,LEND_RDR_RSCI_20110102.LBL
DATA/2011/20110103/,LEND_RDR_RSCI_20110103.LBL
DATA/2011/20110104/,LEND_RDR_RSCI_20110104.LBL
DATA/2011/20110105/,LEND_RDR_RSCI_20110105.LBL
DATA/2011/20110106/,LEND_RDR_RSCI_20110106.LBL
DATA/2011/20110107/,LEND_RDR_RSCI_20110107.LBL
DATA/2011/20110108/,LEND_RDR_RSCI_20110108.LBL
DATA/2011/20110109/,LEND_RDR_RSCI_20110109.LBL
DATA/2011/20110110/,LEND_RDR_RSCI_20110110.LBL
DATA/2011/20110111/,LEND_RDR_RSCI_20110111.LBL
DATA/2011/20110112/,LEND_RDR_RSCI_20110112.LBL
DATA/2011/20110113/,LEND_RDR_RSCI_20110113.LBL
DATA/2011/20110114/,LEND_RDR_RSCI_20110114.LBL
DATA/2011/20110115/,LEND_RDR_RSCI_20110115.LBL
DATA/2011/20110116/,LEND_RDR_RSCI_20110116.LBL
DATA/2011/20110117/,LEND_RDR_RSCI_20110117.LBL
DATA/2011/20110118/,LEND_RDR_RSCI_20110118.LBL
DATA/2011/20110119/,LEND_RDR_RSCI_20110119.LBL
DATA/2011/20110120/,LEND_RDR_RSCI_20110120.LBL
DATA/2011/20110121/,LEND_RDR_RSCI_20110121.LBL
DATA/2011/20110122/,LEND_RDR_RSCI_20110122.LBL
DATA/2011/20110123/,LEND_RDR_RSCI_20110123.LBL
DATA/2011/20110124/,LEND_RDR_RSCI_20110124.LBL
DATA/2011/20110125/,LEND_RDR_RSCI_20110125.LBL
DATA/2011/20110126/,LEND_RDR_RSCI_20110126.LBL
DATA/2011/20110127/,LEND_RDR_RSCI_20110127.LBL
DATA/2011/20110128/,LEND_RDR_RSCI_20110128.LBL
DATA/2011/20110129/,LEND_RDR_RSCI_20110129.LBL
DATA/2011/20110130/,LEND_RDR_RSCI_20110130.LBL
DATA/2011/20110131/,LEND_RDR_RSCI_20110131.LBL
DATA/2011/20110201/,LEND_RDR_RSCI_20110201.LBL
DATA/2011/20110202/,LEND_RDR_RSCI_20110202.LBL
DATA/2011/20110203/,LEND_RDR_RSCI_20110203.LBL
DATA/2011/20110204/,LEND_RDR_RSCI_20110204.LBL
DATA/2011/20110205/,LEND_RDR_RSCI_20110205.LBL
DATA/2011/20110206/,LEND_RDR_RSCI_20110206.LBL
DATA/2011/20110207/,LEND_RDR_RSCI_20110207.LBL
DATA/2011/20110208/,LEND_RDR_RSCI_20110208.LBL
DATA/2011/20110209/,LEND_RDR_RSCI_20110209.LBL
DATA/2011/20110210/,LEND_RDR_RSCI_20110210.LBL
DATA/2011/20110211/,LEND_RDR_RSCI_20110211.LBL
DATA/2011/20110212/,LEND_RDR_RSCI_20110212.LBL
DATA/2011/20110213/,LEND_RDR_RSCI_20110213.LBL
DATA/2011/20110214/,LEND_RDR_RSCI_20110214.LBL
DATA/2011/20110215/,LEND_RDR_RSCI_20110215.LBL
DATA/2011/20110216/,LEND_RDR_RSCI_20110216.LBL
DATA/2011/20110217/,LEND_RDR_RSCI_20110217.LBL
DATA/2011/20110218/,LEND_RDR_RSCI_20110218.LBL
DATA/2011/20110219/,LEND_RDR_RSCI_20110219.LBL
DATA/2011/20110220/,LEND_RDR_RSCI_20110220.LBL
DATA/2011/20110221/,LEND_RDR_RSCI_20110221.LBL
DATA/2011/20110222/,LEND_RDR_RSCI_20110222.LBL
DATA/2011/20110223/,LEND_RDR_RSCI_20110223.LBL
DATA/2011/20110224/,LEND_RDR_RSCI_20110224.LBL
DATA/2011/20110225/,LEND_RDR_RSCI_20110225.LBL
DATA/2011/20110226/,LEND_RDR_RSCI_20110226.LBL
DATA/2011/20110227/,LEND_RDR_RSCI_20110227.LBL
DATA/2011/20110228/,LEND_RDR_RSCI_20110228.LBL
DATA/2011/20110301/,LEND_RDR_RSCI_20110301.LBL
DATA/2011/20110302/,LEND_RDR_RSCI_20110302.LBL
DATA/2011/20110303/,LEND_RDR_RSCI_20110303.LBL
DATA/2011/20110304/,LEND_RDR_RSCI_20110304.LBL
DATA/2011/20110305/,LEND_RDR_RSCI_20110305.LBL
DATA/2011/20110306/,LEND_RDR_RSCI_20110306.LBL
DATA/2011/20110307/,LEND_RDR_RSCI_20110307.LBL
DATA/2011/20110308/,LEND_RDR_RSCI_20110308.LBL
DATA/2011/20110309/,LEND_RDR_RSCI_20110309.LBL
DATA/2011/20110310/,LEND_RDR_RSCI_20110310.LBL
DATA/2011/20110311/,LEND_RDR_RSCI_20110311.LBL
DATA/2011/20110312/,LEND_RDR_RSCI_20110312.LBL
DATA/2011/20110313/,LEND_RDR_RSCI_20110313.LBL
DATA/2011/20110314/,LEND_RDR_RSCI_20110314.LBL
DATA/2011/20110315/,LEND_RDR_RSCI_20110315.LBL
DATA/2011/20110316/,LEND_RDR_RSCI_20110316.LBL
DATA/2011/20110317/,LEND_RDR_RSCI_20110317.LBL
DATA/2011/20110318/,LEND_RDR_RSCI_20110318.LBL
DATA/2011/20110319/,LEND_RDR_RSCI_20110319.LBL
DATA/2011/20110320/,LEND_RDR_RSCI_20110320.LBL
DATA/2011/20110321/,LEND_RDR_RSCI_20110321.LBL
DATA/2011/20110322/,LEND_RDR_RSCI_20110322.LBL
DATA/2011/20110323/,LEND_RDR_RSCI_20110323.LBL
DATA/2011/20110324/,LEND_RDR_RSCI_20110324.LBL
DATA/2011/20110325/,LEND_RDR_RSCI_20110325.LBL
DATA/2011/20110326/,LEND_RDR_RSCI_20110326.LBL
DATA/2011/20110327/,LEND_RDR_RSCI_20110327.LBL
DATA/2011/20110328/,LEND_RDR_RSCI_20110328.LBL
DATA/2011/20110329/,LEND_RDR_RSCI_20110329.LBL
DATA/2011/20110330/,LEND_RDR_RSCI_20110330.LBL
DATA/2011/20110331/,LEND_RDR_RSCI_20110331.LBL
DATA/2011/20110401/,LEND_RDR_RSCI_20110401.LBL
DATA/2011/20110402/,LEND_RDR_RSCI_20110402.LBL
DATA/2011/20110403/,LEND_RDR_RSCI_20110403.LBL
DATA/2011/20110404/,LEND_RDR_RSCI_20110404.LBL
DATA/2011/20110405/,LEND_RDR_RSCI_20110405.LBL
DATA/2011/20110406/,LEND_RDR_RSCI_20110406.LBL
DATA/2011/20110407/,LEND_RDR_RSCI_20110407.LBL
DATA/2011/20110408/,LEND_RDR_RSCI_20110408.LBL
DATA/2011/20110409/,LEND_RDR_RSCI_20110409.LBL
DATA/2011/20110410/,LEND_RDR_RSCI_20110410.LBL
DATA/2011/20110411/,LEND_RDR_RSCI_20110411.LBL
DATA/2011/20110412/,LEND_RDR_RSCI_20110412.LBL
DATA/2011/20110413/,LEND_RDR_RSCI_20110413.LBL
DATA/2011/20110414/,LEND_RDR_RSCI_20110414.LBL
DATA/2011/20110415/,LEND_RDR_RSCI_20110415.LBL
DATA/2011/20110416/,LEND_RDR_RSCI_20110416.LBL
DATA/2011/20110417/,LEND_RDR_RSCI_20110417.LBL
DATA/2011/20110418/,LEND_RDR_RSCI_20110418.LBL
DATA/2011/20110419/,LEND_RDR_RSCI_20110419.LBL
DATA/2011/20110420/,LEND_RDR_RSCI_20110420.LBL
DATA/2011/20110421/,LEND_RDR_RSCI_20110421.LBL
DATA/2011/20110422/,LEND_RDR_RSCI_20110422.LBL
DATA/2011/20110423/,LEND_RDR_RSCI_20110423.LBL
DATA/2011/20110424/,LEND_RDR_RSCI_20110424.LBL
DATA/2011/20110425/,LEND_RDR_RSCI_20110425.LBL
DATA/2011/20110426/,LEND_RDR_RSCI_20110426.LBL
DATA/2011/20110427/,LEND_RDR_RSCI_20110427.LBL
DATA/2011/20110428/,LEND_RDR_RSCI_20110428.LBL
DATA/2011/20110429/,LEND_RDR_RSCI_20110429.LBL
DATA/2011/20110430/,LEND_RDR_RSCI_20110430.LBL
DATA/2011/20110501/,LEND_RDR_RSCI_20110501.LBL
DATA/2011/20110502/,LEND_RDR_RSCI_20110502.LBL
DATA/2011/20110503/,LEND_RDR_RSCI_20110503.LBL
DATA/2011/20110504/,LEND_RDR_RSCI_20110504.LBL
DATA/2011/20110505/,LEND_RDR_RSCI_20110505.LBL
DATA/2011/20110506/,LEND_RDR_RSCI_20110506.LBL
DATA/2011/20110507/,LEND_RDR_RSCI_20110507.LBL
DATA/2011/20110508/,LEND_RDR_RSCI_20110508.LBL
DATA/2011/20110509/,LEND_RDR_RSCI_20110509.LBL
DATA/2011/20110510/,LEND_RDR_RSCI_20110510.LBL
DATA/2011/20110511/,LEND_RDR_RSCI_20110511.LBL
DATA/2011/20110512/,LEND_RDR_RSCI_20110512.LBL
DATA/2011/20110513/,LEND_RDR_RSCI_20110513.LBL
DATA/2011/20110514/,LEND_RDR_RSCI_20110514.LBL
DATA/2011/20110515/,LEND_RDR_RSCI_20110515.LBL
DATA/2011/20110516/,LEND_RDR_RSCI_20110516.LBL
DATA/2011/20110517/,LEND_RDR_RSCI_20110517.LBL
DATA/2011/20110518/,LEND_RDR_RSCI_20110518.LBL
DATA/2011/20110519/,LEND_RDR_RSCI_20110519.LBL
DATA/2011/20110520/,LEND_RDR_RSCI_20110520.LBL
DATA/2011/20110521/,LEND_RDR_RSCI_20110521.LBL
DATA/2011/20110522/,LEND_RDR_RSCI_20110522.LBL
DATA/2011/20110523/,LEND_RDR_RSCI_20110523.LBL
DATA/2011/20110524/,LEND_RDR_RSCI_20110524.LBL
DATA/2011/20110525/,LEND_RDR_RSCI_20110525.LBL
DATA/2011/20110526/,LEND_RDR_RSCI_20110526.LBL
DATA/2011/20110527/,LEND_RDR_RSCI_20110527.LBL
DATA/2011/20110528/,LEND_RDR_RSCI_20110528.LBL
DATA/2011/20110529/,LEND_RDR_RSCI_20110529.LBL
DATA/2011/20110530/,LEND_RDR_RSCI_20110530.LBL
DATA/2011/20110531/,LEND_RDR_RSCI_20110531.LBL
DATA/2011/20110601/,LEND_RDR_RSCI_20110601.LBL
DATA/2011/20110602/,LEND_RDR_RSCI_20110602.LBL
DATA/2011/20110603/,LEND_RDR_RSCI_20110603.LBL
DATA/2011/20110604/,LEND_RDR_RSCI_20110604.LBL
DATA/2011/20110605/,LEND_RDR_RSCI_20110605.LBL
DATA/2011/20110606/,LEND_RDR_RSCI_20110606.LBL
DATA/2011/20110607/,LEND_RDR_RSCI_20110607.LBL
DATA/2011/20110608/,LEND_RDR_RSCI_20110608.LBL
DATA/2011/20110609/,LEND_RDR_RSCI_20110609.LBL
DATA/2011/20110610/,LEND_RDR_RSCI_20110610.LBL
DATA/2011/20110611/,LEND_RDR_RSCI_20110611.LBL
DATA/2011/20110612/,LEND_RDR_RSCI_20110612.LBL
DATA/2011/20110613/,LEND_RDR_RSCI_20110613.LBL
DATA/2011/20110614/,LEND_RDR_RSCI_20110614.LBL
DATA/2011/20110615/,LEND_RDR_RSCI_20110615.LBL
DATA/2011/20110616/,LEND_RDR_RSCI_20110616.LBL
DATA/2011/20110617/,LEND_RDR_RSCI_20110617.LBL
DATA/2011/20110618/,LEND_RDR_RSCI_20110618.LBL
DATA/2011/20110619/,LEND_RDR_RSCI_20110619.LBL
DATA/2011/20110620/,LEND_RDR_RSCI_20110620.LBL
DATA/2011/20110621/,LEND_RDR_RSCI_20110621.LBL
DATA/2011/20110622/,LEND_RDR_RSCI_20110622.LBL
DATA/2011/20110623/,LEND_RDR_RSCI_20110623.LBL
DATA/2011/20110624/,LEND_RDR_RSCI_20110624.LBL
DATA/2011/20110625/,LEND_RDR_RSCI_20110625.LBL
DATA/2011/20110626/,LEND_RDR_RSCI_20110626.LBL
DATA/2011/20110627/,LEND_RDR_RSCI_20110627.LBL
DATA/2011/20110628/,LEND_RDR_RSCI_20110628.LBL
DATA/2011/20110629/,LEND_RDR_RSCI_20110629.LBL
DATA/2011/20110630/,LEND_RDR_RSCI_20110630.LBL
DATA/2011/20110701/,LEND_RDR_RSCI_20110701.LBL
DATA/2011/20110702/,LEND_RDR_RSCI_20110702.LBL
DATA/2011/20110703/,LEND_RDR_RSCI_20110703.LBL
DATA/2011/20110704/,LEND_RDR_RSCI_20110704.LBL
DATA/2011/20110705/,LEND_RDR_RSCI_20110705.LBL
DATA/2011/20110706/,LEND_RDR_RSCI_20110706.LBL
DATA/2011/20110707/,LEND_RDR_RSCI_20110707.LBL
DATA/2011/20110708/,LEND_RDR_RSCI_20110708.LBL
DATA/2011/20110709/,LEND_RDR_RSCI_20110709.LBL
DATA/2011/20110710/,LEND_RDR_RSCI_20110710.LBL
DATA/2011/20110711/,LEND_RDR_RSCI_20110711.LBL
DATA/2011/20110712/,LEND_RDR_RSCI_20110712.LBL
DATA/2011/20110713/,LEND_RDR_RSCI_20110713.LBL
DATA/2011/20110714/,LEND_RDR_RSCI_20110714.LBL
DATA/2011/20110715/,LEND_RDR_RSCI_20110715.LBL
DATA/2011/20110716/,LEND_RDR_RSCI_20110716.LBL
DATA/2011/20110717/,LEND_RDR_RSCI_20110717.LBL
DATA/2011/20110718/,LEND_RDR_RSCI_20110718.LBL
DATA/2011/20110719/,LEND_RDR_RSCI_20110719.LBL
DATA/2011/20110720/,LEND_RDR_RSCI_20110720.LBL
DATA/2011/20110721/,LEND_RDR_RSCI_20110721.LBL
DATA/2011/20110722/,LEND_RDR_RSCI_20110722.LBL
DATA/2011/20110723/,LEND_RDR_RSCI_20110723.LBL
DATA/2011/20110724/,LEND_RDR_RSCI_20110724.LBL
DATA/2011/20110725/,LEND_RDR_RSCI_20110725.LBL
DATA/2011/20110726/,LEND_RDR_RSCI_20110726.LBL
DATA/2011/20110727/,LEND_RDR_RSCI_20110727.LBL
DATA/2011/20110728/,LEND_RDR_RSCI_20110728.LBL
DATA/2011/20110729/,LEND_RDR_RSCI_20110729.LBL
DATA/2011/20110730/,LEND_RDR_RSCI_20110730.LBL
DATA/2011/20110731/,LEND_RDR_RSCI_20110731.LBL
DATA/2011/20110801/,LEND_RDR_RSCI_20110801.LBL
DATA/2011/20110802/,LEND_RDR_RSCI_20110802.LBL
DATA/2011/20110803/,LEND_RDR_RSCI_20110803.LBL
DATA/2011/20110804/,LEND_RDR_RSCI_20110804.LBL
DATA/2011/20110805/,LEND_RDR_RSCI_20110805.LBL
DATA/2011/20110806/,LEND_RDR_RSCI_20110806.LBL
DATA/2011/20110807/,LEND_RDR_RSCI_20110807.LBL
DATA/2011/20110808/,LEND_RDR_RSCI_20110808.LBL
DATA/2011/20110809/,LEND_RDR_RSCI_20110809.LBL
DATA/2011/20110810/,LEND_RDR_RSCI_20110810.LBL
DATA/2011/20110811/,LEND_RDR_RSCI_20110811.LBL
DATA/2011/20110812/,LEND_RDR_RSCI_20110812.LBL
DATA/2011/20110813/,LEND_RDR_RSCI_20110813.LBL
DATA/2011/20110814/,LEND_RDR_RSCI_20110814.LBL
DATA/2011/20110815/,LEND_RDR_RSCI_20110815.LBL
DATA/2011/20110816/,LEND_RDR_RSCI_20110816.LBL
DATA/2011/20110817/,LEND_RDR_RSCI_20110817.LBL
DATA/2011/20110818/,LEND_RDR_RSCI_20110818.LBL
DATA/2011/20110819/,LEND_RDR_RSCI_20110819.LBL
DATA/2011/20110820/,LEND_RDR_RSCI_20110820.LBL
DATA/2011/20110821/,LEND_RDR_RSCI_20110821.LBL
DATA/2011/20110822/,LEND_RDR_RSCI_20110822.LBL
DATA/2011/20110823/,LEND_RDR_RSCI_20110823.LBL
DATA/2011/20110824/,LEND_RDR_RSCI_20110824.LBL
DATA/2011/20110825/,LEND_RDR_RSCI_20110825.LBL
DATA/2011/20110826/,LEND_RDR_RSCI_20110826.LBL
DATA/2011/20110827/,LEND_RDR_RSCI_20110827.LBL
DATA/2011/20110828/,LEND_RDR_RSCI_20110828.LBL
DATA/2011/20110829/,LEND_RDR_RSCI_20110829.LBL
DATA/2011/20110830/,LEND_RDR_RSCI_20110830.LBL
DATA/2011/20110831/,LEND_RDR_RSCI_20110831.LBL
DATA/2011/20110901/,LEND_RDR_RSCI_20110901.LBL
DATA/2011/20110902/,LEND_RDR_RSCI_20110902.LBL
DATA/2011/20110903/,LEND_RDR_RSCI_20110903.LBL
DATA/2011/20110904/,LEND_RDR_RSCI_20110904.LBL
DATA/2011/20110905/,LEND_RDR_RSCI_20110905.LBL
DATA/2011/20110906/,LEND_RDR_RSCI_20110906.LBL
DATA/2011/20110907/,LEND_RDR_RSCI_20110907.LBL
DATA/2011/20110908/,LEND_RDR_RSCI_20110908.LBL
DATA/2011/20110909/,LEND_RDR_RSCI_20110909.LBL
DATA/2011/20110910/,LEND_RDR_RSCI_20110910.LBL
DATA/2011/20110911/,LEND_RDR_RSCI_20110911.LBL
DATA/2011/20110912/,LEND_RDR_RSCI_20110912.LBL
DATA/2011/20110913/,LEND_RDR_RSCI_20110913.LBL
DATA/2011/20110914/,LEND_RDR_RSCI_20110914.LBL
DATA/2011/20110915/,LEND_RDR_RSCI_20110915.LBL
DATA/2011/20110916/,LEND_RDR_RSCI_20110916.LBL
DATA/2011/20110917/,LEND_RDR_RSCI_20110917.LBL
DATA/2011/20110918/,LEND_RDR_RSCI_20110918.LBL
DATA/2011/20110919/,LEND_RDR_RSCI_20110919.LBL
DATA/2011/20110920/,LEND_RDR_RSCI_20110920.LBL
DATA/2011/20110921/,LEND_RDR_RSCI_20110921.LBL
DATA/2011/20110922/,LEND_RDR_RSCI_20110922.LBL
DATA/2011/20110923/,LEND_RDR_RSCI_20110923.LBL
DATA/2011/20110924/,LEND_RDR_RSCI_20110924.LBL
DATA/2011/20110925/,LEND_RDR_RSCI_20110925.LBL
DATA/2011/20110926/,LEND_RDR_RSCI_20110926.LBL
DATA/2011/20110927/,LEND_RDR_RSCI_20110927.LBL
DATA/2011/20110928/,LEND_RDR_RSCI_20110928.LBL
DATA/2011/20110929/,LEND_RDR_RSCI_20110929.LBL
DATA/2011/20110930/,LEND_RDR_RSCI_20110930.LBL
DATA/2011/20111001/,LEND_RDR_RSCI_20111001.LBL
DATA/2011/20111002/,LEND_RDR_RSCI_20111002.LBL
DATA/2011/20111003/,LEND_RDR_RSCI_20111003.LBL
DATA/2011/20111004/,LEND_RDR_RSCI_20111004.LBL
DATA/2011/20111005/,LEND_RDR_RSCI_20111005.LBL
DATA/2011/20111006/,LEND_RDR_RSCI_20111006.LBL
DATA/2011/20111007/,LEND_RDR_RSCI_20111007.LBL
DATA/2011/20111008/,LEND_RDR_RSCI_20111008.LBL
DATA/2011/20111009/,LEND_RDR_RSCI_20111009.LBL
DATA/2011/20111010/,LEND_RDR_RSCI_20111010.LBL
DATA/2011/20111011/,LEND_RDR_RSCI_20111011.LBL
DATA/2011/20111012/,LEND_RDR_RSCI_20111012.LBL
DATA/2011/20111013/,LEND_RDR_RSCI_20111013.LBL
DATA/2011/20111014/,LEND_RDR_RSCI_20111014.LBL
DATA/2011/20111015/,LEND_RDR_RSCI_20111015.LBL
DATA/2011/20111016/,LEND_RDR_RSCI_20111016.LBL
DATA/2011/20111017/,LEND_RDR_RSCI_20111017.LBL
DATA/2011/20111018/,LEND_RDR_RSCI_20111018.LBL
DATA/2011/20111019/,LEND_RDR_RSCI_20111019.LBL
DATA/2011/20111020/,LEND_RDR_RSCI_20111020.LBL
DATA/2011/20111021/,LEND_RDR_RSCI_20111021.LBL
DATA/2011/20111022/,LEND_RDR_RSCI_20111022.LBL
DATA/2011/20111023/,LEND_RDR_RSCI_20111023.LBL
DATA/2011/20111024/,LEND_RDR_RSCI_20111024.LBL
DATA/2011/20111025/,LEND_RDR_RSCI_20111025.LBL
DATA/2011/20111026/,LEND_RDR_RSCI_20111026.LBL
DATA/2011/20111027/,LEND_RDR_RSCI_20111027.LBL
DATA/2011/20111028/,LEND_RDR_RSCI_20111028.LBL
DATA/2011/20111029/,LEND_RDR_RSCI_20111029.LBL
DATA/2011/20111030/,LEND_RDR_RSCI_20111030.LBL
DATA/2011/20111031/,LEND_RDR_RSCI_20111031.LBL
DATA/2011/20111101/,LEND_RDR_RSCI_20111101.LBL
DATA/2011/20111102/,LEND_RDR_RSCI_20111102.LBL
DATA/2011/20111103/,LEND_RDR_RSCI_20111103.LBL
DATA/2011/20111104/,LEND_RDR_RSCI_20111104.LBL
DATA/2011/20111105/,LEND_RDR_RSCI_20111105.LBL
DATA/2011/20111106/,LEND_RDR_RSCI_20111106.LBL
DATA/2011/20111107/,LEND_RDR_RSCI_20111107.LBL
DATA/2011/20111108/,LEND_RDR_RSCI_20111108.LBL
DATA/2011/20111109/,LEND_RDR_RSCI_20111109.LBL
DATA/2011/20111110/,LEND_RDR_RSCI_20111110.LBL
DATA/2011/20111111/,LEND_RDR_RSCI_20111111.LBL
DATA/2011/20111112/,LEND_RDR_RSCI_20111112.LBL
DATA/2011/20111113/,LEND_RDR_RSCI_20111113.LBL
DATA/2011/20111114/,LEND_RDR_RSCI_20111114.LBL
DATA/2011/20111115/,LEND_RDR_RSCI_20111115.LBL
DATA/2011/20111116/,LEND_RDR_RSCI_20111116.LBL
DATA/2011/20111117/,LEND_RDR_RSCI_20111117.LBL
DATA/2011/20111118/,LEND_RDR_RSCI_20111118.LBL
DATA/2011/20111119/,LEND_RDR_RSCI_20111119.LBL
DATA/2011/20111120/,LEND_RDR_RSCI_20111120.LBL
DATA/2011/20111121/,LEND_RDR_RSCI_20111121.LBL
DATA/2011/20111122/,LEND_RDR_RSCI_20111122.LBL
DATA/2011/20111123/,LEND_RDR_RSCI_20111123.LBL
DATA/2011/20111124/,LEND_RDR_RSCI_20111124.LBL
DATA/2011/20111125/,LEND_RDR_RSCI_20111125.LBL
DATA/2011/20111126/,LEND_RDR_RSCI_20111126.LBL
DATA/2011/20111127/,LEND_RDR_RSCI_20111127.LBL
DATA/2011/20111128/,LEND_RDR_RSCI_20111128.LBL
DATA/2011/20111129/,LEND_RDR_RSCI_20111129.LBL
DATA/2011/20111130/,LEND_RDR_RSCI_20111130.LBL
DATA/2011/20111201/,LEND_RDR_RSCI_20111201.LBL
DATA/2011/20111202/,LEND_RDR_RSCI_20111202.LBL
DATA/2011/20111203/,LEND_RDR_RSCI_20111203.LBL
DATA/2011/20111204/,LEND_RDR_RSCI_20111204.LBL
DATA/2011/20111205/,LEND_RDR_RSCI_20111205.LBL
DATA/2011/20111206/,LEND_RDR_RSCI_20111206.LBL
DATA/2011/20111207/,LEND_RDR_RSCI_20111207.LBL
DATA/2011/20111208/,LEND_RDR_RSCI_20111208.LBL
DATA/2011/20111209/,LEND_RDR_RSCI_20111209.LBL
DATA/2011/20111210/,LEND_RDR_RSCI_20111210.LBL
DATA/2011/20111211/,LEND_RDR_RSCI_20111211.LBL
DATA/2011/20111212/,LEND_RDR_RSCI_20111212.LBL
DATA/2011/20111213/,LEND_RDR_RSCI_20111213.LBL
DATA/2011/20111214/,LEND_RDR_RSCI_20111214.LBL
DATA/2011/20111215/,LEND_RDR_RSCI_20111215.LBL
DATA/2011/20111216/,LEND_RDR_RSCI_20111216.LBL
DATA/2011/20111217/,LEND_RDR_RSCI_20111217.LBL
DATA/2011/20111218/,LEND_RDR_RSCI_20111218.LBL
DATA/2011/20111219/,LEND_RDR_RSCI_20111219.LBL
DATA/2011/20111220/,LEND_RDR_RSCI_20111220.LBL
DATA/2011/20111221/,LEND_RDR_RSCI_20111221.LBL
DATA/2011/20111222/,LEND_RDR_RSCI_20111222.LBL
DATA/2011/20111223/,LEND_RDR_RSCI_20111223.LBL
DATA/2011/20111224/,LEND_RDR_RSCI_20111224.LBL
DATA/2011/20111225/,LEND_RDR_RSCI_20111225.LBL
DATA/2011/20111226/,LEND_RDR_RSCI_20111226.LBL
DATA/2011/20111227/,LEND_RDR_RSCI_20111227.LBL
DATA/2011/20111228/,LEND_RDR_RSCI_20111228.LBL
DATA/2011/20111229/,LEND_RDR_RSCI_20111229.LBL
DATA/2011/20111230/,LEND_RDR_RSCI_20111230.LBL
DATA/2011/20111231/,LEND_RDR_RSCI_20111231.LBL
DATA/2012/20120101/,LEND_RDR_RSCI_20120101.LBL
DATA/2012/20120102/,LEND_RDR_RSCI_20120102.LBL
DATA/2012/20120103/,LEND_RDR_RSCI_20120103.LBL
DATA/2012/20120104/,LEND_RDR_RSCI_20120104.LBL
DATA/2012/20120105/,LEND_RDR_RSCI_20120105.LBL
DATA/2012/20120106/,LEND_RDR_RSCI_20120106.LBL
DATA/2012/20120107/,LEND_RDR_RSCI_20120107.LBL
DATA/2012/20120108/,LEND_RDR_RSCI_20120108.LBL
DATA/2012/20120109/,LEND_RDR_RSCI_20120109.LBL
DATA/2012/20120110/,LEND_RDR_RSCI_20120110.LBL
DATA/2012/20120111/,LEND_RDR_RSCI_20120111.LBL
DATA/2012/20120112/,LEND_RDR_RSCI_20120112.LBL
DATA/2012/20120113/,LEND_RDR_RSCI_20120113.LBL
DATA/2012/20120114/,LEND_RDR_RSCI_20120114.LBL
DATA/2012/20120115/,LEND_RDR_RSCI_20120115.LBL
DATA/2012/20120116/,LEND_RDR_RSCI_20120116.LBL
DATA/2012/20120117/,LEND_RDR_RSCI_20120117.LBL
DATA/2012/20120118/,LEND_RDR_RSCI_20120118.LBL
DATA/2012/20120119/,LEND_RDR_RSCI_20120119.LBL
DATA/2012/20120120/,LEND_RDR_RSCI_20120120.LBL
DATA/2012/20120121/,LEND_RDR_RSCI_20120121.LBL
DATA/2012/20120122/,LEND_RDR_RSCI_20120122.LBL
DATA/2012/20120123/,LEND_RDR_RSCI_20120123.LBL
DATA/2012/20120124/,LEND_RDR_RSCI_20120124.LBL
DATA/2012/20120125/,LEND_RDR_RSCI_20120125.LBL
DATA/2012/20120126/,LEND_RDR_RSCI_20120126.LBL
DATA/2012/20120127/,LEND_RDR_RSCI_20120127.LBL
DATA/2012/20120128/,LEND_RDR_RSCI_20120128.LBL
DATA/2012/20120129/,LEND_RDR_RSCI_20120129.LBL
DATA/2012/20120130/,LEND_RDR_RSCI_20120130.LBL
DATA/2012/20120131/,LEND_RDR_RSCI_20120131.LBL
DATA/2012/20120201/,LEND_RDR_RSCI_20120201.LBL
DATA/2012/20120202/,LEND_RDR_RSCI_20120202.LBL
DATA/2012/20120203/,LEND_RDR_RSCI_20120203.LBL
DATA/2012/20120204/,LEND_RDR_RSCI_20120204.LBL
DATA/2012/20120205/,LEND_RDR_RSCI_20120205.LBL
DATA/2012/20120206/,LEND_RDR_RSCI_20120206.LBL
DATA/2012/20120207/,LEND_RDR_RSCI_20120207.LBL
DATA/2012/20120208/,LEND_RDR_RSCI_20120208.LBL
DATA/2012/20120209/,LEND_RDR_RSCI_20120209.LBL
DATA/2012/20120210/,LEND_RDR_RSCI_20120210.LBL
DATA/2012/20120211/,LEND_RDR_RSCI_20120211.LBL
DATA/2012/20120212/,LEND_RDR_RSCI_20120212.LBL
DATA/2012/20120213/,LEND_RDR_RSCI_20120213.LBL
DATA/2012/20120214/,LEND_RDR_RSCI_20120214.LBL
DATA/2012/20120215/,LEND_RDR_RSCI_20120215.LBL
DATA/2012/20120216/,LEND_RDR_RSCI_20120216.LBL
DATA/2012/20120217/,LEND_RDR_RSCI_20120217.LBL
DATA/2012/20120218/,LEND_RDR_RSCI_20120218.LBL
DATA/2012/20120219/,LEND_RDR_RSCI_20120219.LBL
DATA/2012/20120220/,LEND_RDR_RSCI_20120220.LBL
DATA/2012/20120221/,LEND_RDR_RSCI_20120221.LBL
DATA/2012/20120222/,LEND_RDR_RSCI_20120222.LBL
DATA/2012/20120223/,LEND_RDR_RSCI_20120223.LBL
DATA/2012/20120224/,LEND_RDR_RSCI_20120224.LBL
DATA/2012/20120225/,LEND_RDR_RSCI_20120225.LBL
DATA/2012/20120226/,LEND_RDR_RSCI_20120226.LBL
DATA/2012/20120227/,LEND_RDR_RSCI_20120227.LBL
DATA/2012/20120228/,LEND_RDR_RSCI_20120228.LBL
DATA/2012/20120229/,LEND_RDR_RSCI_20120229.LBL
DATA/2012/20120301/,LEND_RDR_RSCI_20120301.LBL
DATA/2012/20120302/,LEND_RDR_RSCI_20120302.LBL
DATA/2012/20120303/,LEND_RDR_RSCI_20120303.LBL
DATA/2012/20120304/,LEND_RDR_RSCI_20120304.LBL
DATA/2012/20120305/,LEND_RDR_RSCI_20120305.LBL
DATA/2012/20120306/,LEND_RDR_RSCI_20120306.LBL
DATA/2012/20120307/,LEND_RDR_RSCI_20120307.LBL
DATA/2012/20120308/,LEND_RDR_RSCI_20120308.LBL
DATA/2012/20120309/,LEND_RDR_RSCI_20120309.LBL
DATA/2012/20120310/,LEND_RDR_RSCI_20120310.LBL
DATA/2012/20120311/,LEND_RDR_RSCI_20120311.LBL
DATA/2012/20120312/,LEND_RDR_RSCI_20120312.LBL
DATA/2012/20120313/,LEND_RDR_RSCI_20120313.LBL
DATA/2012/20120314/,LEND_RDR_RSCI_20120314.LBL
DATA/2012/20120315/,LEND_RDR_RSCI_20120315.LBL
DATA/2012/20120316/,LEND_RDR_RSCI_20120316.LBL
DATA/2012/20120317/,LEND_RDR_RSCI_20120317.LBL
DATA/2012/20120318/,LEND_RDR_RSCI_20120318.LBL
DATA/2012/20120319/,LEND_RDR_RSCI_20120319.LBL
DATA/2012/20120320/,LEND_RDR_RSCI_20120320.LBL
DATA/2012/20120321/,LEND_RDR_RSCI_20120321.LBL
DATA/2012/20120322/,LEND_RDR_RSCI_20120322.LBL
DATA/2012/20120323/,LEND_RDR_RSCI_20120323.LBL
DATA/2012/20120324/,LEND_RDR_RSCI_20120324.LBL
DATA/2012/20120325/,LEND_RDR_RSCI_20120325.LBL
DATA/2012/20120326/,LEND_RDR_RSCI_20120326.LBL
DATA/2012/20120327/,LEND_RDR_RSCI_20120327.LBL
DATA/2012/20120328/,LEND_RDR_RSCI_20120328.LBL
DATA/2012/20120329/,LEND_RDR_RSCI_20120329.LBL
DATA/2012/20120330/,LEND_RDR_RSCI_20120330.LBL
DATA/2012/20120331/,LEND_RDR_RSCI_20120331.LBL
DATA/2012/20120401/,LEND_RDR_RSCI_20120401.LBL
DATA/2012/20120402/,LEND_RDR_RSCI_20120402.LBL
DATA/2012/20120403/,LEND_RDR_RSCI_20120403.LBL
DATA/2012/20120404/,LEND_RDR_RSCI_20120404.LBL
DATA/2012/20120405/,LEND_RDR_RSCI_20120405.LBL
DATA/2012/20120406/,LEND_RDR_RSCI_20120406.LBL
DATA/2012/20120407/,LEND_RDR_RSCI_20120407.LBL
DATA/2012/20120408/,LEND_RDR_RSCI_20120408.LBL
DATA/2012/20120409/,LEND_RDR_RSCI_20120409.LBL
DATA/2012/20120410/,LEND_RDR_RSCI_20120410.LBL
DATA/2012/20120411/,LEND_RDR_RSCI_20120411.LBL
DATA/2012/20120412/,LEND_RDR_RSCI_20120412.LBL
DATA/2012/20120413/,LEND_RDR_RSCI_20120413.LBL
DATA/2012/20120414/,LEND_RDR_RSCI_20120414.LBL
DATA/2012/20120415/,LEND_RDR_RSCI_20120415.LBL
DATA/2012/20120416/,LEND_RDR_RSCI_20120416.LBL
DATA/2012/20120417/,LEND_RDR_RSCI_20120417.LBL
DATA/2012/20120418/,LEND_RDR_RSCI_20120418.LBL
DATA/2012/20120419/,LEND_RDR_RSCI_20120419.LBL
DATA/2012/20120420/,LEND_RDR_RSCI_20120420.LBL
DATA/2012/20120421/,LEND_RDR_RSCI_20120421.LBL
DATA/2012/20120422/,LEND_RDR_RSCI_20120422.LBL
DATA/2012/20120423/,LEND_RDR_RSCI_20120423.LBL
DATA/2012/20120424/,LEND_RDR_RSCI_20120424.LBL
DATA/2012/20120425/,LEND_RDR_RSCI_20120425.LBL
DATA/2012/20120426/,LEND_RDR_RSCI_20120426.LBL
DATA/2012/20120427/,LEND_RDR_RSCI_20120427.LBL
DATA/2012/20120428/,LEND_RDR_RSCI_20120428.LBL
DATA/2012/20120429/,LEND_RDR_RSCI_20120429.LBL
DATA/2012/20120430/,LEND_RDR_RSCI_20120430.LBL
DATA/2012/20120501/,LEND_RDR_RSCI_20120501.LBL
DATA/2012/20120502/,LEND_RDR_RSCI_20120502.LBL
DATA/2012/20120503/,LEND_RDR_RSCI_20120503.LBL
DATA/2012/20120504/,LEND_RDR_RSCI_20120504.LBL
DATA/2012/20120505/,LEND_RDR_RSCI_20120505.LBL
DATA/2012/20120506/,LEND_RDR_RSCI_20120506.LBL
DATA/2012/20120507/,LEND_RDR_RSCI_20120507.LBL
DATA/2012/20120508/,LEND_RDR_RSCI_20120508.LBL
DATA/2012/20120509/,LEND_RDR_RSCI_20120509.LBL
DATA/2012/20120510/,LEND_RDR_RSCI_20120510.LBL
DATA/2012/20120511/,LEND_RDR_RSCI_20120511.LBL
DATA/2012/20120512/,LEND_RDR_RSCI_20120512.LBL
DATA/2012/20120513/,LEND_RDR_RSCI_20120513.LBL
DATA/2012/20120514/,LEND_RDR_RSCI_20120514.LBL
DATA/2012/20120515/,LEND_RDR_RSCI_20120515.LBL
DATA/2012/20120516/,LEND_RDR_RSCI_20120516.LBL
DATA/2012/20120517/,LEND_RDR_RSCI_20120517.LBL
DATA/2012/20120518/,LEND_RDR_RSCI_20120518.LBL
DATA/2012/20120519/,LEND_RDR_RSCI_20120519.LBL
DATA/2012/20120520/,LEND_RDR_RSCI_20120520.LBL
DATA/2012/20120521/,LEND_RDR_RSCI_20120521.LBL
DATA/2012/20120522/,LEND_RDR_RSCI_20120522.LBL
DATA/2012/20120523/,LEND_RDR_RSCI_20120523.LBL
DATA/2012/20120524/,LEND_RDR_RSCI_20120524.LBL
DATA/2012/20120525/,LEND_RDR_RSCI_20120525.LBL
DATA/2012/20120526/,LEND_RDR_RSCI_20120526.LBL
DATA/2012/20120527/,LEND_RDR_RSCI_20120527.LBL
DATA/2012/20120528/,LEND_RDR_RSCI_20120528.LBL
DATA/2012/20120529/,LEND_RDR_RSCI_20120529.LBL
DATA/2012/20120530/,LEND_RDR_RSCI_20120530.LBL
DATA/2012/20120531/,LEND_RDR_RSCI_20120531.LBL
DATA/2012/20120601/,LEND_RDR_RSCI_20120601.LBL
DATA/2012/20120602/,LEND_RDR_RSCI_20120602.LBL
DATA/2012/20120603/,LEND_RDR_RSCI_20120603.LBL
DATA/2012/20120604/,LEND_RDR_RSCI_20120604.LBL
DATA/2012/20120605/,LEND_RDR_RSCI_20120605.LBL
DATA/2012/20120606/,LEND_RDR_RSCI_20120606.LBL
DATA/2012/20120607/,LEND_RDR_RSCI_20120607.LBL
DATA/2012/20120608/,LEND_RDR_RSCI_20120608.LBL
DATA/2012/20120609/,LEND_RDR_RSCI_20120609.LBL
DATA/2012/20120610/,LEND_RDR_RSCI_20120610.LBL
DATA/2012/20120611/,LEND_RDR_RSCI_20120611.LBL
DATA/2012/20120612/,LEND_RDR_RSCI_20120612.LBL
DATA/2012/20120613/,LEND_RDR_RSCI_20120613.LBL
DATA/2012/20120614/,LEND_RDR_RSCI_20120614.LBL
DATA/2012/20120615/,LEND_RDR_RSCI_20120615.LBL
DATA/2012/20120616/,LEND_RDR_RSCI_20120616.LBL
DATA/2012/20120617/,LEND_RDR_RSCI_20120617.LBL
DATA/2012/20120618/,LEND_RDR_RSCI_20120618.LBL
DATA/2012/20120619/,LEND_RDR_RSCI_20120619.LBL
DATA/2012/20120620/,LEND_RDR_RSCI_20120620.LBL
DATA/2012/20120621/,LEND_RDR_RSCI_20120621.LBL
DATA/2012/20120622/,LEND_RDR_RSCI_20120622.LBL
DATA/2012/20120623/,LEND_RDR_RSCI_20120623.LBL
DATA/2012/20120624/,LEND_RDR_RSCI_20120624.LBL
DATA/2012/20120625/,LEND_RDR_RSCI_20120625.LBL
DATA/2012/20120626/,LEND_RDR_RSCI_20120626.LBL
DATA/2012/20120627/,LEND_RDR_RSCI_20120627.LBL
DATA/2012/20120628/,LEND_RDR_RSCI_20120628.LBL
DATA/2012/20120629/,LEND_RDR_RSCI_20120629.LBL
DATA/2012/20120630/,LEND_RDR_RSCI_20120630.LBL
DATA/2012/20120701/,LEND_RDR_RSCI_20120701.LBL
DATA/2012/20120702/,LEND_RDR_RSCI_20120702.LBL
DATA/2012/20120703/,LEND_RDR_RSCI_20120703.LBL
DATA/2012/20120704/,LEND_RDR_RSCI_20120704.LBL
DATA/2012/20120705/,LEND_RDR_RSCI_20120705.LBL
DATA/2012/20120706/,LEND_RDR_RSCI_20120706.LBL
DATA/2012/20120707/,LEND_RDR_RSCI_20120707.LBL
DATA/2012/20120708/,LEND_RDR_RSCI_20120708.LBL
DATA/2012/20120709/,LEND_RDR_RSCI_20120709.LBL
DATA/2012/20120710/,LEND_RDR_RSCI_20120710.LBL
DATA/2012/20120711/,LEND_RDR_RSCI_20120711.LBL
DATA/2012/20120712/,LEND_RDR_RSCI_20120712.LBL
DATA/2012/20120713/,LEND_RDR_RSCI_20120713.LBL
DATA/2012/20120714/,LEND_RDR_RSCI_20120714.LBL
DATA/2012/20120715/,LEND_RDR_RSCI_20120715.LBL
DATA/2012/20120716/,LEND_RDR_RSCI_20120716.LBL
DATA/2012/20120717/,LEND_RDR_RSCI_20120717.LBL
DATA/2012/20120718/,LEND_RDR_RSCI_20120718.LBL
DATA/2012/20120719/,LEND_RDR_RSCI_20120719.LBL
DATA/2012/20120720/,LEND_RDR_RSCI_20120720.LBL
DATA/2012/20120721/,LEND_RDR_RSCI_20120721.LBL
DATA/2012/20120722/,LEND_RDR_RSCI_20120722.LBL
DATA/2012/20120723/,LEND_RDR_RSCI_20120723.LBL
DATA/2012/20120724/,LEND_RDR_RSCI_20120724.LBL
DATA/2012/20120725/,LEND_RDR_RSCI_20120725.LBL
DATA/2012/20120726/,LEND_RDR_RSCI_20120726.LBL
DATA/2012/20120727/,LEND_RDR_RSCI_20120727.LBL
DATA/2012/20120728/,LEND_RDR_RSCI_20120728.LBL
DATA/2012/20120729/,LEND_RDR_RSCI_20120729.LBL
DATA/2012/20120730/,LEND_RDR_RSCI_20120730.LBL
DATA/2012/20120731/,LEND_RDR_RSCI_20120731.LBL
DATA/2012/20120801/,LEND_RDR_RSCI_20120801.LBL
DATA/2012/20120802/,LEND_RDR_RSCI_20120802.LBL
DATA/2012/20120803/,LEND_RDR_RSCI_20120803.LBL
DATA/2012/20120804/,LEND_RDR_RSCI_20120804.LBL
DATA/2012/20120805/,LEND_RDR_RSCI_20120805.LBL
DATA/2012/20120806/,LEND_RDR_RSCI_20120806.LBL
DATA/2012/20120807/,LEND_RDR_RSCI_20120807.LBL
DATA/2012/20120808/,LEND_RDR_RSCI_20120808.LBL
DATA/2012/20120809/,LEND_RDR_RSCI_20120809.LBL
DATA/2012/20120810/,LEND_RDR_RSCI_20120810.LBL
DATA/2012/20120811/,LEND_RDR_RSCI_20120811.LBL
DATA/2012/20120812/,LEND_RDR_RSCI_20120812.LBL
DATA/2012/20120813/,LEND_RDR_RSCI_20120813.LBL
DATA/2012/20120814/,LEND_RDR_RSCI_20120814.LBL
DATA/2012/20120815/,LEND_RDR_RSCI_20120815.LBL
DATA/2012/20120816/,LEND_RDR_RSCI_20120816.LBL
DATA/2012/20120817/,LEND_RDR_RSCI_20120817.LBL
DATA/2012/20120818/,LEND_RDR_RSCI_20120818.LBL
DATA/2012/20120819/,LEND_RDR_RSCI_20120819.LBL
DATA/2012/20120820/,LEND_RDR_RSCI_20120820.LBL
DATA/2012/20120821/,LEND_RDR_RSCI_20120821.LBL
DATA/2012/20120822/,LEND_RDR_RSCI_20120822.LBL
DATA/2012/20120823/,LEND_RDR_RSCI_20120823.LBL
DATA/2012/20120824/,LEND_RDR_RSCI_20120824.LBL
DATA/2012/20120825/,LEND_RDR_RSCI_20120825.LBL
DATA/2012/20120826/,LEND_RDR_RSCI_20120826.LBL
DATA/2012/20120827/,LEND_RDR_RSCI_20120827.LBL
DATA/2012/20120828/,LEND_RDR_RSCI_20120828.LBL
DATA/2012/20120829/,LEND_RDR_RSCI_20120829.LBL
DATA/2012/20120830/,LEND_RDR_RSCI_20120830.LBL
DATA/2012/20120831/,LEND_RDR_RSCI_20120831.LBL
DATA/2012/20120901/,LEND_RDR_RSCI_20120901.LBL
DATA/2012/20120902/,LEND_RDR_RSCI_20120902.LBL
DATA/2012/20120903/,LEND_RDR_RSCI_20120903.LBL
DATA/2012/20120904/,LEND_RDR_RSCI_20120904.LBL
DATA/2012/20120905/,LEND_RDR_RSCI_20120905.LBL
DATA/2012/20120906/,LEND_RDR_RSCI_20120906.LBL
DATA/2012/20120907/,LEND_RDR_RSCI_20120907.LBL
DATA/2012/20120908/,LEND_RDR_RSCI_20120908.LBL
DATA/2012/20120909/,LEND_RDR_RSCI_20120909.LBL
DATA/2012/20120910/,LEND_RDR_RSCI_20120910.LBL
DATA/2012/20120911/,LEND_RDR_RSCI_20120911.LBL
DATA/2012/20120912/,LEND_RDR_RSCI_20120912.LBL
DATA/2012/20120913/,LEND_RDR_RSCI_20120913.LBL
DATA/2012/20120914/,LEND_RDR_RSCI_20120914.LBL
DATA/2012/20120915/,LEND_RDR_RSCI_20120915.LBL
DATA/2012/20120916/,LEND_RDR_RSCI_20120916.LBL
DATA/2012/20120917/,LEND_RDR_RSCI_20120917.LBL
DATA/2012/20120918/,LEND_RDR_RSCI_20120918.LBL
DATA/2012/20120919/,LEND_RDR_RSCI_20120919.LBL
DATA/2012/20120920/,LEND_RDR_RSCI_20120920.LBL
DATA/2012/20120921/,LEND_RDR_RSCI_20120921.LBL
DATA/2012/20120922/,LEND_RDR_RSCI_20120922.LBL
DATA/2012/20120923/,LEND_RDR_RSCI_20120923.LBL
DATA/2012/20120924/,LEND_RDR_RSCI_20120924.LBL
DATA/2012/20120925/,LEND_RDR_RSCI_20120925.LBL
DATA/2012/20120926/,LEND_RDR_RSCI_20120926.LBL
DATA/2012/20120927/,LEND_RDR_RSCI_20120927.LBL
DATA/2012/20120928/,LEND_RDR_RSCI_20120928.LBL
DATA/2012/20120929/,LEND_RDR_RSCI_20120929.LBL
DATA/2012/20120930/,LEND_RDR_RSCI_20120930.LBL
DATA/2012/20121001/,LEND_RDR_RSCI_20121001.LBL
DATA/2012/20121002/,LEND_RDR_RSCI_20121002.LBL
DATA/2012/20121003/,LEND_RDR_RSCI_20121003.LBL
DATA/2012/20121004/,LEND_RDR_RSCI_20121004.LBL
DATA/2012/20121005/,LEND_RDR_RSCI_20121005.LBL
DATA/2012/20121006/,LEND_RDR_RSCI_20121006.LBL
DATA/2012/20121007/,LEND_RDR_RSCI_20121007.LBL
DATA/2012/20121008/,LEND_RDR_RSCI_20121008.LBL
DATA/2012/20121009/,LEND_RDR_RSCI_20121009.LBL
DATA/2012/20121010/,LEND_RDR_RSCI_20121010.LBL
DATA/2012/20121011/,LEND_RDR_RSCI_20121011.LBL
DATA/2012/20121012/,LEND_RDR_RSCI_20121012.LBL
DATA/2012/20121013/,LEND_RDR_RSCI_20121013.LBL
DATA/2012/20121014/,LEND_RDR_RSCI_20121014.LBL
DATA/2012/20121015/,LEND_RDR_RSCI_20121015.LBL
DATA/2012/20121016/,LEND_RDR_RSCI_20121016.LBL
DATA/2012/20121017/,LEND_RDR_RSCI_20121017.LBL
DATA/2012/20121018/,LEND_RDR_RSCI_20121018.LBL
DATA/2012/20121019/,LEND_RDR_RSCI_20121019.LBL
DATA/2012/20121020/,LEND_RDR_RSCI_20121020.LBL
DATA/2012/20121021/,LEND_RDR_RSCI_20121021.LBL
DATA/2012/20121022/,LEND_RDR_RSCI_20121022.LBL
DATA/2012/20121023/,LEND_RDR_RSCI_20121023.LBL
DATA/2012/20121024/,LEND_RDR_RSCI_20121024.LBL
DATA/2012/20121025/,LEND_RDR_RSCI_20121025.LBL
DATA/2012/20121026/,LEND_RDR_RSCI_20121026.LBL
DATA/2012/20121027/,LEND_RDR_RSCI_20121027.LBL
DATA/2012/20121028/,LEND_RDR_RSCI_20121028.LBL
DATA/2012/20121029/,LEND_RDR_RSCI_20121029.LBL
DATA/2012/20121030/,LEND_RDR_RSCI_20121030.LBL
DATA/2012/20121031/,LEND_RDR_RSCI_20121031.LBL
DATA/2012/20121101/,LEND_RDR_RSCI_20121101.LBL
DATA/2012/20121102/,LEND_RDR_RSCI_20121102.LBL
DATA/2012/20121103/,LEND_RDR_RSCI_20121103.LBL
DATA/2012/20121104/,LEND_RDR_RSCI_20121104.LBL
DATA/2012/20121105/,LEND_RDR_RSCI_20121105.LBL
DATA/2012/20121106/,LEND_RDR_RSCI_20121106.LBL
DATA/2012/20121107/,LEND_RDR_RSCI_20121107.LBL
DATA/2012/20121108/,LEND_RDR_RSCI_20121108.LBL
DATA/2012/20121109/,LEND_RDR_RSCI_20121109.LBL
DATA/2012/20121110/,LEND_RDR_RSCI_20121110.LBL
DATA/2012/20121111/,LEND_RDR_RSCI_20121111.LBL
DATA/2012/20121112/,LEND_RDR_RSCI_20121112.LBL
DATA/2012/20121113/,LEND_RDR_RSCI_20121113.LBL
DATA/2012/20121114/,LEND_RDR_RSCI_20121114.LBL
DATA/2012/20121115/,LEND_RDR_RSCI_20121115.LBL
DATA/2012/20121116/,LEND_RDR_RSCI_20121116.LBL
DATA/2012/20121117/,LEND_RDR_RSCI_20121117.LBL
DATA/2012/20121118/,LEND_RDR_RSCI_20121118.LBL
DATA/2012/20121119/,LEND_RDR_RSCI_20121119.LBL
DATA/2012/20121120/,LEND_RDR_RSCI_20121120.LBL
DATA/2012/20121121/,LEND_RDR_RSCI_20121121.LBL
DATA/2012/20121122/,LEND_RDR_RSCI_20121122.LBL
DATA/2012/20121123/,LEND_RDR_RSCI_20121123.LBL
DATA/2012/20121124/,LEND_RDR_RSCI_20121124.LBL
DATA/2012/20121125/,LEND_RDR_RSCI_20121125.LBL
DATA/2012/20121126/,LEND_RDR_RSCI_20121126.LBL
DATA/2012/20121127/,LEND_RDR_RSCI_20121127.LBL
DATA/2012/20121128/,LEND_RDR_RSCI_20121128.LBL
DATA/2012/20121129/,LEND_RDR_RSCI_20121129.LBL
DATA/2012/20121130/,LEND_RDR_RSCI_20121130.LBL
DATA/2012/20121201/,LEND_RDR_RSCI_20121201.LBL
DATA/2012/20121202/,LEND_RDR_RSCI_20121202.LBL
DATA/2012/20121203/,LEND_RDR_RSCI_20121203.LBL
DATA/2012/20121204/,LEND_RDR_RSCI_20121204.LBL
DATA/2012/20121205/,LEND_RDR_RSCI_20121205.LBL
DATA/2012/20121206/,LEND_RDR_RSCI_20121206.LBL
DATA/2012/20121207/,LEND_RDR_RSCI_20121207.LBL
DATA/2012/20121208/,LEND_RDR_RSCI_20121208.LBL
DATA/2012/20121209/,LEND_RDR_RSCI_20121209.LBL
DATA/2012/20121210/,LEND_RDR_RSCI_20121210.LBL
DATA/2012/20121211/,LEND_RDR_RSCI_20121211.LBL
DATA/2012/20121212/,LEND_RDR_RSCI_20121212.LBL
DATA/2012/20121213/,LEND_RDR_RSCI_20121213.LBL
DATA/2012/20121214/,LEND_RDR_RSCI_20121214.LBL
DATA/2012/20121215/,LEND_RDR_RSCI_20121215.LBL
DATA/2012/20121216/,LEND_RDR_RSCI_20121216.LBL
DATA/2012/20121217/,LEND_RDR_RSCI_20121217.LBL
DATA/2012/20121218/,LEND_RDR_RSCI_20121218.LBL
DATA/2012/20121219/,LEND_RDR_RSCI_20121219.LBL
DATA/2012/20121220/,LEND_RDR_RSCI_20121220.LBL
DATA/2012/20121221/,LEND_RDR_RSCI_20121221.LBL
DATA/2012/20121222/,LEND_RDR_RSCI_20121222.LBL
DATA/2012/20121223/,LEND_RDR_RSCI_20121223.LBL
DATA/2012/20121224/,LEND_RDR_RSCI_20121224.LBL
DATA/2012/20121225/,LEND_RDR_RSCI_20121225.LBL
DATA/2012/20121226/,LEND_RDR_RSCI_20121226.LBL
DATA/2012/20121227/,LEND_RDR_RSCI_20121227.LBL
DATA/2012/20121228/,LEND_RDR_RSCI_20121228.LBL
DATA/2012/20121229/,LEND_RDR_RSCI_20121229.LBL
DATA/2012/20121230/,LEND_RDR_RSCI_20121230.LBL
DATA/2012/20121231/,LEND_RDR_RSCI_20121231.LBL
DATA/2013/20130101/,LEND_RDR_RSCI_20130101.LBL
DATA/2013/20130102/,LEND_RDR_RSCI_20130102.LBL
DATA/2013/20130103/,LEND_RDR_RSCI_20130103.LBL
DATA/2013/20130104/,LEND_RDR_RSCI_20130104.LBL
DATA/2013/20130105/,LEND_RDR_RSCI_20130105.LBL
DATA/2013/20130106/,LEND_RDR_RSCI_20130106.LBL
DATA/2013/20130107/,LEND_RDR_RSCI_20130107.LBL
DATA/2013/20130108/,LEND_RDR_RSCI_20130108.LBL
DATA/2013/20130109/,LEND_RDR_RSCI_20130109.LBL
DATA/2013/20130110/,LEND_RDR_RSCI_20130110.LBL
DATA/2013/20130111/,LEND_RDR_RSCI_20130111.LBL
DATA/2013/20130112/,LEND_RDR_RSCI_20130112.LBL
DATA/2013/20130113/,LEND_RDR_RSCI_20130113.LBL
DATA/2013/20130114/,LEND_RDR_RSCI_20130114.LBL
DATA/2013/20130115/,LEND_RDR_RSCI_20130115.LBL
DATA/2013/20130116/,LEND_RDR_RSCI_20130116.LBL
DATA/2013/20130117/,LEND_RDR_RSCI_20130117.LBL
DATA/2013/20130118/,LEND_RDR_RSCI_20130118.LBL
DATA/2013/20130119/,LEND_RDR_RSCI_20130119.LBL
DATA/2013/20130120/,LEND_RDR_RSCI_20130120.LBL
DATA/2013/20130121/,LEND_RDR_RSCI_20130121.LBL
DATA/2013/20130122/,LEND_RDR_RSCI_20130122.LBL
DATA/2013/20130123/,LEND_RDR_RSCI_20130123.LBL
DATA/2013/20130124/,LEND_RDR_RSCI_20130124.LBL
DATA/2013/20130125/,LEND_RDR_RSCI_20130125.LBL
DATA/2013/20130126/,LEND_RDR_RSCI_20130126.LBL
DATA/2013/20130127/,LEND_RDR_RSCI_20130127.LBL
DATA/2013/20130128/,LEND_RDR_RSCI_20130128.LBL
DATA/2013/20130129/,LEND_RDR_RSCI_20130129.LBL
DATA/2013/20130130/,LEND_RDR_RSCI_20130130.LBL
DATA/2013/20130131/,LEND_RDR_RSCI_20130131.LBL
DATA/2013/20130201/,LEND_RDR_RSCI_20130201.LBL
DATA/2013/20130202/,LEND_RDR_RSCI_20130202.LBL
DATA/2013/20130203/,LEND_RDR_RSCI_20130203.LBL
DATA/2013/20130204/,LEND_RDR_RSCI_20130204.LBL
DATA/2013/20130205/,LEND_RDR_RSCI_20130205.LBL
DATA/2013/20130206/,LEND_RDR_RSCI_20130206.LBL
DATA/2013/20130207/,LEND_RDR_RSCI_20130207.LBL
DATA/2013/20130208/,LEND_RDR_RSCI_20130208.LBL
DATA/2013/20130209/,LEND_RDR_RSCI_20130209.LBL
DATA/2013/20130210/,LEND_RDR_RSCI_20130210.LBL
DATA/2013/20130211/,LEND_RDR_RSCI_20130211.LBL
DATA/2013/20130212/,LEND_RDR_RSCI_20130212.LBL
DATA/2013/20130213/,LEND_RDR_RSCI_20130213.LBL
DATA/2013/20130214/,LEND_RDR_RSCI_20130214.LBL
DATA/2013/20130215/,LEND_RDR_RSCI_20130215.LBL
DATA/2013/20130216/,LEND_RDR_RSCI_20130216.LBL
DATA/2013/20130217/,LEND_RDR_RSCI_20130217.LBL
DATA/2013/20130218/,LEND_RDR_RSCI_20130218.LBL
DATA/2013/20130219/,LEND_RDR_RSCI_20130219.LBL
DATA/2013/20130220/,LEND_RDR_RSCI_20130220.LBL
DATA/2013/20130221/,LEND_RDR_RSCI_20130221.LBL
DATA/2013/20130222/,LEND_RDR_RSCI_20130222.LBL
DATA/2013/20130223/,LEND_RDR_RSCI_20130223.LBL
DATA/2013/20130224/,LEND_RDR_RSCI_20130224.LBL
DATA/2013/20130225/,LEND_RDR_RSCI_20130225.LBL
DATA/2013/20130226/,LEND_RDR_RSCI_20130226.LBL
DATA/2013/20130227/,LEND_RDR_RSCI_20130227.LBL
DATA/2013/20130228/,LEND_RDR_RSCI_20130228.LBL
DATA/2013/20130301/,LEND_RDR_RSCI_20130301.LBL
DATA/2013/20130302/,LEND_RDR_RSCI_20130302.LBL
DATA/2013/20130303/,LEND_RDR_RSCI_20130303.LBL
DATA/2013/20130304/,LEND_RDR_RSCI_20130304.LBL
DATA/2013/20130305/,LEND_RDR_RSCI_20130305.LBL
DATA/2013/20130306/,LEND_RDR_RSCI_20130306.LBL
DATA/2013/20130307/,LEND_RDR_RSCI_20130307.LBL
DATA/2013/20130308/,LEND_RDR_RSCI_20130308.LBL
DATA/2013/20130309/,LEND_RDR_RSCI_20130309.LBL
DATA/2013/20130310/,LEND_RDR_RSCI_20130310.LBL
DATA/2013/20130311/,LEND_RDR_RSCI_20130311.LBL
DATA/2013/20130312/,LEND_RDR_RSCI_20130312.LBL
DATA/2013/20130313/,LEND_RDR_RSCI_20130313.LBL
DATA/2013/20130314/,LEND_RDR_RSCI_20130314.LBL
DATA/2013/20130315/,LEND_RDR_RSCI_20130315.LBL
DATA/2013/20130316/,LEND_RDR_RSCI_20130316.LBL
DATA/2013/20130317/,LEND_RDR_RSCI_20130317.LBL
DATA/2013/20130318/,LEND_RDR_RSCI_20130318.LBL
DATA/2013/20130319/,LEND_RDR_RSCI_20130319.LBL
DATA/2013/20130320/,LEND_RDR_RSCI_20130320.LBL
DATA/2013/20130321/,LEND_RDR_RSCI_20130321.LBL
DATA/2013/20130322/,LEND_RDR_RSCI_20130322.LBL
DATA/2013/20130323/,LEND_RDR_RSCI_20130323.LBL
DATA/2013/20130324/,LEND_RDR_RSCI_20130324.LBL
DATA/2013/20130325/,LEND_RDR_RSCI_20130325.LBL
DATA/2013/20130326/,LEND_RDR_RSCI_20130326.LBL
DATA/2013/20130327/,LEND_RDR_RSCI_20130327.LBL
DATA/2013/20130328/,LEND_RDR_RSCI_20130328.LBL
DATA/2013/20130329/,LEND_RDR_RSCI_20130329.LBL
DATA/2013/20130330/,LEND_RDR_RSCI_20130330.LBL
DATA/2013/20130331/,LEND_RDR_RSCI_20130331.LBL
DATA/2013/20130401/,LEND_RDR_RSCI_20130401.LBL
DATA/2013/20130402/,LEND_RDR_RSCI_20130402.LBL
DATA/2013/20130403/,LEND_RDR_RSCI_20130403.LBL
DATA/2013/20130404/,LEND_RDR_RSCI_20130404.LBL
DATA/2013/20130405/,LEND_RDR_RSCI_20130405.LBL
DATA/2013/20130406/,LEND_RDR_RSCI_20130406.LBL
DATA/2013/20130407/,LEND_RDR_RSCI_20130407.LBL
DATA/2013/20130408/,LEND_RDR_RSCI_20130408.LBL
DATA/2013/20130409/,LEND_RDR_RSCI_20130409.LBL
DATA/2013/20130410/,LEND_RDR_RSCI_20130410.LBL
DATA/2013/20130411/,LEND_RDR_RSCI_20130411.LBL
DATA/2013/20130412/,LEND_RDR_RSCI_20130412.LBL
DATA/2013/20130413/,LEND_RDR_RSCI_20130413.LBL
DATA/2013/20130414/,LEND_RDR_RSCI_20130414.LBL
DATA/2013/20130415/,LEND_RDR_RSCI_20130415.LBL
DATA/2013/20130416/,LEND_RDR_RSCI_20130416.LBL
DATA/2013/20130417/,LEND_RDR_RSCI_20130417.LBL
DATA/2013/20130418/,LEND_RDR_RSCI_20130418.LBL
DATA/2013/20130419/,LEND_RDR_RSCI_20130419.LBL
DATA/2013/20130420/,LEND_RDR_RSCI_20130420.LBL
DATA/2013/20130421/,LEND_RDR_RSCI_20130421.LBL
DATA/2013/20130422/,LEND_RDR_RSCI_20130422.LBL
DATA/2013/20130423/,LEND_RDR_RSCI_20130423.LBL
DATA/2013/20130424/,LEND_RDR_RSCI_20130424.LBL
DATA/2013/20130425/,LEND_RDR_RSCI_20130425.LBL
DATA/2013/20130426/,LEND_RDR_RSCI_20130426.LBL
DATA/2013/20130427/,LEND_RDR_RSCI_20130427.LBL
DATA/2013/20130428/,LEND_RDR_RSCI_20130428.LBL
DATA/2013/20130429/,LEND_RDR_RSCI_20130429.LBL
DATA/2013/20130430/,LEND_RDR_RSCI_20130430.LBL
DATA/2013/20130501/,LEND_RDR_RSCI_20130501.LBL
DATA/2013/20130502/,LEND_RDR_RSCI_20130502.LBL
DATA/2013/20130503/,LEND_RDR_RSCI_20130503.LBL
DATA/2013/20130504/,LEND_RDR_RSCI_20130504.LBL
DATA/2013/20130505/,LEND_RDR_RSCI_20130505.LBL
DATA/2013/20130506/,LEND_RDR_RSCI_20130506.LBL
DATA/2013/20130507/,LEND_RDR_RSCI_20130507.LBL
DATA/2013/20130508/,LEND_RDR_RSCI_20130508.LBL
DATA/2013/20130509/,LEND_RDR_RSCI_20130509.LBL
DATA/2013/20130510/,LEND_RDR_RSCI_20130510.LBL
DATA/2013/20130511/,LEND_RDR_RSCI_20130511.LBL
DATA/2013/20130512/,LEND_RDR_RSCI_20130512.LBL
DATA/2013/20130513/,LEND_RDR_RSCI_20130513.LBL
DATA/2013/20130514/,LEND_RDR_RSCI_20130514.LBL
DATA/2013/20130515/,LEND_RDR_RSCI_20130515.LBL
DATA/2013/20130516/,LEND_RDR_RSCI_20130516.LBL
DATA/2013/20130517/,LEND_RDR_RSCI_20130517.LBL
DATA/2013/20130518/,LEND_RDR_RSCI_20130518.LBL
DATA/2013/20130519/,LEND_RDR_RSCI_20130519.LBL
DATA/2013/20130520/,LEND_RDR_RSCI_20130520.LBL
DATA/2013/20130521/,LEND_RDR_RSCI_20130521.LBL
DATA/2013/20130522/,LEND_RDR_RSCI_20130522.LBL
DATA/2013/20130523/,LEND_RDR_RSCI_20130523.LBL
DATA/2013/20130524/,LEND_RDR_RSCI_20130524.LBL
DATA/2013/20130525/,LEND_RDR_RSCI_20130525.LBL
DATA/2013/20130526/,LEND_RDR_RSCI_20130526.LBL
DATA/2013/20130527/,LEND_RDR_RSCI_20130527.LBL
DATA/2013/20130528/,LEND_RDR_RSCI_20130528.LBL
DATA/2013/20130529/,LEND_RDR_RSCI_20130529.LBL
DATA/2013/20130530/,LEND_RDR_RSCI_20130530.LBL
DATA/2013/20130531/,LEND_RDR_RSCI_20130531.LBL
DATA/2013/20130601/,LEND_RDR_RSCI_20130601.LBL
DATA/2013/20130602/,LEND_RDR_RSCI_20130602.LBL
DATA/2013/20130603/,LEND_RDR_RSCI_20130603.LBL
DATA/2013/20130604/,LEND_RDR_RSCI_20130604.LBL
DATA/2013/20130605/,LEND_RDR_RSCI_20130605.LBL
DATA/2013/20130606/,LEND_RDR_RSCI_20130606.LBL
DATA/2013/20130607/,LEND_RDR_RSCI_20130607.LBL
DATA/2013/20130608/,LEND_RDR_RSCI_20130608.LBL
DATA/2013/20130609/,LEND_RDR_RSCI_20130609.LBL
DATA/2013/20130610/,LEND_RDR_RSCI_20130610.LBL
DATA/2013/20130611/,LEND_RDR_RSCI_20130611.LBL
DATA/2013/20130612/,LEND_RDR_RSCI_20130612.LBL
DATA/2013/20130613/,LEND_RDR_RSCI_20130613.LBL
DATA/2013/20130614/,LEND_RDR_RSCI_20130614.LBL
DATA/2013/20130615/,LEND_RDR_RSCI_20130615.LBL
DATA/2013/20130616/,LEND_RDR_RSCI_20130616.LBL
DATA/2013/20130617/,LEND_RDR_RSCI_20130617.LBL
DATA/2013/20130618/,LEND_RDR_RSCI_20130618.LBL
DATA/2013/20130619/,LEND_RDR_RSCI_20130619.LBL
DATA/2013/20130620/,LEND_RDR_RSCI_20130620.LBL
DATA/2013/20130621/,LEND_RDR_RSCI_20130621.LBL
DATA/2013/20130622/,LEND_RDR_RSCI_20130622.LBL
DATA/2013/20130623/,LEND_RDR_RSCI_20130623.LBL
DATA/2013/20130624/,LEND_RDR_RSCI_20130624.LBL
DATA/2013/20130625/,LEND_RDR_RSCI_20130625.LBL
DATA/2013/20130626/,LEND_RDR_RSCI_20130626.LBL
DATA/2013/20130627/,LEND_RDR_RSCI_20130627.LBL
DATA/2013/20130628/,LEND_RDR_RSCI_20130628.LBL
DATA/2013/20130629/,LEND_RDR_RSCI_20130629.LBL
DATA/2013/20130630/,LEND_RDR_RSCI_20130630.LBL
DATA/2013/20130701/,LEND_RDR_RSCI_20130701.LBL
DATA/2013/20130702/,LEND_RDR_RSCI_20130702.LBL
DATA/2013/20130703/,LEND_RDR_RSCI_20130703.LBL
DATA/2013/20130704/,LEND_RDR_RSCI_20130704.LBL
DATA/2013/20130705/,LEND_RDR_RSCI_20130705.LBL
DATA/2013/20130706/,LEND_RDR_RSCI_20130706.LBL
DATA/2013/20130707/,LEND_RDR_RSCI_20130707.LBL
DATA/2013/20130708/,LEND_RDR_RSCI_20130708.LBL
DATA/2013/20130709/,LEND_RDR_RSCI_20130709.LBL
DATA/2013/20130710/,LEND_RDR_RSCI_20130710.LBL
DATA/2013/20130711/,LEND_RDR_RSCI_20130711.LBL
DATA/2013/20130712/,LEND_RDR_RSCI_20130712.LBL
DATA/2013/20130713/,LEND_RDR_RSCI_20130713.LBL
DATA/2013/20130714/,LEND_RDR_RSCI_20130714.LBL
DATA/2013/20130715/,LEND_RDR_RSCI_20130715.LBL
DATA/2013/20130716/,LEND_RDR_RSCI_20130716.LBL
DATA/2013/20130717/,LEND_RDR_RSCI_20130717.LBL
DATA/2013/20130718/,LEND_RDR_RSCI_20130718.LBL
DATA/2013/20130719/,LEND_RDR_RSCI_20130719.LBL
DATA/2013/20130720/,LEND_RDR_RSCI_20130720.LBL
DATA/2013/20130721/,LEND_RDR_RSCI_20130721.LBL
DATA/2013/20130722/,LEND_RDR_RSCI_20130722.LBL
DATA/2013/20130723/,LEND_RDR_RSCI_20130723.LBL
DATA/2013/20130724/,LEND_RDR_RSCI_20130724.LBL
DATA/2013/20130725/,LEND_RDR_RSCI_20130725.LBL
DATA/2013/20130726/,LEND_RDR_RSCI_20130726.LBL
DATA/2013/20130727/,LEND_RDR_RSCI_20130727.LBL
DATA/2013/20130728/,LEND_RDR_RSCI_20130728.LBL
DATA/2013/20130729/,LEND_RDR_RSCI_20130729.LBL
DATA/2013/20130730/,LEND_RDR_RSCI_20130730.LBL
DATA/2013/20130731/,LEND_RDR_RSCI_20130731.LBL
DATA/2013/20130801/,LEND_RDR_RSCI_20130801.LBL
DATA/2013/20130802/,LEND_RDR_RSCI_20130802.LBL
DATA/2013/20130803/,LEND_RDR_RSCI_20130803.LBL
DATA/2013/20130804/,LEND_RDR_RSCI_20130804.LBL
DATA/2013/20130805/,LEND_RDR_RSCI_20130805.LBL
DATA/2013/20130806/,LEND_RDR_RSCI_20130806.LBL
DATA/2013/20130807/,LEND_RDR_RSCI_20130807.LBL
DATA/2013/20130808/,LEND_RDR_RSCI_20130808.LBL
DATA/2013/20130809/,LEND_RDR_RSCI_20130809.LBL
DATA/2013/20130810/,LEND_RDR_RSCI_20130810.LBL
DATA/2013/20130811/,LEND_RDR_RSCI_20130811.LBL
DATA/2013/20130812/,LEND_RDR_RSCI_20130812.LBL
DATA/2013/20130813/,LEND_RDR_RSCI_20130813.LBL
DATA/2013/20130814/,LEND_RDR_RSCI_20130814.LBL
DATA/2013/20130815/,LEND_RDR_RSCI_20130815.LBL
DATA/2013/20130816/,LEND_RDR_RSCI_20130816.LBL
DATA/2013/20130817/,LEND_RDR_RSCI_20130817.LBL
DATA/2013/20130818/,LEND_RDR_RSCI_20130818.LBL
DATA/2013/20130819/,LEND_RDR_RSCI_20130819.LBL
DATA/2013/20130820/,LEND_RDR_RSCI_20130820.LBL
DATA/2013/20130821/,LEND_RDR_RSCI_20130821.LBL
DATA/2013/20130822/,LEND_RDR_RSCI_20130822.LBL
DATA/2013/20130823/,LEND_RDR_RSCI_20130823.LBL
DATA/2013/20130824/,LEND_RDR_RSCI_20130824.LBL
DATA/2013/20130825/,LEND_RDR_RSCI_20130825.LBL
DATA/2013/20130826/,LEND_RDR_RSCI_20130826.LBL
DATA/2013/20130827/,LEND_RDR_RSCI_20130827.LBL
DATA/2013/20130828/,LEND_RDR_RSCI_20130828.LBL
DATA/2013/20130829/,LEND_RDR_RSCI_20130829.LBL
DATA/2013/20130830/,LEND_RDR_RSCI_20130830.LBL
DATA/2013/20130831/,LEND_RDR_RSCI_20130831.LBL
DATA/2013/20130901/,LEND_RDR_RSCI_20130901.LBL
DATA/2013/20130902/,LEND_RDR_RSCI_20130902.LBL
DATA/2013/20130903/,LEND_RDR_RSCI_20130903.LBL
DATA/2013/20130904/,LEND_RDR_RSCI_20130904.LBL
DATA/2013/20130905/,LEND_RDR_RSCI_20130905.LBL
DATA/2013/20130906/,LEND_RDR_RSCI_20130906.LBL
DATA/2013/20130907/,LEND_RDR_RSCI_20130907.LBL
DATA/2013/20130908/,LEND_RDR_RSCI_20130908.LBL
DATA/2013/20130909/,LEND_RDR_RSCI_20130909.LBL
DATA/2013/20130910/,LEND_RDR_RSCI_20130910.LBL
DATA/2013/20130911/,LEND_RDR_RSCI_20130911.LBL
DATA/2013/20130912/,LEND_RDR_RSCI_20130912.LBL
DATA/2013/20130913/,LEND_RDR_RSCI_20130913.LBL
DATA/2013/20130914/,LEND_RDR_RSCI_20130914.LBL
DATA/2013/20130915/,LEND_RDR_RSCI_20130915.LBL
DATA/2013/20130916/,LEND_RDR_RSCI_20130916.LBL
DATA/2013/20130917/,LEND_RDR_RSCI_20130917.LBL
DATA/2013/20130918/,LEND_RDR_RSCI_20130918.LBL
DATA/2013/20130919/,LEND_RDR_RSCI_20130919.LBL
DATA/2013/20130920/,LEND_RDR_RSCI_20130920.LBL
DATA/2013/20130921/,LEND_RDR_RSCI_20130921.LBL
DATA/2013/20130922/,LEND_RDR_RSCI_20130922.LBL
DATA/2013/20130923/,LEND_RDR_RSCI_20130923.LBL
DATA/2013/20130924/,LEND_RDR_RSCI_20130924.LBL
DATA/2013/20130925/,LEND_RDR_RSCI_20130925.LBL
DATA/2013/20130926/,LEND_RDR_RSCI_20130926.LBL
DATA/2013/20130927/,LEND_RDR_RSCI_20130927.LBL
DATA/2013/20130928/,LEND_RDR_RSCI_20130928.LBL
DATA/2013/20130929/,LEND_RDR_RSCI_20130929.LBL
DATA/2013/20130930/,LEND_RDR_RSCI_20130930.LBL
DATA/2013/20131001/,LEND_RDR_RSCI_20131001.LBL
DATA/2013/20131002/,LEND_RDR_RSCI_20131002.LBL
DATA/2013/20131003/,LEND_RDR_RSCI_20131003.LBL
DATA/2013/20131004/,LEND_RDR_RSCI_20131004.LBL
DATA/2013/20131005/,LEND_RDR_RSCI_20131005.LBL
DATA/2013/20131006/,LEND_RDR_RSCI_20131006.LBL
DATA/2013/20131007/,LEND_RDR_RSCI_20131007.LBL
DATA/2013/20131008/,LEND_RDR_RSCI_20131008.LBL
DATA/2013/20131009/,LEND_RDR_RSCI_20131009.LBL
DATA/2013/20131010/,LEND_RDR_RSCI_20131010.LBL
DATA/2013/20131011/,LEND_RDR_RSCI_20131011.LBL
DATA/2013/20131012/,LEND_RDR_RSCI_20131012.LBL
DATA/2013/20131013/,LEND_RDR_RSCI_20131013.LBL
DATA/2013/20131014/,LEND_RDR_RSCI_20131014.LBL
DATA/2013/20131015/,LEND_RDR_RSCI_20131015.LBL
DATA/2013/20131016/,LEND_RDR_RSCI_20131016.LBL
DATA/2013/20131017/,LEND_RDR_RSCI_20131017.LBL
DATA/2013/20131018/,LEND_RDR_RSCI_20131018.LBL
DATA/2013/20131019/,LEND_RDR_RSCI_20131019.LBL
DATA/2013/20131020/,LEND_RDR_RSCI_20131020.LBL
DATA/2013/20131021/,LEND_RDR_RSCI_20131021.LBL
DATA/2013/20131022/,LEND_RDR_RSCI_20131022.LBL
DATA/2013/20131023/,LEND_RDR_RSCI_20131023.LBL
DATA/2013/20131024/,LEND_RDR_RSCI_20131024.LBL
DATA/2013/20131025/,LEND_RDR_RSCI_20131025.LBL
DATA/2013/20131026/,LEND_RDR_RSCI_20131026.LBL
DATA/2013/20131027/,LEND_RDR_RSCI_20131027.LBL
DATA/2013/20131028/,LEND_RDR_RSCI_20131028.LBL
DATA/2013/20131029/,LEND_RDR_RSCI_20131029.LBL
DATA/2013/20131030/,LEND_RDR_RSCI_20131030.LBL
DATA/2013/20131031/,LEND_RDR_RSCI_20131031.LBL
DATA/2013/20131101/,LEND_RDR_RSCI_20131101.LBL
DATA/2013/20131102/,LEND_RDR_RSCI_20131102.LBL
DATA/2013/20131103/,LEND_RDR_RSCI_20131103.LBL
DATA/2013/20131104/,LEND_RDR_RSCI_20131104.LBL
DATA/2013/20131105/,LEND_RDR_RSCI_20131105.LBL
DATA/2013/20131106/,LEND_RDR_RSCI_20131106.LBL
DATA/2013/20131107/,LEND_RDR_RSCI_20131107.LBL
DATA/2013/20131108/,LEND_RDR_RSCI_20131108.LBL
DATA/2013/20131109/,LEND_RDR_RSCI_20131109.LBL
DATA/2013/20131110/,LEND_RDR_RSCI_20131110.LBL
DATA/2013/20131111/,LEND_RDR_RSCI_20131111.LBL
DATA/2013/20131112/,LEND_RDR_RSCI_20131112.LBL
DATA/2013/20131113/,LEND_RDR_RSCI_20131113.LBL
DATA/2013/20131114/,LEND_RDR_RSCI_20131114.LBL
DATA/2013/20131115/,LEND_RDR_RSCI_20131115.LBL
DATA/2013/20131116/,LEND_RDR_RSCI_20131116.LBL
DATA/2013/20131117/,LEND_RDR_RSCI_20131117.LBL
DATA/2013/20131118/,LEND_RDR_RSCI_20131118.LBL
DATA/2013/20131119/,LEND_RDR_RSCI_20131119.LBL
DATA/2013/20131120/,LEND_RDR_RSCI_20131120.LBL
DATA/2013/20131121/,LEND_RDR_RSCI_20131121.LBL
DATA/2013/20131122/,LEND_RDR_RSCI_20131122.LBL
DATA/2013/20131123/,LEND_RDR_RSCI_20131123.LBL
DATA/2013/20131124/,LEND_RDR_RSCI_20131124.LBL
DATA/2013/20131125/,LEND_RDR_RSCI_20131125.LBL
DATA/2013/20131126/,LEND_RDR_RSCI_20131126.LBL
DATA/2013/20131127/,LEND_RDR_RSCI_20131127.LBL
DATA/2013/20131129/,LEND_RDR_RSCI_20131129.LBL
DATA/2013/20131130/,LEND_RDR_RSCI_20131130.LBL
DATA/2013/20131201/,LEND_RDR_RSCI_20131201.LBL
DATA/2013/20131202/,LEND_RDR_RSCI_20131202.LBL
DATA/2013/20131203/,LEND_RDR_RSCI_20131203.LBL
DATA/2013/20131204/,LEND_RDR_RSCI_20131204.LBL
DATA/2013/20131205/,LEND_RDR_RSCI_20131205.LBL
DATA/2013/20131206/,LEND_RDR_RSCI_20131206.LBL
DATA/2013/20131207/,LEND_RDR_RSCI_20131207.LBL
DATA/2013/20131208/,LEND_RDR_RSCI_20131208.LBL
DATA/2013/20131209/,LEND_RDR_RSCI_20131209.LBL
DATA/2013/20131210/,LEND_RDR_RSCI_20131210.LBL
DATA/2013/20131211/,LEND_RDR_RSCI_20131211.LBL
DATA/2013/20131212/,LEND_RDR_RSCI_20131212.LBL
DATA/2013/20131213/,LEND_RDR_RSCI_20131213.LBL
DATA/2013/20131214/,LEND_RDR_RSCI_20131214.LBL
DATA/2013/20131215/,LEND_RDR_RSCI_20131215.LBL
DATA/2013/20131216/,LEND_RDR_RSCI_20131216.LBL
DATA/2013/20131217/,LEND_RDR_RSCI_20131217.LBL
DATA/2013/20131218/,LEND_RDR_RSCI_20131218.LBL
DATA/2013/20131219/,LEND_RDR_RSCI_20131219.LBL
DATA/2013/20131220/,LEND_RDR_RSCI_20131220.LBL
DATA/2013/20131221/,LEND_RDR_RSCI_20131221.LBL
DATA/2013/20131222/,LEND_RDR_RSCI_20131222.LBL
DATA/2013/20131223/,LEND_RDR_RSCI_20131223.LBL
DATA/2013/20131224/,LEND_RDR_RSCI_20131224.LBL
DATA/2013/20131225/,LEND_RDR_RSCI_20131225.LBL
DATA/2013/20131226/,LEND_RDR_RSCI_20131226.LBL
DATA/2013/20131227/,LEND_RDR_RSCI_20131227.LBL
DATA/2013/20131228/,LEND_RDR_RSCI_20131228.LBL
DATA/2013/20131229/,LEND_RDR_RSCI_20131229.LBL
DATA/2013/20131230/,LEND_RDR_RSCI_20131230.LBL
DATA/2013/20131231/,LEND_RDR_RSCI_20131231.LBL
DATA/2014/20140101/,LEND_RDR_RSCI_20140101.LBL
DATA/2014/20140102/,LEND_RDR_RSCI_20140102.LBL
DATA/2014/20140103/,LEND_RDR_RSCI_20140103.LBL
DATA/2014/20140104/,LEND_RDR_RSCI_20140104.LBL
DATA/2014/20140105/,LEND_RDR_RSCI_20140105.LBL
DATA/2014/20140106/,LEND_RDR_RSCI_20140106.LBL
DATA/2014/20140107/,LEND_RDR_RSCI_20140107.LBL
DATA/2014/20140108/,LEND_RDR_RSCI_20140108.LBL
DATA/2014/20140109/,LEND_RDR_RSCI_20140109.LBL
DATA/2014/20140110/,LEND_RDR_RSCI_20140110.LBL
DATA/2014/20140111/,LEND_RDR_RSCI_20140111.LBL
DATA/2014/20140112/,LEND_RDR_RSCI_20140112.LBL
DATA/2014/20140113/,LEND_RDR_RSCI_20140113.LBL
DATA/2014/20140114/,LEND_RDR_RSCI_20140114.LBL
DATA/2014/20140115/,LEND_RDR_RSCI_20140115.LBL
DATA/2014/20140116/,LEND_RDR_RSCI_20140116.LBL
DATA/2014/20140117/,LEND_RDR_RSCI_20140117.LBL
DATA/2014/20140118/,LEND_RDR_RSCI_20140118.LBL
DATA/2014/20140119/,LEND_RDR_RSCI_20140119.LBL
DATA/2014/20140120/,LEND_RDR_RSCI_20140120.LBL
DATA/2014/20140121/,LEND_RDR_RSCI_20140121.LBL
DATA/2014/20140122/,LEND_RDR_RSCI_20140122.LBL
DATA/2014/20140123/,LEND_RDR_RSCI_20140123.LBL
DATA/2014/20140124/,LEND_RDR_RSCI_20140124.LBL
DATA/2014/20140125/,LEND_RDR_RSCI_20140125.LBL
DATA/2014/20140126/,LEND_RDR_RSCI_20140126.LBL
DATA/2014/20140127/,LEND_RDR_RSCI_20140127.LBL
DATA/2014/20140128/,LEND_RDR_RSCI_20140128.LBL
DATA/2014/20140129/,LEND_RDR_RSCI_20140129.LBL
DATA/2014/20140130/,LEND_RDR_RSCI_20140130.LBL
DATA/2014/20140131/,LEND_RDR_RSCI_20140131.LBL
DATA/2014/20140201/,LEND_RDR_RSCI_20140201.LBL
DATA/2014/20140202/,LEND_RDR_RSCI_20140202.LBL
DATA/2014/20140203/,LEND_RDR_RSCI_20140203.LBL
DATA/2014/20140204/,LEND_RDR_RSCI_20140204.LBL
DATA/2014/20140205/,LEND_RDR_RSCI_20140205.LBL
DATA/2014/20140206/,LEND_RDR_RSCI_20140206.LBL
DATA/2014/20140207/,LEND_RDR_RSCI_20140207.LBL
DATA/2014/20140208/,LEND_RDR_RSCI_20140208.LBL
DATA/2014/20140209/,LEND_RDR_RSCI_20140209.LBL
DATA/2014/20140210/,LEND_RDR_RSCI_20140210.LBL
DATA/2014/20140211/,LEND_RDR_RSCI_20140211.LBL
DATA/2014/20140212/,LEND_RDR_RSCI_20140212.LBL
DATA/2014/20140213/,LEND_RDR_RSCI_20140213.LBL
DATA/2014/20140214/,LEND_RDR_RSCI_20140214.LBL
DATA/2014/20140215/,LEND_RDR_RSCI_20140215.LBL
DATA/2014/20140216/,LEND_RDR_RSCI_20140216.LBL
DATA/2014/20140217/,LEND_RDR_RSCI_20140217.LBL
DATA/2014/20140218/,LEND_RDR_RSCI_20140218.LBL
DATA/2014/20140219/,LEND_RDR_RSCI_20140219.LBL
DATA/2014/20140220/,LEND_RDR_RSCI_20140220.LBL
DATA/2014/20140221/,LEND_RDR_RSCI_20140221.LBL
DATA/2014/20140222/,LEND_RDR_RSCI_20140222.LBL
DATA/2014/20140223/,LEND_RDR_RSCI_20140223.LBL
DATA/2014/20140224/,LEND_RDR_RSCI_20140224.LBL
DATA/2014/20140225/,LEND_RDR_RSCI_20140225.LBL
DATA/2014/20140226/,LEND_RDR_RSCI_20140226.LBL
DATA/2014/20140227/,LEND_RDR_RSCI_20140227.LBL
DATA/2014/20140228/,LEND_RDR_RSCI_20140228.LBL
DATA/2014/20140301/,LEND_RDR_RSCI_20140301.LBL
DATA/2014/20140302/,LEND_RDR_RSCI_20140302.LBL
DATA/2014/20140303/,LEND_RDR_RSCI_20140303.LBL
DATA/2014/20140304/,LEND_RDR_RSCI_20140304.LBL
DATA/2014/20140305/,LEND_RDR_RSCI_20140305.LBL
DATA/2014/20140306/,LEND_RDR_RSCI_20140306.LBL
DATA/2014/20140307/,LEND_RDR_RSCI_20140307.LBL
DATA/2014/20140308/,LEND_RDR_RSCI_20140308.LBL
DATA/2014/20140309/,LEND_RDR_RSCI_20140309.LBL
DATA/2014/20140310/,LEND_RDR_RSCI_20140310.LBL
DATA/2014/20140311/,LEND_RDR_RSCI_20140311.LBL
DATA/2014/20140312/,LEND_RDR_RSCI_20140312.LBL
DATA/2014/20140313/,LEND_RDR_RSCI_20140313.LBL
DATA/2014/20140314/,LEND_RDR_RSCI_20140314.LBL
DATA/2014/20140315/,LEND_RDR_RSCI_20140315.LBL
DATA/2014/20140316/,LEND_RDR_RSCI_20140316.LBL
DATA/2014/20140317/,LEND_RDR_RSCI_20140317.LBL
DATA/2014/20140318/,LEND_RDR_RSCI_20140318.LBL
DATA/2014/20140319/,LEND_RDR_RSCI_20140319.LBL
DATA/2014/20140320/,LEND_RDR_RSCI_20140320.LBL
DATA/2014/20140321/,LEND_RDR_RSCI_20140321.LBL
DATA/2014/20140322/,LEND_RDR_RSCI_20140322.LBL
DATA/2014/20140323/,LEND_RDR_RSCI_20140323.LBL
DATA/2014/20140324/,LEND_RDR_RSCI_20140324.LBL
DATA/2014/20140325/,LEND_RDR_RSCI_20140325.LBL
DATA/2014/20140326/,LEND_RDR_RSCI_20140326.LBL
DATA/2014/20140327/,LEND_RDR_RSCI_20140327.LBL
DATA/2014/20140328/,LEND_RDR_RSCI_20140328.LBL
DATA/2014/20140329/,LEND_RDR_RSCI_20140329.LBL
DATA/2014/20140330/,LEND_RDR_RSCI_20140330.LBL
DATA/2014/20140331/,LEND_RDR_RSCI_20140331.LBL
DATA/2014/20140401/,LEND_RDR_RSCI_20140401.LBL
DATA/2014/20140402/,LEND_RDR_RSCI_20140402.LBL
DATA/2014/20140403/,LEND_RDR_RSCI_20140403.LBL
DATA/2014/20140404/,LEND_RDR_RSCI_20140404.LBL
DATA/2014/20140405/,LEND_RDR_RSCI_20140405.LBL
DATA/2014/20140406/,LEND_RDR_RSCI_20140406.LBL
DATA/2014/20140407/,LEND_RDR_RSCI_20140407.LBL
DATA/2014/20140408/,LEND_RDR_RSCI_20140408.LBL
DATA/2014/20140409/,LEND_RDR_RSCI_20140409.LBL
DATA/2014/20140410/,LEND_RDR_RSCI_20140410.LBL
DATA/2014/20140411/,LEND_RDR_RSCI_20140411.LBL
DATA/2014/20140412/,LEND_RDR_RSCI_20140412.LBL
DATA/2014/20140413/,LEND_RDR_RSCI_20140413.LBL
DATA/2014/20140414/,LEND_RDR_RSCI_20140414.LBL
DATA/2014/20140415/,LEND_RDR_RSCI_20140415.LBL
DATA/2014/20140416/,LEND_RDR_RSCI_20140416.LBL
DATA/2014/20140417/,LEND_RDR_RSCI_20140417.LBL
DATA/2014/20140418/,LEND_RDR_RSCI_20140418.LBL
DATA/2014/20140419/,LEND_RDR_RSCI_20140419.LBL
DATA/2014/20140420/,LEND_RDR_RSCI_20140420.LBL
DATA/2014/20140421/,LEND_RDR_RSCI_20140421.LBL
DATA/2014/20140422/,LEND_RDR_RSCI_20140422.LBL
DATA/2014/20140423/,LEND_RDR_RSCI_20140423.LBL
DATA/2014/20140424/,LEND_RDR_RSCI_20140424.LBL
DATA/2014/20140425/,LEND_RDR_RSCI_20140425.LBL
DATA/2014/20140426/,LEND_RDR_RSCI_20140426.LBL
DATA/2014/20140427/,LEND_RDR_RSCI_20140427.LBL
DATA/2014/20140428/,LEND_RDR_RSCI_20140428.LBL
DATA/2014/20140429/,LEND_RDR_RSCI_20140429.LBL
DATA/2014/20140430/,LEND_RDR_RSCI_20140430.LBL
DATA/2014/20140501/,LEND_RDR_RSCI_20140501.LBL
DATA/2014/20140502/,LEND_RDR_RSCI_20140502.LBL
DATA/2014/20140503/,LEND_RDR_RSCI_20140503.LBL
DATA/2014/20140504/,LEND_RDR_RSCI_20140504.LBL
DATA/2014/20140505/,LEND_RDR_RSCI_20140505.LBL
DATA/2014/20140506/,LEND_RDR_RSCI_20140506.LBL
DATA/2014/20140507/,LEND_RDR_RSCI_20140507.LBL
DATA/2014/20140508/,LEND_RDR_RSCI_20140508.LBL
DATA/2014/20140509/,LEND_RDR_RSCI_20140509.LBL
DATA/2014/20140510/,LEND_RDR_RSCI_20140510.LBL
DATA/2014/20140511/,LEND_RDR_RSCI_20140511.LBL
DATA/2014/20140512/,LEND_RDR_RSCI_20140512.LBL
DATA/2014/20140513/,LEND_RDR_RSCI_20140513.LBL
DATA/2014/20140514/,LEND_RDR_RSCI_20140514.LBL
DATA/2014/20140515/,LEND_RDR_RSCI_20140515.LBL
DATA/2014/20140516/,LEND_RDR_RSCI_20140516.LBL
DATA/2014/20140517/,LEND_RDR_RSCI_20140517.LBL
DATA/2014/20140518/,LEND_RDR_RSCI_20140518.LBL
DATA/2014/20140519/,LEND_RDR_RSCI_20140519.LBL
DATA/2014/20140520/,LEND_RDR_RSCI_20140520.LBL
DATA/2014/20140521/,LEND_RDR_RSCI_20140521.LBL
DATA/2014/20140522/,LEND_RDR_RSCI_20140522.LBL
DATA/2014/20140523/,LEND_RDR_RSCI_20140523.LBL
DATA/2014/20140524/,LEND_RDR_RSCI_20140524.LBL
DATA/2014/20140525/,LEND_RDR_RSCI_20140525.LBL
DATA/2014/20140526/,LEND_RDR_RSCI_20140526.LBL
DATA/2014/20140527/,LEND_RDR_RSCI_20140527.LBL
DATA/2014/20140528/,LEND_RDR_RSCI_20140528.LBL
DATA/2014/20140529/,LEND_RDR_RSCI_20140529.LBL
DATA/2014/20140530/,LEND_RDR_RSCI_20140530.LBL
DATA/2014/20140531/,LEND_RDR_RSCI_20140531.LBL
DATA/2014/20140601/,LEND_RDR_RSCI_20140601.LBL
DATA/2014/20140602/,LEND_RDR_RSCI_20140602.LBL
DATA/2014/20140603/,LEND_RDR_RSCI_20140603.LBL
DATA/2014/20140604/,LEND_RDR_RSCI_20140604.LBL
DATA/2014/20140605/,LEND_RDR_RSCI_20140605.LBL
DATA/2014/20140606/,LEND_RDR_RSCI_20140606.LBL
DATA/2014/20140607/,LEND_RDR_RSCI_20140607.LBL
DATA/2014/20140608/,LEND_RDR_RSCI_20140608.LBL
DATA/2014/20140609/,LEND_RDR_RSCI_20140609.LBL
DATA/2014/20140610/,LEND_RDR_RSCI_20140610.LBL
DATA/2014/20140611/,LEND_RDR_RSCI_20140611.LBL
DATA/2014/20140612/,LEND_RDR_RSCI_20140612.LBL
DATA/2014/20140613/,LEND_RDR_RSCI_20140613.LBL
DATA/2014/20140614/,LEND_RDR_RSCI_20140614.LBL
DATA/2014/20140615/,LEND_RDR_RSCI_20140615.LBL
DATA/2014/20140616/,LEND_RDR_RSCI_20140616.LBL
DATA/2014/20140617/,LEND_RDR_RSCI_20140617.LBL
DATA/2014/20140618/,LEND_RDR_RSCI_20140618.LBL
DATA/2014/20140619/,LEND_RDR_RSCI_20140619.LBL
DATA/2014/20140620/,LEND_RDR_RSCI_20140620.LBL
DATA/2014/20140621/,LEND_RDR_RSCI_20140621.LBL
DATA/2014/20140622/,LEND_RDR_RSCI_20140622.LBL
DATA/2014/20140623/,LEND_RDR_RSCI_20140623.LBL
DATA/2014/20140624/,LEND_RDR_RSCI_20140624.LBL
DATA/2014/20140625/,LEND_RDR_RSCI_20140625.LBL
DATA/2014/20140626/,LEND_RDR_RSCI_20140626.LBL
DATA/2014/20140627/,LEND_RDR_RSCI_20140627.LBL
DATA/2014/20140628/,LEND_RDR_RSCI_20140628.LBL
DATA/2014/20140629/,LEND_RDR_RSCI_20140629.LBL
DATA/2014/20140630/,LEND_RDR_RSCI_20140630.LBL
DATA/2014/20140701/,LEND_RDR_RSCI_20140701.LBL
DATA/2014/20140702/,LEND_RDR_RSCI_20140702.LBL
DATA/2014/20140703/,LEND_RDR_RSCI_20140703.LBL
DATA/2014/20140704/,LEND_RDR_RSCI_20140704.LBL
DATA/2014/20140705/,LEND_RDR_RSCI_20140705.LBL
DATA/2014/20140706/,LEND_RDR_RSCI_20140706.LBL
DATA/2014/20140707/,LEND_RDR_RSCI_20140707.LBL
DATA/2014/20140708/,LEND_RDR_RSCI_20140708.LBL
DATA/2014/20140709/,LEND_RDR_RSCI_20140709.LBL
DATA/2014/20140710/,LEND_RDR_RSCI_20140710.LBL
DATA/2014/20140711/,LEND_RDR_RSCI_20140711.LBL
DATA/2014/20140712/,LEND_RDR_RSCI_20140712.LBL
DATA/2014/20140713/,LEND_RDR_RSCI_20140713.LBL
DATA/2014/20140714/,LEND_RDR_RSCI_20140714.LBL
DATA/2014/20140715/,LEND_RDR_RSCI_20140715.LBL
DATA/2014/20140716/,LEND_RDR_RSCI_20140716.LBL
DATA/2014/20140717/,LEND_RDR_RSCI_20140717.LBL
DATA/2014/20140718/,LEND_RDR_RSCI_20140718.LBL
DATA/2014/20140719/,LEND_RDR_RSCI_20140719.LBL
DATA/2014/20140720/,LEND_RDR_RSCI_20140720.LBL
DATA/2014/20140721/,LEND_RDR_RSCI_20140721.LBL
DATA/2014/20140722/,LEND_RDR_RSCI_20140722.LBL
DATA/2014/20140723/,LEND_RDR_RSCI_20140723.LBL
DATA/2014/20140724/,LEND_RDR_RSCI_20140724.LBL
DATA/2014/20140725/,LEND_RDR_RSCI_20140725.LBL
DATA/2014/20140726/,LEND_RDR_RSCI_20140726.LBL
DATA/2014/20140727/,LEND_RDR_RSCI_20140727.LBL
DATA/2014/20140728/,LEND_RDR_RSCI_20140728.LBL
DATA/2014/20140729/,LEND_RDR_RSCI_20140729.LBL
DATA/2014/20140730/,LEND_RDR_RSCI_20140730.LBL
DATA/2014/20140731/,LEND_RDR_RSCI_20140731.LBL
DATA/2014/20140801/,LEND_RDR_RSCI_20140801.LBL
DATA/2014/20140802/,LEND_RDR_RSCI_20140802.LBL
DATA/2014/20140803/,LEND_RDR_RSCI_20140803.LBL
DATA/2014/20140804/,LEND_RDR_RSCI_20140804.LBL
DATA/2014/20140805/,LEND_RDR_RSCI_20140805.LBL
DATA/2014/20140806/,LEND_RDR_RSCI_20140806.LBL
DATA/2014/20140807/,LEND_RDR_RSCI_20140807.LBL
DATA/2014/20140808/,LEND_RDR_RSCI_20140808.LBL
DATA/2014/20140809/,LEND_RDR_RSCI_20140809.LBL
DATA/2014/20140810/,LEND_RDR_RSCI_20140810.LBL
DATA/2014/20140811/,LEND_RDR_RSCI_20140811.LBL
DATA/2014/20140812/,LEND_RDR_RSCI_20140812.LBL
DATA/2014/20140813/,LEND_RDR_RSCI_20140813.LBL
DATA/2014/20140814/,LEND_RDR_RSCI_20140814.LBL
DATA/2014/20140815/,LEND_RDR_RSCI_20140815.LBL
DATA/2014/20140816/,LEND_RDR_RSCI_20140816.LBL
DATA/2014/20140817/,LEND_RDR_RSCI_20140817.LBL
DATA/2014/20140818/,LEND_RDR_RSCI_20140818.LBL
DATA/2014/20140819/,LEND_RDR_RSCI_20140819.LBL
DATA/2014/20140820/,LEND_RDR_RSCI_20140820.LBL
DATA/2014/20140821/,LEND_RDR_RSCI_20140821.LBL
DATA/2014/20140822/,LEND_RDR_RSCI_20140822.LBL
DATA/2014/20140823/,LEND_RDR_RSCI_20140823.LBL
DATA/2014/20140824/,LEND_RDR_RSCI_20140824.LBL
DATA/2014/20140825/,LEND_RDR_RSCI_20140825.LBL
DATA/2014/20140826/,LEND_RDR_RSCI_20140826.LBL
DATA/2014/20140827/,LEND_RDR_RSCI_20140827.LBL
DATA/2014/20140828/,LEND_RDR_RSCI_20140828.LBL
DATA/2014/20140829/,LEND_RDR_RSCI_20140829.LBL
DATA/2014/20140830/,LEND_RDR_RSCI_20140830.LBL
DATA/2014/20140831/,LEND_RDR_RSCI_20140831.LBL
DATA/2014/20140901/,LEND_RDR_RSCI_20140901.LBL
DATA/2014/20140902/,LEND_RDR_RSCI_20140902.LBL
DATA/2014/20140903/,LEND_RDR_RSCI_20140903.LBL
DATA/2014/20140904/,LEND_RDR_RSCI_20140904.LBL
DATA/2014/20140905/,LEND_RDR_RSCI_20140905.LBL
DATA/2014/20140906/,LEND_RDR_RSCI_20140906.LBL
DATA/2014/20140907/,LEND_RDR_RSCI_20140907.LBL
DATA/2014/20140908/,LEND_RDR_RSCI_20140908.LBL
DATA/2014/20140909/,LEND_RDR_RSCI_20140909.LBL
DATA/2014/20140910/,LEND_RDR_RSCI_20140910.LBL
DATA/2014/20140911/,LEND_RDR_RSCI_20140911.LBL
DATA/2014/20140912/,LEND_RDR_RSCI_20140912.LBL
DATA/2014/20140913/,LEND_RDR_RSCI_20140913.LBL
DATA/2014/20140914/,LEND_RDR_RSCI_20140914.LBL
DATA/2014/20140915/,LEND_RDR_RSCI_20140915.LBL
DATA/2014/20140916/,LEND_RDR_RSCI_20140916.LBL
DATA/2014/20140917/,LEND_RDR_RSCI_20140917.LBL
DATA/2014/20140918/,LEND_RDR_RSCI_20140918.LBL
DATA/2014/20140919/,LEND_RDR_RSCI_20140919.LBL
DATA/2014/20140920/,LEND_RDR_RSCI_20140920.LBL
DATA/2014/20140921/,LEND_RDR_RSCI_20140921.LBL
DATA/2014/20140922/,LEND_RDR_RSCI_20140922.LBL
DATA/2014/20140923/,LEND_RDR_RSCI_20140923.LBL
DATA/2014/20140924/,LEND_RDR_RSCI_20140924.LBL
DATA/2014/20140925/,LEND_RDR_RSCI_20140925.LBL
DATA/2014/20140926/,LEND_RDR_RSCI_20140926.LBL
DATA/2014/20140927/,LEND_RDR_RSCI_20140927.LBL
DATA/2014/20140928/,LEND_RDR_RSCI_20140928.LBL
DATA/2014/20140929/,LEND_RDR_RSCI_20140929.LBL
DATA/2014/20140930/,LEND_RDR_RSCI_20140930.LBL
DATA/2014/20141001/,LEND_RDR_RSCI_20141001.LBL
DATA/2014/20141002/,LEND_RDR_RSCI_20141002.LBL
DATA/2014/20141003/,LEND_RDR_RSCI_20141003.LBL
DATA/2014/20141004/,LEND_RDR_RSCI_20141004.LBL
DATA/2014/20141005/,LEND_RDR_RSCI_20141005.LBL
DATA/2014/20141006/,LEND_RDR_RSCI_20141006.LBL
DATA/2014/20141007/,LEND_RDR_RSCI_20141007.LBL
DATA/2014/20141008/,LEND_RDR_RSCI_20141008.LBL
DATA/2014/20141009/,LEND_RDR_RSCI_20141009.LBL
DATA/2014/20141010/,LEND_RDR_RSCI_20141010.LBL
DATA/2014/20141011/,LEND_RDR_RSCI_20141011.LBL
DATA/2014/20141012/,LEND_RDR_RSCI_20141012.LBL
DATA/2014/20141013/,LEND_RDR_RSCI_20141013.LBL
DATA/2014/20141014/,LEND_RDR_RSCI_20141014.LBL
DATA/2014/20141015/,LEND_RDR_RSCI_20141015.LBL
DATA/2014/20141016/,LEND_RDR_RSCI_20141016.LBL
DATA/2014/20141017/,LEND_RDR_RSCI_20141017.LBL
DATA/2014/20141018/,LEND_RDR_RSCI_20141018.LBL
DATA/2014/20141019/,LEND_RDR_RSCI_20141019.LBL
DATA/2014/20141020/,LEND_RDR_RSCI_20141020.LBL
DATA/2014/20141021/,LEND_RDR_RSCI_20141021.LBL
DATA/2014/20141022/,LEND_RDR_RSCI_20141022.LBL
DATA/2014/20141023/,LEND_RDR_RSCI_20141023.LBL
DATA/2014/20141024/,LEND_RDR_RSCI_20141024.LBL
DATA/2014/20141025/,LEND_RDR_RSCI_20141025.LBL
DATA/2014/20141026/,LEND_RDR_RSCI_20141026.LBL
DATA/2014/20141027/,LEND_RDR_RSCI_20141027.LBL
DATA/2014/20141028/,LEND_RDR_RSCI_20141028.LBL
DATA/2014/20141029/,LEND_RDR_RSCI_20141029.LBL
DATA/2014/20141030/,LEND_RDR_RSCI_20141030.LBL
DATA/2014/20141031/,LEND_RDR_RSCI_20141031.LBL
DATA/2014/20141101/,LEND_RDR_RSCI_20141101.LBL
DATA/2014/20141102/,LEND_RDR_RSCI_20141102.LBL
DATA/2014/20141103/,LEND_RDR_RSCI_20141103.LBL
DATA/2014/20141104/,LEND_RDR_RSCI_20141104.LBL
DATA/2014/20141105/,LEND_RDR_RSCI_20141105.LBL
DATA/2014/20141106/,LEND_RDR_RSCI_20141106.LBL
DATA/2014/20141107/,LEND_RDR_RSCI_20141107.LBL
DATA/2014/20141108/,LEND_RDR_RSCI_20141108.LBL
DATA/2014/20141109/,LEND_RDR_RSCI_20141109.LBL
DATA/2014/20141110/,LEND_RDR_RSCI_20141110.LBL
DATA/2014/20141111/,LEND_RDR_RSCI_20141111.LBL
DATA/2014/20141112/,LEND_RDR_RSCI_20141112.LBL
DATA/2014/20141113/,LEND_RDR_RSCI_20141113.LBL
DATA/2014/20141114/,LEND_RDR_RSCI_20141114.LBL
DATA/2014/20141115/,LEND_RDR_RSCI_20141115.LBL
DATA/2014/20141116/,LEND_RDR_RSCI_20141116.LBL
DATA/2014/20141117/,LEND_RDR_RSCI_20141117.LBL
DATA/2014/20141118/,LEND_RDR_RSCI_20141118.LBL
DATA/2014/20141119/,LEND_RDR_RSCI_20141119.LBL
DATA/2014/20141120/,LEND_RDR_RSCI_20141120.LBL
DATA/2014/20141121/,LEND_RDR_RSCI_20141121.LBL
DATA/2014/20141122/,LEND_RDR_RSCI_20141122.LBL
DATA/2014/20141123/,LEND_RDR_RSCI_20141123.LBL
DATA/2014/20141124/,LEND_RDR_RSCI_20141124.LBL
DATA/2014/20141125/,LEND_RDR_RSCI_20141125.LBL
DATA/2014/20141126/,LEND_RDR_RSCI_20141126.LBL
DATA/2014/20141127/,LEND_RDR_RSCI_20141127.LBL
DATA/2014/20141128/,LEND_RDR_RSCI_20141128.LBL
DATA/2014/20141129/,LEND_RDR_RSCI_20141129.LBL
DATA/2014/20141130/,LEND_RDR_RSCI_20141130.LBL
DATA/2014/20141201/,LEND_RDR_RSCI_20141201.LBL
DATA/2014/20141202/,LEND_RDR_RSCI_20141202.LBL
DATA/2014/20141203/,LEND_RDR_RSCI_20141203.LBL
DATA/2014/20141204/,LEND_RDR_RSCI_20141204.LBL
DATA/2014/20141205/,LEND_RDR_RSCI_20141205.LBL
DATA/2014/20141206/,LEND_RDR_RSCI_20141206.LBL
DATA/2014/20141207/,LEND_RDR_RSCI_20141207.LBL
DATA/2014/20141208/,LEND_RDR_RSCI_20141208.LBL
DATA/2014/20141209/,LEND_RDR_RSCI_20141209.LBL
DATA/2014/20141210/,LEND_RDR_RSCI_20141210.LBL
DATA/2014/20141211/,LEND_RDR_RSCI_20141211.LBL
DATA/2014/20141212/,LEND_RDR_RSCI_20141212.LBL
DATA/2014/20141213/,LEND_RDR_RSCI_20141213.LBL
DATA/2014/20141214/,LEND_RDR_RSCI_20141214.LBL
DATA/2014/20141215/,LEND_RDR_RSCI_20141215.LBL
DATA/2014/20141216/,LEND_RDR_RSCI_20141216.LBL
DATA/2014/20141217/,LEND_RDR_RSCI_20141217.LBL
DATA/2014/20141218/,LEND_RDR_RSCI_20141218.LBL
DATA/2014/20141219/,LEND_RDR_RSCI_20141219.LBL
DATA/2014/20141220/,LEND_RDR_RSCI_20141220.LBL
DATA/2014/20141221/,LEND_RDR_RSCI_20141221.LBL
DATA/2014/20141222/,LEND_RDR_RSCI_20141222.LBL
DATA/2014/20141223/,LEND_RDR_RSCI_20141223.LBL
DATA/2014/20141224/,LEND_RDR_RSCI_20141224.LBL
DATA/2014/20141225/,LEND_RDR_RSCI_20141225.LBL
DATA/2014/20141226/,LEND_RDR_RSCI_20141226.LBL
DATA/2014/20141227/,LEND_RDR_RSCI_20141227.LBL
DATA/2014/20141228/,LEND_RDR_RSCI_20141228.LBL
DATA/2014/20141229/,LEND_RDR_RSCI_20141229.LBL
DATA/2014/20141230/,LEND_RDR_RSCI_20141230.LBL
DATA/2014/20141231/,LEND_RDR_RSCI_20141231.LBL
DATA/2015/20150101/,LEND_RDR_RSCI_20150101.LBL
DATA/2015/20150102/,LEND_RDR_RSCI_20150102.LBL
DATA/2015/20150103/,LEND_RDR_RSCI_20150103.LBL
DATA/2015/20150104/,LEND_RDR_RSCI_20150104.LBL
DATA/2015/20150105/,LEND_RDR_RSCI_20150105.LBL
DATA/2015/20150106/,LEND_RDR_RSCI_20150106.LBL
DATA/2015/20150107/,LEND_RDR_RSCI_20150107.LBL
DATA/2015/20150108/,LEND_RDR_RSCI_20150108.LBL
DATA/2015/20150109/,LEND_RDR_RSCI_20150109.LBL
DATA/2015/20150110/,LEND_RDR_RSCI_20150110.LBL
DATA/2015/20150111/,LEND_RDR_RSCI_20150111.LBL
DATA/2015/20150112/,LEND_RDR_RSCI_20150112.LBL
DATA/2015/20150113/,LEND_RDR_RSCI_20150113.LBL
DATA/2015/20150114/,LEND_RDR_RSCI_20150114.LBL
DATA/2015/20150115/,LEND_RDR_RSCI_20150115.LBL
DATA/2015/20150116/,LEND_RDR_RSCI_20150116.LBL
DATA/2015/20150117/,LEND_RDR_RSCI_20150117.LBL
DATA/2015/20150118/,LEND_RDR_RSCI_20150118.LBL
DATA/2015/20150119/,LEND_RDR_RSCI_20150119.LBL
DATA/2015/20150120/,LEND_RDR_RSCI_20150120.LBL
DATA/2015/20150121/,LEND_RDR_RSCI_20150121.LBL
DATA/2015/20150122/,LEND_RDR_RSCI_20150122.LBL
DATA/2015/20150123/,LEND_RDR_RSCI_20150123.LBL
DATA/2015/20150124/,LEND_RDR_RSCI_20150124.LBL
DATA/2015/20150125/,LEND_RDR_RSCI_20150125.LBL
DATA/2015/20150126/,LEND_RDR_RSCI_20150126.LBL
DATA/2015/20150127/,LEND_RDR_RSCI_20150127.LBL
DATA/2015/20150128/,LEND_RDR_RSCI_20150128.LBL
DATA/2015/20150129/,LEND_RDR_RSCI_20150129.LBL
DATA/2015/20150130/,LEND_RDR_RSCI_20150130.LBL
DATA/2015/20150131/,LEND_RDR_RSCI_20150131.LBL
DATA/2015/20150201/,LEND_RDR_RSCI_20150201.LBL
DATA/2015/20150202/,LEND_RDR_RSCI_20150202.LBL
DATA/2015/20150203/,LEND_RDR_RSCI_20150203.LBL
DATA/2015/20150204/,LEND_RDR_RSCI_20150204.LBL
DATA/2015/20150205/,LEND_RDR_RSCI_20150205.LBL
DATA/2015/20150206/,LEND_RDR_RSCI_20150206.LBL
DATA/2015/20150207/,LEND_RDR_RSCI_20150207.LBL
DATA/2015/20150208/,LEND_RDR_RSCI_20150208.LBL
DATA/2015/20150209/,LEND_RDR_RSCI_20150209.LBL
DATA/2015/20150210/,LEND_RDR_RSCI_20150210.LBL
DATA/2015/20150211/,LEND_RDR_RSCI_20150211.LBL
DATA/2015/20150212/,LEND_RDR_RSCI_20150212.LBL
DATA/2015/20150213/,LEND_RDR_RSCI_20150213.LBL
DATA/2015/20150214/,LEND_RDR_RSCI_20150214.LBL
DATA/2015/20150215/,LEND_RDR_RSCI_20150215.LBL
DATA/2015/20150216/,LEND_RDR_RSCI_20150216.LBL
DATA/2015/20150217/,LEND_RDR_RSCI_20150217.LBL
DATA/2015/20150218/,LEND_RDR_RSCI_20150218.LBL
DATA/2015/20150219/,LEND_RDR_RSCI_20150219.LBL
DATA/2015/20150220/,LEND_RDR_RSCI_20150220.LBL
DATA/2015/20150221/,LEND_RDR_RSCI_20150221.LBL
DATA/2015/20150222/,LEND_RDR_RSCI_20150222.LBL
DATA/2015/20150223/,LEND_RDR_RSCI_20150223.LBL
DATA/2015/20150224/,LEND_RDR_RSCI_20150224.LBL
DATA/2015/20150225/,LEND_RDR_RSCI_20150225.LBL
DATA/2015/20150226/,LEND_RDR_RSCI_20150226.LBL
DATA/2015/20150227/,LEND_RDR_RSCI_20150227.LBL
DATA/2015/20150228/,LEND_RDR_RSCI_20150228.LBL
DATA/2015/20150301/,LEND_RDR_RSCI_20150301.LBL
DATA/2015/20150302/,LEND_RDR_RSCI_20150302.LBL
DATA/2015/20150303/,LEND_RDR_RSCI_20150303.LBL
DATA/2015/20150304/,LEND_RDR_RSCI_20150304.LBL
DATA/2015/20150305/,LEND_RDR_RSCI_20150305.LBL
DATA/2015/20150306/,LEND_RDR_RSCI_20150306.LBL
DATA/2015/20150307/,LEND_RDR_RSCI_20150307.LBL
DATA/2015/20150308/,LEND_RDR_RSCI_20150308.LBL
DATA/2015/20150309/,LEND_RDR_RSCI_20150309.LBL
DATA/2015/20150310/,LEND_RDR_RSCI_20150310.LBL
DATA/2015/20150311/,LEND_RDR_RSCI_20150311.LBL
DATA/2015/20150312/,LEND_RDR_RSCI_20150312.LBL
DATA/2015/20150313/,LEND_RDR_RSCI_20150313.LBL
DATA/2015/20150314/,LEND_RDR_RSCI_20150314.LBL
DATA/2015/20150315/,LEND_RDR_RSCI_20150315.LBL
DATA/2015/20150316/,LEND_RDR_RSCI_20150316.LBL
DATA/2015/20150317/,LEND_RDR_RSCI_20150317.LBL
DATA/2015/20150318/,LEND_RDR_RSCI_20150318.LBL
DATA/2015/20150319/,LEND_RDR_RSCI_20150319.LBL
DATA/2015/20150320/,LEND_RDR_RSCI_20150320.LBL
DATA/2015/20150321/,LEND_RDR_RSCI_20150321.LBL
DATA/2015/20150322/,LEND_RDR_RSCI_20150322.LBL
DATA/2015/20150323/,LEND_RDR_RSCI_20150323.LBL
DATA/2015/20150324/,LEND_RDR_RSCI_20150324.LBL
DATA/2015/20150325/,LEND_RDR_RSCI_20150325.LBL
DATA/2015/20150326/,LEND_RDR_RSCI_20150326.LBL
DATA/2015/20150327/,LEND_RDR_RSCI_20150327.LBL
DATA/2015/20150328/,LEND_RDR_RSCI_20150328.LBL
DATA/2015/20150329/,LEND_RDR_RSCI_20150329.LBL
DATA/2015/20150330/,LEND_RDR_RSCI_20150330.LBL
DATA/2015/20150331/,LEND_RDR_RSCI_20150331.LBL
DATA/2015/20150401/,LEND_RDR_RSCI_20150401.LBL
DATA/2015/20150402/,LEND_RDR_RSCI_20150402.LBL
DATA/2015/20150403/,LEND_RDR_RSCI_20150403.LBL
DATA/2015/20150404/,LEND_RDR_RSCI_20150404.LBL
DATA/2015/20150405/,LEND_RDR_RSCI_20150405.LBL
DATA/2015/20150406/,LEND_RDR_RSCI_20150406.LBL
DATA/2015/20150407/,LEND_RDR_RSCI_20150407.LBL
DATA/2015/20150408/,LEND_RDR_RSCI_20150408.LBL
DATA/2015/20150409/,LEND_RDR_RSCI_20150409.LBL
DATA/2015/20150410/,LEND_RDR_RSCI_20150410.LBL
DATA/2015/20150411/,LEND_RDR_RSCI_20150411.LBL
DATA/2015/20150412/,LEND_RDR_RSCI_20150412.LBL
DATA/2015/20150413/,LEND_RDR_RSCI_20150413.LBL
DATA/2015/20150414/,LEND_RDR_RSCI_20150414.LBL
DATA/2015/20150415/,LEND_RDR_RSCI_20150415.LBL
DATA/2015/20150416/,LEND_RDR_RSCI_20150416.LBL
DATA/2015/20150417/,LEND_RDR_RSCI_20150417.LBL
DATA/2015/20150418/,LEND_RDR_RSCI_20150418.LBL
DATA/2015/20150419/,LEND_RDR_RSCI_20150419.LBL
DATA/2015/20150420/,LEND_RDR_RSCI_20150420.LBL
DATA/2015/20150421/,LEND_RDR_RSCI_20150421.LBL
DATA/2015/20150422/,LEND_RDR_RSCI_20150422.LBL
DATA/2015/20150423/,LEND_RDR_RSCI_20150423.LBL
DATA/2015/20150424/,LEND_RDR_RSCI_20150424.LBL
DATA/2015/20150425/,LEND_RDR_RSCI_20150425.LBL
DATA/2015/20150426/,LEND_RDR_RSCI_20150426.LBL
DATA/2015/20150427/,LEND_RDR_RSCI_20150427.LBL
DATA/2015/20150428/,LEND_RDR_RSCI_20150428.LBL
DATA/2015/20150429/,LEND_RDR_RSCI_20150429.LBL
DATA/2015/20150430/,LEND_RDR_RSCI_20150430.LBL
DATA/2015/20150501/,LEND_RDR_RSCI_20150501.LBL
DATA/2015/20150502/,LEND_RDR_RSCI_20150502.LBL
DATA/2015/20150503/,LEND_RDR_RSCI_20150503.LBL
DATA/2015/20150504/,LEND_RDR_RSCI_20150504.LBL
DATA/2015/20150505/,LEND_RDR_RSCI_20150505.LBL
DATA/2015/20150506/,LEND_RDR_RSCI_20150506.LBL
DATA/2015/20150507/,LEND_RDR_RSCI_20150507.LBL
DATA/2015/20150508/,LEND_RDR_RSCI_20150508.LBL
DATA/2015/20150509/,LEND_RDR_RSCI_20150509.LBL
DATA/2015/20150510/,LEND_RDR_RSCI_20150510.LBL
DATA/2015/20150511/,LEND_RDR_RSCI_20150511.LBL
DATA/2015/20150512/,LEND_RDR_RSCI_20150512.LBL
DATA/2015/20150513/,LEND_RDR_RSCI_20150513.LBL
DATA/2015/20150514/,LEND_RDR_RSCI_20150514.LBL
DATA/2015/20150515/,LEND_RDR_RSCI_20150515.LBL
DATA/2015/20150516/,LEND_RDR_RSCI_20150516.LBL
DATA/2015/20150517/,LEND_RDR_RSCI_20150517.LBL
DATA/2015/20150518/,LEND_RDR_RSCI_20150518.LBL
DATA/2015/20150519/,LEND_RDR_RSCI_20150519.LBL
DATA/2015/20150520/,LEND_RDR_RSCI_20150520.LBL
DATA/2015/20150521/,LEND_RDR_RSCI_20150521.LBL
DATA/2015/20150522/,LEND_RDR_RSCI_20150522.LBL
DATA/2015/20150523/,LEND_RDR_RSCI_20150523.LBL
DATA/2015/20150524/,LEND_RDR_RSCI_20150524.LBL
DATA/2015/20150525/,LEND_RDR_RSCI_20150525.LBL
DATA/2015/20150526/,LEND_RDR_RSCI_20150526.LBL
DATA/2015/20150527/,LEND_RDR_RSCI_20150527.LBL
DATA/2015/20150528/,LEND_RDR_RSCI_20150528.LBL
DATA/2015/20150529/,LEND_RDR_RSCI_20150529.LBL
DATA/2015/20150530/,LEND_RDR_RSCI_20150530.LBL
DATA/2015/20150531/,LEND_RDR_RSCI_20150531.LBL
DATA/2015/20150601/,LEND_RDR_RSCI_20150601.LBL
DATA/2015/20150602/,LEND_RDR_RSCI_20150602.LBL
DATA/2015/20150603/,LEND_RDR_RSCI_20150603.LBL
DATA/2015/20150604/,LEND_RDR_RSCI_20150604.LBL
DATA/2015/20150605/,LEND_RDR_RSCI_20150605.LBL
DATA/2015/20150606/,LEND_RDR_RSCI_20150606.LBL
DATA/2015/20150607/,LEND_RDR_RSCI_20150607.LBL
DATA/2015/20150608/,LEND_RDR_RSCI_20150608.LBL
DATA/2015/20150609/,LEND_RDR_RSCI_20150609.LBL
DATA/2015/20150610/,LEND_RDR_RSCI_20150610.LBL
DATA/2015/20150611/,LEND_RDR_RSCI_20150611.LBL
DATA/2015/20150612/,LEND_RDR_RSCI_20150612.LBL
DATA/2015/20150613/,LEND_RDR_RSCI_20150613.LBL
DATA/2015/20150614/,LEND_RDR_RSCI_20150614.LBL
DATA/2015/20150615/,LEND_RDR_RSCI_20150615.LBL
DATA/2015/20150616/,LEND_RDR_RSCI_20150616.LBL
DATA/2015/20150617/,LEND_RDR_RSCI_20150617.LBL
DATA/2015/20150618/,LEND_RDR_RSCI_20150618.LBL
DATA/2015/20150619/,LEND_RDR_RSCI_20150619.LBL
DATA/2015/20150620/,LEND_RDR_RSCI_20150620.LBL
DATA/2015/20150621/,LEND_RDR_RSCI_20150621.LBL
DATA/2015/20150622/,LEND_RDR_RSCI_20150622.LBL
DATA/2015/20150623/,LEND_RDR_RSCI_20150623.LBL
DATA/2015/20150624/,LEND_RDR_RSCI_20150624.LBL
DATA/2015/20150625/,LEND_RDR_RSCI_20150625.LBL
DATA/2015/20150626/,LEND_RDR_RSCI_20150626.LBL
DATA/2015/20150627/,LEND_RDR_RSCI_20150627.LBL
DATA/2015/20150628/,LEND_RDR_RSCI_20150628.LBL
DATA/2015/20150629/,LEND_RDR_RSCI_20150629.LBL
DATA/2015/20150630/,LEND_RDR_RSCI_20150630.LBL
DATA/2015/20150701/,LEND_RDR_RSCI_20150701.LBL
DATA/2015/20150702/,LEND_RDR_RSCI_20150702.LBL
DATA/2015/20150703/,LEND_RDR_RSCI_20150703.LBL
DATA/2015/20150704/,LEND_RDR_RSCI_20150704.LBL
DATA/2015/20150705/,LEND_RDR_RSCI_20150705.LBL
DATA/2015/20150706/,LEND_RDR_RSCI_20150706.LBL
DATA/2015/20150707/,LEND_RDR_RSCI_20150707.LBL
DATA/2015/20150708/,LEND_RDR_RSCI_20150708.LBL
DATA/2015/20150709/,LEND_RDR_RSCI_20150709.LBL
DATA/2015/20150710/,LEND_RDR_RSCI_20150710.LBL
DATA/2015/20150711/,LEND_RDR_RSCI_20150711.LBL
DATA/2015/20150712/,LEND_RDR_RSCI_20150712.LBL
DATA/2015/20150713/,LEND_RDR_RSCI_20150713.LBL
DATA/2015/20150714/,LEND_RDR_RSCI_20150714.LBL
DATA/2015/20150715/,LEND_RDR_RSCI_20150715.LBL
DATA/2015/20150716/,LEND_RDR_RSCI_20150716.LBL
DATA/2015/20150717/,LEND_RDR_RSCI_20150717.LBL
DATA/2015/20150718/,LEND_RDR_RSCI_20150718.LBL
DATA/2015/20150719/,LEND_RDR_RSCI_20150719.LBL
DATA/2015/20150720/,LEND_RDR_RSCI_20150720.LBL
DATA/2015/20150721/,LEND_RDR_RSCI_20150721.LBL
DATA/2015/20150722/,LEND_RDR_RSCI_20150722.LBL
DATA/2015/20150723/,LEND_RDR_RSCI_20150723.LBL
DATA/2015/20150724/,LEND_RDR_RSCI_20150724.LBL
DATA/2015/20150725/,LEND_RDR_RSCI_20150725.LBL
DATA/2015/20150726/,LEND_RDR_RSCI_20150726.LBL
DATA/2015/20150727/,LEND_RDR_RSCI_20150727.LBL
DATA/2015/20150728/,LEND_RDR_RSCI_20150728.LBL
DATA/2015/20150729/,LEND_RDR_RSCI_20150729.LBL
DATA/2015/20150730/,LEND_RDR_RSCI_20150730.LBL
DATA/2015/20150731/,LEND_RDR_RSCI_20150731.LBL
DATA/2015/20150801/,LEND_RDR_RSCI_20150801.LBL
DATA/2015/20150802/,LEND_RDR_RSCI_20150802.LBL
DATA/2015/20150803/,LEND_RDR_RSCI_20150803.LBL
DATA/2015/20150804/,LEND_RDR_RSCI_20150804.LBL
DATA/2015/20150805/,LEND_RDR_RSCI_20150805.LBL
DATA/2015/20150806/,LEND_RDR_RSCI_20150806.LBL
DATA/2015/20150807/,LEND_RDR_RSCI_20150807.LBL
DATA/2015/20150808/,LEND_RDR_RSCI_20150808.LBL
DATA/2015/20150809/,LEND_RDR_RSCI_20150809.LBL
DATA/2015/20150810/,LEND_RDR_RSCI_20150810.LBL
DATA/2015/20150811/,LEND_RDR_RSCI_20150811.LBL
DATA/2015/20150812/,LEND_RDR_RSCI_20150812.LBL
DATA/2015/20150813/,LEND_RDR_RSCI_20150813.LBL
DATA/2015/20150814/,LEND_RDR_RSCI_20150814.LBL
DATA/2015/20150815/,LEND_RDR_RSCI_20150815.LBL
DATA/2015/20150816/,LEND_RDR_RSCI_20150816.LBL
DATA/2015/20150817/,LEND_RDR_RSCI_20150817.LBL
DATA/2015/20150818/,LEND_RDR_RSCI_20150818.LBL
DATA/2015/20150819/,LEND_RDR_RSCI_20150819.LBL
DATA/2015/20150820/,LEND_RDR_RSCI_20150820.LBL
DATA/2015/20150821/,LEND_RDR_RSCI_20150821.LBL
DATA/2015/20150822/,LEND_RDR_RSCI_20150822.LBL
DATA/2015/20150823/,LEND_RDR_RSCI_20150823.LBL
DATA/2015/20150824/,LEND_RDR_RSCI_20150824.LBL
DATA/2015/20150825/,LEND_RDR_RSCI_20150825.LBL
DATA/2015/20150826/,LEND_RDR_RSCI_20150826.LBL
DATA/2015/20150827/,LEND_RDR_RSCI_20150827.LBL
DATA/2015/20150828/,LEND_RDR_RSCI_20150828.LBL
DATA/2015/20150829/,LEND_RDR_RSCI_20150829.LBL
DATA/2015/20150830/,LEND_RDR_RSCI_20150830.LBL
DATA/2015/20150831/,LEND_RDR_RSCI_20150831.LBL
DATA/2015/20150901/,LEND_RDR_RSCI_20150901.LBL
DATA/2015/20150902/,LEND_RDR_RSCI_20150902.LBL
DATA/2015/20150903/,LEND_RDR_RSCI_20150903.LBL
DATA/2015/20150904/,LEND_RDR_RSCI_20150904.LBL
DATA/2015/20150905/,LEND_RDR_RSCI_20150905.LBL
DATA/2015/20150906/,LEND_RDR_RSCI_20150906.LBL
DATA/2015/20150907/,LEND_RDR_RSCI_20150907.LBL
DATA/2015/20150908/,LEND_RDR_RSCI_20150908.LBL
DATA/2015/20150909/,LEND_RDR_RSCI_20150909.LBL
DATA/2015/20150910/,LEND_RDR_RSCI_20150910.LBL
DATA/2015/20150911/,LEND_RDR_RSCI_20150911.LBL
DATA/2015/20150912/,LEND_RDR_RSCI_20150912.LBL
DATA/2015/20150913/,LEND_RDR_RSCI_20150913.LBL
DATA/2015/20150914/,LEND_RDR_RSCI_20150914.LBL
DATA/2015/20150915/,LEND_RDR_RSCI_20150915.LBL
DATA/2015/20150916/,LEND_RDR_RSCI_20150916.LBL
DATA/2015/20150917/,LEND_RDR_RSCI_20150917.LBL
DATA/2015/20150918/,LEND_RDR_RSCI_20150918.LBL
DATA/2015/20150919/,LEND_RDR_RSCI_20150919.LBL
DATA/2015/20150920/,LEND_RDR_RSCI_20150920.LBL
DATA/2015/20150921/,LEND_RDR_RSCI_20150921.LBL
DATA/2015/20150922/,LEND_RDR_RSCI_20150922.LBL
DATA/2015/20150923/,LEND_RDR_RSCI_20150923.LBL
DATA/2015/20150924/,LEND_RDR_RSCI_20150924.LBL
DATA/2015/20150925/,LEND_RDR_RSCI_20150925.LBL
DATA/2015/20150926/,LEND_RDR_RSCI_20150926.LBL
DATA/2015/20150927/,LEND_RDR_RSCI_20150927.LBL
DATA/2015/20150928/,LEND_RDR_RSCI_20150928.LBL
DATA/2015/20150929/,LEND_RDR_RSCI_20150929.LBL
DATA/2015/20150930/,LEND_RDR_RSCI_20150930.LBL
DATA/2015/20151001/,LEND_RDR_RSCI_20151001.LBL
DATA/2015/20151002/,LEND_RDR_RSCI_20151002.LBL
DATA/2015/20151003/,LEND_RDR_RSCI_20151003.LBL
DATA/2015/20151004/,LEND_RDR_RSCI_20151004.LBL
DATA/2015/20151005/,LEND_RDR_RSCI_20151005.LBL
DATA/2015/20151006/,LEND_RDR_RSCI_20151006.LBL
DATA/2015/20151007/,LEND_RDR_RSCI_20151007.LBL
DATA/2015/20151008/,LEND_RDR_RSCI_20151008.LBL
DATA/2015/20151009/,LEND_RDR_RSCI_20151009.LBL
DATA/2015/20151010/,LEND_RDR_RSCI_20151010.LBL
DATA/2015/20151011/,LEND_RDR_RSCI_20151011.LBL
DATA/2015/20151012/,LEND_RDR_RSCI_20151012.LBL
DATA/2015/20151013/,LEND_RDR_RSCI_20151013.LBL
DATA/2015/20151014/,LEND_RDR_RSCI_20151014.LBL
DATA/2015/20151015/,LEND_RDR_RSCI_20151015.LBL
DATA/2015/20151016/,LEND_RDR_RSCI_20151016.LBL
DATA/2015/20151017/,LEND_RDR_RSCI_20151017.LBL
DATA/2015/20151018/,LEND_RDR_RSCI_20151018.LBL
DATA/2015/20151019/,LEND_RDR_RSCI_20151019.LBL
DATA/2015/20151020/,LEND_RDR_RSCI_20151020.LBL
DATA/2015/20151021/,LEND_RDR_RSCI_20151021.LBL
DATA/2015/20151022/,LEND_RDR_RSCI_20151022.LBL
DATA/2015/20151023/,LEND_RDR_RSCI_20151023.LBL
DATA/2015/20151024/,LEND_RDR_RSCI_20151024.LBL
DATA/2015/20151025/,LEND_RDR_RSCI_20151025.LBL
DATA/2015/20151026/,LEND_RDR_RSCI_20151026.LBL
DATA/2015/20151027/,LEND_RDR_RSCI_20151027.LBL
DATA/2015/20151028/,LEND_RDR_RSCI_20151028.LBL
DATA/2015/20151029/,LEND_RDR_RSCI_20151029.LBL
DATA/2015/20151030/,LEND_RDR_RSCI_20151030.LBL
DATA/2015/20151031/,LEND_RDR_RSCI_20151031.LBL
DATA/2015/20151101/,LEND_RDR_RSCI_20151101.LBL
DATA/2015/20151102/,LEND_RDR_RSCI_20151102.LBL
DATA/2015/20151103/,LEND_RDR_RSCI_20151103.LBL
DATA/2015/20151104/,LEND_RDR_RSCI_20151104.LBL
DATA/2015/20151105/,LEND_RDR_RSCI_20151105.LBL
DATA/2015/20151106/,LEND_RDR_RSCI_20151106.LBL
DATA/2015/20151107/,LEND_RDR_RSCI_20151107.LBL
DATA/2015/20151108/,LEND_RDR_RSCI_20151108.LBL
DATA/2015/20151109/,LEND_RDR_RSCI_20151109.LBL
DATA/2015/20151110/,LEND_RDR_RSCI_20151110.LBL
DATA/2015/20151111/,LEND_RDR_RSCI_20151111.LBL
DATA/2015/20151112/,LEND_RDR_RSCI_20151112.LBL
DATA/2015/20151113/,LEND_RDR_RSCI_20151113.LBL
DATA/2015/20151114/,LEND_RDR_RSCI_20151114.LBL
DATA/2015/20151115/,LEND_RDR_RSCI_20151115.LBL
DATA/2015/20151116/,LEND_RDR_RSCI_20151116.LBL
DATA/2015/20151117/,LEND_RDR_RSCI_20151117.LBL
DATA/2015/20151118/,LEND_RDR_RSCI_20151118.LBL
DATA/2015/20151119/,LEND_RDR_RSCI_20151119.LBL
DATA/2015/20151120/,LEND_RDR_RSCI_20151120.LBL
DATA/2015/20151121/,LEND_RDR_RSCI_20151121.LBL
DATA/2015/20151122/,LEND_RDR_RSCI_20151122.LBL
DATA/2015/20151123/,LEND_RDR_RSCI_20151123.LBL
DATA/2015/20151124/,LEND_RDR_RSCI_20151124.LBL
DATA/2015/20151125/,LEND_RDR_RSCI_20151125.LBL
DATA/2015/20151126/,LEND_RDR_RSCI_20151126.LBL
DATA/2015/20151127/,LEND_RDR_RSCI_20151127.LBL
DATA/2015/20151128/,LEND_RDR_RSCI_20151128.LBL
DATA/2015/20151129/,LEND_RDR_RSCI_20151129.LBL
DATA/2015/20151130/,LEND_RDR_RSCI_20151130.LBL
DATA/2015/20151201/,LEND_RDR_RSCI_20151201.LBL
DATA/2015/20151202/,LEND_RDR_RSCI_20151202.LBL
DATA/2015/20151203/,LEND_RDR_RSCI_20151203.LBL
DATA/2015/20151204/,LEND_RDR_RSCI_20151204.LBL
DATA/2015/20151205/,LEND_RDR_RSCI_20151205.LBL
DATA/2015/20151206/,LEND_RDR_RSCI_20151206.LBL
DATA/2015/20151207/,LEND_RDR_RSCI_20151207.LBL
DATA/2015/20151208/,LEND_RDR_RSCI_20151208.LBL
DATA/2015/20151209/,LEND_RDR_RSCI_20151209.LBL
DATA/2015/20151210/,LEND_RDR_RSCI_20151210.LBL
DATA/2015/20151211/,LEND_RDR_RSCI_20151211.LBL
DATA/2015/20151212/,LEND_RDR_RSCI_20151212.LBL
DATA/2015/20151213/,LEND_RDR_RSCI_20151213.LBL
DATA/2015/20151214/,LEND_RDR_RSCI_20151214.LBL
DATA/2015/20151215/,LEND_RDR_RSCI_20151215.LBL
DATA/2015/20151216/,LEND_RDR_RSCI_20151216.LBL
DATA/2015/20151217/,LEND_RDR_RSCI_20151217.LBL
DATA/2015/20151218/,LEND_RDR_RSCI_20151218.LBL
DATA/2015/20151219/,LEND_RDR_RSCI_20151219.LBL
DATA/2015/20151220/,LEND_RDR_RSCI_20151220.LBL
DATA/2015/20151221/,LEND_RDR_RSCI_20151221.LBL
DATA/2015/20151222/,LEND_RDR_RSCI_20151222.LBL
DATA/2015/20151223/,LEND_RDR_RSCI_20151223.LBL
DATA/2015/20151224/,LEND_RDR_RSCI_20151224.LBL
DATA/2015/20151225/,LEND_RDR_RSCI_20151225.LBL
DATA/2015/20151226/,LEND_RDR_RSCI_20151226.LBL
DATA/2015/20151227/,LEND_RDR_RSCI_20151227.LBL
DATA/2015/20151228/,LEND_RDR_RSCI_20151228.LBL
DATA/2015/20151229/,LEND_RDR_RSCI_20151229.LBL
DATA/2015/20151230/,LEND_RDR_RSCI_20151230.LBL
DATA/2015/20151231/,LEND_RDR_RSCI_20151231.LBL
DATA/2016/20160101/,LEND_RDR_RSCI_20160101.LBL
DATA/2016/20160102/,LEND_RDR_RSCI_20160102.LBL
DATA/2016/20160103/,LEND_RDR_RSCI_20160103.LBL
DATA/2016/20160104/,LEND_RDR_RSCI_20160104.LBL
DATA/2016/20160105/,LEND_RDR_RSCI_20160105.LBL
DATA/2016/20160106/,LEND_RDR_RSCI_20160106.LBL
DATA/2016/20160107/,LEND_RDR_RSCI_20160107.LBL
DATA/2016/20160108/,LEND_RDR_RSCI_20160108.LBL
DATA/2016/20160109/,LEND_RDR_RSCI_20160109.LBL
DATA/2016/20160110/,LEND_RDR_RSCI_20160110.LBL
DATA/2016/20160111/,LEND_RDR_RSCI_20160111.LBL
DATA/2016/20160112/,LEND_RDR_RSCI_20160112.LBL
DATA/2016/20160113/,LEND_RDR_RSCI_20160113.LBL
DATA/2016/20160114/,LEND_RDR_RSCI_20160114.LBL
DATA/2016/20160115/,LEND_RDR_RSCI_20160115.LBL
DATA/2016/20160116/,LEND_RDR_RSCI_20160116.LBL
DATA/2016/20160117/,LEND_RDR_RSCI_20160117.LBL
DATA/2016/20160118/,LEND_RDR_RSCI_20160118.LBL
DATA/2016/20160119/,LEND_RDR_RSCI_20160119.LBL
DATA/2016/20160120/,LEND_RDR_RSCI_20160120.LBL
DATA/2016/20160121/,LEND_RDR_RSCI_20160121.LBL
DATA/2016/20160122/,LEND_RDR_RSCI_20160122.LBL
DATA/2016/20160123/,LEND_RDR_RSCI_20160123.LBL
DATA/2016/20160124/,LEND_RDR_RSCI_20160124.LBL
DATA/2016/20160125/,LEND_RDR_RSCI_20160125.LBL
DATA/2016/20160126/,LEND_RDR_RSCI_20160126.LBL
DATA/2016/20160127/,LEND_RDR_RSCI_20160127.LBL
DATA/2016/20160128/,LEND_RDR_RSCI_20160128.LBL
DATA/2016/20160129/,LEND_RDR_RSCI_20160129.LBL
DATA/2016/20160130/,LEND_RDR_RSCI_20160130.LBL
DATA/2016/20160131/,LEND_RDR_RSCI_20160131.LBL
DATA/2016/20160201/,LEND_RDR_RSCI_20160201.LBL
DATA/2016/20160202/,LEND_RDR_RSCI_20160202.LBL
DATA/2016/20160203/,LEND_RDR_RSCI_20160203.LBL
DATA/2016/20160204/,LEND_RDR_RSCI_20160204.LBL
DATA/2016/20160205/,LEND_RDR_RSCI_20160205.LBL
DATA/2016/20160206/,LEND_RDR_RSCI_20160206.LBL
DATA/2016/20160207/,LEND_RDR_RSCI_20160207.LBL
DATA/2016/20160208/,LEND_RDR_RSCI_20160208.LBL
DATA/2016/20160209/,LEND_RDR_RSCI_20160209.LBL
DATA/2016/20160210/,LEND_RDR_RSCI_20160210.LBL
DATA/2016/20160211/,LEND_RDR_RSCI_20160211.LBL
DATA/2016/20160212/,LEND_RDR_RSCI_20160212.LBL
DATA/2016/20160213/,LEND_RDR_RSCI_20160213.LBL
DATA/2016/20160214/,LEND_RDR_RSCI_20160214.LBL
DATA/2016/20160215/,LEND_RDR_RSCI_20160215.LBL
DATA/2016/20160216/,LEND_RDR_RSCI_20160216.LBL
DATA/2016/20160217/,LEND_RDR_RSCI_20160217.LBL
DATA/2016/20160218/,LEND_RDR_RSCI_20160218.LBL
DATA/2016/20160219/,LEND_RDR_RSCI_20160219.LBL
DATA/2016/20160220/,LEND_RDR_RSCI_20160220.LBL
DATA/2016/20160221/,LEND_RDR_RSCI_20160221.LBL
DATA/2016/20160222/,LEND_RDR_RSCI_20160222.LBL
DATA/2016/20160223/,LEND_RDR_RSCI_20160223.LBL
DATA/2016/20160224/,LEND_RDR_RSCI_20160224.LBL
DATA/2016/20160225/,LEND_RDR_RSCI_20160225.LBL
DATA/2016/20160226/,LEND_RDR_RSCI_20160226.LBL
DATA/2016/20160227/,LEND_RDR_RSCI_20160227.LBL
DATA/2016/20160228/,LEND_RDR_RSCI_20160228.LBL
DATA/2016/20160229/,LEND_RDR_RSCI_20160229.LBL
DATA/2016/20160301/,LEND_RDR_RSCI_20160301.LBL
DATA/2016/20160302/,LEND_RDR_RSCI_20160302.LBL
DATA/2016/20160303/,LEND_RDR_RSCI_20160303.LBL
DATA/2016/20160304/,LEND_RDR_RSCI_20160304.LBL
DATA/2016/20160305/,LEND_RDR_RSCI_20160305.LBL
DATA/2016/20160306/,LEND_RDR_RSCI_20160306.LBL
DATA/2016/20160307/,LEND_RDR_RSCI_20160307.LBL
DATA/2016/20160308/,LEND_RDR_RSCI_20160308.LBL
DATA/2016/20160309/,LEND_RDR_RSCI_20160309.LBL
DATA/2016/20160310/,LEND_RDR_RSCI_20160310.LBL
DATA/2016/20160311/,LEND_RDR_RSCI_20160311.LBL
DATA/2016/20160312/,LEND_RDR_RSCI_20160312.LBL
DATA/2016/20160313/,LEND_RDR_RSCI_20160313.LBL
DATA/2016/20160314/,LEND_RDR_RSCI_20160314.LBL
DATA/2016/20160315/,LEND_RDR_RSCI_20160315.LBL
DATA/2016/20160316/,LEND_RDR_RSCI_20160316.LBL
DATA/2016/20160317/,LEND_RDR_RSCI_20160317.LBL
DATA/2016/20160318/,LEND_RDR_RSCI_20160318.LBL
DATA/2016/20160319/,LEND_RDR_RSCI_20160319.LBL
DATA/2016/20160320/,LEND_RDR_RSCI_20160320.LBL
DATA/2016/20160321/,LEND_RDR_RSCI_20160321.LBL
DATA/2016/20160322/,LEND_RDR_RSCI_20160322.LBL
DATA/2016/20160323/,LEND_RDR_RSCI_20160323.LBL
DATA/2016/20160324/,LEND_RDR_RSCI_20160324.LBL
DATA/2016/20160325/,LEND_RDR_RSCI_20160325.LBL
DATA/2016/20160326/,LEND_RDR_RSCI_20160326.LBL
DATA/2016/20160327/,LEND_RDR_RSCI_20160327.LBL
DATA/2016/20160328/,LEND_RDR_RSCI_20160328.LBL
DATA/2016/20160329/,LEND_RDR_RSCI_20160329.LBL
DATA/2016/20160330/,LEND_RDR_RSCI_20160330.LBL
DATA/2016/20160331/,LEND_RDR_RSCI_20160331.LBL
DATA/2016/20160401/,LEND_RDR_RSCI_20160401.LBL
DATA/2016/20160402/,LEND_RDR_RSCI_20160402.LBL
DATA/2016/20160403/,LEND_RDR_RSCI_20160403.LBL
DATA/2016/20160404/,LEND_RDR_RSCI_20160404.LBL
DATA/2016/20160405/,LEND_RDR_RSCI_20160405.LBL
DATA/2016/20160406/,LEND_RDR_RSCI_20160406.LBL
DATA/2016/20160407/,LEND_RDR_RSCI_20160407.LBL
DATA/2016/20160408/,LEND_RDR_RSCI_20160408.LBL
DATA/2016/20160409/,LEND_RDR_RSCI_20160409.LBL
DATA/2016/20160410/,LEND_RDR_RSCI_20160410.LBL
DATA/2016/20160411/,LEND_RDR_RSCI_20160411.LBL
DATA/2016/20160412/,LEND_RDR_RSCI_20160412.LBL
DATA/2016/20160413/,LEND_RDR_RSCI_20160413.LBL
DATA/2016/20160414/,LEND_RDR_RSCI_20160414.LBL
DATA/2016/20160415/,LEND_RDR_RSCI_20160415.LBL
DATA/2016/20160416/,LEND_RDR_RSCI_20160416.LBL
DATA/2016/20160417/,LEND_RDR_RSCI_20160417.LBL
DATA/2016/20160418/,LEND_RDR_RSCI_20160418.LBL
DATA/2016/20160419/,LEND_RDR_RSCI_20160419.LBL
DATA/2016/20160420/,LEND_RDR_RSCI_20160420.LBL
DATA/2016/20160421/,LEND_RDR_RSCI_20160421.LBL
DATA/2016/20160422/,LEND_RDR_RSCI_20160422.LBL
DATA/2016/20160423/,LEND_RDR_RSCI_20160423.LBL
DATA/2016/20160424/,LEND_RDR_RSCI_20160424.LBL
DATA/2016/20160425/,LEND_RDR_RSCI_20160425.LBL
DATA/2016/20160426/,LEND_RDR_RSCI_20160426.LBL
DATA/2016/20160427/,LEND_RDR_RSCI_20160427.LBL
DATA/2016/20160428/,LEND_RDR_RSCI_20160428.LBL
DATA/2016/20160429/,LEND_RDR_RSCI_20160429.LBL
DATA/2016/20160430/,LEND_RDR_RSCI_20160430.LBL
DATA/2016/20160501/,LEND_RDR_RSCI_20160501.LBL
DATA/2016/20160502/,LEND_RDR_RSCI_20160502.LBL
DATA/2016/20160503/,LEND_RDR_RSCI_20160503.LBL
DATA/2016/20160504/,LEND_RDR_RSCI_20160504.LBL
DATA/2016/20160505/,LEND_RDR_RSCI_20160505.LBL
DATA/2016/20160506/,LEND_RDR_RSCI_20160506.LBL
DATA/2016/20160507/,LEND_RDR_RSCI_20160507.LBL
DATA/2016/20160508/,LEND_RDR_RSCI_20160508.LBL
DATA/2016/20160509/,LEND_RDR_RSCI_20160509.LBL
DATA/2016/20160510/,LEND_RDR_RSCI_20160510.LBL
DATA/2016/20160511/,LEND_RDR_RSCI_20160511.LBL
DATA/2016/20160512/,LEND_RDR_RSCI_20160512.LBL
DATA/2016/20160513/,LEND_RDR_RSCI_20160513.LBL
DATA/2016/20160514/,LEND_RDR_RSCI_20160514.LBL
DATA/2016/20160515/,LEND_RDR_RSCI_20160515.LBL
DATA/2016/20160516/,LEND_RDR_RSCI_20160516.LBL
DATA/2016/20160517/,LEND_RDR_RSCI_20160517.LBL
DATA/2016/20160518/,LEND_RDR_RSCI_20160518.LBL
DATA/2016/20160519/,LEND_RDR_RSCI_20160519.LBL
DATA/2016/20160520/,LEND_RDR_RSCI_20160520.LBL
DATA/2016/20160521/,LEND_RDR_RSCI_20160521.LBL
DATA/2016/20160522/,LEND_RDR_RSCI_20160522.LBL
DATA/2016/20160523/,LEND_RDR_RSCI_20160523.LBL
DATA/2016/20160524/,LEND_RDR_RSCI_20160524.LBL
DATA/2016/20160525/,LEND_RDR_RSCI_20160525.LBL
DATA/2016/20160526/,LEND_RDR_RSCI_20160526.LBL
DATA/2016/20160527/,LEND_RDR_RSCI_20160527.LBL
DATA/2016/20160528/,LEND_RDR_RSCI_20160528.LBL
DATA/2016/20160529/,LEND_RDR_RSCI_20160529.LBL
DATA/2016/20160530/,LEND_RDR_RSCI_20160530.LBL
DATA/2016/20160531/,LEND_RDR_RSCI_20160531.LBL
DATA/2016/20160601/,LEND_RDR_RSCI_20160601.LBL
DATA/2016/20160602/,LEND_RDR_RSCI_20160602.LBL
DATA/2016/20160603/,LEND_RDR_RSCI_20160603.LBL
DATA/2016/20160604/,LEND_RDR_RSCI_20160604.LBL
DATA/2016/20160605/,LEND_RDR_RSCI_20160605.LBL
DATA/2016/20160606/,LEND_RDR_RSCI_20160606.LBL
DATA/2016/20160607/,LEND_RDR_RSCI_20160607.LBL
DATA/2016/20160608/,LEND_RDR_RSCI_20160608.LBL
DATA/2016/20160609/,LEND_RDR_RSCI_20160609.LBL
DATA/2016/20160610/,LEND_RDR_RSCI_20160610.LBL
DATA/2016/20160611/,LEND_RDR_RSCI_20160611.LBL
DATA/2016/20160612/,LEND_RDR_RSCI_20160612.LBL
DATA/2016/20160613/,LEND_RDR_RSCI_20160613.LBL
DATA/2016/20160614/,LEND_RDR_RSCI_20160614.LBL
DATA/2016/20160615/,LEND_RDR_RSCI_20160615.LBL
DATA/2016/20160616/,LEND_RDR_RSCI_20160616.LBL
DATA/2016/20160617/,LEND_RDR_RSCI_20160617.LBL
DATA/2016/20160618/,LEND_RDR_RSCI_20160618.LBL
DATA/2016/20160619/,LEND_RDR_RSCI_20160619.LBL
DATA/2016/20160620/,LEND_RDR_RSCI_20160620.LBL
DATA/2016/20160621/,LEND_RDR_RSCI_20160621.LBL
DATA/2016/20160622/,LEND_RDR_RSCI_20160622.LBL
DATA/2016/20160623/,LEND_RDR_RSCI_20160623.LBL
DATA/2016/20160624/,LEND_RDR_RSCI_20160624.LBL
DATA/2016/20160625/,LEND_RDR_RSCI_20160625.LBL
DATA/2016/20160626/,LEND_RDR_RSCI_20160626.LBL
DATA/2016/20160627/,LEND_RDR_RSCI_20160627.LBL
DATA/2016/20160628/,LEND_RDR_RSCI_20160628.LBL
DATA/2016/20160629/,LEND_RDR_RSCI_20160629.LBL
DATA/2016/20160630/,LEND_RDR_RSCI_20160630.LBL
DATA/2016/20160701/,LEND_RDR_RSCI_20160701.LBL
DATA/2016/20160702/,LEND_RDR_RSCI_20160702.LBL
DATA/2016/20160703/,LEND_RDR_RSCI_20160703.LBL
DATA/2016/20160704/,LEND_RDR_RSCI_20160704.LBL
DATA/2016/20160705/,LEND_RDR_RSCI_20160705.LBL
DATA/2016/20160706/,LEND_RDR_RSCI_20160706.LBL
DATA/2016/20160707/,LEND_RDR_RSCI_20160707.LBL
DATA/2016/20160708/,LEND_RDR_RSCI_20160708.LBL
DATA/2016/20160709/,LEND_RDR_RSCI_20160709.LBL
DATA/2016/20160710/,LEND_RDR_RSCI_20160710.LBL
DATA/2016/20160711/,LEND_RDR_RSCI_20160711.LBL
DATA/2016/20160712/,LEND_RDR_RSCI_20160712.LBL
DATA/2016/20160713/,LEND_RDR_RSCI_20160713.LBL
DATA/2016/20160714/,LEND_RDR_RSCI_20160714.LBL
DATA/2016/20160715/,LEND_RDR_RSCI_20160715.LBL
DATA/2016/20160716/,LEND_RDR_RSCI_20160716.LBL
DATA/2016/20160717/,LEND_RDR_RSCI_20160717.LBL
DATA/2016/20160718/,LEND_RDR_RSCI_20160718.LBL
DATA/2016/20160719/,LEND_RDR_RSCI_20160719.LBL
DATA/2016/20160720/,LEND_RDR_RSCI_20160720.LBL
DATA/2016/20160721/,LEND_RDR_RSCI_20160721.LBL
DATA/2016/20160722/,LEND_RDR_RSCI_20160722.LBL
DATA/2016/20160723/,LEND_RDR_RSCI_20160723.LBL
DATA/2016/20160724/,LEND_RDR_RSCI_20160724.LBL
DATA/2016/20160725/,LEND_RDR_RSCI_20160725.LBL
DATA/2016/20160726/,LEND_RDR_RSCI_20160726.LBL
DATA/2016/20160727/,LEND_RDR_RSCI_20160727.LBL
DATA/2016/20160728/,LEND_RDR_RSCI_20160728.LBL
DATA/2016/20160729/,LEND_RDR_RSCI_20160729.LBL
DATA/2016/20160730/,LEND_RDR_RSCI_20160730.LBL
DATA/2016/20160731/,LEND_RDR_RSCI_20160731.LBL
DATA/2016/20160801/,LEND_RDR_RSCI_20160801.LBL
DATA/2016/20160802/,LEND_RDR_RSCI_20160802.LBL
DATA/2016/20160803/,LEND_RDR_RSCI_20160803.LBL
DATA/2016/20160804/,LEND_RDR_RSCI_20160804.LBL
DATA/2016/20160805/,LEND_RDR_RSCI_20160805.LBL
DATA/2016/20160806/,LEND_RDR_RSCI_20160806.LBL
DATA/2016/20160807/,LEND_RDR_RSCI_20160807.LBL
DATA/2016/20160808/,LEND_RDR_RSCI_20160808.LBL
DATA/2016/20160809/,LEND_RDR_RSCI_20160809.LBL
DATA/2016/20160810/,LEND_RDR_RSCI_20160810.LBL
DATA/2016/20160811/,LEND_RDR_RSCI_20160811.LBL
DATA/2016/20160812/,LEND_RDR_RSCI_20160812.LBL
DATA/2016/20160813/,LEND_RDR_RSCI_20160813.LBL
DATA/2016/20160814/,LEND_RDR_RSCI_20160814.LBL
DATA/2016/20160815/,LEND_RDR_RSCI_20160815.LBL
DATA/2016/20160816/,LEND_RDR_RSCI_20160816.LBL
DATA/2016/20160817/,LEND_RDR_RSCI_20160817.LBL
DATA/2016/20160818/,LEND_RDR_RSCI_20160818.LBL
DATA/2016/20160819/,LEND_RDR_RSCI_20160819.LBL
DATA/2016/20160820/,LEND_RDR_RSCI_20160820.LBL
DATA/2016/20160821/,LEND_RDR_RSCI_20160821.LBL
DATA/2016/20160822/,LEND_RDR_RSCI_20160822.LBL
DATA/2016/20160823/,LEND_RDR_RSCI_20160823.LBL
DATA/2016/20160824/,LEND_RDR_RSCI_20160824.LBL
DATA/2016/20160825/,LEND_RDR_RSCI_20160825.LBL
DATA/2016/20160826/,LEND_RDR_RSCI_20160826.LBL
DATA/2016/20160827/,LEND_RDR_RSCI_20160827.LBL
DATA/2016/20160828/,LEND_RDR_RSCI_20160828.LBL
DATA/2016/20160829/,LEND_RDR_RSCI_20160829.LBL
DATA/2016/20160830/,LEND_RDR_RSCI_20160830.LBL
DATA/2016/20160831/,LEND_RDR_RSCI_20160831.LBL
DATA/2016/20160901/,LEND_RDR_RSCI_20160901.LBL
DATA/2016/20160902/,LEND_RDR_RSCI_20160902.LBL
DATA/2016/20160903/,LEND_RDR_RSCI_20160903.LBL
DATA/2016/20160904/,LEND_RDR_RSCI_20160904.LBL
DATA/2016/20160905/,LEND_RDR_RSCI_20160905.LBL
DATA/2016/20160906/,LEND_RDR_RSCI_20160906.LBL
DATA/2016/20160907/,LEND_RDR_RSCI_20160907.LBL
DATA/2016/20160908/,LEND_RDR_RSCI_20160908.LBL
DATA/2016/20160909/,LEND_RDR_RSCI_20160909.LBL
DATA/2016/20160910/,LEND_RDR_RSCI_20160910.LBL
DATA/2016/20160911/,LEND_RDR_RSCI_20160911.LBL
DATA/2016/20160912/,LEND_RDR_RSCI_20160912.LBL
DATA/2016/20160913/,LEND_RDR_RSCI_20160913.LBL
DATA/2016/20160914/,LEND_RDR_RSCI_20160914.LBL
DATA/2016/20160915/,LEND_RDR_RSCI_20160915.LBL
DATA/2016/20160916/,LEND_RDR_RSCI_20160916.LBL
DATA/2016/20160917/,LEND_RDR_RSCI_20160917.LBL
DATA/2016/20160918/,LEND_RDR_RSCI_20160918.LBL
DATA/2016/20160919/,LEND_RDR_RSCI_20160919.LBL
DATA/2016/20160920/,LEND_RDR_RSCI_20160920.LBL
DATA/2016/20160921/,LEND_RDR_RSCI_20160921.LBL
DATA/2016/20160922/,LEND_RDR_RSCI_20160922.LBL
DATA/2016/20160923/,LEND_RDR_RSCI_20160923.LBL
DATA/2016/20160924/,LEND_RDR_RSCI_20160924.LBL
DATA/2016/20160925/,LEND_RDR_RSCI_20160925.LBL
DATA/2016/20160926/,LEND_RDR_RSCI_20160926.LBL
DATA/2016/20160927/,LEND_RDR_RSCI_20160927.LBL
DATA/2016/20160928/,LEND_RDR_RSCI_20160928.LBL
DATA/2016/20160929/,LEND_RDR_RSCI_20160929.LBL
DATA/2016/20160930/,LEND_RDR_RSCI_20160930.LBL
DATA/2016/20161001/,LEND_RDR_RSCI_20161001.LBL
DATA/2016/20161002/,LEND_RDR_RSCI_20161002.LBL
DATA/2016/20161003/,LEND_RDR_RSCI_20161003.LBL
DATA/2016/20161004/,LEND_RDR_RSCI_20161004.LBL
DATA/2016/20161005/,LEND_RDR_RSCI_20161005.LBL
DATA/2016/20161006/,LEND_RDR_RSCI_20161006.LBL
DATA/2016/20161007/,LEND_RDR_RSCI_20161007.LBL
DATA/2016/20161008/,LEND_RDR_RSCI_20161008.LBL
DATA/2016/20161009/,LEND_RDR_RSCI_20161009.LBL
DATA/2016/20161010/,LEND_RDR_RSCI_20161010.LBL
DATA/2016/20161011/,LEND_RDR_RSCI_20161011.LBL
DATA/2016/20161012/,LEND_RDR_RSCI_20161012.LBL
DATA/2016/20161013/,LEND_RDR_RSCI_20161013.LBL
DATA/2016/20161014/,LEND_RDR_RSCI_20161014.LBL
DATA/2016/20161015/,LEND_RDR_RSCI_20161015.LBL
DATA/2016/20161016/,LEND_RDR_RSCI_20161016.LBL
DATA/2016/20161017/,LEND_RDR_RSCI_20161017.LBL
DATA/2016/20161018/,LEND_RDR_RSCI_20161018.LBL
DATA/2016/20161019/,LEND_RDR_RSCI_20161019.LBL
DATA/2016/20161020/,LEND_RDR_RSCI_20161020.LBL
DATA/2016/20161021/,LEND_RDR_RSCI_20161021.LBL
DATA/2016/20161022/,LEND_RDR_RSCI_20161022.LBL
DATA/2016/20161023/,LEND_RDR_RSCI_20161023.LBL
DATA/2016/20161024/,LEND_RDR_RSCI_20161024.LBL
DATA/2016/20161025/,LEND_RDR_RSCI_20161025.LBL
DATA/2016/20161026/,LEND_RDR_RSCI_20161026.LBL
DATA/2016/20161027/,LEND_RDR_RSCI_20161027.LBL
DATA/2016/20161028/,LEND_RDR_RSCI_20161028.LBL
DATA/2016/20161029/,LEND_RDR_RSCI_20161029.LBL
DATA/2016/20161030/,LEND_RDR_RSCI_20161030.LBL
DATA/2016/20161031/,LEND_RDR_RSCI_20161031.LBL
DATA/2016/20161101/,LEND_RDR_RSCI_20161101.LBL
DATA/2016/20161102/,LEND_RDR_RSCI_20161102.LBL
DATA/2016/20161103/,LEND_RDR_RSCI_20161103.LBL
DATA/2016/20161104/,LEND_RDR_RSCI_20161104.LBL
DATA/2016/20161105/,LEND_RDR_RSCI_20161105.LBL
DATA/2016/20161106/,LEND_RDR_RSCI_20161106.LBL
DATA/2016/20161107/,LEND_RDR_RSCI_20161107.LBL
DATA/2016/20161108/,LEND_RDR_RSCI_20161108.LBL
DATA/2016/20161109/,LEND_RDR_RSCI_20161109.LBL
DATA/2016/20161110/,LEND_RDR_RSCI_20161110.LBL
DATA/2016/20161111/,LEND_RDR_RSCI_20161111.LBL
DATA/2016/20161112/,LEND_RDR_RSCI_20161112.LBL
DATA/2016/20161113/,LEND_RDR_RSCI_20161113.LBL
DATA/2016/20161114/,LEND_RDR_RSCI_20161114.LBL
DATA/2016/20161115/,LEND_RDR_RSCI_20161115.LBL
DATA/2016/20161116/,LEND_RDR_RSCI_20161116.LBL
DATA/2016/20161117/,LEND_RDR_RSCI_20161117.LBL
DATA/2016/20161118/,LEND_RDR_RSCI_20161118.LBL
DATA/2016/20161119/,LEND_RDR_RSCI_20161119.LBL
DATA/2016/20161120/,LEND_RDR_RSCI_20161120.LBL
DATA/2016/20161121/,LEND_RDR_RSCI_20161121.LBL
DATA/2016/20161122/,LEND_RDR_RSCI_20161122.LBL
DATA/2016/20161123/,LEND_RDR_RSCI_20161123.LBL
DATA/2016/20161124/,LEND_RDR_RSCI_20161124.LBL
DATA/2016/20161125/,LEND_RDR_RSCI_20161125.LBL
DATA/2016/20161126/,LEND_RDR_RSCI_20161126.LBL
DATA/2016/20161127/,LEND_RDR_RSCI_20161127.LBL
DATA/2016/20161128/,LEND_RDR_RSCI_20161128.LBL
DATA/2016/20161129/,LEND_RDR_RSCI_20161129.LBL
DATA/2016/20161130/,LEND_RDR_RSCI_20161130.LBL
DATA/2016/20161201/,LEND_RDR_RSCI_20161201.LBL
DATA/2016/20161202/,LEND_RDR_RSCI_20161202.LBL
DATA/2016/20161203/,LEND_RDR_RSCI_20161203.LBL
DATA/2016/20161204/,LEND_RDR_RSCI_20161204.LBL
DATA/2016/20161205/,LEND_RDR_RSCI_20161205.LBL
DATA/2016/20161206/,LEND_RDR_RSCI_20161206.LBL
DATA/2016/20161207/,LEND_RDR_RSCI_20161207.LBL
DATA/2016/20161208/,LEND_RDR_RSCI_20161208.LBL
DATA/2016/20161209/,LEND_RDR_RSCI_20161209.LBL
DATA/2016/20161210/,LEND_RDR_RSCI_20161210.LBL
DATA/2016/20161211/,LEND_RDR_RSCI_20161211.LBL
DATA/2016/20161212/,LEND_RDR_RSCI_20161212.LBL
DATA/2016/20161213/,LEND_RDR_RSCI_20161213.LBL
DATA/2016/20161214/,LEND_RDR_RSCI_20161214.LBL
DATA/2016/20161215/,LEND_RDR_RSCI_20161215.LBL
DATA/2016/20161216/,LEND_RDR_RSCI_20161216.LBL
DATA/2016/20161217/,LEND_RDR_RSCI_20161217.LBL
DATA/2016/20161218/,LEND_RDR_RSCI_20161218.LBL
DATA/2016/20161219/,LEND_RDR_RSCI_20161219.LBL
DATA/2016/20161220/,LEND_RDR_RSCI_20161220.LBL
DATA/2016/20161221/,LEND_RDR_RSCI_20161221.LBL
DATA/2016/20161222/,LEND_RDR_RSCI_20161222.LBL
DATA/2016/20161223/,LEND_RDR_RSCI_20161223.LBL
DATA/2016/20161224/,LEND_RDR_RSCI_20161224.LBL
DATA/2016/20161225/,LEND_RDR_RSCI_20161225.LBL
DATA/2016/20161226/,LEND_RDR_RSCI_20161226.LBL
DATA/2016/20161227/,LEND_RDR_RSCI_20161227.LBL
DATA/2016/20161228/,LEND_RDR_RSCI_20161228.LBL
DATA/2016/20161229/,LEND_RDR_RSCI_20161229.LBL
DATA/2016/20161230/,LEND_RDR_RSCI_20161230.LBL
DATA/2016/20161231/,LEND_RDR_RSCI_20161231.LBL
DATA/2017/20170101/,LEND_RDR_RSCI_20170101.LBL
DATA/2017/20170102/,LEND_RDR_RSCI_20170102.LBL
DATA/2017/20170103/,LEND_RDR_RSCI_20170103.LBL
DATA/2017/20170104/,LEND_RDR_RSCI_20170104.LBL
DATA/2017/20170105/,LEND_RDR_RSCI_20170105.LBL
DATA/2017/20170106/,LEND_RDR_RSCI_20170106.LBL
DATA/2017/20170107/,LEND_RDR_RSCI_20170107.LBL
DATA/2017/20170108/,LEND_RDR_RSCI_20170108.LBL
DATA/2017/20170109/,LEND_RDR_RSCI_20170109.LBL
DATA/2017/20170110/,LEND_RDR_RSCI_20170110.LBL
DATA/2017/20170111/,LEND_RDR_RSCI_20170111.LBL
DATA/2017/20170112/,LEND_RDR_RSCI_20170112.LBL
DATA/2017/20170113/,LEND_RDR_RSCI_20170113.LBL
DATA/2017/20170114/,LEND_RDR_RSCI_20170114.LBL
DATA/2017/20170115/,LEND_RDR_RSCI_20170115.LBL
DATA/2017/20170116/,LEND_RDR_RSCI_20170116.LBL
DATA/2017/20170117/,LEND_RDR_RSCI_20170117.LBL
DATA/2017/20170118/,LEND_RDR_RSCI_20170118.LBL
DATA/2017/20170119/,LEND_RDR_RSCI_20170119.LBL
DATA/2017/20170120/,LEND_RDR_RSCI_20170120.LBL
DATA/2017/20170121/,LEND_RDR_RSCI_20170121.LBL
DATA/2017/20170122/,LEND_RDR_RSCI_20170122.LBL
DATA/2017/20170123/,LEND_RDR_RSCI_20170123.LBL
DATA/2017/20170124/,LEND_RDR_RSCI_20170124.LBL
DATA/2017/20170125/,LEND_RDR_RSCI_20170125.LBL
DATA/2017/20170126/,LEND_RDR_RSCI_20170126.LBL
DATA/2017/20170127/,LEND_RDR_RSCI_20170127.LBL
DATA/2017/20170128/,LEND_RDR_RSCI_20170128.LBL
DATA/2017/20170129/,LEND_RDR_RSCI_20170129.LBL
DATA/2017/20170130/,LEND_RDR_RSCI_20170130.LBL
DATA/2017/20170131/,LEND_RDR_RSCI_20170131.LBL
DATA/2017/20170201/,LEND_RDR_RSCI_20170201.LBL
DATA/2017/20170202/,LEND_RDR_RSCI_20170202.LBL
DATA/2017/20170203/,LEND_RDR_RSCI_20170203.LBL
DATA/2017/20170204/,LEND_RDR_RSCI_20170204.LBL
DATA/2017/20170205/,LEND_RDR_RSCI_20170205.LBL
DATA/2017/20170206/,LEND_RDR_RSCI_20170206.LBL
DATA/2017/20170207/,LEND_RDR_RSCI_20170207.LBL
DATA/2017/20170208/,LEND_RDR_RSCI_20170208.LBL
DATA/2017/20170209/,LEND_RDR_RSCI_20170209.LBL
DATA/2017/20170210/,LEND_RDR_RSCI_20170210.LBL
DATA/2017/20170211/,LEND_RDR_RSCI_20170211.LBL
DATA/2017/20170212/,LEND_RDR_RSCI_20170212.LBL
DATA/2017/20170213/,LEND_RDR_RSCI_20170213.LBL
DATA/2017/20170214/,LEND_RDR_RSCI_20170214.LBL
DATA/2017/20170215/,LEND_RDR_RSCI_20170215.LBL
DATA/2017/20170216/,LEND_RDR_RSCI_20170216.LBL
DATA/2017/20170217/,LEND_RDR_RSCI_20170217.LBL
DATA/2017/20170218/,LEND_RDR_RSCI_20170218.LBL
DATA/2017/20170219/,LEND_RDR_RSCI_20170219.LBL
DATA/2017/20170220/,LEND_RDR_RSCI_20170220.LBL
DATA/2017/20170221/,LEND_RDR_RSCI_20170221.LBL
DATA/2017/20170222/,LEND_RDR_RSCI_20170222.LBL
DATA/2017/20170223/,LEND_RDR_RSCI_20170223.LBL
DATA/2017/20170224/,LEND_RDR_RSCI_20170224.LBL
DATA/2017/20170225/,LEND_RDR_RSCI_20170225.LBL
DATA/2017/20170226/,LEND_RDR_RSCI_20170226.LBL
DATA/2017/20170227/,LEND_RDR_RSCI_20170227.LBL
DATA/2017/20170228/,LEND_RDR_RSCI_20170228.LBL
DATA/2017/20170301/,LEND_RDR_RSCI_20170301.LBL
DATA/2017/20170302/,LEND_RDR_RSCI_20170302.LBL
DATA/2017/20170303/,LEND_RDR_RSCI_20170303.LBL
DATA/2017/20170304/,LEND_RDR_RSCI_20170304.LBL
DATA/2017/20170305/,LEND_RDR_RSCI_20170305.LBL
DATA/2017/20170306/,LEND_RDR_RSCI_20170306.LBL
DATA/2017/20170307/,LEND_RDR_RSCI_20170307.LBL
DATA/2017/20170308/,LEND_RDR_RSCI_20170308.LBL
DATA/2017/20170309/,LEND_RDR_RSCI_20170309.LBL
DATA/2017/20170310/,LEND_RDR_RSCI_20170310.LBL
DATA/2017/20170311/,LEND_RDR_RSCI_20170311.LBL
DATA/2017/20170312/,LEND_RDR_RSCI_20170312.LBL
DATA/2017/20170313/,LEND_RDR_RSCI_20170313.LBL
DATA/2017/20170314/,LEND_RDR_RSCI_20170314.LBL
DATA/2017/20170315/,LEND_RDR_RSCI_20170315.LBL
DATA/2017/20170316/,LEND_RDR_RSCI_20170316.LBL
DATA/2017/20170317/,LEND_RDR_RSCI_20170317.LBL
DATA/2017/20170318/,LEND_RDR_RSCI_20170318.LBL
DATA/2017/20170319/,LEND_RDR_RSCI_20170319.LBL
DATA/2017/20170320/,LEND_RDR_RSCI_20170320.LBL
DATA/2017/20170321/,LEND_RDR_RSCI_20170321.LBL
DATA/2017/20170322/,LEND_RDR_RSCI_20170322.LBL
DATA/2017/20170323/,LEND_RDR_RSCI_20170323.LBL
DATA/2017/20170324/,LEND_RDR_RSCI_20170324.LBL
DATA/2017/20170325/,LEND_RDR_RSCI_20170325.LBL
DATA/2017/20170326/,LEND_RDR_RSCI_20170326.LBL
DATA/2017/20170327/,LEND_RDR_RSCI_20170327.LBL
DATA/2017/20170328/,LEND_RDR_RSCI_20170328.LBL
DATA/2017/20170329/,LEND_RDR_RSCI_20170329.LBL
DATA/2017/20170330/,LEND_RDR_RSCI_20170330.LBL
DATA/2017/20170331/,LEND_RDR_RSCI_20170331.LBL
DATA/2017/20170401/,LEND_RDR_RSCI_20170401.LBL
DATA/2017/20170402/,LEND_RDR_RSCI_20170402.LBL
DATA/2017/20170403/,LEND_RDR_RSCI_20170403.LBL
DATA/2017/20170404/,LEND_RDR_RSCI_20170404.LBL
DATA/2017/20170405/,LEND_RDR_RSCI_20170405.LBL
DATA/2017/20170406/,LEND_RDR_RSCI_20170406.LBL
DATA/2017/20170407/,LEND_RDR_RSCI_20170407.LBL
DATA/2017/20170408/,LEND_RDR_RSCI_20170408.LBL
DATA/2017/20170409/,LEND_RDR_RSCI_20170409.LBL
DATA/2017/20170410/,LEND_RDR_RSCI_20170410.LBL
DATA/2017/20170411/,LEND_RDR_RSCI_20170411.LBL
DATA/2017/20170412/,LEND_RDR_RSCI_20170412.LBL
DATA/2017/20170413/,LEND_RDR_RSCI_20170413.LBL
DATA/2017/20170414/,LEND_RDR_RSCI_20170414.LBL
DATA/2017/20170415/,LEND_RDR_RSCI_20170415.LBL
DATA/2017/20170416/,LEND_RDR_RSCI_20170416.LBL
DATA/2017/20170417/,LEND_RDR_RSCI_20170417.LBL
DATA/2017/20170418/,LEND_RDR_RSCI_20170418.LBL
DATA/2017/20170419/,LEND_RDR_RSCI_20170419.LBL
DATA/2017/20170420/,LEND_RDR_RSCI_20170420.LBL
DATA/2017/20170421/,LEND_RDR_RSCI_20170421.LBL
DATA/2017/20170422/,LEND_RDR_RSCI_20170422.LBL
DATA/2017/20170423/,LEND_RDR_RSCI_20170423.LBL
DATA/2017/20170424/,LEND_RDR_RSCI_20170424.LBL
DATA/2017/20170425/,LEND_RDR_RSCI_20170425.LBL
DATA/2017/20170426/,LEND_RDR_RSCI_20170426.LBL
DATA/2017/20170427/,LEND_RDR_RSCI_20170427.LBL
DATA/2017/20170428/,LEND_RDR_RSCI_20170428.LBL
DATA/2017/20170429/,LEND_RDR_RSCI_20170429.LBL
DATA/2017/20170430/,LEND_RDR_RSCI_20170430.LBL
DATA/2017/20170501/,LEND_RDR_RSCI_20170501.LBL
DATA/2017/20170502/,LEND_RDR_RSCI_20170502.LBL
DATA/2017/20170503/,LEND_RDR_RSCI_20170503.LBL
DATA/2017/20170504/,LEND_RDR_RSCI_20170504.LBL
DATA/2017/20170505/,LEND_RDR_RSCI_20170505.LBL
DATA/2017/20170506/,LEND_RDR_RSCI_20170506.LBL
DATA/2017/20170507/,LEND_RDR_RSCI_20170507.LBL
DATA/2017/20170508/,LEND_RDR_RSCI_20170508.LBL
DATA/2017/20170509/,LEND_RDR_RSCI_20170509.LBL
DATA/2017/20170510/,LEND_RDR_RSCI_20170510.LBL
DATA/2017/20170511/,LEND_RDR_RSCI_20170511.LBL
DATA/2017/20170512/,LEND_RDR_RSCI_20170512.LBL
DATA/2017/20170513/,LEND_RDR_RSCI_20170513.LBL
DATA/2017/20170514/,LEND_RDR_RSCI_20170514.LBL
DATA/2017/20170515/,LEND_RDR_RSCI_20170515.LBL
DATA/2017/20170516/,LEND_RDR_RSCI_20170516.LBL
DATA/2017/20170517/,LEND_RDR_RSCI_20170517.LBL
DATA/2017/20170518/,LEND_RDR_RSCI_20170518.LBL
DATA/2017/20170519/,LEND_RDR_RSCI_20170519.LBL
DATA/2017/20170520/,LEND_RDR_RSCI_20170520.LBL
DATA/2017/20170521/,LEND_RDR_RSCI_20170521.LBL
DATA/2017/20170522/,LEND_RDR_RSCI_20170522.LBL
DATA/2017/20170523/,LEND_RDR_RSCI_20170523.LBL
DATA/2017/20170524/,LEND_RDR_RSCI_20170524.LBL
DATA/2017/20170525/,LEND_RDR_RSCI_20170525.LBL
DATA/2017/20170526/,LEND_RDR_RSCI_20170526.LBL
DATA/2017/20170527/,LEND_RDR_RSCI_20170527.LBL
DATA/2017/20170528/,LEND_RDR_RSCI_20170528.LBL
DATA/2017/20170529/,LEND_RDR_RSCI_20170529.LBL
DATA/2017/20170530/,LEND_RDR_RSCI_20170530.LBL
DATA/2017/20170531/,LEND_RDR_RSCI_20170531.LBL
DATA/2017/20170601/,LEND_RDR_RSCI_20170601.LBL
DATA/2017/20170602/,LEND_RDR_RSCI_20170602.LBL
DATA/2017/20170603/,LEND_RDR_RSCI_20170603.LBL
DATA/2017/20170604/,LEND_RDR_RSCI_20170604.LBL
DATA/2017/20170605/,LEND_RDR_RSCI_20170605.LBL
DATA/2017/20170606/,LEND_RDR_RSCI_20170606.LBL
DATA/2017/20170607/,LEND_RDR_RSCI_20170607.LBL
DATA/2017/20170608/,LEND_RDR_RSCI_20170608.LBL
DATA/2017/20170609/,LEND_RDR_RSCI_20170609.LBL
DATA/2017/20170610/,LEND_RDR_RSCI_20170610.LBL
DATA/2017/20170611/,LEND_RDR_RSCI_20170611.LBL
DATA/2017/20170612/,LEND_RDR_RSCI_20170612.LBL
DATA/2017/20170613/,LEND_RDR_RSCI_20170613.LBL
DATA/2017/20170614/,LEND_RDR_RSCI_20170614.LBL
DATA/2017/20170615/,LEND_RDR_RSCI_20170615.LBL
DATA/2017/20170616/,LEND_RDR_RSCI_20170616.LBL
DATA/2017/20170617/,LEND_RDR_RSCI_20170617.LBL
DATA/2017/20170618/,LEND_RDR_RSCI_20170618.LBL
DATA/2017/20170619/,LEND_RDR_RSCI_20170619.LBL
DATA/2017/20170620/,LEND_RDR_RSCI_20170620.LBL
DATA/2017/20170621/,LEND_RDR_RSCI_20170621.LBL
DATA/2017/20170622/,LEND_RDR_RSCI_20170622.LBL
DATA/2017/20170623/,LEND_RDR_RSCI_20170623.LBL
DATA/2017/20170624/,LEND_RDR_RSCI_20170624.LBL
DATA/2017/20170625/,LEND_RDR_RSCI_20170625.LBL
DATA/2017/20170626/,LEND_RDR_RSCI_20170626.LBL
DATA/2017/20170627/,LEND_RDR_RSCI_20170627.LBL
DATA/2017/20170628/,LEND_RDR_RSCI_20170628.LBL
DATA/2017/20170629/,LEND_RDR_RSCI_20170629.LBL
DATA/2017/20170630/,LEND_RDR_RSCI_20170630.LBL
DATA/2017/20170701/,LEND_RDR_RSCI_20170701.LBL
DATA/2017/20170702/,LEND_RDR_RSCI_20170702.LBL
DATA/2017/20170703/,LEND_RDR_RSCI_20170703.LBL
DATA/2017/20170704/,LEND_RDR_RSCI_20170704.LBL
DATA/2017/20170705/,LEND_RDR_RSCI_20170705.LBL
DATA/2017/20170706/,LEND_RDR_RSCI_20170706.LBL
DATA/2017/20170707/,LEND_RDR_RSCI_20170707.LBL
DATA/2017/20170708/,LEND_RDR_RSCI_20170708.LBL
DATA/2017/20170709/,LEND_RDR_RSCI_20170709.LBL
DATA/2017/20170710/,LEND_RDR_RSCI_20170710.LBL
DATA/2017/20170711/,LEND_RDR_RSCI_20170711.LBL
DATA/2017/20170712/,LEND_RDR_RSCI_20170712.LBL
DATA/2017/20170713/,LEND_RDR_RSCI_20170713.LBL
DATA/2017/20170714/,LEND_RDR_RSCI_20170714.LBL
DATA/2017/20170715/,LEND_RDR_RSCI_20170715.LBL
DATA/2017/20170716/,LEND_RDR_RSCI_20170716.LBL
DATA/2017/20170717/,LEND_RDR_RSCI_20170717.LBL
DATA/2017/20170718/,LEND_RDR_RSCI_20170718.LBL
DATA/2017/20170719/,LEND_RDR_RSCI_20170719.LBL
DATA/2017/20170720/,LEND_RDR_RSCI_20170720.LBL
DATA/2017/20170721/,LEND_RDR_RSCI_20170721.LBL
DATA/2017/20170722/,LEND_RDR_RSCI_20170722.LBL
DATA/2017/20170723/,LEND_RDR_RSCI_20170723.LBL
DATA/2017/20170724/,LEND_RDR_RSCI_20170724.LBL
DATA/2017/20170725/,LEND_RDR_RSCI_20170725.LBL
DATA/2017/20170726/,LEND_RDR_RSCI_20170726.LBL
DATA/2017/20170727/,LEND_RDR_RSCI_20170727.LBL
DATA/2017/20170728/,LEND_RDR_RSCI_20170728.LBL
DATA/2017/20170729/,LEND_RDR_RSCI_20170729.LBL
DATA/2017/20170730/,LEND_RDR_RSCI_20170730.LBL
DATA/2017/20170731/,LEND_RDR_RSCI_20170731.LBL
DATA/2017/20170801/,LEND_RDR_RSCI_20170801.LBL
DATA/2017/20170802/,LEND_RDR_RSCI_20170802.LBL
DATA/2017/20170803/,LEND_RDR_RSCI_20170803.LBL
DATA/2017/20170804/,LEND_RDR_RSCI_20170804.LBL
DATA/2017/20170805/,LEND_RDR_RSCI_20170805.LBL
DATA/2017/20170806/,LEND_RDR_RSCI_20170806.LBL
DATA/2017/20170807/,LEND_RDR_RSCI_20170807.LBL
DATA/2017/20170808/,LEND_RDR_RSCI_20170808.LBL
DATA/2017/20170809/,LEND_RDR_RSCI_20170809.LBL
DATA/2017/20170810/,LEND_RDR_RSCI_20170810.LBL
DATA/2017/20170811/,LEND_RDR_RSCI_20170811.LBL
DATA/2017/20170812/,LEND_RDR_RSCI_20170812.LBL
DATA/2017/20170813/,LEND_RDR_RSCI_20170813.LBL
DATA/2017/20170814/,LEND_RDR_RSCI_20170814.LBL
DATA/2017/20170815/,LEND_RDR_RSCI_20170815.LBL
DATA/2017/20170816/,LEND_RDR_RSCI_20170816.LBL
DATA/2017/20170817/,LEND_RDR_RSCI_20170817.LBL
DATA/2017/20170818/,LEND_RDR_RSCI_20170818.LBL
DATA/2017/20170819/,LEND_RDR_RSCI_20170819.LBL
DATA/2017/20170820/,LEND_RDR_RSCI_20170820.LBL
DATA/2017/20170821/,LEND_RDR_RSCI_20170821.LBL
DATA/2017/20170822/,LEND_RDR_RSCI_20170822.LBL
DATA/2017/20170823/,LEND_RDR_RSCI_20170823.LBL
DATA/2017/20170824/,LEND_RDR_RSCI_20170824.LBL
DATA/2017/20170825/,LEND_RDR_RSCI_20170825.LBL
DATA/2017/20170826/,LEND_RDR_RSCI_20170826.LBL
DATA/2017/20170827/,LEND_RDR_RSCI_20170827.LBL
DATA/2017/20170828/,LEND_RDR_RSCI_20170828.LBL
DATA/2017/20170829/,LEND_RDR_RSCI_20170829.LBL
DATA/2017/20170830/,LEND_RDR_RSCI_20170830.LBL
DATA/2017/20170831/,LEND_RDR_RSCI_20170831.LBL
DATA/2017/20170901/,LEND_RDR_RSCI_20170901.LBL
DATA/2017/20170902/,LEND_RDR_RSCI_20170902.LBL
DATA/2017/20170903/,LEND_RDR_RSCI_20170903.LBL
DATA/2017/20170904/,LEND_RDR_RSCI_20170904.LBL
DATA/2017/20170905/,LEND_RDR_RSCI_20170905.LBL
DATA/2017/20170906/,LEND_RDR_RSCI_20170906.LBL
DATA/2017/20170907/,LEND_RDR_RSCI_20170907.LBL
DATA/2017/20170908/,LEND_RDR_RSCI_20170908.LBL
DATA/2017/20170909/,LEND_RDR_RSCI_20170909.LBL
DATA/2017/20170910/,LEND_RDR_RSCI_20170910.LBL
DATA/2017/20170911/,LEND_RDR_RSCI_20170911.LBL
DATA/2017/20170912/,LEND_RDR_RSCI_20170912.LBL
DATA/2017/20170913/,LEND_RDR_RSCI_20170913.LBL
DATA/2017/20170914/,LEND_RDR_RSCI_20170914.LBL
DATA/2017/20170915/,LEND_RDR_RSCI_20170915.LBL
DATA/2017/20170916/,LEND_RDR_RSCI_20170916.LBL
DATA/2017/20170917/,LEND_RDR_RSCI_20170917.LBL
DATA/2017/20170918/,LEND_RDR_RSCI_20170918.LBL
DATA/2017/20170919/,LEND_RDR_RSCI_20170919.LBL
DATA/2017/20170920/,LEND_RDR_RSCI_20170920.LBL
DATA/2017/20170921/,LEND_RDR_RSCI_20170921.LBL
DATA/2017/20170922/,LEND_RDR_RSCI_20170922.LBL
DATA/2017/20170923/,LEND_RDR_RSCI_20170923.LBL
DATA/2017/20170924/,LEND_RDR_RSCI_20170924.LBL
DATA/2017/20170925/,LEND_RDR_RSCI_20170925.LBL
DATA/2017/20170926/,LEND_RDR_RSCI_20170926.LBL
DATA/2017/20170927/,LEND_RDR_RSCI_20170927.LBL
DATA/2017/20170928/,LEND_RDR_RSCI_20170928.LBL
DATA/2017/20170929/,LEND_RDR_RSCI_20170929.LBL
DATA/2017/20170930/,LEND_RDR_RSCI_20170930.LBL
DATA/2017/20171001/,LEND_RDR_RSCI_20171001.LBL
DATA/2017/20171002/,LEND_RDR_RSCI_20171002.LBL
DATA/2017/20171003/,LEND_RDR_RSCI_20171003.LBL
DATA/2017/20171004/,LEND_RDR_RSCI_20171004.LBL
DATA/2017/20171005/,LEND_RDR_RSCI_20171005.LBL
DATA/2017/20171006/,LEND_RDR_RSCI_20171006.LBL
DATA/2017/20171007/,LEND_RDR_RSCI_20171007.LBL
DATA/2017/20171008/,LEND_RDR_RSCI_20171008.LBL
DATA/2017/20171009/,LEND_RDR_RSCI_20171009.LBL
DATA/2017/20171010/,LEND_RDR_RSCI_20171010.LBL
DATA/2017/20171011/,LEND_RDR_RSCI_20171011.LBL
DATA/2017/20171012/,LEND_RDR_RSCI_20171012.LBL
DATA/2017/20171013/,LEND_RDR_RSCI_20171013.LBL
DATA/2017/20171014/,LEND_RDR_RSCI_20171014.LBL
DATA/2017/20171015/,LEND_RDR_RSCI_20171015.LBL
DATA/2017/20171016/,LEND_RDR_RSCI_20171016.LBL
DATA/2017/20171017/,LEND_RDR_RSCI_20171017.LBL
DATA/2017/20171018/,LEND_RDR_RSCI_20171018.LBL
DATA/2017/20171019/,LEND_RDR_RSCI_20171019.LBL
DATA/2017/20171020/,LEND_RDR_RSCI_20171020.LBL
DATA/2017/20171021/,LEND_RDR_RSCI_20171021.LBL
DATA/2017/20171022/,LEND_RDR_RSCI_20171022.LBL
DATA/2017/20171023/,LEND_RDR_RSCI_20171023.LBL
DATA/2017/20171024/,LEND_RDR_RSCI_20171024.LBL
DATA/2017/20171025/,LEND_RDR_RSCI_20171025.LBL
DATA/2017/20171026/,LEND_RDR_RSCI_20171026.LBL
DATA/2017/20171027/,LEND_RDR_RSCI_20171027.LBL
DATA/2017/20171028/,LEND_RDR_RSCI_20171028.LBL
DATA/2017/20171029/,LEND_RDR_RSCI_20171029.LBL
DATA/2017/20171030/,LEND_RDR_RSCI_20171030.LBL
DATA/2017/20171031/,LEND_RDR_RSCI_20171031.LBL
DATA/2017/20171101/,LEND_RDR_RSCI_20171101.LBL
DATA/2017/20171102/,LEND_RDR_RSCI_20171102.LBL
DATA/2017/20171103/,LEND_RDR_RSCI_20171103.LBL
DATA/2017/20171104/,LEND_RDR_RSCI_20171104.LBL
DATA/2017/20171105/,LEND_RDR_RSCI_20171105.LBL
DATA/2017/20171106/,LEND_RDR_RSCI_20171106.LBL
DATA/2017/20171107/,LEND_RDR_RSCI_20171107.LBL
DATA/2017/20171108/,LEND_RDR_RSCI_20171108.LBL
DATA/2017/20171109/,LEND_RDR_RSCI_20171109.LBL
DATA/2017/20171110/,LEND_RDR_RSCI_20171110.LBL
DATA/2017/20171111/,LEND_RDR_RSCI_20171111.LBL
DATA/2017/20171112/,LEND_RDR_RSCI_20171112.LBL
DATA/2017/20171113/,LEND_RDR_RSCI_20171113.LBL
DATA/2017/20171114/,LEND_RDR_RSCI_20171114.LBL
DATA/2017/20171115/,LEND_RDR_RSCI_20171115.LBL
DATA/2017/20171116/,LEND_RDR_RSCI_20171116.LBL
DATA/2017/20171117/,LEND_RDR_RSCI_20171117.LBL
DATA/2017/20171118/,LEND_RDR_RSCI_20171118.LBL
DATA/2017/20171119/,LEND_RDR_RSCI_20171119.LBL
DATA/2017/20171120/,LEND_RDR_RSCI_20171120.LBL
DATA/2017/20171121/,LEND_RDR_RSCI_20171121.LBL
DATA/2017/20171122/,LEND_RDR_RSCI_20171122.LBL
DATA/2017/20171123/,LEND_RDR_RSCI_20171123.LBL
DATA/2017/20171124/,LEND_RDR_RSCI_20171124.LBL
DATA/2017/20171125/,LEND_RDR_RSCI_20171125.LBL
DATA/2017/20171126/,LEND_RDR_RSCI_20171126.LBL
DATA/2017/20171127/,LEND_RDR_RSCI_20171127.LBL
DATA/2017/20171128/,LEND_RDR_RSCI_20171128.LBL
DATA/2017/20171129/,LEND_RDR_RSCI_20171129.LBL
DATA/2017/20171130/,LEND_RDR_RSCI_20171130.LBL
DATA/2017/20171201/,LEND_RDR_RSCI_20171201.LBL
DATA/2017/20171202/,LEND_RDR_RSCI_20171202.LBL
DATA/2017/20171203/,LEND_RDR_RSCI_20171203.LBL
DATA/2017/20171204/,LEND_RDR_RSCI_20171204.LBL
DATA/2017/20171205/,LEND_RDR_RSCI_20171205.LBL
DATA/2017/20171206/,LEND_RDR_RSCI_20171206.LBL
DATA/2017/20171207/,LEND_RDR_RSCI_20171207.LBL
DATA/2017/20171208/,LEND_RDR_RSCI_20171208.LBL
DATA/2017/20171209/,LEND_RDR_RSCI_20171209.LBL
DATA/2017/20171210/,LEND_RDR_RSCI_20171210.LBL
DATA/2017/20171211/,LEND_RDR_RSCI_20171211.LBL
DATA/2017/20171212/,LEND_RDR_RSCI_20171212.LBL
DATA/2017/20171213/,LEND_RDR_RSCI_20171213.LBL
DATA/2017/20171214/,LEND_RDR_RSCI_20171214.LBL
DATA/2017/20171215/,LEND_RDR_RSCI_20171215.LBL
DATA/2017/20171216/,LEND_RDR_RSCI_20171216.LBL
DATA/2017/20171217/,LEND_RDR_RSCI_20171217.LBL
DATA/2017/20171218/,LEND_RDR_RSCI_20171218.LBL
DATA/2017/20171219/,LEND_RDR_RSCI_20171219.LBL
DATA/2017/20171220/,LEND_RDR_RSCI_20171220.LBL
DATA/2017/20171221/,LEND_RDR_RSCI_20171221.LBL
DATA/2017/20171222/,LEND_RDR_RSCI_20171222.LBL
DATA/2017/20171223/,LEND_RDR_RSCI_20171223.LBL
DATA/2017/20171224/,LEND_RDR_RSCI_20171224.LBL
DATA/2017/20171225/,LEND_RDR_RSCI_20171225.LBL
DATA/2017/20171226/,LEND_RDR_RSCI_20171226.LBL
DATA/2017/20171227/,LEND_RDR_RSCI_20171227.LBL
DATA/2017/20171228/,LEND_RDR_RSCI_20171228.LBL
DATA/2017/20171229/,LEND_RDR_RSCI_20171229.LBL
DATA/2017/20171230/,LEND_RDR_RSCI_20171230.LBL
DATA/2017/20171231/,LEND_RDR_RSCI_20171231.LBL
DATA/2018/20180101/,LEND_RDR_RSCI_20180101.LBL
DATA/2018/20180102/,LEND_RDR_RSCI_20180102.LBL
DATA/2018/20180103/,LEND_RDR_RSCI_20180103.LBL
DATA/2018/20180104/,LEND_RDR_RSCI_20180104.LBL
DATA/2018/20180105/,LEND_RDR_RSCI_20180105.LBL
DATA/2018/20180106/,LEND_RDR_RSCI_20180106.LBL
DATA/2018/20180107/,LEND_RDR_RSCI_20180107.LBL
DATA/2018/20180108/,LEND_RDR_RSCI_20180108.LBL
DATA/2018/20180109/,LEND_RDR_RSCI_20180109.LBL
DATA/2018/20180110/,LEND_RDR_RSCI_20180110.LBL
DATA/2018/20180111/,LEND_RDR_RSCI_20180111.LBL
DATA/2018/20180112/,LEND_RDR_RSCI_20180112.LBL
DATA/2018/20180113/,LEND_RDR_RSCI_20180113.LBL
DATA/2018/20180114/,LEND_RDR_RSCI_20180114.LBL
DATA/2018/20180115/,LEND_RDR_RSCI_20180115.LBL
DATA/2018/20180116/,LEND_RDR_RSCI_20180116.LBL
DATA/2018/20180117/,LEND_RDR_RSCI_20180117.LBL
DATA/2018/20180118/,LEND_RDR_RSCI_20180118.LBL
DATA/2018/20180119/,LEND_RDR_RSCI_20180119.LBL
DATA/2018/20180120/,LEND_RDR_RSCI_20180120.LBL
DATA/2018/20180121/,LEND_RDR_RSCI_20180121.LBL
DATA/2018/20180122/,LEND_RDR_RSCI_20180122.LBL
DATA/2018/20180123/,LEND_RDR_RSCI_20180123.LBL
DATA/2018/20180124/,LEND_RDR_RSCI_20180124.LBL
DATA/2018/20180125/,LEND_RDR_RSCI_20180125.LBL
DATA/2018/20180126/,LEND_RDR_RSCI_20180126.LBL
DATA/2018/20180127/,LEND_RDR_RSCI_20180127.LBL
DATA/2018/20180128/,LEND_RDR_RSCI_20180128.LBL
DATA/2018/20180129/,LEND_RDR_RSCI_20180129.LBL
DATA/2018/20180130/,LEND_RDR_RSCI_20180130.LBL
DATA/2018/20180131/,LEND_RDR_RSCI_20180131.LBL
DATA/2018/20180201/,LEND_RDR_RSCI_20180201.LBL
DATA/2018/20180202/,LEND_RDR_RSCI_20180202.LBL
DATA/2018/20180203/,LEND_RDR_RSCI_20180203.LBL
DATA/2018/20180204/,LEND_RDR_RSCI_20180204.LBL
DATA/2018/20180205/,LEND_RDR_RSCI_20180205.LBL
DATA/2018/20180206/,LEND_RDR_RSCI_20180206.LBL
DATA/2018/20180207/,LEND_RDR_RSCI_20180207.LBL
DATA/2018/20180208/,LEND_RDR_RSCI_20180208.LBL
DATA/2018/20180209/,LEND_RDR_RSCI_20180209.LBL
DATA/2018/20180210/,LEND_RDR_RSCI_20180210.LBL
DATA/2018/20180211/,LEND_RDR_RSCI_20180211.LBL
DATA/2018/20180212/,LEND_RDR_RSCI_20180212.LBL
DATA/2018/20180213/,LEND_RDR_RSCI_20180213.LBL
DATA/2018/20180214/,LEND_RDR_RSCI_20180214.LBL
DATA/2018/20180215/,LEND_RDR_RSCI_20180215.LBL
DATA/2018/20180216/,LEND_RDR_RSCI_20180216.LBL
DATA/2018/20180217/,LEND_RDR_RSCI_20180217.LBL
DATA/2018/20180218/,LEND_RDR_RSCI_20180218.LBL
DATA/2018/20180219/,LEND_RDR_RSCI_20180219.LBL
DATA/2018/20180220/,LEND_RDR_RSCI_20180220.LBL
DATA/2018/20180221/,LEND_RDR_RSCI_20180221.LBL
DATA/2018/20180222/,LEND_RDR_RSCI_20180222.LBL
DATA/2018/20180223/,LEND_RDR_RSCI_20180223.LBL
DATA/2018/20180224/,LEND_RDR_RSCI_20180224.LBL
DATA/2018/20180225/,LEND_RDR_RSCI_20180225.LBL
DATA/2018/20180226/,LEND_RDR_RSCI_20180226.LBL
DATA/2018/20180227/,LEND_RDR_RSCI_20180227.LBL
DATA/2018/20180228/,LEND_RDR_RSCI_20180228.LBL
DATA/2018/20180301/,LEND_RDR_RSCI_20180301.LBL
DATA/2018/20180302/,LEND_RDR_RSCI_20180302.LBL
DATA/2018/20180303/,LEND_RDR_RSCI_20180303.LBL
DATA/2018/20180304/,LEND_RDR_RSCI_20180304.LBL
DATA/2018/20180305/,LEND_RDR_RSCI_20180305.LBL
DATA/2018/20180306/,LEND_RDR_RSCI_20180306.LBL
DATA/2018/20180307/,LEND_RDR_RSCI_20180307.LBL
DATA/2018/20180308/,LEND_RDR_RSCI_20180308.LBL
DATA/2018/20180309/,LEND_RDR_RSCI_20180309.LBL
DATA/2018/20180310/,LEND_RDR_RSCI_20180310.LBL
DATA/2018/20180311/,LEND_RDR_RSCI_20180311.LBL
DATA/2018/20180312/,LEND_RDR_RSCI_20180312.LBL
DATA/2018/20180313/,LEND_RDR_RSCI_20180313.LBL
DATA/2018/20180314/,LEND_RDR_RSCI_20180314.LBL
DATA/2018/20180315/,LEND_RDR_RSCI_20180315.LBL
DATA/2018/20180316/,LEND_RDR_RSCI_20180316.LBL
DATA/2018/20180317/,LEND_RDR_RSCI_20180317.LBL
DATA/2018/20180318/,LEND_RDR_RSCI_20180318.LBL
DATA/2018/20180319/,LEND_RDR_RSCI_20180319.LBL
DATA/2018/20180320/,LEND_RDR_RSCI_20180320.LBL
DATA/2018/20180321/,LEND_RDR_RSCI_20180321.LBL
DATA/2018/20180322/,LEND_RDR_RSCI_20180322.LBL
DATA/2018/20180323/,LEND_RDR_RSCI_20180323.LBL
DATA/2018/20180324/,LEND_RDR_RSCI_20180324.LBL
DATA/2018/20180325/,LEND_RDR_RSCI_20180325.LBL
DATA/2018/20180326/,LEND_RDR_RSCI_20180326.LBL
DATA/2018/20180327/,LEND_RDR_RSCI_20180327.LBL
DATA/2018/20180328/,LEND_RDR_RSCI_20180328.LBL
DATA/2018/20180329/,LEND_RDR_RSCI_20180329.LBL
DATA/2018/20180330/,LEND_RDR_RSCI_20180330.LBL
DATA/2018/20180331/,LEND_RDR_RSCI_20180331.LBL
DATA/2018/20180401/,LEND_RDR_RSCI_20180401.LBL
DATA/2018/20180402/,LEND_RDR_RSCI_20180402.LBL
DATA/2018/20180403/,LEND_RDR_RSCI_20180403.LBL
DATA/2018/20180404/,LEND_RDR_RSCI_20180404.LBL
DATA/2018/20180405/,LEND_RDR_RSCI_20180405.LBL
DATA/2018/20180406/,LEND_RDR_RSCI_20180406.LBL
DATA/2018/20180407/,LEND_RDR_RSCI_20180407.LBL
DATA/2018/20180408/,LEND_RDR_RSCI_20180408.LBL
DATA/2018/20180409/,LEND_RDR_RSCI_20180409.LBL
DATA/2018/20180410/,LEND_RDR_RSCI_20180410.LBL
DATA/2018/20180411/,LEND_RDR_RSCI_20180411.LBL
DATA/2018/20180412/,LEND_RDR_RSCI_20180412.LBL
DATA/2018/20180413/,LEND_RDR_RSCI_20180413.LBL
DATA/2018/20180414/,LEND_RDR_RSCI_20180414.LBL
DATA/2018/20180415/,LEND_RDR_RSCI_20180415.LBL
DATA/2018/20180416/,LEND_RDR_RSCI_20180416.LBL
DATA/2018/20180417/,LEND_RDR_RSCI_20180417.LBL
DATA/2018/20180418/,LEND_RDR_RSCI_20180418.LBL
DATA/2018/20180419/,LEND_RDR_RSCI_20180419.LBL
DATA/2018/20180420/,LEND_RDR_RSCI_20180420.LBL
DATA/2018/20180421/,LEND_RDR_RSCI_20180421.LBL
DATA/2018/20180422/,LEND_RDR_RSCI_20180422.LBL
DATA/2018/20180423/,LEND_RDR_RSCI_20180423.LBL
DATA/2018/20180424/,LEND_RDR_RSCI_20180424.LBL
DATA/2018/20180425/,LEND_RDR_RSCI_20180425.LBL
DATA/2018/20180426/,LEND_RDR_RSCI_20180426.LBL
DATA/2018/20180427/,LEND_RDR_RSCI_20180427.LBL
DATA/2018/20180428/,LEND_RDR_RSCI_20180428.LBL
DATA/2018/20180429/,LEND_RDR_RSCI_20180429.LBL
DATA/2018/20180430/,LEND_RDR_RSCI_20180430.LBL
DATA/2018/20180501/,LEND_RDR_RSCI_20180501.LBL
DATA/2018/20180502/,LEND_RDR_RSCI_20180502.LBL
DATA/2018/20180503/,LEND_RDR_RSCI_20180503.LBL
DATA/2018/20180504/,LEND_RDR_RSCI_20180504.LBL
DATA/2018/20180505/,LEND_RDR_RSCI_20180505.LBL
DATA/2018/20180506/,LEND_RDR_RSCI_20180506.LBL
DATA/2018/20180507/,LEND_RDR_RSCI_20180507.LBL
DATA/2018/20180508/,LEND_RDR_RSCI_20180508.LBL
DATA/2018/20180509/,LEND_RDR_RSCI_20180509.LBL
DATA/2018/20180510/,LEND_RDR_RSCI_20180510.LBL
DATA/2018/20180511/,LEND_RDR_RSCI_20180511.LBL
DATA/2018/20180512/,LEND_RDR_RSCI_20180512.LBL
DATA/2018/20180513/,LEND_RDR_RSCI_20180513.LBL
DATA/2018/20180514/,LEND_RDR_RSCI_20180514.LBL
DATA/2018/20180515/,LEND_RDR_RSCI_20180515.LBL
DATA/2018/20180516/,LEND_RDR_RSCI_20180516.LBL
DATA/2018/20180517/,LEND_RDR_RSCI_20180517.LBL
DATA/2018/20180518/,LEND_RDR_RSCI_20180518.LBL
DATA/2018/20180519/,LEND_RDR_RSCI_20180519.LBL
DATA/2018/20180520/,LEND_RDR_RSCI_20180520.LBL
DATA/2018/20180521/,LEND_RDR_RSCI_20180521.LBL
DATA/2018/20180522/,LEND_RDR_RSCI_20180522.LBL
DATA/2018/20180523/,LEND_RDR_RSCI_20180523.LBL
DATA/2018/20180524/,LEND_RDR_RSCI_20180524.LBL
DATA/2018/20180525/,LEND_RDR_RSCI_20180525.LBL
DATA/2018/20180526/,LEND_RDR_RSCI_20180526.LBL
DATA/2018/20180527/,LEND_RDR_RSCI_20180527.LBL
DATA/2018/20180528/,LEND_RDR_RSCI_20180528.LBL
DATA/2018/20180529/,LEND_RDR_RSCI_20180529.LBL
DATA/2018/20180530/,LEND_RDR_RSCI_20180530.LBL
DATA/2018/20180531/,LEND_RDR_RSCI_20180531.LBL
DATA/2018/20180601/,LEND_RDR_RSCI_20180601.LBL
DATA/2018/20180602/,LEND_RDR_RSCI_20180602.LBL
DATA/2018/20180603/,LEND_RDR_RSCI_20180603.LBL
DATA/2018/20180604/,LEND_RDR_RSCI_20180604.LBL
DATA/2018/20180605/,LEND_RDR_RSCI_20180605.LBL
DATA/2018/20180606/,LEND_RDR_RSCI_20180606.LBL
DATA/2018/20180607/,LEND_RDR_RSCI_20180607.LBL
DATA/2018/20180608/,LEND_RDR_RSCI_20180608.LBL
DATA/2018/20180609/,LEND_RDR_RSCI_20180609.LBL
DATA/2018/20180610/,LEND_RDR_RSCI_20180610.LBL
DATA/2018/20180611/,LEND_RDR_RSCI_20180611.LBL
DATA/2018/20180612/,LEND_RDR_RSCI_20180612.LBL
DATA/2018/20180613/,LEND_RDR_RSCI_20180613.LBL
DATA/2018/20180614/,LEND_RDR_RSCI_20180614.LBL
DATA/2018/20180615/,LEND_RDR_RSCI_20180615.LBL
DATA/2018/20180616/,LEND_RDR_RSCI_20180616.LBL
DATA/2018/20180617/,LEND_RDR_RSCI_20180617.LBL
DATA/2018/20180618/,LEND_RDR_RSCI_20180618.LBL
DATA/2018/20180619/,LEND_RDR_RSCI_20180619.LBL
DATA/2018/20180620/,LEND_RDR_RSCI_20180620.LBL
DATA/2018/20180621/,LEND_RDR_RSCI_20180621.LBL
DATA/2018/20180622/,LEND_RDR_RSCI_20180622.LBL
DATA/2018/20180623/,LEND_RDR_RSCI_20180623.LBL
DATA/2018/20180624/,LEND_RDR_RSCI_20180624.LBL
DATA/2018/20180625/,LEND_RDR_RSCI_20180625.LBL
DATA/2018/20180626/,LEND_RDR_RSCI_20180626.LBL
DATA/2018/20180627/,LEND_RDR_RSCI_20180627.LBL
DATA/2018/20180628/,LEND_RDR_RSCI_20180628.LBL
DATA/2018/20180629/,LEND_RDR_RSCI_20180629.LBL
DATA/2018/20180630/,LEND_RDR_RSCI_20180630.LBL
DATA/2018/20180701/,LEND_RDR_RSCI_20180701.LBL
DATA/2018/20180702/,LEND_RDR_RSCI_20180702.LBL
DATA/2018/20180703/,LEND_RDR_RSCI_20180703.LBL
DATA/2018/20180704/,LEND_RDR_RSCI_20180704.LBL
DATA/2018/20180705/,LEND_RDR_RSCI_20180705.LBL
DATA/2018/20180706/,LEND_RDR_RSCI_20180706.LBL
DATA/2018/20180707/,LEND_RDR_RSCI_20180707.LBL
DATA/2018/20180708/,LEND_RDR_RSCI_20180708.LBL
DATA/2018/20180709/,LEND_RDR_RSCI_20180709.LBL
DATA/2018/20180710/,LEND_RDR_RSCI_20180710.LBL
DATA/2018/20180711/,LEND_RDR_RSCI_20180711.LBL
DATA/2018/20180712/,LEND_RDR_RSCI_20180712.LBL
DATA/2018/20180713/,LEND_RDR_RSCI_20180713.LBL
DATA/2018/20180714/,LEND_RDR_RSCI_20180714.LBL
DATA/2018/20180715/,LEND_RDR_RSCI_20180715.LBL
DATA/2018/20180716/,LEND_RDR_RSCI_20180716.LBL
DATA/2018/20180717/,LEND_RDR_RSCI_20180717.LBL
DATA/2018/20180718/,LEND_RDR_RSCI_20180718.LBL
DATA/2018/20180719/,LEND_RDR_RSCI_20180719.LBL
DATA/2018/20180720/,LEND_RDR_RSCI_20180720.LBL
DATA/2018/20180721/,LEND_RDR_RSCI_20180721.LBL
DATA/2018/20180722/,LEND_RDR_RSCI_20180722.LBL
DATA/2018/20180723/,LEND_RDR_RSCI_20180723.LBL
DATA/2018/20180724/,LEND_RDR_RSCI_20180724.LBL
DATA/2018/20180725/,LEND_RDR_RSCI_20180725.LBL
DATA/2018/20180726/,LEND_RDR_RSCI_20180726.LBL
DATA/2018/20180727/,LEND_RDR_RSCI_20180727.LBL
DATA/2018/20180730/,LEND_RDR_RSCI_20180730.LBL
DATA/2018/20180731/,LEND_RDR_RSCI_20180731.LBL
DATA/2018/20180801/,LEND_RDR_RSCI_20180801.LBL
DATA/2018/20180802/,LEND_RDR_RSCI_20180802.LBL
DATA/2018/20180803/,LEND_RDR_RSCI_20180803.LBL
DATA/2018/20180804/,LEND_RDR_RSCI_20180804.LBL
DATA/2018/20180805/,LEND_RDR_RSCI_20180805.LBL
DATA/2018/20180806/,LEND_RDR_RSCI_20180806.LBL
DATA/2018/20180807/,LEND_RDR_RSCI_20180807.LBL
DATA/2018/20180808/,LEND_RDR_RSCI_20180808.LBL
DATA/2018/20180809/,LEND_RDR_RSCI_20180809.LBL
DATA/2018/20180810/,LEND_RDR_RSCI_20180810.LBL
DATA/2018/20180811/,LEND_RDR_RSCI_20180811.LBL
DATA/2018/20180812/,LEND_RDR_RSCI_20180812.LBL
DATA/2018/20180813/,LEND_RDR_RSCI_20180813.LBL
DATA/2018/20180814/,LEND_RDR_RSCI_20180814.LBL
DATA/2018/20180815/,LEND_RDR_RSCI_20180815.LBL
DATA/2018/20180816/,LEND_RDR_RSCI_20180816.LBL
DATA/2018/20180817/,LEND_RDR_RSCI_20180817.LBL
DATA/2018/20180818/,LEND_RDR_RSCI_20180818.LBL
DATA/2018/20180819/,LEND_RDR_RSCI_20180819.LBL
DATA/2018/20180820/,LEND_RDR_RSCI_20180820.LBL
DATA/2018/20180821/,LEND_RDR_RSCI_20180821.LBL
DATA/2018/20180822/,LEND_RDR_RSCI_20180822.LBL
DATA/2018/20180823/,LEND_RDR_RSCI_20180823.LBL
DATA/2018/20180824/,LEND_RDR_RSCI_20180824.LBL
DATA/2018/20180825/,LEND_RDR_RSCI_20180825.LBL
DATA/2018/20180826/,LEND_RDR_RSCI_20180826.LBL
DATA/2018/20180827/,LEND_RDR_RSCI_20180827.LBL
DATA/2018/20180828/,LEND_RDR_RSCI_20180828.LBL
DATA/2018/20180829/,LEND_RDR_RSCI_20180829.LBL
DATA/2018/20180830/,LEND_RDR_RSCI_20180830.LBL
DATA/2018/20180831/,LEND_RDR_RSCI_20180831.LBL
DATA/2018/20180901/,LEND_RDR_RSCI_20180901.LBL
DATA/2018/20180902/,LEND_RDR_RSCI_20180902.LBL
DATA/2018/20180903/,LEND_RDR_RSCI_20180903.LBL
DATA/2018/20180904/,LEND_RDR_RSCI_20180904.LBL
DATA/2018/20180905/,LEND_RDR_RSCI_20180905.LBL
DATA/2018/20180906/,LEND_RDR_RSCI_20180906.LBL
DATA/2018/20180907/,LEND_RDR_RSCI_20180907.LBL
DATA/2018/20180908/,LEND_RDR_RSCI_20180908.LBL
DATA/2018/20180909/,LEND_RDR_RSCI_20180909.LBL
DATA/2018/20180910/,LEND_RDR_RSCI_20180910.LBL
DATA/2018/20180911/,LEND_RDR_RSCI_20180911.LBL
DATA/2018/20180912/,LEND_RDR_RSCI_20180912.LBL
DATA/2018/20180913/,LEND_RDR_RSCI_20180913.LBL
DATA/2018/20180914/,LEND_RDR_RSCI_20180914.LBL
DATA/2018/20180915/,LEND_RDR_RSCI_20180915.LBL
DATA/2018/20180916/,LEND_RDR_RSCI_20180916.LBL
DATA/2018/20180917/,LEND_RDR_RSCI_20180917.LBL
DATA/2018/20180918/,LEND_RDR_RSCI_20180918.LBL
DATA/2018/20180919/,LEND_RDR_RSCI_20180919.LBL
DATA/2018/20180920/,LEND_RDR_RSCI_20180920.LBL
DATA/2018/20180921/,LEND_RDR_RSCI_20180921.LBL
DATA/2018/20180922/,LEND_RDR_RSCI_20180922.LBL
DATA/2018/20180923/,LEND_RDR_RSCI_20180923.LBL
DATA/2018/20180924/,LEND_RDR_RSCI_20180924.LBL
DATA/2018/20180925/,LEND_RDR_RSCI_20180925.LBL
DATA/2018/20180926/,LEND_RDR_RSCI_20180926.LBL
DATA/2018/20180927/,LEND_RDR_RSCI_20180927.LBL
DATA/2018/20180928/,LEND_RDR_RSCI_20180928.LBL
DATA/2018/20180929/,LEND_RDR_RSCI_20180929.LBL
DATA/2018/20180930/,LEND_RDR_RSCI_20180930.LBL
DATA/2018/20181001/,LEND_RDR_RSCI_20181001.LBL
DATA/2018/20181002/,LEND_RDR_RSCI_20181002.LBL
DATA/2018/20181003/,LEND_RDR_RSCI_20181003.LBL
DATA/2018/20181004/,LEND_RDR_RSCI_20181004.LBL
DATA/2018/20181005/,LEND_RDR_RSCI_20181005.LBL
DATA/2018/20181006/,LEND_RDR_RSCI_20181006.LBL
DATA/2018/20181007/,LEND_RDR_RSCI_20181007.LBL
DATA/2018/20181008/,LEND_RDR_RSCI_20181008.LBL
DATA/2018/20181009/,LEND_RDR_RSCI_20181009.LBL
DATA/2018/20181010/,LEND_RDR_RSCI_20181010.LBL
DATA/2018/20181011/,LEND_RDR_RSCI_20181011.LBL
DATA/2018/20181012/,LEND_RDR_RSCI_20181012.LBL
DATA/2018/20181013/,LEND_RDR_RSCI_20181013.LBL
DATA/2018/20181014/,LEND_RDR_RSCI_20181014.LBL
DATA/2018/20181015/,LEND_RDR_RSCI_20181015.LBL
DATA/2018/20181016/,LEND_RDR_RSCI_20181016.LBL
DATA/2018/20181017/,LEND_RDR_RSCI_20181017.LBL
DATA/2018/20181018/,LEND_RDR_RSCI_20181018.LBL
DATA/2018/20181019/,LEND_RDR_RSCI_20181019.LBL
DATA/2018/20181020/,LEND_RDR_RSCI_20181020.LBL
DATA/2018/20181021/,LEND_RDR_RSCI_20181021.LBL
DATA/2018/20181022/,LEND_RDR_RSCI_20181022.LBL
DATA/2018/20181023/,LEND_RDR_RSCI_20181023.LBL
DATA/2018/20181024/,LEND_RDR_RSCI_20181024.LBL
DATA/2018/20181025/,LEND_RDR_RSCI_20181025.LBL
DATA/2018/20181026/,LEND_RDR_RSCI_20181026.LBL
DATA/2018/20181027/,LEND_RDR_RSCI_20181027.LBL
DATA/2018/20181028/,LEND_RDR_RSCI_20181028.LBL
DATA/2018/20181029/,LEND_RDR_RSCI_20181029.LBL
DATA/2018/20181030/,LEND_RDR_RSCI_20181030.LBL
DATA/2018/20181031/,LEND_RDR_RSCI_20181031.LBL
DATA/2018/20181101/,LEND_RDR_RSCI_20181101.LBL
DATA/2018/20181102/,LEND_RDR_RSCI_20181102.LBL
DATA/2018/20181103/,LEND_RDR_RSCI_20181103.LBL
DATA/2018/20181104/,LEND_RDR_RSCI_20181104.LBL
DATA/2018/20181105/,LEND_RDR_RSCI_20181105.LBL
DATA/2018/20181106/,LEND_RDR_RSCI_20181106.LBL
DATA/2018/20181107/,LEND_RDR_RSCI_20181107.LBL
DATA/2018/20181108/,LEND_RDR_RSCI_20181108.LBL
DATA/2018/20181109/,LEND_RDR_RSCI_20181109.LBL
DATA/2018/20181110/,LEND_RDR_RSCI_20181110.LBL
DATA/2018/20181111/,LEND_RDR_RSCI_20181111.LBL
DATA/2018/20181112/,LEND_RDR_RSCI_20181112.LBL
DATA/2018/20181113/,LEND_RDR_RSCI_20181113.LBL
DATA/2018/20181114/,LEND_RDR_RSCI_20181114.LBL
DATA/2018/20181115/,LEND_RDR_RSCI_20181115.LBL
DATA/2018/20181116/,LEND_RDR_RSCI_20181116.LBL
DATA/2018/20181117/,LEND_RDR_RSCI_20181117.LBL
DATA/2018/20181118/,LEND_RDR_RSCI_20181118.LBL
DATA/2018/20181119/,LEND_RDR_RSCI_20181119.LBL
DATA/2018/20181120/,LEND_RDR_RSCI_20181120.LBL
DATA/2018/20181121/,LEND_RDR_RSCI_20181121.LBL
DATA/2018/20181122/,LEND_RDR_RSCI_20181122.LBL
DATA/2018/20181123/,LEND_RDR_RSCI_20181123.LBL
DATA/2018/20181124/,LEND_RDR_RSCI_20181124.LBL
DATA/2018/20181125/,LEND_RDR_RSCI_20181125.LBL
DATA/2018/20181126/,LEND_RDR_RSCI_20181126.LBL
DATA/2018/20181127/,LEND_RDR_RSCI_20181127.LBL
DATA/2018/20181128/,LEND_RDR_RSCI_20181128.LBL
DATA/2018/20181129/,LEND_RDR_RSCI_20181129.LBL
DATA/2018/20181130/,LEND_RDR_RSCI_20181130.LBL
DATA/2018/20181201/,LEND_RDR_RSCI_20181201.LBL
DATA/2018/20181202/,LEND_RDR_RSCI_20181202.LBL
DATA/2018/20181203/,LEND_RDR_RSCI_20181203.LBL
DATA/2018/20181204/,LEND_RDR_RSCI_20181204.LBL
DATA/2018/20181205/,LEND_RDR_RSCI_20181205.LBL
DATA/2018/20181206/,LEND_RDR_RSCI_20181206.LBL
DATA/2018/20181207/,LEND_RDR_RSCI_20181207.LBL
DATA/2018/20181208/,LEND_RDR_RSCI_20181208.LBL
DATA/2018/20181209/,LEND_RDR_RSCI_20181209.LBL
DATA/2018/20181210/,LEND_RDR_RSCI_20181210.LBL
DATA/2018/20181211/,LEND_RDR_RSCI_20181211.LBL
DATA/2018/20181212/,LEND_RDR_RSCI_20181212.LBL
DATA/2018/20181213/,LEND_RDR_RSCI_20181213.LBL
DATA/2018/20181214/,LEND_RDR_RSCI_20181214.LBL
DATA/2018/20181215/,LEND_RDR_RSCI_20181215.LBL
DATA/2018/20181216/,LEND_RDR_RSCI_20181216.LBL
DATA/2018/20181217/,LEND_RDR_RSCI_20181217.LBL
DATA/2018/20181218/,LEND_RDR_RSCI_20181218.LBL
DATA/2018/20181219/,LEND_RDR_RSCI_20181219.LBL
DATA/2018/20181220/,LEND_RDR_RSCI_20181220.LBL
DATA/2018/20181221/,LEND_RDR_RSCI_20181221.LBL
DATA/2018/20181222/,LEND_RDR_RSCI_20181222.LBL
DATA/2018/20181223/,LEND_RDR_RSCI_20181223.LBL
DATA/2018/20181224/,LEND_RDR_RSCI_20181224.LBL
DATA/2018/20181225/,LEND_RDR_RSCI_20181225.LBL
DATA/2018/20181226/,LEND_RDR_RSCI_20181226.LBL
DATA/2018/20181227/,LEND_RDR_RSCI_20181227.LBL
DATA/2018/20181228/,LEND_RDR_RSCI_20181228.LBL
DATA/2018/20181229/,LEND_RDR_RSCI_20181229.LBL
DATA/2018/20181230/,LEND_RDR_RSCI_20181230.LBL
DATA/2018/20181231/,LEND_RDR_RSCI_20181231.LBL
DATA/2019/20190101/,LEND_RDR_RSCI_20190101.LBL
DATA/2019/20190102/,LEND_RDR_RSCI_20190102.LBL
DATA/2019/20190103/,LEND_RDR_RSCI_20190103.LBL
DATA/2019/20190104/,LEND_RDR_RSCI_20190104.LBL
DATA/2019/20190105/,LEND_RDR_RSCI_20190105.LBL
DATA/2019/20190106/,LEND_RDR_RSCI_20190106.LBL
DATA/2019/20190107/,LEND_RDR_RSCI_20190107.LBL
DATA/2019/20190108/,LEND_RDR_RSCI_20190108.LBL
DATA/2019/20190109/,LEND_RDR_RSCI_20190109.LBL
DATA/2019/20190110/,LEND_RDR_RSCI_20190110.LBL
DATA/2019/20190111/,LEND_RDR_RSCI_20190111.LBL
DATA/2019/20190112/,LEND_RDR_RSCI_20190112.LBL
DATA/2019/20190113/,LEND_RDR_RSCI_20190113.LBL
DATA/2019/20190114/,LEND_RDR_RSCI_20190114.LBL
DATA/2019/20190115/,LEND_RDR_RSCI_20190115.LBL
DATA/2019/20190116/,LEND_RDR_RSCI_20190116.LBL
DATA/2019/20190117/,LEND_RDR_RSCI_20190117.LBL
DATA/2019/20190118/,LEND_RDR_RSCI_20190118.LBL
DATA/2019/20190119/,LEND_RDR_RSCI_20190119.LBL
DATA/2019/20190120/,LEND_RDR_RSCI_20190120.LBL
DATA/2019/20190121/,LEND_RDR_RSCI_20190121.LBL
DATA/2019/20190122/,LEND_RDR_RSCI_20190122.LBL
DATA/2019/20190123/,LEND_RDR_RSCI_20190123.LBL
DATA/2019/20190124/,LEND_RDR_RSCI_20190124.LBL
DATA/2019/20190125/,LEND_RDR_RSCI_20190125.LBL
DATA/2019/20190126/,LEND_RDR_RSCI_20190126.LBL
DATA/2019/20190127/,LEND_RDR_RSCI_20190127.LBL
DATA/2019/20190128/,LEND_RDR_RSCI_20190128.LBL
DATA/2019/20190129/,LEND_RDR_RSCI_20190129.LBL
DATA/2019/20190130/,LEND_RDR_RSCI_20190130.LBL
DATA/2019/20190131/,LEND_RDR_RSCI_20190131.LBL
DATA/2019/20190201/,LEND_RDR_RSCI_20190201.LBL
DATA/2019/20190202/,LEND_RDR_RSCI_20190202.LBL
DATA/2019/20190203/,LEND_RDR_RSCI_20190203.LBL
DATA/2019/20190204/,LEND_RDR_RSCI_20190204.LBL
DATA/2019/20190205/,LEND_RDR_RSCI_20190205.LBL
DATA/2019/20190206/,LEND_RDR_RSCI_20190206.LBL
DATA/2019/20190207/,LEND_RDR_RSCI_20190207.LBL
DATA/2019/20190208/,LEND_RDR_RSCI_20190208.LBL
DATA/2019/20190209/,LEND_RDR_RSCI_20190209.LBL
DATA/2019/20190210/,LEND_RDR_RSCI_20190210.LBL
DATA/2019/20190211/,LEND_RDR_RSCI_20190211.LBL
DATA/2019/20190212/,LEND_RDR_RSCI_20190212.LBL
DATA/2019/20190213/,LEND_RDR_RSCI_20190213.LBL
DATA/2019/20190214/,LEND_RDR_RSCI_20190214.LBL
DATA/2019/20190215/,LEND_RDR_RSCI_20190215.LBL
DATA/2019/20190216/,LEND_RDR_RSCI_20190216.LBL
DATA/2019/20190217/,LEND_RDR_RSCI_20190217.LBL
DATA/2019/20190218/,LEND_RDR_RSCI_20190218.LBL
DATA/2019/20190219/,LEND_RDR_RSCI_20190219.LBL
DATA/2019/20190220/,LEND_RDR_RSCI_20190220.LBL
DATA/2019/20190221/,LEND_RDR_RSCI_20190221.LBL
DATA/2019/20190222/,LEND_RDR_RSCI_20190222.LBL
DATA/2019/20190223/,LEND_RDR_RSCI_20190223.LBL
DATA/2019/20190224/,LEND_RDR_RSCI_20190224.LBL
DATA/2019/20190225/,LEND_RDR_RSCI_20190225.LBL
DATA/2019/20190226/,LEND_RDR_RSCI_20190226.LBL
DATA/2019/20190227/,LEND_RDR_RSCI_20190227.LBL
DATA/2019/20190228/,LEND_RDR_RSCI_20190228.LBL
DATA/2019/20190301/,LEND_RDR_RSCI_20190301.LBL
DATA/2019/20190302/,LEND_RDR_RSCI_20190302.LBL
DATA/2019/20190303/,LEND_RDR_RSCI_20190303.LBL
DATA/2019/20190304/,LEND_RDR_RSCI_20190304.LBL
DATA/2019/20190305/,LEND_RDR_RSCI_20190305.LBL
DATA/2019/20190306/,LEND_RDR_RSCI_20190306.LBL
DATA/2019/20190307/,LEND_RDR_RSCI_20190307.LBL
DATA/2019/20190308/,LEND_RDR_RSCI_20190308.LBL
DATA/2019/20190309/,LEND_RDR_RSCI_20190309.LBL
DATA/2019/20190310/,LEND_RDR_RSCI_20190310.LBL
DATA/2019/20190311/,LEND_RDR_RSCI_20190311.LBL
DATA/2019/20190312/,LEND_RDR_RSCI_20190312.LBL
DATA/2019/20190313/,LEND_RDR_RSCI_20190313.LBL
DATA/2019/20190314/,LEND_RDR_RSCI_20190314.LBL
DATA/2019/20190315/,LEND_RDR_RSCI_20190315.LBL
DATA/2019/20190316/,LEND_RDR_RSCI_20190316.LBL
DATA/2019/20190317/,LEND_RDR_RSCI_20190317.LBL
DATA/2019/20190318/,LEND_RDR_RSCI_20190318.LBL
DATA/2019/20190319/,LEND_RDR_RSCI_20190319.LBL
DATA/2019/20190320/,LEND_RDR_RSCI_20190320.LBL
DATA/2019/20190321/,LEND_RDR_RSCI_20190321.LBL
DATA/2019/20190322/,LEND_RDR_RSCI_20190322.LBL
DATA/2019/20190323/,LEND_RDR_RSCI_20190323.LBL
DATA/2019/20190324/,LEND_RDR_RSCI_20190324.LBL
DATA/2019/20190325/,LEND_RDR_RSCI_20190325.LBL
DATA/2019/20190326/,LEND_RDR_RSCI_20190326.LBL
DATA/2019/20190327/,LEND_RDR_RSCI_20190327.LBL
DATA/2019/20190328/,LEND_RDR_RSCI_20190328.LBL
DATA/2019/20190329/,LEND_RDR_RSCI_20190329.LBL
DATA/2019/20190330/,LEND_RDR_RSCI_20190330.LBL
DATA/2019/20190331/,LEND_RDR_RSCI_20190331.LBL
DATA/2019/20190401/,LEND_RDR_RSCI_20190401.LBL
DATA/2019/20190402/,LEND_RDR_RSCI_20190402.LBL
DATA/2019/20190403/,LEND_RDR_RSCI_20190403.LBL
DATA/2019/20190404/,LEND_RDR_RSCI_20190404.LBL
DATA/2019/20190405/,LEND_RDR_RSCI_20190405.LBL
DATA/2019/20190406/,LEND_RDR_RSCI_20190406.LBL
DATA/2019/20190407/,LEND_RDR_RSCI_20190407.LBL
DATA/2019/20190408/,LEND_RDR_RSCI_20190408.LBL
DATA/2019/20190409/,LEND_RDR_RSCI_20190409.LBL
DATA/2019/20190410/,LEND_RDR_RSCI_20190410.LBL
DATA/2019/20190411/,LEND_RDR_RSCI_20190411.LBL
DATA/2019/20190412/,LEND_RDR_RSCI_20190412.LBL
DATA/2019/20190413/,LEND_RDR_RSCI_20190413.LBL
DATA/2019/20190414/,LEND_RDR_RSCI_20190414.LBL
DATA/2019/20190415/,LEND_RDR_RSCI_20190415.LBL
DATA/2019/20190416/,LEND_RDR_RSCI_20190416.LBL
DATA/2019/20190417/,LEND_RDR_RSCI_20190417.LBL
DATA/2019/20190418/,LEND_RDR_RSCI_20190418.LBL
DATA/2019/20190419/,LEND_RDR_RSCI_20190419.LBL
DATA/2019/20190420/,LEND_RDR_RSCI_20190420.LBL
DATA/2019/20190421/,LEND_RDR_RSCI_20190421.LBL
DATA/2019/20190422/,LEND_RDR_RSCI_20190422.LBL
DATA/2019/20190423/,LEND_RDR_RSCI_20190423.LBL
DATA/2019/20190424/,LEND_RDR_RSCI_20190424.LBL
DATA/2019/20190425/,LEND_RDR_RSCI_20190425.LBL
DATA/2019/20190426/,LEND_RDR_RSCI_20190426.LBL
DATA/2019/20190427/,LEND_RDR_RSCI_20190427.LBL
DATA/2019/20190428/,LEND_RDR_RSCI_20190428.LBL
DATA/2019/20190429/,LEND_RDR_RSCI_20190429.LBL
DATA/2019/20190430/,LEND_RDR_RSCI_20190430.LBL
DATA/2019/20190501/,LEND_RDR_RSCI_20190501.LBL
DATA/2019/20190502/,LEND_RDR_RSCI_20190502.LBL
DATA/2019/20190503/,LEND_RDR_RSCI_20190503.LBL
DATA/2019/20190504/,LEND_RDR_RSCI_20190504.LBL
DATA/2019/20190505/,LEND_RDR_RSCI_20190505.LBL
DATA/2019/20190506/,LEND_RDR_RSCI_20190506.LBL
DATA/2019/20190507/,LEND_RDR_RSCI_20190507.LBL
DATA/2019/20190508/,LEND_RDR_RSCI_20190508.LBL
DATA/2019/20190509/,LEND_RDR_RSCI_20190509.LBL
DATA/2019/20190510/,LEND_RDR_RSCI_20190510.LBL
DATA/2019/20190511/,LEND_RDR_RSCI_20190511.LBL
DATA/2019/20190512/,LEND_RDR_RSCI_20190512.LBL
DATA/2019/20190513/,LEND_RDR_RSCI_20190513.LBL
DATA/2019/20190514/,LEND_RDR_RSCI_20190514.LBL
DATA/2019/20190515/,LEND_RDR_RSCI_20190515.LBL
DATA/2019/20190516/,LEND_RDR_RSCI_20190516.LBL
DATA/2019/20190517/,LEND_RDR_RSCI_20190517.LBL
DATA/2019/20190518/,LEND_RDR_RSCI_20190518.LBL
DATA/2019/20190519/,LEND_RDR_RSCI_20190519.LBL
DATA/2019/20190520/,LEND_RDR_RSCI_20190520.LBL
DATA/2019/20190521/,LEND_RDR_RSCI_20190521.LBL
DATA/2019/20190522/,LEND_RDR_RSCI_20190522.LBL
DATA/2019/20190523/,LEND_RDR_RSCI_20190523.LBL
DATA/2019/20190524/,LEND_RDR_RSCI_20190524.LBL
DATA/2019/20190525/,LEND_RDR_RSCI_20190525.LBL
DATA/2019/20190526/,LEND_RDR_RSCI_20190526.LBL
DATA/2019/20190527/,LEND_RDR_RSCI_20190527.LBL
DATA/2019/20190528/,LEND_RDR_RSCI_20190528.LBL
DATA/2019/20190529/,LEND_RDR_RSCI_20190529.LBL
DATA/2019/20190530/,LEND_RDR_RSCI_20190530.LBL
DATA/2019/20190531/,LEND_RDR_RSCI_20190531.LBL
DATA/2019/20190601/,LEND_RDR_RSCI_20190601.LBL
DATA/2019/20190602/,LEND_RDR_RSCI_20190602.LBL
DATA/2019/20190603/,LEND_RDR_RSCI_20190603.LBL
DATA/2019/20190604/,LEND_RDR_RSCI_20190604.LBL
DATA/2019/20190605/,LEND_RDR_RSCI_20190605.LBL
DATA/2019/20190606/,LEND_RDR_RSCI_20190606.LBL
DATA/2019/20190607/,LEND_RDR_RSCI_20190607.LBL
DATA/2019/20190608/,LEND_RDR_RSCI_20190608.LBL
DATA/2019/20190609/,LEND_RDR_RSCI_20190609.LBL
DATA/2019/20190610/,LEND_RDR_RSCI_20190610.LBL
DATA/2019/20190611/,LEND_RDR_RSCI_20190611.LBL
DATA/2019/20190612/,LEND_RDR_RSCI_20190612.LBL
DATA/2019/20190613/,LEND_RDR_RSCI_20190613.LBL
DATA/2019/20190614/,LEND_RDR_RSCI_20190614.LBL
DATA/2019/20190615/,LEND_RDR_RSCI_20190615.LBL
DATA/2019/20190616/,LEND_RDR_RSCI_20190616.LBL
DATA/2019/20190617/,LEND_RDR_RSCI_20190617.LBL
DATA/2019/20190618/,LEND_RDR_RSCI_20190618.LBL
DATA/2019/20190619/,LEND_RDR_RSCI_20190619.LBL
DATA/2019/20190620/,LEND_RDR_RSCI_20190620.LBL
DATA/2019/20190621/,LEND_RDR_RSCI_20190621.LBL
DATA/2019/20190622/,LEND_RDR_RSCI_20190622.LBL
DATA/2019/20190623/,LEND_RDR_RSCI_20190623.LBL
DATA/2019/20190624/,LEND_RDR_RSCI_20190624.LBL
DATA/2019/20190625/,LEND_RDR_RSCI_20190625.LBL
DATA/2019/20190626/,LEND_RDR_RSCI_20190626.LBL
DATA/2019/20190627/,LEND_RDR_RSCI_20190627.LBL
DATA/2019/20190628/,LEND_RDR_RSCI_20190628.LBL
DATA/2019/20190629/,LEND_RDR_RSCI_20190629.LBL
DATA/2019/20190630/,LEND_RDR_RSCI_20190630.LBL
DATA/2019/20190701/,LEND_RDR_RSCI_20190701.LBL
DATA/2019/20190702/,LEND_RDR_RSCI_20190702.LBL
DATA/2019/20190703/,LEND_RDR_RSCI_20190703.LBL
DATA/2019/20190704/,LEND_RDR_RSCI_20190704.LBL
DATA/2019/20190705/,LEND_RDR_RSCI_20190705.LBL
DATA/2019/20190706/,LEND_RDR_RSCI_20190706.LBL
DATA/2019/20190707/,LEND_RDR_RSCI_20190707.LBL
DATA/2019/20190708/,LEND_RDR_RSCI_20190708.LBL
DATA/2019/20190709/,LEND_RDR_RSCI_20190709.LBL
DATA/2019/20190710/,LEND_RDR_RSCI_20190710.LBL
DATA/2019/20190711/,LEND_RDR_RSCI_20190711.LBL
DATA/2019/20190712/,LEND_RDR_RSCI_20190712.LBL
DATA/2019/20190713/,LEND_RDR_RSCI_20190713.LBL
DATA/2019/20190714/,LEND_RDR_RSCI_20190714.LBL
DATA/2019/20190715/,LEND_RDR_RSCI_20190715.LBL
DATA/2019/20190716/,LEND_RDR_RSCI_20190716.LBL
DATA/2019/20190717/,LEND_RDR_RSCI_20190717.LBL
DATA/2019/20190718/,LEND_RDR_RSCI_20190718.LBL
DATA/2019/20190719/,LEND_RDR_RSCI_20190719.LBL
DATA/2019/20190720/,LEND_RDR_RSCI_20190720.LBL
DATA/2019/20190721/,LEND_RDR_RSCI_20190721.LBL
DATA/2019/20190722/,LEND_RDR_RSCI_20190722.LBL
DATA/2019/20190723/,LEND_RDR_RSCI_20190723.LBL
DATA/2019/20190724/,LEND_RDR_RSCI_20190724.LBL
DATA/2019/20190725/,LEND_RDR_RSCI_20190725.LBL
DATA/2019/20190726/,LEND_RDR_RSCI_20190726.LBL
DATA/2019/20190727/,LEND_RDR_RSCI_20190727.LBL
DATA/2019/20190728/,LEND_RDR_RSCI_20190728.LBL
DATA/2019/20190729/,LEND_RDR_RSCI_20190729.LBL
DATA/2019/20190730/,LEND_RDR_RSCI_20190730.LBL
DATA/2019/20190731/,LEND_RDR_RSCI_20190731.LBL
DATA/2019/20190801/,LEND_RDR_RSCI_20190801.LBL
DATA/2019/20190802/,LEND_RDR_RSCI_20190802.LBL
DATA/2019/20190803/,LEND_RDR_RSCI_20190803.LBL
DATA/2019/20190804/,LEND_RDR_RSCI_20190804.LBL
DATA/2019/20190805/,LEND_RDR_RSCI_20190805.LBL
DATA/2019/20190806/,LEND_RDR_RSCI_20190806.LBL
DATA/2019/20190807/,LEND_RDR_RSCI_20190807.LBL
DATA/2019/20190808/,LEND_RDR_RSCI_20190808.LBL
DATA/2019/20190809/,LEND_RDR_RSCI_20190809.LBL
DATA/2019/20190810/,LEND_RDR_RSCI_20190810.LBL
DATA/2019/20190811/,LEND_RDR_RSCI_20190811.LBL
DATA/2019/20190812/,LEND_RDR_RSCI_20190812.LBL
DATA/2019/20190813/,LEND_RDR_RSCI_20190813.LBL
DATA/2019/20190814/,LEND_RDR_RSCI_20190814.LBL
DATA/2019/20190815/,LEND_RDR_RSCI_20190815.LBL
DATA/2019/20190816/,LEND_RDR_RSCI_20190816.LBL
DATA/2019/20190817/,LEND_RDR_RSCI_20190817.LBL
DATA/2019/20190818/,LEND_RDR_RSCI_20190818.LBL
DATA/2019/20190819/,LEND_RDR_RSCI_20190819.LBL
DATA/2019/20190820/,LEND_RDR_RSCI_20190820.LBL
DATA/2019/20190821/,LEND_RDR_RSCI_20190821.LBL
DATA/2019/20190822/,LEND_RDR_RSCI_20190822.LBL
DATA/2019/20190823/,LEND_RDR_RSCI_20190823.LBL
DATA/2019/20190824/,LEND_RDR_RSCI_20190824.LBL
DATA/2019/20190825/,LEND_RDR_RSCI_20190825.LBL
DATA/2019/20190826/,LEND_RDR_RSCI_20190826.LBL
DATA/2019/20190827/,LEND_RDR_RSCI_20190827.LBL
DATA/2019/20190828/,LEND_RDR_RSCI_20190828.LBL
DATA/2019/20190829/,LEND_RDR_RSCI_20190829.LBL
DATA/2019/20190830/,LEND_RDR_RSCI_20190830.LBL
DATA/2019/20190831/,LEND_RDR_RSCI_20190831.LBL
DATA/2019/20190901/,LEND_RDR_RSCI_20190901.LBL
DATA/2019/20190902/,LEND_RDR_RSCI_20190902.LBL
DATA/2019/20190903/,LEND_RDR_RSCI_20190903.LBL
DATA/2019/20190904/,LEND_RDR_RSCI_20190904.LBL
DATA/2019/20190905/,LEND_RDR_RSCI_20190905.LBL
DATA/2019/20190906/,LEND_RDR_RSCI_20190906.LBL
DATA/2019/20190907/,LEND_RDR_RSCI_20190907.LBL
DATA/2019/20190908/,LEND_RDR_RSCI_20190908.LBL
DATA/2019/20190909/,LEND_RDR_RSCI_20190909.LBL
DATA/2019/20190910/,LEND_RDR_RSCI_20190910.LBL
DATA/2019/20190911/,LEND_RDR_RSCI_20190911.LBL
DATA/2019/20190912/,LEND_RDR_RSCI_20190912.LBL
DATA/2019/20190913/,LEND_RDR_RSCI_20190913.LBL
DATA/2019/20190914/,LEND_RDR_RSCI_20190914.LBL
DATA/2019/20190915/,LEND_RDR_RSCI_20190915.LBL
DATA/2019/20190916/,LEND_RDR_RSCI_20190916.LBL
DATA/2019/20190917/,LEND_RDR_RSCI_20190917.LBL
DATA/2019/20190918/,LEND_RDR_RSCI_20190918.LBL
DATA/2019/20190919/,LEND_RDR_RSCI_20190919.LBL
DATA/2019/20190920/,LEND_RDR_RSCI_20190920.LBL
DATA/2019/20190921/,LEND_RDR_RSCI_20190921.LBL
DATA/2019/20190922/,LEND_RDR_RSCI_20190922.LBL
DATA/2019/20190923/,LEND_RDR_RSCI_20190923.LBL
DATA/2019/20190924/,LEND_RDR_RSCI_20190924.LBL
DATA/2019/20190925/,LEND_RDR_RSCI_20190925.LBL
DATA/2019/20190926/,LEND_RDR_RSCI_20190926.LBL
DATA/2019/20190927/,LEND_RDR_RSCI_20190927.LBL
DATA/2019/20190928/,LEND_RDR_RSCI_20190928.LBL
DATA/2019/20190929/,LEND_RDR_RSCI_20190929.LBL
DATA/2019/20190930/,LEND_RDR_RSCI_20190930.LBL
DATA/2019/20191001/,LEND_RDR_RSCI_20191001.LBL
DATA/2019/20191002/,LEND_RDR_RSCI_20191002.LBL
DATA/2019/20191003/,LEND_RDR_RSCI_20191003.LBL
DATA/2019/20191004/,LEND_RDR_RSCI_20191004.LBL
DATA/2019/20191005/,LEND_RDR_RSCI_20191005.LBL
DATA/2019/20191006/,LEND_RDR_RSCI_20191006.LBL
DATA/2019/20191007/,LEND_RDR_RSCI_20191007.LBL
DATA/2019/20191008/,LEND_RDR_RSCI_20191008.LBL
DATA/2019/20191009/,LEND_RDR_RSCI_20191009.LBL
DATA/2019/20191010/,LEND_RDR_RSCI_20191010.LBL
DATA/2019/20191011/,LEND_RDR_RSCI_20191011.LBL
DATA/2019/20191012/,LEND_RDR_RSCI_20191012.LBL
DATA/2019/20191013/,LEND_RDR_RSCI_20191013.LBL
DATA/2019/20191014/,LEND_RDR_RSCI_20191014.LBL
DATA/2019/20191015/,LEND_RDR_RSCI_20191015.LBL
DATA/2019/20191016/,LEND_RDR_RSCI_20191016.LBL
DATA/2019/20191017/,LEND_RDR_RSCI_20191017.LBL
DATA/2019/20191018/,LEND_RDR_RSCI_20191018.LBL
DATA/2019/20191019/,LEND_RDR_RSCI_20191019.LBL
DATA/2019/20191020/,LEND_RDR_RSCI_20191020.LBL
DATA/2019/20191021/,LEND_RDR_RSCI_20191021.LBL
DATA/2019/20191022/,LEND_RDR_RSCI_20191022.LBL
DATA/2019/20191023/,LEND_RDR_RSCI_20191023.LBL
DATA/2019/20191024/,LEND_RDR_RSCI_20191024.LBL
DATA/2019/20191025/,LEND_RDR_RSCI_20191025.LBL
DATA/2019/20191026/,LEND_RDR_RSCI_20191026.LBL
DATA/2019/20191027/,LEND_RDR_RSCI_20191027.LBL
DATA/2019/20191028/,LEND_RDR_RSCI_20191028.LBL
DATA/2019/20191029/,LEND_RDR_RSCI_20191029.LBL
DATA/2019/20191030/,LEND_RDR_RSCI_20191030.LBL
DATA/2019/20191031/,LEND_RDR_RSCI_20191031.LBL
DATA/2019/20191101/,LEND_RDR_RSCI_20191101.LBL
DATA/2019/20191102/,LEND_RDR_RSCI_20191102.LBL
DATA/2019/20191103/,LEND_RDR_RSCI_20191103.LBL
DATA/2019/20191104/,LEND_RDR_RSCI_20191104.LBL
DATA/2019/20191105/,LEND_RDR_RSCI_20191105.LBL
DATA/2019/20191106/,LEND_RDR_RSCI_20191106.LBL
DATA/2019/20191107/,LEND_RDR_RSCI_20191107.LBL
DATA/2019/20191108/,LEND_RDR_RSCI_20191108.LBL
DATA/2019/20191109/,LEND_RDR_RSCI_20191109.LBL
DATA/2019/20191110/,LEND_RDR_RSCI_20191110.LBL
DATA/2019/20191111/,LEND_RDR_RSCI_20191111.LBL
DATA/2019/20191112/,LEND_RDR_RSCI_20191112.LBL
DATA/2019/20191113/,LEND_RDR_RSCI_20191113.LBL
DATA/2019/20191114/,LEND_RDR_RSCI_20191114.LBL
DATA/2019/20191115/,LEND_RDR_RSCI_20191115.LBL
DATA/2019/20191116/,LEND_RDR_RSCI_20191116.LBL
DATA/2019/20191117/,LEND_RDR_RSCI_20191117.LBL
DATA/2019/20191118/,LEND_RDR_RSCI_20191118.LBL
DATA/2019/20191119/,LEND_RDR_RSCI_20191119.LBL
DATA/2019/20191120/,LEND_RDR_RSCI_20191120.LBL
DATA/2019/20191121/,LEND_RDR_RSCI_20191121.LBL
DATA/2019/20191122/,LEND_RDR_RSCI_20191122.LBL
DATA/2019/20191123/,LEND_RDR_RSCI_20191123.LBL
DATA/2019/20191124/,LEND_RDR_RSCI_20191124.LBL
DATA/2019/20191125/,LEND_RDR_RSCI_20191125.LBL
DATA/2019/20191126/,LEND_RDR_RSCI_20191126.LBL
DATA/2019/20191127/,LEND_RDR_RSCI_20191127.LBL
DATA/2019/20191128/,LEND_RDR_RSCI_20191128.LBL
DATA/2019/20191129/,LEND_RDR_RSCI_20191129.LBL
DATA/2019/20191130/,LEND_RDR_RSCI_20191130.LBL
DATA/2019/20191201/,LEND_RDR_RSCI_20191201.LBL
DATA/2019/20191202/,LEND_RDR_RSCI_20191202.LBL
DATA/2019/20191203/,LEND_RDR_RSCI_20191203.LBL
DATA/2019/20191204/,LEND_RDR_RSCI_20191204.LBL
DATA/2019/20191205/,LEND_RDR_RSCI_20191205.LBL
DATA/2019/20191206/,LEND_RDR_RSCI_20191206.LBL
DATA/2019/20191207/,LEND_RDR_RSCI_20191207.LBL
DATA/2019/20191208/,LEND_RDR_RSCI_20191208.LBL
DATA/2019/20191209/,LEND_RDR_RSCI_20191209.LBL
DATA/2019/20191210/,LEND_RDR_RSCI_20191210.LBL
DATA/2019/20191211/,LEND_RDR_RSCI_20191211.LBL
DATA/2019/20191212/,LEND_RDR_RSCI_20191212.LBL
DATA/2019/20191213/,LEND_RDR_RSCI_20191213.LBL
DATA/2019/20191214/,LEND_RDR_RSCI_20191214.LBL
DATA/2019/20191215/,LEND_RDR_RSCI_20191215.LBL
DATA/2019/20191216/,LEND_RDR_RSCI_20191216.LBL
DATA/2019/20191217/,LEND_RDR_RSCI_20191217.LBL
DATA/2019/20191218/,LEND_RDR_RSCI_20191218.LBL
DATA/2019/20191219/,LEND_RDR_RSCI_20191219.LBL
DATA/2019/20191220/,LEND_RDR_RSCI_20191220.LBL
DATA/2019/20191221/,LEND_RDR_RSCI_20191221.LBL
DATA/2019/20191222/,LEND_RDR_RSCI_20191222.LBL
DATA/2019/20191223/,LEND_RDR_RSCI_20191223.LBL
DATA/2019/20191224/,LEND_RDR_RSCI_20191224.LBL
DATA/2019/20191225/,LEND_RDR_RSCI_20191225.LBL
DATA/2019/20191226/,LEND_RDR_RSCI_20191226.LBL
DATA/2019/20191227/,LEND_RDR_RSCI_20191227.LBL
DATA/2019/20191228/,LEND_RDR_RSCI_20191228.LBL
DATA/2019/20191229/,LEND_RDR_RSCI_20191229.LBL
DATA/2019/20191230/,LEND_RDR_RSCI_20191230.LBL
DATA/2019/20191231/,LEND_RDR_RSCI_20191231.LBL
DATA/2020/20200101/,LEND_RDR_RSCI_20200101.LBL
DATA/2020/20200102/,LEND_RDR_RSCI_20200102.LBL
DATA/2020/20200103/,LEND_RDR_RSCI_20200103.LBL
DATA/2020/20200104/,LEND_RDR_RSCI_20200104.LBL
DATA/2020/20200105/,LEND_RDR_RSCI_20200105.LBL
DATA/2020/20200106/,LEND_RDR_RSCI_20200106.LBL
DATA/2020/20200107/,LEND_RDR_RSCI_20200107.LBL
DATA/2020/20200108/,LEND_RDR_RSCI_20200108.LBL
DATA/2020/20200109/,LEND_RDR_RSCI_20200109.LBL
DATA/2020/20200110/,LEND_RDR_RSCI_20200110.LBL
DATA/2020/20200111/,LEND_RDR_RSCI_20200111.LBL
DATA/2020/20200112/,LEND_RDR_RSCI_20200112.LBL
DATA/2020/20200113/,LEND_RDR_RSCI_20200113.LBL
DATA/2020/20200114/,LEND_RDR_RSCI_20200114.LBL
DATA/2020/20200115/,LEND_RDR_RSCI_20200115.LBL
DATA/2020/20200116/,LEND_RDR_RSCI_20200116.LBL
DATA/2020/20200117/,LEND_RDR_RSCI_20200117.LBL
DATA/2020/20200118/,LEND_RDR_RSCI_20200118.LBL
DATA/2020/20200119/,LEND_RDR_RSCI_20200119.LBL
DATA/2020/20200120/,LEND_RDR_RSCI_20200120.LBL
DATA/2020/20200121/,LEND_RDR_RSCI_20200121.LBL
DATA/2020/20200122/,LEND_RDR_RSCI_20200122.LBL
DATA/2020/20200123/,LEND_RDR_RSCI_20200123.LBL
DATA/2020/20200124/,LEND_RDR_RSCI_20200124.LBL
DATA/2020/20200125/,LEND_RDR_RSCI_20200125.LBL
DATA/2020/20200126/,LEND_RDR_RSCI_20200126.LBL
DATA/2020/20200127/,LEND_RDR_RSCI_20200127.LBL
DATA/2020/20200128/,LEND_RDR_RSCI_20200128.LBL
DATA/2020/20200129/,LEND_RDR_RSCI_20200129.LBL
DATA/2020/20200130/,LEND_RDR_RSCI_20200130.LBL
DATA/2020/20200131/,LEND_RDR_RSCI_20200131.LBL
DATA/2020/20200201/,LEND_RDR_RSCI_20200201.LBL
DATA/2020/20200202/,LEND_RDR_RSCI_20200202.LBL
DATA/2020/20200203/,LEND_RDR_RSCI_20200203.LBL
DATA/2020/20200204/,LEND_RDR_RSCI_20200204.LBL
DATA/2020/20200205/,LEND_RDR_RSCI_20200205.LBL
DATA/2020/20200206/,LEND_RDR_RSCI_20200206.LBL
DATA/2020/20200207/,LEND_RDR_RSCI_20200207.LBL
DATA/2020/20200208/,LEND_RDR_RSCI_20200208.LBL
DATA/2020/20200209/,LEND_RDR_RSCI_20200209.LBL
DATA/2020/20200210/,LEND_RDR_RSCI_20200210.LBL
DATA/2020/20200211/,LEND_RDR_RSCI_20200211.LBL
DATA/2020/20200212/,LEND_RDR_RSCI_20200212.LBL
DATA/2020/20200213/,LEND_RDR_RSCI_20200213.LBL
DATA/2020/20200214/,LEND_RDR_RSCI_20200214.LBL
DATA/2020/20200215/,LEND_RDR_RSCI_20200215.LBL
DATA/2020/20200216/,LEND_RDR_RSCI_20200216.LBL
DATA/2020/20200217/,LEND_RDR_RSCI_20200217.LBL
DATA/2020/20200218/,LEND_RDR_RSCI_20200218.LBL
DATA/2020/20200219/,LEND_RDR_RSCI_20200219.LBL
DATA/2020/20200220/,LEND_RDR_RSCI_20200220.LBL
DATA/2020/20200221/,LEND_RDR_RSCI_20200221.LBL
DATA/2020/20200222/,LEND_RDR_RSCI_20200222.LBL
DATA/2020/20200223/,LEND_RDR_RSCI_20200223.LBL
DATA/2020/20200224/,LEND_RDR_RSCI_20200224.LBL
DATA/2020/20200225/,LEND_RDR_RSCI_20200225.LBL
DATA/2020/20200226/,LEND_RDR_RSCI_20200226.LBL
DATA/2020/20200227/,LEND_RDR_RSCI_20200227.LBL
DATA/2020/20200228/,LEND_RDR_RSCI_20200228.LBL
DATA/2020/20200229/,LEND_RDR_RSCI_20200229.LBL
DATA/2020/20200301/,LEND_RDR_RSCI_20200301.LBL
DATA/2020/20200302/,LEND_RDR_RSCI_20200302.LBL
DATA/2020/20200303/,LEND_RDR_RSCI_20200303.LBL
DATA/2020/20200304/,LEND_RDR_RSCI_20200304.LBL
DATA/2020/20200305/,LEND_RDR_RSCI_20200305.LBL
DATA/2020/20200306/,LEND_RDR_RSCI_20200306.LBL
DATA/2020/20200307/,LEND_RDR_RSCI_20200307.LBL
DATA/2020/20200308/,LEND_RDR_RSCI_20200308.LBL
DATA/2020/20200309/,LEND_RDR_RSCI_20200309.LBL
DATA/2020/20200310/,LEND_RDR_RSCI_20200310.LBL
DATA/2020/20200311/,LEND_RDR_RSCI_20200311.LBL
DATA/2020/20200312/,LEND_RDR_RSCI_20200312.LBL
DATA/2020/20200313/,LEND_RDR_RSCI_20200313.LBL
DATA/2020/20200314/,LEND_RDR_RSCI_20200314.LBL
DATA/2020/20200315/,LEND_RDR_RSCI_20200315.LBL
DATA/2020/20200316/,LEND_RDR_RSCI_20200316.LBL
DATA/2020/20200317/,LEND_RDR_RSCI_20200317.LBL
DATA/2020/20200318/,LEND_RDR_RSCI_20200318.LBL
DATA/2020/20200319/,LEND_RDR_RSCI_20200319.LBL
DATA/2020/20200320/,LEND_RDR_RSCI_20200320.LBL
DATA/2020/20200321/,LEND_RDR_RSCI_20200321.LBL
DATA/2020/20200322/,LEND_RDR_RSCI_20200322.LBL
DATA/2020/20200323/,LEND_RDR_RSCI_20200323.LBL
DATA/2020/20200324/,LEND_RDR_RSCI_20200324.LBL
DATA/2020/20200325/,LEND_RDR_RSCI_20200325.LBL
DATA/2020/20200326/,LEND_RDR_RSCI_20200326.LBL
DATA/2020/20200327/,LEND_RDR_RSCI_20200327.LBL
DATA/2020/20200328/,LEND_RDR_RSCI_20200328.LBL
DATA/2020/20200329/,LEND_RDR_RSCI_20200329.LBL
DATA/2020/20200330/,LEND_RDR_RSCI_20200330.LBL
DATA/2020/20200331/,LEND_RDR_RSCI_20200331.LBL
DATA/2020/20200401/,LEND_RDR_RSCI_20200401.LBL
DATA/2020/20200402/,LEND_RDR_RSCI_20200402.LBL
DATA/2020/20200403/,LEND_RDR_RSCI_20200403.LBL
DATA/2020/20200404/,LEND_RDR_RSCI_20200404.LBL
DATA/2020/20200405/,LEND_RDR_RSCI_20200405.LBL
DATA/2020/20200406/,LEND_RDR_RSCI_20200406.LBL
DATA/2020/20200407/,LEND_RDR_RSCI_20200407.LBL
DATA/2020/20200408/,LEND_RDR_RSCI_20200408.LBL
DATA/2020/20200409/,LEND_RDR_RSCI_20200409.LBL
DATA/2020/20200410/,LEND_RDR_RSCI_20200410.LBL
DATA/2020/20200411/,LEND_RDR_RSCI_20200411.LBL
DATA/2020/20200412/,LEND_RDR_RSCI_20200412.LBL
DATA/2020/20200413/,LEND_RDR_RSCI_20200413.LBL
DATA/2020/20200414/,LEND_RDR_RSCI_20200414.LBL
DATA/2020/20200415/,LEND_RDR_RSCI_20200415.LBL
DATA/2020/20200416/,LEND_RDR_RSCI_20200416.LBL
DATA/2020/20200417/,LEND_RDR_RSCI_20200417.LBL
DATA/2020/20200418/,LEND_RDR_RSCI_20200418.LBL
DATA/2020/20200419/,LEND_RDR_RSCI_20200419.LBL
DATA/2020/20200420/,LEND_RDR_RSCI_20200420.LBL
DATA/2020/20200421/,LEND_RDR_RSCI_20200421.LBL
DATA/2020/20200422/,LEND_RDR_RSCI_20200422.LBL
DATA/2020/20200423/,LEND_RDR_RSCI_20200423.LBL
DATA/2020/20200424/,LEND_RDR_RSCI_20200424.LBL
DATA/2020/20200425/,LEND_RDR_RSCI_20200425.LBL
DATA/2020/20200426/,LEND_RDR_RSCI_20200426.LBL
DATA/2020/20200427/,LEND_RDR_RSCI_20200427.LBL
DATA/2020/20200428/,LEND_RDR_RSCI_20200428.LBL
DATA/2020/20200429/,LEND_RDR_RSCI_20200429.LBL
DATA/2020/20200430/,LEND_RDR_RSCI_20200430.LBL
DATA/2020/20200501/,LEND_RDR_RSCI_20200501.LBL
DATA/2020/20200502/,LEND_RDR_RSCI_20200502.LBL
DATA/2020/20200503/,LEND_RDR_RSCI_20200503.LBL
DATA/2020/20200504/,LEND_RDR_RSCI_20200504.LBL
DATA/2020/20200505/,LEND_RDR_RSCI_20200505.LBL
DATA/2020/20200506/,LEND_RDR_RSCI_20200506.LBL
DATA/2020/20200507/,LEND_RDR_RSCI_20200507.LBL
DATA/2020/20200508/,LEND_RDR_RSCI_20200508.LBL
DATA/2020/20200509/,LEND_RDR_RSCI_20200509.LBL
DATA/2020/20200510/,LEND_RDR_RSCI_20200510.LBL
DATA/2020/20200511/,LEND_RDR_RSCI_20200511.LBL
DATA/2020/20200512/,LEND_RDR_RSCI_20200512.LBL
DATA/2020/20200513/,LEND_RDR_RSCI_20200513.LBL
DATA/2020/20200514/,LEND_RDR_RSCI_20200514.LBL
DATA/2020/20200515/,LEND_RDR_RSCI_20200515.LBL
DATA/2020/20200516/,LEND_RDR_RSCI_20200516.LBL
DATA/2020/20200517/,LEND_RDR_RSCI_20200517.LBL
DATA/2020/20200518/,LEND_RDR_RSCI_20200518.LBL
DATA/2020/20200519/,LEND_RDR_RSCI_20200519.LBL
DATA/2020/20200520/,LEND_RDR_RSCI_20200520.LBL
DATA/2020/20200521/,LEND_RDR_RSCI_20200521.LBL
DATA/2020/20200522/,LEND_RDR_RSCI_20200522.LBL
DATA/2020/20200523/,LEND_RDR_RSCI_20200523.LBL
DATA/2020/20200524/,LEND_RDR_RSCI_20200524.LBL
DATA/2020/20200525/,LEND_RDR_RSCI_20200525.LBL
DATA/2020/20200526/,LEND_RDR_RSCI_20200526.LBL
DATA/2020/20200527/,LEND_RDR_RSCI_20200527.LBL
DATA/2020/20200528/,LEND_RDR_RSCI_20200528.LBL
DATA/2020/20200529/,LEND_RDR_RSCI_20200529.LBL
DATA/2020/20200530/,LEND_RDR_RSCI_20200530.LBL
DATA/2020/20200531/,LEND_RDR_RSCI_20200531.LBL
DATA/2020/20200601/,LEND_RDR_RSCI_20200601.LBL
DATA/2020/20200602/,LEND_RDR_RSCI_20200602.LBL
DATA/2020/20200603/,LEND_RDR_RSCI_20200603.LBL
DATA/2020/20200604/,LEND_RDR_RSCI_20200604.LBL
DATA/2020/20200605/,LEND_RDR_RSCI_20200605.LBL
DATA/2020/20200606/,LEND_RDR_RSCI_20200606.LBL
DATA/2020/20200607/,LEND_RDR_RSCI_20200607.LBL
DATA/2020/20200608/,LEND_RDR_RSCI_20200608.LBL
DATA/2020/20200609/,LEND_RDR_RSCI_20200609.LBL
DATA/2020/20200610/,LEND_RDR_RSCI_20200610.LBL
DATA/2020/20200611/,LEND_RDR_RSCI_20200611.LBL
DATA/2020/20200612/,LEND_RDR_RSCI_20200612.LBL
DATA/2020/20200613/,LEND_RDR_RSCI_20200613.LBL
DATA/2020/20200614/,LEND_RDR_RSCI_20200614.LBL
DATA/2020/20200615/,LEND_RDR_RSCI_20200615.LBL
DATA/2020/20200616/,LEND_RDR_RSCI_20200616.LBL
DATA/2020/20200617/,LEND_RDR_RSCI_20200617.LBL
DATA/2020/20200618/,LEND_RDR_RSCI_20200618.LBL
DATA/2020/20200619/,LEND_RDR_RSCI_20200619.LBL
DATA/2020/20200620/,LEND_RDR_RSCI_20200620.LBL
DATA/2020/20200621/,LEND_RDR_RSCI_20200621.LBL
DATA/2020/20200622/,LEND_RDR_RSCI_20200622.LBL
DATA/2020/20200623/,LEND_RDR_RSCI_20200623.LBL
DATA/2020/20200624/,LEND_RDR_RSCI_20200624.LBL
DATA/2020/20200625/,LEND_RDR_RSCI_20200625.LBL
DATA/2020/20200626/,LEND_RDR_RSCI_20200626.LBL
DATA/2020/20200627/,LEND_RDR_RSCI_20200627.LBL
DATA/2020/20200628/,LEND_RDR_RSCI_20200628.LBL
DATA/2020/20200629/,LEND_RDR_RSCI_20200629.LBL
DATA/2020/20200630/,LEND_RDR_RSCI_20200630.LBL
DATA/2020/20200701/,LEND_RDR_RSCI_20200701.LBL
DATA/2020/20200702/,LEND_RDR_RSCI_20200702.LBL
DATA/2020/20200703/,LEND_RDR_RSCI_20200703.LBL
DATA/2020/20200704/,LEND_RDR_RSCI_20200704.LBL
DATA/2020/20200705/,LEND_RDR_RSCI_20200705.LBL
DATA/2020/20200706/,LEND_RDR_RSCI_20200706.LBL
DATA/2020/20200707/,LEND_RDR_RSCI_20200707.LBL
DATA/2020/20200708/,LEND_RDR_RSCI_20200708.LBL
DATA/2020/20200709/,LEND_RDR_RSCI_20200709.LBL
DATA/2020/20200710/,LEND_RDR_RSCI_20200710.LBL
DATA/2020/20200711/,LEND_RDR_RSCI_20200711.LBL
DATA/2020/20200712/,LEND_RDR_RSCI_20200712.LBL
DATA/2020/20200713/,LEND_RDR_RSCI_20200713.LBL
DATA/2020/20200714/,LEND_RDR_RSCI_20200714.LBL
DATA/2020/20200715/,LEND_RDR_RSCI_20200715.LBL
DATA/2020/20200716/,LEND_RDR_RSCI_20200716.LBL
DATA/2020/20200717/,LEND_RDR_RSCI_20200717.LBL
DATA/2020/20200718/,LEND_RDR_RSCI_20200718.LBL
DATA/2020/20200719/,LEND_RDR_RSCI_20200719.LBL
DATA/2020/20200720/,LEND_RDR_RSCI_20200720.LBL
DATA/2020/20200721/,LEND_RDR_RSCI_20200721.LBL
DATA/2020/20200722/,LEND_RDR_RSCI_20200722.LBL
DATA/2020/20200723/,LEND_RDR_RSCI_20200723.LBL
DATA/2020/20200724/,LEND_RDR_RSCI_20200724.LBL
DATA/2020/20200725/,LEND_RDR_RSCI_20200725.LBL
DATA/2020/20200726/,LEND_RDR_RSCI_20200726.LBL
DATA/2020/20200727/,LEND_RDR_RSCI_20200727.LBL
DATA/2020/20200728/,LEND_RDR_RSCI_20200728.LBL
DATA/2020/20200729/,LEND_RDR_RSCI_20200729.LBL
DATA/2020/20200730/,LEND_RDR_RSCI_20200730.LBL
DATA/2020/20200731/,LEND_RDR_RSCI_20200731.LBL
DATA/2020/20200801/,LEND_RDR_RSCI_20200801.LBL
DATA/2020/20200802/,LEND_RDR_RSCI_20200802.LBL
DATA/2020/20200803/,LEND_RDR_RSCI_20200803.LBL
DATA/2020/20200804/,LEND_RDR_RSCI_20200804.LBL
DATA/2020/20200805/,LEND_RDR_RSCI_20200805.LBL
DATA/2020/20200806/,LEND_RDR_RSCI_20200806.LBL
DATA/2020/20200807/,LEND_RDR_RSCI_20200807.LBL
DATA/2020/20200808/,LEND_RDR_RSCI_20200808.LBL
DATA/2020/20200809/,LEND_RDR_RSCI_20200809.LBL
DATA/2020/20200810/,LEND_RDR_RSCI_20200810.LBL
DATA/2020/20200811/,LEND_RDR_RSCI_20200811.LBL
DATA/2020/20200812/,LEND_RDR_RSCI_20200812.LBL
DATA/2020/20200813/,LEND_RDR_RSCI_20200813.LBL
DATA/2020/20200814/,LEND_RDR_RSCI_20200814.LBL
DATA/2020/20200815/,LEND_RDR_RSCI_20200815.LBL
DATA/2020/20200816/,LEND_RDR_RSCI_20200816.LBL
DATA/2020/20200817/,LEND_RDR_RSCI_20200817.LBL
DATA/2020/20200818/,LEND_RDR_RSCI_20200818.LBL
DATA/2020/20200819/,LEND_RDR_RSCI_20200819.LBL
DATA/2020/20200820/,LEND_RDR_RSCI_20200820.LBL
DATA/2020/20200821/,LEND_RDR_RSCI_20200821.LBL
DATA/2020/20200822/,LEND_RDR_RSCI_20200822.LBL
DATA/2020/20200823/,LEND_RDR_RSCI_20200823.LBL
DATA/2020/20200824/,LEND_RDR_RSCI_20200824.LBL
DATA/2020/20200825/,LEND_RDR_RSCI_20200825.LBL
DATA/2020/20200826/,LEND_RDR_RSCI_20200826.LBL
DATA/2020/20200827/,LEND_RDR_RSCI_20200827.LBL
DATA/2020/20200828/,LEND_RDR_RSCI_20200828.LBL
DATA/2020/20200829/,LEND_RDR_RSCI_20200829.LBL
DATA/2020/20200830/,LEND_RDR_RSCI_20200830.LBL
DATA/2020/20200831/,LEND_RDR_RSCI_20200831.LBL
DATA/2020/20200901/,LEND_RDR_RSCI_20200901.LBL
DATA/2020/20200902/,LEND_RDR_RSCI_20200902.LBL
DATA/2020/20200903/,LEND_RDR_RSCI_20200903.LBL
DATA/2020/20200904/,LEND_RDR_RSCI_20200904.LBL
DATA/2020/20200905/,LEND_RDR_RSCI_20200905.LBL
DATA/2020/20200906/,LEND_RDR_RSCI_20200906.LBL
DATA/2020/20200907/,LEND_RDR_RSCI_20200907.LBL
DATA/2020/20200908/,LEND_RDR_RSCI_20200908.LBL
DATA/2020/20200909/,LEND_RDR_RSCI_20200909.LBL
DATA/2020/20200910/,LEND_RDR_RSCI_20200910.LBL
DATA/2020/20200911/,LEND_RDR_RSCI_20200911.LBL
DATA/2020/20200912/,LEND_RDR_RSCI_20200912.LBL
DATA/2020/20200913/,LEND_RDR_RSCI_20200913.LBL
DATA/2020/20200914/,LEND_RDR_RSCI_20200914.LBL
DATA/2020/20200915/,LEND_RDR_RSCI_20200915.LBL
DATA/2020/20200916/,LEND_RDR_RSCI_20200916.LBL
DATA/2020/20200917/,LEND_RDR_RSCI_20200917.LBL
DATA/2020/20200918/,LEND_RDR_RSCI_20200918.LBL
DATA/2020/20200919/,LEND_RDR_RSCI_20200919.LBL
DATA/2020/20200920/,LEND_RDR_RSCI_20200920.LBL
DATA/2020/20200921/,LEND_RDR_RSCI_20200921.LBL
DATA/2020/20200922/,LEND_RDR_RSCI_20200922.LBL
DATA/2020/20200923/,LEND_RDR_RSCI_20200923.LBL
DATA/2020/20200924/,LEND_RDR_RSCI_20200924.LBL
DATA/2020/20200925/,LEND_RDR_RSCI_20200925.LBL
DATA/2020/20200926/,LEND_RDR_RSCI_20200926.LBL
DATA/2020/20200927/,LEND_RDR_RSCI_20200927.LBL
DATA/2020/20200928/,LEND_RDR_RSCI_20200928.LBL
DATA/2020/20200929/,LEND_RDR_RSCI_20200929.LBL
DATA/2020/20200930/,LEND_RDR_RSCI_20200930.LBL
DATA/2020/20201001/,LEND_RDR_RSCI_20201001.LBL
DATA/2020/20201002/,LEND_RDR_RSCI_20201002.LBL
DATA/2020/20201003/,LEND_RDR_RSCI_20201003.LBL
DATA/2020/20201004/,LEND_RDR_RSCI_20201004.LBL
DATA/2020/20201005/,LEND_RDR_RSCI_20201005.LBL
DATA/2020/20201006/,LEND_RDR_RSCI_20201006.LBL
DATA/2020/20201007/,LEND_RDR_RSCI_20201007.LBL
DATA/2020/20201008/,LEND_RDR_RSCI_20201008.LBL
DATA/2020/20201009/,LEND_RDR_RSCI_20201009.LBL
DATA/2020/20201010/,LEND_RDR_RSCI_20201010.LBL
DATA/2020/20201011/,LEND_RDR_RSCI_20201011.LBL
DATA/2020/20201012/,LEND_RDR_RSCI_20201012.LBL
DATA/2020/20201013/,LEND_RDR_RSCI_20201013.LBL
DATA/2020/20201014/,LEND_RDR_RSCI_20201014.LBL
DATA/2020/20201015/,LEND_RDR_RSCI_20201015.LBL
DATA/2020/20201016/,LEND_RDR_RSCI_20201016.LBL
DATA/2020/20201017/,LEND_RDR_RSCI_20201017.LBL
DATA/2020/20201018/,LEND_RDR_RSCI_20201018.LBL
DATA/2020/20201019/,LEND_RDR_RSCI_20201019.LBL
DATA/2020/20201020/,LEND_RDR_RSCI_20201020.LBL
DATA/2020/20201021/,LEND_RDR_RSCI_20201021.LBL
DATA/2020/20201022/,LEND_RDR_RSCI_20201022.LBL
DATA/2020/20201023/,LEND_RDR_RSCI_20201023.LBL
DATA/2020/20201024/,LEND_RDR_RSCI_20201024.LBL
DATA/2020/20201025/,LEND_RDR_RSCI_20201025.LBL
DATA/2020/20201026/,LEND_RDR_RSCI_20201026.LBL
DATA/2020/20201027/,LEND_RDR_RSCI_20201027.LBL
DATA/2020/20201028/,LEND_RDR_RSCI_20201028.LBL
DATA/2020/20201029/,LEND_RDR_RSCI_20201029.LBL
DATA/2020/20201030/,LEND_RDR_RSCI_20201030.LBL
DATA/2020/20201031/,LEND_RDR_RSCI_20201031.LBL
DATA/2020/20201101/,LEND_RDR_RSCI_20201101.LBL
DATA/2020/20201102/,LEND_RDR_RSCI_20201102.LBL
DATA/2020/20201103/,LEND_RDR_RSCI_20201103.LBL
DATA/2020/20201104/,LEND_RDR_RSCI_20201104.LBL
DATA/2020/20201105/,LEND_RDR_RSCI_20201105.LBL
DATA/2020/20201106/,LEND_RDR_RSCI_20201106.LBL
DATA/2020/20201107/,LEND_RDR_RSCI_20201107.LBL
DATA/2020/20201108/,LEND_RDR_RSCI_20201108.LBL
DATA/2020/20201109/,LEND_RDR_RSCI_20201109.LBL
DATA/2020/20201110/,LEND_RDR_RSCI_20201110.LBL
DATA/2020/20201111/,LEND_RDR_RSCI_20201111.LBL
DATA/2020/20201112/,LEND_RDR_RSCI_20201112.LBL
DATA/2020/20201113/,LEND_RDR_RSCI_20201113.LBL
DATA/2020/20201114/,LEND_RDR_RSCI_20201114.LBL
DATA/2020/20201115/,LEND_RDR_RSCI_20201115.LBL
DATA/2020/20201116/,LEND_RDR_RSCI_20201116.LBL
DATA/2020/20201117/,LEND_RDR_RSCI_20201117.LBL
DATA/2020/20201118/,LEND_RDR_RSCI_20201118.LBL
DATA/2020/20201119/,LEND_RDR_RSCI_20201119.LBL
DATA/2020/20201120/,LEND_RDR_RSCI_20201120.LBL
DATA/2020/20201121/,LEND_RDR_RSCI_20201121.LBL
DATA/2020/20201122/,LEND_RDR_RSCI_20201122.LBL
DATA/2020/20201123/,LEND_RDR_RSCI_20201123.LBL
DATA/2020/20201124/,LEND_RDR_RSCI_20201124.LBL
DATA/2020/20201125/,LEND_RDR_RSCI_20201125.LBL
DATA/2020/20201126/,LEND_RDR_RSCI_20201126.LBL
DATA/2020/20201127/,LEND_RDR_RSCI_20201127.LBL
DATA/2020/20201128/,LEND_RDR_RSCI_20201128.LBL
DATA/2020/20201129/,LEND_RDR_RSCI_20201129.LBL
DATA/2020/20201130/,LEND_RDR_RSCI_20201130.LBL
DATA/2020/20201201/,LEND_RDR_RSCI_20201201.LBL
DATA/2020/20201202/,LEND_RDR_RSCI_20201202.LBL
DATA/2020/20201203/,LEND_RDR_RSCI_20201203.LBL
DATA/2020/20201204/,LEND_RDR_RSCI_20201204.LBL
DATA/2020/20201205/,LEND_RDR_RSCI_20201205.LBL
DATA/2020/20201206/,LEND_RDR_RSCI_20201206.LBL
DATA/2020/20201207/,LEND_RDR_RSCI_20201207.LBL
DATA/2020/20201208/,LEND_RDR_RSCI_20201208.LBL
DATA/2020/20201209/,LEND_RDR_RSCI_20201209.LBL
DATA/2020/20201210/,LEND_RDR_RSCI_20201210.LBL
DATA/2020/20201211/,LEND_RDR_RSCI_20201211.LBL
DATA/2020/20201212/,LEND_RDR_RSCI_20201212.LBL
DATA/2020/20201213/,LEND_RDR_RSCI_20201213.LBL
DATA/2020/20201214/,LEND_RDR_RSCI_20201214.LBL
DATA/2020/20201215/,LEND_RDR_RSCI_20201215.LBL
DATA/2020/20201216/,LEND_RDR_RSCI_20201216.LBL
DATA/2020/20201217/,LEND_RDR_RSCI_20201217.LBL
DATA/2020/20201218/,LEND_RDR_RSCI_20201218.LBL
DATA/2020/20201219/,LEND_RDR_RSCI_20201219.LBL
DATA/2020/20201220/,LEND_RDR_RSCI_20201220.LBL
DATA/2020/20201221/,LEND_RDR_RSCI_20201221.LBL
DATA/2020/20201222/,LEND_RDR_RSCI_20201222.LBL
DATA/2020/20201223/,LEND_RDR_RSCI_20201223.LBL
DATA/2020/20201224/,LEND_RDR_RSCI_20201224.LBL
DATA/2020/20201225/,LEND_RDR_RSCI_20201225.LBL
DATA/2020/20201226/,LEND_RDR_RSCI_20201226.LBL
DATA/2020/20201227/,LEND_RDR_RSCI_20201227.LBL
DATA/2020/20201228/,LEND_RDR_RSCI_20201228.LBL
DATA/2020/20201229/,LEND_RDR_RSCI_20201229.LBL
DATA/2020/20201230/,LEND_RDR_RSCI_20201230.LBL
DATA/2020/20201231/,LEND_RDR_RSCI_20201231.LBL
DATA/2021/20210101/,LEND_RDR_RSCI_20210101.LBL
DATA/2021/20210102/,LEND_RDR_RSCI_20210102.LBL
DATA/2021/20210103/,LEND_RDR_RSCI_20210103.LBL
DATA/2021/20210104/,LEND_RDR_RSCI_20210104.LBL
DATA/2021/20210105/,LEND_RDR_RSCI_20210105.LBL
DATA/2021/20210106/,LEND_RDR_RSCI_20210106.LBL
DATA/2021/20210107/,LEND_RDR_RSCI_20210107.LBL
DATA/2021/20210108/,LEND_RDR_RSCI_20210108.LBL
DATA/2021/20210109/,LEND_RDR_RSCI_20210109.LBL
DATA/2021/20210110/,LEND_RDR_RSCI_20210110.LBL
DATA/2021/20210111/,LEND_RDR_RSCI_20210111.LBL
DATA/2021/20210112/,LEND_RDR_RSCI_20210112.LBL
DATA/2021/20210113/,LEND_RDR_RSCI_20210113.LBL
DATA/2021/20210114/,LEND_RDR_RSCI_20210114.LBL
DATA/2021/20210115/,LEND_RDR_RSCI_20210115.LBL
DATA/2021/20210116/,LEND_RDR_RSCI_20210116.LBL
DATA/2021/20210117/,LEND_RDR_RSCI_20210117.LBL
DATA/2021/20210118/,LEND_RDR_RSCI_20210118.LBL
DATA/2021/20210119/,LEND_RDR_RSCI_20210119.LBL
DATA/2021/20210120/,LEND_RDR_RSCI_20210120.LBL
DATA/2021/20210121/,LEND_RDR_RSCI_20210121.LBL
DATA/2021/20210122/,LEND_RDR_RSCI_20210122.LBL
DATA/2021/20210123/,LEND_RDR_RSCI_20210123.LBL
DATA/2021/20210124/,LEND_RDR_RSCI_20210124.LBL
DATA/2021/20210125/,LEND_RDR_RSCI_20210125.LBL
DATA/2021/20210126/,LEND_RDR_RSCI_20210126.LBL
DATA/2021/20210127/,LEND_RDR_RSCI_20210127.LBL
DATA/2021/20210128/,LEND_RDR_RSCI_20210128.LBL
DATA/2021/20210129/,LEND_RDR_RSCI_20210129.LBL
DATA/2021/20210130/,LEND_RDR_RSCI_20210130.LBL
DATA/2021/20210131/,LEND_RDR_RSCI_20210131.LBL
DATA/2021/20210201/,LEND_RDR_RSCI_20210201.LBL
DATA/2021/20210202/,LEND_RDR_RSCI_20210202.LBL
DATA/2021/20210203/,LEND_RDR_RSCI_20210203.LBL
DATA/2021/20210204/,LEND_RDR_RSCI_20210204.LBL
DATA/2021/20210205/,LEND_RDR_RSCI_20210205.LBL
DATA/2021/20210206/,LEND_RDR_RSCI_20210206.LBL
DATA/2021/20210207/,LEND_RDR_RSCI_20210207.LBL
DATA/2021/20210208/,LEND_RDR_RSCI_20210208.LBL
DATA/2021/20210209/,LEND_RDR_RSCI_20210209.LBL
DATA/2021/20210210/,LEND_RDR_RSCI_20210210.LBL
DATA/2021/20210211/,LEND_RDR_RSCI_20210211.LBL
DATA/2021/20210212/,LEND_RDR_RSCI_20210212.LBL
DATA/2021/20210213/,LEND_RDR_RSCI_20210213.LBL
DATA/2021/20210214/,LEND_RDR_RSCI_20210214.LBL
DATA/2021/20210215/,LEND_RDR_RSCI_20210215.LBL
DATA/2021/20210216/,LEND_RDR_RSCI_20210216.LBL
DATA/2021/20210217/,LEND_RDR_RSCI_20210217.LBL
DATA/2021/20210218/,LEND_RDR_RSCI_20210218.LBL
DATA/2021/20210219/,LEND_RDR_RSCI_20210219.LBL
DATA/2021/20210220/,LEND_RDR_RSCI_20210220.LBL
DATA/2021/20210221/,LEND_RDR_RSCI_20210221.LBL
DATA/2021/20210222/,LEND_RDR_RSCI_20210222.LBL
DATA/2021/20210223/,LEND_RDR_RSCI_20210223.LBL
DATA/2021/20210224/,LEND_RDR_RSCI_20210224.LBL
DATA/2021/20210225/,LEND_RDR_RSCI_20210225.LBL
DATA/2021/20210226/,LEND_RDR_RSCI_20210226.LBL
DATA/2021/20210227/,LEND_RDR_RSCI_20210227.LBL
DATA/2021/20210228/,LEND_RDR_RSCI_20210228.LBL
DATA/2021/20210301/,LEND_RDR_RSCI_20210301.LBL
DATA/2021/20210302/,LEND_RDR_RSCI_20210302.LBL
DATA/2021/20210303/,LEND_RDR_RSCI_20210303.LBL
DATA/2021/20210304/,LEND_RDR_RSCI_20210304.LBL
DATA/2021/20210305/,LEND_RDR_RSCI_20210305.LBL
DATA/2021/20210306/,LEND_RDR_RSCI_20210306.LBL
DATA/2021/20210307/,LEND_RDR_RSCI_20210307.LBL
DATA/2021/20210308/,LEND_RDR_RSCI_20210308.LBL
DATA/2021/20210309/,LEND_RDR_RSCI_20210309.LBL
DATA/2021/20210310/,LEND_RDR_RSCI_20210310.LBL
DATA/2021/20210311/,LEND_RDR_RSCI_20210311.LBL
DATA/2021/20210312/,LEND_RDR_RSCI_20210312.LBL
DATA/2021/20210313/,LEND_RDR_RSCI_20210313.LBL
DATA/2021/20210314/,LEND_RDR_RSCI_20210314.LBL
DATA/2021/20210315/,LEND_RDR_RSCI_20210315.LBL
DATA/2021/20210316/,LEND_RDR_RSCI_20210316.LBL
DATA/2021/20210317/,LEND_RDR_RSCI_20210317.LBL
DATA/2021/20210318/,LEND_RDR_RSCI_20210318.LBL
DATA/2021/20210319/,LEND_RDR_RSCI_20210319.LBL
DATA/2021/20210320/,LEND_RDR_RSCI_20210320.LBL
DATA/2021/20210321/,LEND_RDR_RSCI_20210321.LBL
DATA/2021/20210322/,LEND_RDR_RSCI_20210322.LBL
DATA/2021/20210323/,LEND_RDR_RSCI_20210323.LBL
DATA/2021/20210324/,LEND_RDR_RSCI_20210324.LBL
DATA/2021/20210325/,LEND_RDR_RSCI_20210325.LBL
DATA/2021/20210326/,LEND_RDR_RSCI_20210326.LBL
DATA/2021/20210327/,LEND_RDR_RSCI_20210327.LBL
DATA/2021/20210328/,LEND_RDR_RSCI_20210328.LBL
DATA/2021/20210329/,LEND_RDR_RSCI_20210329.LBL
DATA/2021/20210330/,LEND_RDR_RSCI_20210330.LBL
DATA/2021/20210331/,LEND_RDR_RSCI_20210331.LBL
DATA/2021/20210401/,LEND_RDR_RSCI_20210401.LBL
DATA/2021/20210402/,LEND_RDR_RSCI_20210402.LBL
DATA/2021/20210403/,LEND_RDR_RSCI_20210403.LBL
DATA/2021/20210404/,LEND_RDR_RSCI_20210404.LBL
DATA/2021/20210405/,LEND_RDR_RSCI_20210405.LBL
DATA/2021/20210406/,LEND_RDR_RSCI_20210406.LBL
DATA/2021/20210407/,LEND_RDR_RSCI_20210407.LBL
DATA/2021/20210408/,LEND_RDR_RSCI_20210408.LBL
DATA/2021/20210409/,LEND_RDR_RSCI_20210409.LBL
DATA/2021/20210410/,LEND_RDR_RSCI_20210410.LBL
DATA/2021/20210411/,LEND_RDR_RSCI_20210411.LBL
DATA/2021/20210412/,LEND_RDR_RSCI_20210412.LBL
DATA/2021/20210413/,LEND_RDR_RSCI_20210413.LBL
DATA/2021/20210414/,LEND_RDR_RSCI_20210414.LBL
DATA/2021/20210415/,LEND_RDR_RSCI_20210415.LBL
DATA/2021/20210416/,LEND_RDR_RSCI_20210416.LBL
DATA/2021/20210417/,LEND_RDR_RSCI_20210417.LBL
DATA/2021/20210418/,LEND_RDR_RSCI_20210418.LBL
DATA/2021/20210419/,LEND_RDR_RSCI_20210419.LBL
DATA/2021/20210420/,LEND_RDR_RSCI_20210420.LBL
DATA/2021/20210421/,LEND_RDR_RSCI_20210421.LBL
DATA/2021/20210422/,LEND_RDR_RSCI_20210422.LBL
DATA/2021/20210423/,LEND_RDR_RSCI_20210423.LBL
DATA/2021/20210424/,LEND_RDR_RSCI_20210424.LBL
DATA/2021/20210425/,LEND_RDR_RSCI_20210425.LBL
DATA/2021/20210426/,LEND_RDR_RSCI_20210426.LBL
DATA/2021/20210427/,LEND_RDR_RSCI_20210427.LBL
DATA/2021/20210428/,LEND_RDR_RSCI_20210428.LBL
DATA/2021/20210429/,LEND_RDR_RSCI_20210429.LBL
DATA/2021/20210430/,LEND_RDR_RSCI_20210430.LBL
DATA/2021/20210501/,LEND_RDR_RSCI_20210501.LBL
DATA/2021/20210502/,LEND_RDR_RSCI_20210502.LBL
DATA/2021/20210503/,LEND_RDR_RSCI_20210503.LBL
DATA/2021/20210504/,LEND_RDR_RSCI_20210504.LBL
DATA/2021/20210505/,LEND_RDR_RSCI_20210505.LBL
DATA/2021/20210506/,LEND_RDR_RSCI_20210506.LBL
DATA/2021/20210507/,LEND_RDR_RSCI_20210507.LBL
DATA/2021/20210508/,LEND_RDR_RSCI_20210508.LBL
DATA/2021/20210509/,LEND_RDR_RSCI_20210509.LBL
DATA/2021/20210510/,LEND_RDR_RSCI_20210510.LBL
DATA/2021/20210511/,LEND_RDR_RSCI_20210511.LBL
DATA/2021/20210512/,LEND_RDR_RSCI_20210512.LBL
DATA/2021/20210513/,LEND_RDR_RSCI_20210513.LBL
DATA/2021/20210514/,LEND_RDR_RSCI_20210514.LBL
DATA/2021/20210515/,LEND_RDR_RSCI_20210515.LBL
DATA/2021/20210516/,LEND_RDR_RSCI_20210516.LBL
DATA/2021/20210517/,LEND_RDR_RSCI_20210517.LBL
DATA/2021/20210518/,LEND_RDR_RSCI_20210518.LBL
DATA/2021/20210519/,LEND_RDR_RSCI_20210519.LBL
DATA/2021/20210520/,LEND_RDR_RSCI_20210520.LBL
DATA/2021/20210521/,LEND_RDR_RSCI_20210521.LBL
DATA/2021/20210522/,LEND_RDR_RSCI_20210522.LBL
DATA/2021/20210523/,LEND_RDR_RSCI_20210523.LBL
DATA/2021/20210524/,LEND_RDR_RSCI_20210524.LBL
DATA/2021/20210525/,LEND_RDR_RSCI_20210525.LBL
DATA/2021/20210526/,LEND_RDR_RSCI_20210526.LBL
DATA/2021/20210527/,LEND_RDR_RSCI_20210527.LBL
DATA/2021/20210528/,LEND_RDR_RSCI_20210528.LBL
DATA/2021/20210529/,LEND_RDR_RSCI_20210529.LBL
DATA/2021/20210530/,LEND_RDR_RSCI_20210530.LBL
DATA/2021/20210531/,LEND_RDR_RSCI_20210531.LBL
DATA/2021/20210601/,LEND_RDR_RSCI_20210601.LBL
DATA/2021/20210602/,LEND_RDR_RSCI_20210602.LBL
DATA/2021/20210603/,LEND_RDR_RSCI_20210603.LBL
DATA/2021/20210604/,LEND_RDR_RSCI_20210604.LBL
DATA/2021/20210605/,LEND_RDR_RSCI_20210605.LBL
DATA/2021/20210606/,LEND_RDR_RSCI_20210606.LBL
DATA/2021/20210607/,LEND_RDR_RSCI_20210607.LBL
DATA/2021/20210608/,LEND_RDR_RSCI_20210608.LBL
DATA/2021/20210609/,LEND_RDR_RSCI_20210609.LBL
DATA/2021/20210610/,LEND_RDR_RSCI_20210610.LBL
DATA/2021/20210611/,LEND_RDR_RSCI_20210611.LBL
DATA/2021/20210612/,LEND_RDR_RSCI_20210612.LBL
DATA/2021/20210613/,LEND_RDR_RSCI_20210613.LBL
DATA/2021/20210614/,LEND_RDR_RSCI_20210614.LBL
DATA/2021/20210615/,LEND_RDR_RSCI_20210615.LBL
DATA/2021/20210616/,LEND_RDR_RSCI_20210616.LBL
DATA/2021/20210617/,LEND_RDR_RSCI_20210617.LBL
DATA/2021/20210618/,LEND_RDR_RSCI_20210618.LBL
DATA/2021/20210619/,LEND_RDR_RSCI_20210619.LBL
DATA/2021/20210620/,LEND_RDR_RSCI_20210620.LBL
DATA/2021/20210621/,LEND_RDR_RSCI_20210621.LBL
DATA/2021/20210622/,LEND_RDR_RSCI_20210622.LBL
DATA/2021/20210623/,LEND_RDR_RSCI_20210623.LBL
DATA/2021/20210624/,LEND_RDR_RSCI_20210624.LBL
DATA/2021/20210625/,LEND_RDR_RSCI_20210625.LBL
DATA/2021/20210626/,LEND_RDR_RSCI_20210626.LBL
DATA/2021/20210627/,LEND_RDR_RSCI_20210627.LBL
DATA/2021/20210628/,LEND_RDR_RSCI_20210628.LBL
DATA/2021/20210629/,LEND_RDR_RSCI_20210629.LBL
DATA/2021/20210630/,LEND_RDR_RSCI_20210630.LBL
DATA/2021/20210701/,LEND_RDR_RSCI_20210701.LBL
DATA/2021/20210702/,LEND_RDR_RSCI_20210702.LBL
DATA/2021/20210703/,LEND_RDR_RSCI_20210703.LBL
DATA/2021/20210704/,LEND_RDR_RSCI_20210704.LBL
DATA/2021/20210705/,LEND_RDR_RSCI_20210705.LBL
DATA/2021/20210706/,LEND_RDR_RSCI_20210706.LBL
DATA/2021/20210707/,LEND_RDR_RSCI_20210707.LBL
DATA/2021/20210708/,LEND_RDR_RSCI_20210708.LBL
DATA/2021/20210709/,LEND_RDR_RSCI_20210709.LBL
DATA/2021/20210710/,LEND_RDR_RSCI_20210710.LBL
DATA/2021/20210711/,LEND_RDR_RSCI_20210711.LBL
DATA/2021/20210712/,LEND_RDR_RSCI_20210712.LBL
DATA/2021/20210713/,LEND_RDR_RSCI_20210713.LBL
DATA/2021/20210714/,LEND_RDR_RSCI_20210714.LBL
DATA/2021/20210715/,LEND_RDR_RSCI_20210715.LBL
DATA/2021/20210716/,LEND_RDR_RSCI_20210716.LBL
DATA/2021/20210717/,LEND_RDR_RSCI_20210717.LBL
DATA/2021/20210718/,LEND_RDR_RSCI_20210718.LBL
DATA/2021/20210719/,LEND_RDR_RSCI_20210719.LBL
DATA/2021/20210720/,LEND_RDR_RSCI_20210720.LBL
DATA/2021/20210721/,LEND_RDR_RSCI_20210721.LBL
DATA/2021/20210722/,LEND_RDR_RSCI_20210722.LBL
DATA/2021/20210723/,LEND_RDR_RSCI_20210723.LBL
DATA/2021/20210724/,LEND_RDR_RSCI_20210724.LBL
DATA/2021/20210725/,LEND_RDR_RSCI_20210725.LBL
DATA/2021/20210726/,LEND_RDR_RSCI_20210726.LBL
DATA/2021/20210727/,LEND_RDR_RSCI_20210727.LBL
DATA/2021/20210728/,LEND_RDR_RSCI_20210728.LBL
DATA/2021/20210729/,LEND_RDR_RSCI_20210729.LBL
DATA/2021/20210730/,LEND_RDR_RSCI_20210730.LBL
DATA/2021/20210731/,LEND_RDR_RSCI_20210731.LBL
DATA/2021/20210801/,LEND_RDR_RSCI_20210801.LBL
DATA/2021/20210802/,LEND_RDR_RSCI_20210802.LBL
DATA/2021/20210803/,LEND_RDR_RSCI_20210803.LBL
DATA/2021/20210804/,LEND_RDR_RSCI_20210804.LBL
DATA/2021/20210805/,LEND_RDR_RSCI_20210805.LBL
DATA/2021/20210806/,LEND_RDR_RSCI_20210806.LBL
DATA/2021/20210807/,LEND_RDR_RSCI_20210807.LBL
DATA/2021/20210808/,LEND_RDR_RSCI_20210808.LBL
DATA/2021/20210809/,LEND_RDR_RSCI_20210809.LBL
DATA/2021/20210810/,LEND_RDR_RSCI_20210810.LBL
DATA/2021/20210811/,LEND_RDR_RSCI_20210811.LBL
DATA/2021/20210812/,LEND_RDR_RSCI_20210812.LBL
DATA/2021/20210813/,LEND_RDR_RSCI_20210813.LBL
DATA/2021/20210814/,LEND_RDR_RSCI_20210814.LBL
DATA/2021/20210815/,LEND_RDR_RSCI_20210815.LBL
DATA/2021/20210816/,LEND_RDR_RSCI_20210816.LBL
DATA/2021/20210817/,LEND_RDR_RSCI_20210817.LBL
DATA/2021/20210818/,LEND_RDR_RSCI_20210818.LBL
DATA/2021/20210819/,LEND_RDR_RSCI_20210819.LBL
DATA/2021/20210820/,LEND_RDR_RSCI_20210820.LBL
DATA/2021/20210821/,LEND_RDR_RSCI_20210821.LBL
DATA/2021/20210822/,LEND_RDR_RSCI_20210822.LBL
DATA/2021/20210823/,LEND_RDR_RSCI_20210823.LBL
DATA/2021/20210824/,LEND_RDR_RSCI_20210824.LBL
DATA/2021/20210825/,LEND_RDR_RSCI_20210825.LBL
DATA/2021/20210826/,LEND_RDR_RSCI_20210826.LBL
DATA/2021/20210827/,LEND_RDR_RSCI_20210827.LBL
DATA/2021/20210828/,LEND_RDR_RSCI_20210828.LBL
DATA/2021/20210829/,LEND_RDR_RSCI_20210829.LBL
DATA/2021/20210830/,LEND_RDR_RSCI_20210830.LBL
DATA/2021/20210831/,LEND_RDR_RSCI_20210831.LBL
DATA/2021/20210901/,LEND_RDR_RSCI_20210901.LBL
DATA/2021/20210902/,LEND_RDR_RSCI_20210902.LBL
DATA/2021/20210903/,LEND_RDR_RSCI_20210903.LBL
DATA/2021/20210904/,LEND_RDR_RSCI_20210904.LBL
DATA/2021/20210905/,LEND_RDR_RSCI_20210905.LBL
DATA/2021/20210906/,LEND_RDR_RSCI_20210906.LBL
DATA/2021/20210907/,LEND_RDR_RSCI_20210907.LBL
DATA/2021/20210908/,LEND_RDR_RSCI_20210908.LBL
DATA/2021/20210909/,LEND_RDR_RSCI_20210909.LBL
DATA/2021/20210910/,LEND_RDR_RSCI_20210910.LBL
DATA/2021/20210911/,LEND_RDR_RSCI_20210911.LBL
DATA/2021/20210912/,LEND_RDR_RSCI_20210912.LBL
DATA/2021/20210913/,LEND_RDR_RSCI_20210913.LBL
DATA/2021/20210914/,LEND_RDR_RSCI_20210914.LBL
DATA/2021/20210915/,LEND_RDR_RSCI_20210915.LBL
DATA/2021/20210916/,LEND_RDR_RSCI_20210916.LBL
DATA/2021/20210917/,LEND_RDR_RSCI_20210917.LBL
DATA/2021/20210918/,LEND_RDR_RSCI_20210918.LBL
DATA/2021/20210919/,LEND_RDR_RSCI_20210919.LBL
DATA/2021/20210920/,LEND_RDR_RSCI_20210920.LBL
DATA/2021/20210921/,LEND_RDR_RSCI_20210921.LBL
DATA/2021/20210922/,LEND_RDR_RSCI_20210922.LBL
DATA/2021/20210923/,LEND_RDR_RSCI_20210923.LBL
DATA/2021/20210924/,LEND_RDR_RSCI_20210924.LBL
DATA/2021/20210925/,LEND_RDR_RSCI_20210925.LBL
DATA/2021/20210926/,LEND_RDR_RSCI_20210926.LBL
DATA/2021/20210927/,LEND_RDR_RSCI_20210927.LBL
DATA/2021/20210928/,LEND_RDR_RSCI_20210928.LBL
DATA/2021/20210929/,LEND_RDR_RSCI_20210929.LBL
DATA/2021/20210930/,LEND_RDR_RSCI_20210930.LBL
DATA/2021/20211001/,LEND_RDR_RSCI_20211001.LBL
DATA/2021/20211002/,LEND_RDR_RSCI_20211002.LBL
DATA/2021/20211003/,LEND_RDR_RSCI_20211003.LBL
DATA/2021/20211004/,LEND_RDR_RSCI_20211004.LBL
DATA/2021/20211005/,LEND_RDR_RSCI_20211005.LBL
DATA/2021/20211006/,LEND_RDR_RSCI_20211006.LBL
DATA/2021/20211007/,LEND_RDR_RSCI_20211007.LBL
DATA/2021/20211008/,LEND_RDR_RSCI_20211008.LBL
DATA/2021/20211009/,LEND_RDR_RSCI_20211009.LBL
DATA/2021/20211010/,LEND_RDR_RSCI_20211010.LBL
DATA/2021/20211011/,LEND_RDR_RSCI_20211011.LBL
DATA/2021/20211012/,LEND_RDR_RSCI_20211012.LBL
DATA/2021/20211013/,LEND_RDR_RSCI_20211013.LBL
DATA/2021/20211014/,LEND_RDR_RSCI_20211014.LBL
DATA/2021/20211015/,LEND_RDR_RSCI_20211015.LBL
DATA/2021/20211016/,LEND_RDR_RSCI_20211016.LBL
DATA/2021/20211017/,LEND_RDR_RSCI_20211017.LBL
DATA/2021/20211018/,LEND_RDR_RSCI_20211018.LBL
DATA/2021/20211019/,LEND_RDR_RSCI_20211019.LBL
DATA/2021/20211020/,LEND_RDR_RSCI_20211020.LBL
DATA/2021/20211021/,LEND_RDR_RSCI_20211021.LBL
DATA/2021/20211022/,LEND_RDR_RSCI_20211022.LBL
DATA/2021/20211023/,LEND_RDR_RSCI_20211023.LBL
DATA/2021/20211024/,LEND_RDR_RSCI_20211024.LBL
DATA/2021/20211025/,LEND_RDR_RSCI_20211025.LBL
DATA/2021/20211026/,LEND_RDR_RSCI_20211026.LBL
DATA/2021/20211027/,LEND_RDR_RSCI_20211027.LBL
DATA/2021/20211028/,LEND_RDR_RSCI_20211028.LBL
DATA/2021/20211029/,LEND_RDR_RSCI_20211029.LBL
DATA/2021/20211030/,LEND_RDR_RSCI_20211030.LBL
DATA/2021/20211031/,LEND_RDR_RSCI_20211031.LBL
DATA/2021/20211101/,LEND_RDR_RSCI_20211101.LBL
DATA/2021/20211102/,LEND_RDR_RSCI_20211102.LBL
DATA/2021/20211103/,LEND_RDR_RSCI_20211103.LBL
DATA/2021/20211104/,LEND_RDR_RSCI_20211104.LBL
DATA/2021/20211105/,LEND_RDR_RSCI_20211105.LBL
DATA/2021/20211106/,LEND_RDR_RSCI_20211106.LBL
DATA/2021/20211107/,LEND_RDR_RSCI_20211107.LBL
DATA/2021/20211108/,LEND_RDR_RSCI_20211108.LBL
DATA/2021/20211109/,LEND_RDR_RSCI_20211109.LBL
DATA/2021/20211110/,LEND_RDR_RSCI_20211110.LBL
DATA/2021/20211111/,LEND_RDR_RSCI_20211111.LBL
DATA/2021/20211112/,LEND_RDR_RSCI_20211112.LBL
DATA/2021/20211113/,LEND_RDR_RSCI_20211113.LBL
DATA/2021/20211114/,LEND_RDR_RSCI_20211114.LBL
DATA/2021/20211115/,LEND_RDR_RSCI_20211115.LBL
DATA/2021/20211116/,LEND_RDR_RSCI_20211116.LBL
DATA/2021/20211117/,LEND_RDR_RSCI_20211117.LBL
DATA/2021/20211118/,LEND_RDR_RSCI_20211118.LBL
DATA/2021/20211119/,LEND_RDR_RSCI_20211119.LBL
DATA/2021/20211120/,LEND_RDR_RSCI_20211120.LBL
DATA/2021/20211121/,LEND_RDR_RSCI_20211121.LBL
DATA/2021/20211122/,LEND_RDR_RSCI_20211122.LBL
DATA/2021/20211123/,LEND_RDR_RSCI_20211123.LBL
DATA/2021/20211124/,LEND_RDR_RSCI_20211124.LBL
DATA/2021/20211125/,LEND_RDR_RSCI_20211125.LBL
DATA/2021/20211126/,LEND_RDR_RSCI_20211126.LBL
DATA/2021/20211127/,LEND_RDR_RSCI_20211127.LBL
DATA/2021/20211128/,LEND_RDR_RSCI_20211128.LBL
DATA/2021/20211129/,LEND_RDR_RSCI_20211129.LBL
DATA/2021/20211130/,LEND_RDR_RSCI_20211130.LBL
DATA/2021/20211201/,LEND_RDR_RSCI_20211201.LBL
DATA/2021/20211202/,LEND_RDR_RSCI_20211202.LBL
DATA/2021/20211203/,LEND_RDR_RSCI_20211203.LBL
DATA/2021/20211204/,LEND_RDR_RSCI_20211204.LBL
DATA/2021/20211205/,LEND_RDR_RSCI_20211205.LBL
DATA/2021/20211206/,LEND_RDR_RSCI_20211206.LBL
DATA/2021/20211207/,LEND_RDR_RSCI_20211207.LBL
DATA/2021/20211208/,LEND_RDR_RSCI_20211208.LBL
DATA/2021/20211209/,LEND_RDR_RSCI_20211209.LBL
DATA/2021/20211210/,LEND_RDR_RSCI_20211210.LBL
DATA/2021/20211211/,LEND_RDR_RSCI_20211211.LBL
DATA/2021/20211212/,LEND_RDR_RSCI_20211212.LBL
DATA/2021/20211213/,LEND_RDR_RSCI_20211213.LBL
DATA/2021/20211214/,LEND_RDR_RSCI_20211214.LBL
DATA/2021/20211215/,LEND_RDR_RSCI_20211215.LBL
DATA/2021/20211216/,LEND_RDR_RSCI_20211216.LBL
DATA/2021/20211217/,LEND_RDR_RSCI_20211217.LBL
DATA/2021/20211218/,LEND_RDR_RSCI_20211218.LBL
DATA/2021/20211219/,LEND_RDR_RSCI_20211219.LBL
DATA/2021/20211220/,LEND_RDR_RSCI_20211220.LBL
DATA/2021/20211221/,LEND_RDR_RSCI_20211221.LBL
DATA/2021/20211222/,LEND_RDR_RSCI_20211222.LBL
DATA/2021/20211223/,LEND_RDR_RSCI_20211223.LBL
DATA/2021/20211224/,LEND_RDR_RSCI_20211224.LBL
DATA/2021/20211225/,LEND_RDR_RSCI_20211225.LBL
DATA/2021/20211226/,LEND_RDR_RSCI_20211226.LBL
DATA/2021/20211227/,LEND_RDR_RSCI_20211227.LBL
DATA/2021/20211228/,LEND_RDR_RSCI_20211228.LBL
DATA/2021/20211229/,LEND_RDR_RSCI_20211229.LBL
DATA/2021/20211230/,LEND_RDR_RSCI_20211230.LBL
DATA/2021/20211231/,LEND_RDR_RSCI_20211231.LBL
DATA/2022/20220101/,LEND_RDR_RSCI_20220101.LBL
DATA/2022/20220102/,LEND_RDR_RSCI_20220102.LBL
DATA/2022/20220103/,LEND_RDR_RSCI_20220103.LBL
DATA/2022/20220104/,LEND_RDR_RSCI_20220104.LBL
DATA/2022/20220105/,LEND_RDR_RSCI_20220105.LBL
DATA/2022/20220106/,LEND_RDR_RSCI_20220106.LBL
DATA/2022/20220107/,LEND_RDR_RSCI_20220107.LBL
DATA/2022/20220108/,LEND_RDR_RSCI_20220108.LBL
DATA/2022/20220109/,LEND_RDR_RSCI_20220109.LBL
DATA/2022/20220110/,LEND_RDR_RSCI_20220110.LBL
DATA/2022/20220111/,LEND_RDR_RSCI_20220111.LBL
DATA/2022/20220112/,LEND_RDR_RSCI_20220112.LBL
DATA/2022/20220113/,LEND_RDR_RSCI_20220113.LBL
DATA/2022/20220114/,LEND_RDR_RSCI_20220114.LBL
DATA/2022/20220115/,LEND_RDR_RSCI_20220115.LBL
DATA/2022/20220116/,LEND_RDR_RSCI_20220116.LBL
DATA/2022/20220117/,LEND_RDR_RSCI_20220117.LBL
DATA/2022/20220118/,LEND_RDR_RSCI_20220118.LBL
DATA/2022/20220119/,LEND_RDR_RSCI_20220119.LBL
DATA/2022/20220120/,LEND_RDR_RSCI_20220120.LBL
DATA/2022/20220121/,LEND_RDR_RSCI_20220121.LBL
DATA/2022/20220122/,LEND_RDR_RSCI_20220122.LBL
DATA/2022/20220123/,LEND_RDR_RSCI_20220123.LBL
DATA/2022/20220124/,LEND_RDR_RSCI_20220124.LBL
DATA/2022/20220125/,LEND_RDR_RSCI_20220125.LBL
DATA/2022/20220126/,LEND_RDR_RSCI_20220126.LBL
DATA/2022/20220127/,LEND_RDR_RSCI_20220127.LBL
DATA/2022/20220128/,LEND_RDR_RSCI_20220128.LBL
DATA/2022/20220129/,LEND_RDR_RSCI_20220129.LBL
DATA/2022/20220130/,LEND_RDR_RSCI_20220130.LBL
DATA/2022/20220131/,LEND_RDR_RSCI_20220131.LBL
DATA/2022/20220201/,LEND_RDR_RSCI_20220201.LBL
DATA/2022/20220202/,LEND_RDR_RSCI_20220202.LBL
DATA/2022/20220203/,LEND_RDR_RSCI_20220203.LBL
DATA/2022/20220204/,LEND_RDR_RSCI_20220204.LBL
DATA/2022/20220205/,LEND_RDR_RSCI_20220205.LBL
DATA/2022/20220206/,LEND_RDR_RSCI_20220206.LBL
DATA/2022/20220207/,LEND_RDR_RSCI_20220207.LBL
DATA/2022/20220208/,LEND_RDR_RSCI_20220208.LBL
DATA/2022/20220209/,LEND_RDR_RSCI_20220209.LBL
DATA/2022/20220210/,LEND_RDR_RSCI_20220210.LBL
DATA/2022/20220211/,LEND_RDR_RSCI_20220211.LBL
DATA/2022/20220212/,LEND_RDR_RSCI_20220212.LBL
DATA/2022/20220213/,LEND_RDR_RSCI_20220213.LBL
DATA/2022/20220214/,LEND_RDR_RSCI_20220214.LBL
DATA/2022/20220215/,LEND_RDR_RSCI_20220215.LBL
DATA/2022/20220216/,LEND_RDR_RSCI_20220216.LBL
DATA/2022/20220217/,LEND_RDR_RSCI_20220217.LBL
DATA/2022/20220218/,LEND_RDR_RSCI_20220218.LBL
DATA/2022/20220219/,LEND_RDR_RSCI_20220219.LBL
DATA/2022/20220220/,LEND_RDR_RSCI_20220220.LBL
DATA/2022/20220221/,LEND_RDR_RSCI_20220221.LBL
DATA/2022/20220222/,LEND_RDR_RSCI_20220222.LBL
DATA/2022/20220223/,LEND_RDR_RSCI_20220223.LBL
DATA/2022/20220224/,LEND_RDR_RSCI_20220224.LBL
DATA/2022/20220225/,LEND_RDR_RSCI_20220225.LBL
DATA/2022/20220226/,LEND_RDR_RSCI_20220226.LBL
DATA/2022/20220227/,LEND_RDR_RSCI_20220227.LBL
DATA/2022/20220228/,LEND_RDR_RSCI_20220228.LBL
DATA/2022/20220301/,LEND_RDR_RSCI_20220301.LBL
DATA/2022/20220302/,LEND_RDR_RSCI_20220302.LBL
DATA/2022/20220303/,LEND_RDR_RSCI_20220303.LBL
DATA/2022/20220304/,LEND_RDR_RSCI_20220304.LBL
DATA/2022/20220305/,LEND_RDR_RSCI_20220305.LBL
DATA/2022/20220306/,LEND_RDR_RSCI_20220306.LBL
DATA/2022/20220307/,LEND_RDR_RSCI_20220307.LBL
DATA/2022/20220308/,LEND_RDR_RSCI_20220308.LBL
DATA/2022/20220309/,LEND_RDR_RSCI_20220309.LBL
DATA/2022/20220310/,LEND_RDR_RSCI_20220310.LBL
DATA/2022/20220311/,LEND_RDR_RSCI_20220311.LBL
DATA/2022/20220312/,LEND_RDR_RSCI_20220312.LBL
DATA/2022/20220313/,LEND_RDR_RSCI_20220313.LBL
DATA/2022/20220314/,LEND_RDR_RSCI_20220314.LBL
DATA/2022/20220315/,LEND_RDR_RSCI_20220315.LBL
DATA/2022/20220316/,LEND_RDR_RSCI_20220316.LBL
DATA/2022/20220317/,LEND_RDR_RSCI_20220317.LBL
DATA/2022/20220318/,LEND_RDR_RSCI_20220318.LBL
DATA/2022/20220319/,LEND_RDR_RSCI_20220319.LBL
DATA/2022/20220320/,LEND_RDR_RSCI_20220320.LBL
DATA/2022/20220321/,LEND_RDR_RSCI_20220321.LBL
DATA/2022/20220322/,LEND_RDR_RSCI_20220322.LBL
DATA/2022/20220323/,LEND_RDR_RSCI_20220323.LBL
DATA/2022/20220324/,LEND_RDR_RSCI_20220324.LBL
DATA/2022/20220325/,LEND_RDR_RSCI_20220325.LBL
DATA/2022/20220326/,LEND_RDR_RSCI_20220326.LBL
DATA/2022/20220327/,LEND_RDR_RSCI_20220327.LBL
DATA/2022/20220328/,LEND_RDR_RSCI_20220328.LBL
DATA/2022/20220329/,LEND_RDR_RSCI_20220329.LBL
DATA/2022/20220330/,LEND_RDR_RSCI_20220330.LBL
DATA/2022/20220331/,LEND_RDR_RSCI_20220331.LBL
DATA/2022/20220401/,LEND_RDR_RSCI_20220401.LBL
DATA/2022/20220402/,LEND_RDR_RSCI_20220402.LBL
DATA/2022/20220403/,LEND_RDR_RSCI_20220403.LBL
DATA/2022/20220404/,LEND_RDR_RSCI_20220404.LBL
DATA/2022/20220405/,LEND_RDR_RSCI_20220405.LBL
DATA/2022/20220406/,LEND_RDR_RSCI_20220406.LBL
DATA/2022/20220407/,LEND_RDR_RSCI_20220407.LBL
DATA/2022/20220408/,LEND_RDR_RSCI_20220408.LBL
DATA/2022/20220409/,LEND_RDR_RSCI_20220409.LBL
DATA/2022/20220410/,LEND_RDR_RSCI_20220410.LBL
DATA/2022/20220411/,LEND_RDR_RSCI_20220411.LBL
DATA/2022/20220412/,LEND_RDR_RSCI_20220412.LBL
DATA/2022/20220413/,LEND_RDR_RSCI_20220413.LBL
DATA/2022/20220414/,LEND_RDR_RSCI_20220414.LBL
DATA/2022/20220415/,LEND_RDR_RSCI_20220415.LBL
DATA/2022/20220416/,LEND_RDR_RSCI_20220416.LBL
DATA/2022/20220417/,LEND_RDR_RSCI_20220417.LBL
DATA/2022/20220418/,LEND_RDR_RSCI_20220418.LBL
DATA/2022/20220419/,LEND_RDR_RSCI_20220419.LBL
DATA/2022/20220420/,LEND_RDR_RSCI_20220420.LBL
DATA/2022/20220421/,LEND_RDR_RSCI_20220421.LBL
DATA/2022/20220422/,LEND_RDR_RSCI_20220422.LBL
DATA/2022/20220423/,LEND_RDR_RSCI_20220423.LBL
DATA/2022/20220424/,LEND_RDR_RSCI_20220424.LBL
DATA/2022/20220425/,LEND_RDR_RSCI_20220425.LBL
DATA/2022/20220426/,LEND_RDR_RSCI_20220426.LBL
DATA/2022/20220427/,LEND_RDR_RSCI_20220427.LBL
DATA/2022/20220428/,LEND_RDR_RSCI_20220428.LBL
DATA/2022/20220429/,LEND_RDR_RSCI_20220429.LBL
DATA/2022/20220430/,LEND_RDR_RSCI_20220430.LBL
DATA/2022/20220501/,LEND_RDR_RSCI_20220501.LBL
DATA/2022/20220502/,LEND_RDR_RSCI_20220502.LBL
DATA/2022/20220503/,LEND_RDR_RSCI_20220503.LBL
DATA/2022/20220504/,LEND_RDR_RSCI_20220504.LBL
DATA/2022/20220505/,LEND_RDR_RSCI_20220505.LBL
DATA/2022/20220506/,LEND_RDR_RSCI_20220506.LBL
DATA/2022/20220507/,LEND_RDR_RSCI_20220507.LBL
DATA/2022/20220508/,LEND_RDR_RSCI_20220508.LBL
DATA/2022/20220509/,LEND_RDR_RSCI_20220509.LBL
DATA/2022/20220510/,LEND_RDR_RSCI_20220510.LBL
DATA/2022/20220511/,LEND_RDR_RSCI_20220511.LBL
DATA/2022/20220512/,LEND_RDR_RSCI_20220512.LBL
DATA/2022/20220513/,LEND_RDR_RSCI_20220513.LBL
DATA/2022/20220514/,LEND_RDR_RSCI_20220514.LBL
DATA/2022/20220515/,LEND_RDR_RSCI_20220515.LBL
DATA/2022/20220516/,LEND_RDR_RSCI_20220516.LBL
DATA/2022/20220517/,LEND_RDR_RSCI_20220517.LBL
DATA/2022/20220518/,LEND_RDR_RSCI_20220518.LBL
DATA/2022/20220519/,LEND_RDR_RSCI_20220519.LBL
DATA/2022/20220520/,LEND_RDR_RSCI_20220520.LBL
DATA/2022/20220521/,LEND_RDR_RSCI_20220521.LBL
DATA/2022/20220522/,LEND_RDR_RSCI_20220522.LBL
DATA/2022/20220523/,LEND_RDR_RSCI_20220523.LBL
DATA/2022/20220524/,LEND_RDR_RSCI_20220524.LBL
DATA/2022/20220525/,LEND_RDR_RSCI_20220525.LBL
DATA/2022/20220526/,LEND_RDR_RSCI_20220526.LBL
DATA/2022/20220527/,LEND_RDR_RSCI_20220527.LBL
DATA/2022/20220528/,LEND_RDR_RSCI_20220528.LBL
DATA/2022/20220529/,LEND_RDR_RSCI_20220529.LBL
DATA/2022/20220530/,LEND_RDR_RSCI_20220530.LBL
DATA/2022/20220531/,LEND_RDR_RSCI_20220531.LBL
DATA/2022/20220601/,LEND_RDR_RSCI_20220601.LBL
DATA/2022/20220602/,LEND_RDR_RSCI_20220602.LBL
DATA/2022/20220603/,LEND_RDR_RSCI_20220603.LBL
DATA/2022/20220604/,LEND_RDR_RSCI_20220604.LBL
DATA/2022/20220605/,LEND_RDR_RSCI_20220605.LBL
DATA/2022/20220606/,LEND_RDR_RSCI_20220606.LBL
DATA/2022/20220607/,LEND_RDR_RSCI_20220607.LBL
DATA/2022/20220608/,LEND_RDR_RSCI_20220608.LBL
DATA/2022/20220609/,LEND_RDR_RSCI_20220609.LBL
DATA/2022/20220610/,LEND_RDR_RSCI_20220610.LBL
DATA/2022/20220611/,LEND_RDR_RSCI_20220611.LBL
DATA/2022/20220612/,LEND_RDR_RSCI_20220612.LBL
DATA/2022/20220613/,LEND_RDR_RSCI_20220613.LBL
DATA/2022/20220614/,LEND_RDR_RSCI_20220614.LBL
DATA/2022/20220615/,LEND_RDR_RSCI_20220615.LBL
DATA/2022/20220616/,LEND_RDR_RSCI_20220616.LBL
DATA/2022/20220617/,LEND_RDR_RSCI_20220617.LBL
DATA/2022/20220618/,LEND_RDR_RSCI_20220618.LBL
DATA/2022/20220619/,LEND_RDR_RSCI_20220619.LBL
DATA/2022/20220620/,LEND_RDR_RSCI_20220620.LBL
DATA/2022/20220621/,LEND_RDR_RSCI_20220621.LBL
DATA/2022/20220622/,LEND_RDR_RSCI_20220622.LBL
DATA/2022/20220623/,LEND_RDR_RSCI_20220623.LBL
DATA/2022/20220624/,LEND_RDR_RSCI_20220624.LBL
DATA/2022/20220625/,LEND_RDR_RSCI_20220625.LBL
DATA/2022/20220626/,LEND_RDR_RSCI_20220626.LBL
DATA/2022/20220627/,LEND_RDR_RSCI_20220627.LBL
DATA/2022/20220628/,LEND_RDR_RSCI_20220628.LBL
DATA/2022/20220629/,LEND_RDR_RSCI_20220629.LBL
DATA/2022/20220630/,LEND_RDR_RSCI_20220630.LBL
DATA/2022/20220701/,LEND_RDR_RSCI_20220701.LBL
DATA/2022/20220702/,LEND_RDR_RSCI_20220702.LBL
DATA/2022/20220703/,LEND_RDR_RSCI_20220703.LBL
DATA/2022/20220704/,LEND_RDR_RSCI_20220704.LBL
DATA/2022/20220705/,LEND_RDR_RSCI_20220705.LBL
DATA/2022/20220706/,LEND_RDR_RSCI_20220706.LBL
DATA/2022/20220707/,LEND_RDR_RSCI_20220707.LBL
DATA/2022/20220708/,LEND_RDR_RSCI_20220708.LBL
DATA/2022/20220709/,LEND_RDR_RSCI_20220709.LBL
DATA/2022/20220710/,LEND_RDR_RSCI_20220710.LBL
DATA/2022/20220711/,LEND_RDR_RSCI_20220711.LBL
DATA/2022/20220712/,LEND_RDR_RSCI_20220712.LBL
DATA/2022/20220713/,LEND_RDR_RSCI_20220713.LBL
DATA/2022/20220714/,LEND_RDR_RSCI_20220714.LBL
DATA/2022/20220715/,LEND_RDR_RSCI_20220715.LBL
DATA/2022/20220716/,LEND_RDR_RSCI_20220716.LBL
DATA/2022/20220717/,LEND_RDR_RSCI_20220717.LBL
DATA/2022/20220718/,LEND_RDR_RSCI_20220718.LBL
DATA/2022/20220719/,LEND_RDR_RSCI_20220719.LBL
DATA/2022/20220720/,LEND_RDR_RSCI_20220720.LBL
DATA/2022/20220721/,LEND_RDR_RSCI_20220721.LBL
DATA/2022/20220722/,LEND_RDR_RSCI_20220722.LBL
DATA/2022/20220723/,LEND_RDR_RSCI_20220723.LBL
DATA/2022/20220724/,LEND_RDR_RSCI_20220724.LBL
DATA/2022/20220725/,LEND_RDR_RSCI_20220725.LBL
DATA/2022/20220726/,LEND_RDR_RSCI_20220726.LBL
DATA/2022/20220727/,LEND_RDR_RSCI_20220727.LBL
DATA/2022/20220728/,LEND_RDR_RSCI_20220728.LBL
DATA/2022/20220729/,LEND_RDR_RSCI_20220729.LBL
DATA/2022/20220730/,LEND_RDR_RSCI_20220730.LBL
DATA/2022/20220731/,LEND_RDR_RSCI_20220731.LBL
DATA/2022/20220801/,LEND_RDR_RSCI_20220801.LBL
DATA/2022/20220802/,LEND_RDR_RSCI_20220802.LBL
DATA/2022/20220803/,LEND_RDR_RSCI_20220803.LBL
DATA/2022/20220804/,LEND_RDR_RSCI_20220804.LBL
DATA/2022/20220805/,LEND_RDR_RSCI_20220805.LBL
DATA/2022/20220806/,LEND_RDR_RSCI_20220806.LBL
DATA/2022/20220807/,LEND_RDR_RSCI_20220807.LBL
DATA/2022/20220808/,LEND_RDR_RSCI_20220808.LBL
DATA/2022/20220809/,LEND_RDR_RSCI_20220809.LBL
DATA/2022/20220810/,LEND_RDR_RSCI_20220810.LBL
DATA/2022/20220811/,LEND_RDR_RSCI_20220811.LBL
DATA/2022/20220812/,LEND_RDR_RSCI_20220812.LBL
DATA/2022/20220813/,LEND_RDR_RSCI_20220813.LBL
DATA/2022/20220814/,LEND_RDR_RSCI_20220814.LBL
DATA/2022/20220815/,LEND_RDR_RSCI_20220815.LBL
DATA/2022/20220816/,LEND_RDR_RSCI_20220816.LBL
DATA/2022/20220817/,LEND_RDR_RSCI_20220817.LBL
DATA/2022/20220818/,LEND_RDR_RSCI_20220818.LBL
DATA/2022/20220819/,LEND_RDR_RSCI_20220819.LBL
DATA/2022/20220820/,LEND_RDR_RSCI_20220820.LBL
DATA/2022/20220821/,LEND_RDR_RSCI_20220821.LBL
DATA/2022/20220822/,LEND_RDR_RSCI_20220822.LBL
DATA/2022/20220823/,LEND_RDR_RSCI_20220823.LBL
DATA/2022/20220824/,LEND_RDR_RSCI_20220824.LBL
DATA/2022/20220825/,LEND_RDR_RSCI_20220825.LBL
DATA/2022/20220826/,LEND_RDR_RSCI_20220826.LBL
DATA/2022/20220827/,LEND_RDR_RSCI_20220827.LBL
DATA/2022/20220828/,LEND_RDR_RSCI_20220828.LBL
DATA/2022/20220829/,LEND_RDR_RSCI_20220829.LBL
DATA/2022/20220830/,LEND_RDR_RSCI_20220830.LBL
DATA/2022/20220831/,LEND_RDR_RSCI_20220831.LBL
DATA/2022/20220901/,LEND_RDR_RSCI_20220901.LBL
DATA/2022/20220902/,LEND_RDR_RSCI_20220902.LBL
DATA/2022/20220903/,LEND_RDR_RSCI_20220903.LBL
DATA/2022/20220904/,LEND_RDR_RSCI_20220904.LBL
DATA/2022/20220905/,LEND_RDR_RSCI_20220905.LBL
DATA/2022/20220906/,LEND_RDR_RSCI_20220906.LBL
DATA/2022/20220907/,LEND_RDR_RSCI_20220907.LBL
DATA/2022/20220908/,LEND_RDR_RSCI_20220908.LBL
DATA/2022/20220909/,LEND_RDR_RSCI_20220909.LBL
DATA/2022/20220910/,LEND_RDR_RSCI_20220910.LBL
DATA/2022/20220911/,LEND_RDR_RSCI_20220911.LBL
DATA/2022/20220912/,LEND_RDR_RSCI_20220912.LBL
DATA/2022/20220913/,LEND_RDR_RSCI_20220913.LBL
DATA/2022/20220914/,LEND_RDR_RSCI_20220914.LBL
DATA/2022/20220915/,LEND_RDR_RSCI_20220915.LBL
DATA/2022/20220916/,LEND_RDR_RSCI_20220916.LBL
DATA/2022/20220917/,LEND_RDR_RSCI_20220917.LBL
DATA/2022/20220918/,LEND_RDR_RSCI_20220918.LBL
DATA/2022/20220919/,LEND_RDR_RSCI_20220919.LBL
DATA/2022/20220920/,LEND_RDR_RSCI_20220920.LBL
DATA/2022/20220921/,LEND_RDR_RSCI_20220921.LBL
DATA/2022/20220922/,LEND_RDR_RSCI_20220922.LBL
DATA/2022/20220923/,LEND_RDR_RSCI_20220923.LBL
DATA/2022/20220924/,LEND_RDR_RSCI_20220924.LBL
DATA/2022/20220925/,LEND_RDR_RSCI_20220925.LBL
DATA/2022/20220926/,LEND_RDR_RSCI_20220926.LBL
DATA/2022/20220927/,LEND_RDR_RSCI_20220927.LBL
DATA/2022/20220928/,LEND_RDR_RSCI_20220928.LBL
DATA/2022/20220929/,LEND_RDR_RSCI_20220929.LBL
DATA/2022/20220930/,LEND_RDR_RSCI_20220930.LBL
DATA/2022/20221001/,LEND_RDR_RSCI_20221001.LBL
DATA/2022/20221002/,LEND_RDR_RSCI_20221002.LBL
DATA/2022/20221003/,LEND_RDR_RSCI_20221003.LBL
DATA/2022/20221004/,LEND_RDR_RSCI_20221004.LBL
DATA/2022/20221005/,LEND_RDR_RSCI_20221005.LBL
DATA/2022/20221006/,LEND_RDR_RSCI_20221006.LBL
DATA/2022/20221007/,LEND_RDR_RSCI_20221007.LBL
DATA/2022/20221008/,LEND_RDR_RSCI_20221008.LBL
DATA/2022/20221009/,LEND_RDR_RSCI_20221009.LBL
DATA/2022/20221010/,LEND_RDR_RSCI_20221010.LBL
DATA/2022/20221011/,LEND_RDR_RSCI_20221011.LBL
DATA/2022/20221012/,LEND_RDR_RSCI_20221012.LBL
DATA/2022/20221013/,LEND_RDR_RSCI_20221013.LBL
DATA/2022/20221014/,LEND_RDR_RSCI_20221014.LBL
DATA/2022/20221015/,LEND_RDR_RSCI_20221015.LBL
DATA/2022/20221016/,LEND_RDR_RSCI_20221016.LBL
DATA/2022/20221017/,LEND_RDR_RSCI_20221017.LBL
DATA/2022/20221018/,LEND_RDR_RSCI_20221018.LBL
DATA/2022/20221019/,LEND_RDR_RSCI_20221019.LBL
DATA/2022/20221020/,LEND_RDR_RSCI_20221020.LBL
DATA/2022/20221021/,LEND_RDR_RSCI_20221021.LBL
DATA/2022/20221022/,LEND_RDR_RSCI_20221022.LBL
DATA/2022/20221023/,LEND_RDR_RSCI_20221023.LBL
DATA/2022/20221024/,LEND_RDR_RSCI_20221024.LBL
DATA/2022/20221025/,LEND_RDR_RSCI_20221025.LBL
DATA/2022/20221026/,LEND_RDR_RSCI_20221026.LBL
DATA/2022/20221027/,LEND_RDR_RSCI_20221027.LBL
DATA/2022/20221028/,LEND_RDR_RSCI_20221028.LBL
DATA/2022/20221029/,LEND_RDR_RSCI_20221029.LBL
DATA/2022/20221030/,LEND_RDR_RSCI_20221030.LBL
DATA/2022/20221031/,LEND_RDR_RSCI_20221031.LBL
DATA/2022/20221101/,LEND_RDR_RSCI_20221101.LBL
DATA/2022/20221102/,LEND_RDR_RSCI_20221102.LBL
DATA/2022/20221103/,LEND_RDR_RSCI_20221103.LBL
DATA/2022/20221104/,LEND_RDR_RSCI_20221104.LBL
DATA/2022/20221105/,LEND_RDR_RSCI_20221105.LBL
DATA/2022/20221106/,LEND_RDR_RSCI_20221106.LBL
DATA/2022/20221107/,LEND_RDR_RSCI_20221107.LBL
DATA/2022/20221108/,LEND_RDR_RSCI_20221108.LBL
DATA/2022/20221109/,LEND_RDR_RSCI_20221109.LBL
DATA/2022/20221110/,LEND_RDR_RSCI_20221110.LBL
DATA/2022/20221111/,LEND_RDR_RSCI_20221111.LBL
DATA/2022/20221112/,LEND_RDR_RSCI_20221112.LBL
DATA/2022/20221113/,LEND_RDR_RSCI_20221113.LBL
DATA/2022/20221114/,LEND_RDR_RSCI_20221114.LBL
DATA/2022/20221115/,LEND_RDR_RSCI_20221115.LBL
DATA/2022/20221116/,LEND_RDR_RSCI_20221116.LBL
DATA/2022/20221117/,LEND_RDR_RSCI_20221117.LBL
DATA/2022/20221118/,LEND_RDR_RSCI_20221118.LBL
DATA/2022/20221119/,LEND_RDR_RSCI_20221119.LBL
DATA/2022/20221120/,LEND_RDR_RSCI_20221120.LBL
DATA/2022/20221121/,LEND_RDR_RSCI_20221121.LBL
DATA/2022/20221122/,LEND_RDR_RSCI_20221122.LBL
DATA/2022/20221123/,LEND_RDR_RSCI_20221123.LBL
DATA/2022/20221124/,LEND_RDR_RSCI_20221124.LBL
DATA/2022/20221125/,LEND_RDR_RSCI_20221125.LBL
DATA/2022/20221126/,LEND_RDR_RSCI_20221126.LBL
DATA/2022/20221127/,LEND_RDR_RSCI_20221127.LBL
DATA/2022/20221128/,LEND_RDR_RSCI_20221128.LBL
DATA/2022/20221129/,LEND_RDR_RSCI_20221129.LBL
DATA/2022/20221130/,LEND_RDR_RSCI_20221130.LBL
DATA/2022/20221201/,LEND_RDR_RSCI_20221201.LBL
DATA/2022/20221202/,LEND_RDR_RSCI_20221202.LBL
DATA/2022/20221203/,LEND_RDR_RSCI_20221203.LBL
DATA/2022/20221204/,LEND_RDR_RSCI_20221204.LBL
DATA/2022/20221205/,LEND_RDR_RSCI_20221205.LBL
DATA/2022/20221206/,LEND_RDR_RSCI_20221206.LBL
DATA/2022/20221207/,LEND_RDR_RSCI_20221207.LBL
DATA/2022/20221208/,LEND_RDR_RSCI_20221208.LBL
DATA/2022/20221209/,LEND_RDR_RSCI_20221209.LBL
DATA/2022/20221210/,LEND_RDR_RSCI_20221210.LBL
DATA/2022/20221211/,LEND_RDR_RSCI_20221211.LBL
DATA/2022/20221212/,LEND_RDR_RSCI_20221212.LBL
DATA/2022/20221213/,LEND_RDR_RSCI_20221213.LBL
DATA/2022/20221214/,LEND_RDR_RSCI_20221214.LBL
DATA/2022/20221215/,LEND_RDR_RSCI_20221215.LBL
DATA/2022/20221216/,LEND_RDR_RSCI_20221216.LBL
DATA/2022/20221217/,LEND_RDR_RSCI_20221217.LBL
DATA/2022/20221218/,LEND_RDR_RSCI_20221218.LBL
DATA/2022/20221219/,LEND_RDR_RSCI_20221219.LBL
DATA/2022/20221220/,LEND_RDR_RSCI_20221220.LBL
DATA/2022/20221221/,LEND_RDR_RSCI_20221221.LBL
DATA/2022/20221222/,LEND_RDR_RSCI_20221222.LBL
DATA/2022/20221223/,LEND_RDR_RSCI_20221223.LBL
DATA/2022/20221224/,LEND_RDR_RSCI_20221224.LBL
DATA/2022/20221225/,LEND_RDR_RSCI_20221225.LBL
DATA/2022/20221226/,LEND_RDR_RSCI_20221226.LBL
DATA/2022/20221227/,LEND_RDR_RSCI_20221227.LBL
DATA/2022/20221228/,LEND_RDR_RSCI_20221228.LBL
DATA/2022/20221229/,LEND_RDR_RSCI_20221229.LBL
DATA/2022/20221230/,LEND_RDR_RSCI_20221230.LBL
DATA/2022/20221231/,LEND_RDR_RSCI_20221231.LBL
DATA/2023/20230101/,LEND_RDR_RSCI_20230101.LBL
DATA/2023/20230102/,LEND_RDR_RSCI_20230102.LBL
DATA/2023/20230103/,LEND_RDR_RSCI_20230103.LBL
DATA/2023/20230104/,LEND_RDR_RSCI_20230104.LBL
DATA/2023/20230105/,LEND_RDR_RSCI_20230105.LBL
DATA/2023/20230106/,LEND_RDR_RSCI_20230106.LBL
DATA/2023/20230107/,LEND_RDR_RSCI_20230107.LBL
DATA/2023/20230108/,LEND_RDR_RSCI_20230108.LBL
DATA/2023/20230109/,LEND_RDR_RSCI_20230109.LBL
DATA/2023/20230110/,LEND_RDR_RSCI_20230110.LBL
DATA/2023/20230111/,LEND_RDR_RSCI_20230111.LBL
DATA/2023/20230112/,LEND_RDR_RSCI_20230112.LBL
DATA/2023/20230113/,LEND_RDR_RSCI_20230113.LBL
DATA/2023/20230114/,LEND_RDR_RSCI_20230114.LBL
DATA/2023/20230115/,LEND_RDR_RSCI_20230115.LBL
DATA/2023/20230116/,LEND_RDR_RSCI_20230116.LBL
DATA/2023/20230117/,LEND_RDR_RSCI_20230117.LBL
DATA/2023/20230118/,LEND_RDR_RSCI_20230118.LBL
DATA/2023/20230119/,LEND_RDR_RSCI_20230119.LBL
DATA/2023/20230120/,LEND_RDR_RSCI_20230120.LBL
DATA/2023/20230121/,LEND_RDR_RSCI_20230121.LBL
DATA/2023/20230122/,LEND_RDR_RSCI_20230122.LBL
DATA/2023/20230123/,LEND_RDR_RSCI_20230123.LBL
DATA/2023/20230124/,LEND_RDR_RSCI_20230124.LBL
DATA/2023/20230125/,LEND_RDR_RSCI_20230125.LBL
DATA/2023/20230126/,LEND_RDR_RSCI_20230126.LBL
DATA/2023/20230127/,LEND_RDR_RSCI_20230127.LBL
DATA/2023/20230128/,LEND_RDR_RSCI_20230128.LBL
DATA/2023/20230129/,LEND_RDR_RSCI_20230129.LBL
DATA/2023/20230130/,LEND_RDR_RSCI_20230130.LBL
DATA/2023/20230131/,LEND_RDR_RSCI_20230131.LBL
DATA/2023/20230201/,LEND_RDR_RSCI_20230201.LBL
DATA/2023/20230202/,LEND_RDR_RSCI_20230202.LBL
DATA/2023/20230203/,LEND_RDR_RSCI_20230203.LBL
DATA/2023/20230204/,LEND_RDR_RSCI_20230204.LBL
DATA/2023/20230205/,LEND_RDR_RSCI_20230205.LBL
DATA/2023/20230206/,LEND_RDR_RSCI_20230206.LBL
DATA/2023/20230207/,LEND_RDR_RSCI_20230207.LBL
DATA/2023/20230208/,LEND_RDR_RSCI_20230208.LBL
DATA/2023/20230209/,LEND_RDR_RSCI_20230209.LBL
DATA/2023/20230210/,LEND_RDR_RSCI_20230210.LBL
DATA/2023/20230211/,LEND_RDR_RSCI_20230211.LBL
DATA/2023/20230212/,LEND_RDR_RSCI_20230212.LBL
DATA/2023/20230213/,LEND_RDR_RSCI_20230213.LBL
DATA/2023/20230214/,LEND_RDR_RSCI_20230214.LBL
DATA/2023/20230215/,LEND_RDR_RSCI_20230215.LBL
DATA/2023/20230216/,LEND_RDR_RSCI_20230216.LBL
DATA/2023/20230217/,LEND_RDR_RSCI_20230217.LBL
DATA/2023/20230218/,LEND_RDR_RSCI_20230218.LBL
DATA/2023/20230219/,LEND_RDR_RSCI_20230219.LBL
DATA/2023/20230220/,LEND_RDR_RSCI_20230220.LBL
DATA/2023/20230221/,LEND_RDR_RSCI_20230221.LBL
DATA/2023/20230222/,LEND_RDR_RSCI_20230222.LBL
DATA/2023/20230223/,LEND_RDR_RSCI_20230223.LBL
DATA/2023/20230224/,LEND_RDR_RSCI_20230224.LBL
DATA/2023/20230225/,LEND_RDR_RSCI_20230225.LBL
DATA/2023/20230226/,LEND_RDR_RSCI_20230226.LBL
DATA/2023/20230227/,LEND_RDR_RSCI_20230227.LBL
DATA/2023/20230228/,LEND_RDR_RSCI_20230228.LBL
DATA/2023/20230301/,LEND_RDR_RSCI_20230301.LBL
DATA/2023/20230302/,LEND_RDR_RSCI_20230302.LBL
DATA/2023/20230303/,LEND_RDR_RSCI_20230303.LBL
DATA/2023/20230304/,LEND_RDR_RSCI_20230304.LBL
DATA/2023/20230305/,LEND_RDR_RSCI_20230305.LBL
DATA/2023/20230306/,LEND_RDR_RSCI_20230306.LBL
DATA/2023/20230307/,LEND_RDR_RSCI_20230307.LBL
DATA/2023/20230308/,LEND_RDR_RSCI_20230308.LBL
DATA/2023/20230309/,LEND_RDR_RSCI_20230309.LBL
DATA/2023/20230310/,LEND_RDR_RSCI_20230310.LBL
DATA/2023/20230311/,LEND_RDR_RSCI_20230311.LBL
DATA/2023/20230312/,LEND_RDR_RSCI_20230312.LBL
DATA/2023/20230313/,LEND_RDR_RSCI_20230313.LBL
DATA/2023/20230314/,LEND_RDR_RSCI_20230314.LBL
DATA/2023/20230315/,LEND_RDR_RSCI_20230315.LBL
DATA/2023/20230316/,LEND_RDR_RSCI_20230316.LBL
DATA/2023/20230317/,LEND_RDR_RSCI_20230317.LBL
DATA/2023/20230318/,LEND_RDR_RSCI_20230318.LBL
DATA/2023/20230319/,LEND_RDR_RSCI_20230319.LBL
DATA/2023/20230320/,LEND_RDR_RSCI_20230320.LBL
DATA/2023/20230321/,LEND_RDR_RSCI_20230321.LBL
DATA/2023/20230322/,LEND_RDR_RSCI_20230322.LBL
DATA/2023/20230323/,LEND_RDR_RSCI_20230323.LBL
DATA/2023/20230324/,LEND_RDR_RSCI_20230324.LBL
DATA/2023/20230325/,LEND_RDR_RSCI_20230325.LBL
DATA/2023/20230326/,LEND_RDR_RSCI_20230326.LBL
DATA/2023/20230327/,LEND_RDR_RSCI_20230327.LBL
DATA/2023/20230328/,LEND_RDR_RSCI_20230328.LBL
DATA/2023/20230329/,LEND_RDR_RSCI_20230329.LBL
DATA/2023/20230330/,LEND_RDR_RSCI_20230330.LBL
DATA/2023/20230331/,LEND_RDR_RSCI_20230331.LBL
DATA/2023/20230401/,LEND_RDR_RSCI_20230401.LBL
DATA/2023/20230402/,LEND_RDR_RSCI_20230402.LBL
DATA/2023/20230403/,LEND_RDR_RSCI_20230403.LBL
DATA/2023/20230404/,LEND_RDR_RSCI_20230404.LBL
DATA/2023/20230405/,LEND_RDR_RSCI_20230405.LBL
DATA/2023/20230406/,LEND_RDR_RSCI_20230406.LBL
DATA/2023/20230407/,LEND_RDR_RSCI_20230407.LBL
DATA/2023/20230408/,LEND_RDR_RSCI_20230408.LBL
DATA/2023/20230409/,LEND_RDR_RSCI_20230409.LBL
DATA/2023/20230410/,LEND_RDR_RSCI_20230410.LBL
DATA/2023/20230411/,LEND_RDR_RSCI_20230411.LBL
DATA/2023/20230412/,LEND_RDR_RSCI_20230412.LBL
DATA/2023/20230413/,LEND_RDR_RSCI_20230413.LBL
DATA/2023/20230414/,LEND_RDR_RSCI_20230414.LBL
DATA/2023/20230415/,LEND_RDR_RSCI_20230415.LBL
DATA/2023/20230416/,LEND_RDR_RSCI_20230416.LBL
DATA/2023/20230417/,LEND_RDR_RSCI_20230417.LBL
DATA/2023/20230418/,LEND_RDR_RSCI_20230418.LBL
DATA/2023/20230419/,LEND_RDR_RSCI_20230419.LBL
DATA/2023/20230420/,LEND_RDR_RSCI_20230420.LBL
DATA/2023/20230421/,LEND_RDR_RSCI_20230421.LBL
DATA/2023/20230422/,LEND_RDR_RSCI_20230422.LBL
DATA/2023/20230423/,LEND_RDR_RSCI_20230423.LBL
DATA/2023/20230424/,LEND_RDR_RSCI_20230424.LBL
DATA/2023/20230425/,LEND_RDR_RSCI_20230425.LBL
DATA/2023/20230426/,LEND_RDR_RSCI_20230426.LBL
DATA/2023/20230427/,LEND_RDR_RSCI_20230427.LBL
DATA/2023/20230428/,LEND_RDR_RSCI_20230428.LBL
DATA/2023/20230429/,LEND_RDR_RSCI_20230429.LBL
DATA/2023/20230430/,LEND_RDR_RSCI_20230430.LBL
DATA/2023/20230501/,LEND_RDR_RSCI_20230501.LBL
DATA/2023/20230502/,LEND_RDR_RSCI_20230502.LBL
DATA/2023/20230503/,LEND_RDR_RSCI_20230503.LBL
DATA/2023/20230504/,LEND_RDR_RSCI_20230504.LBL
DATA/2023/20230505/,LEND_RDR_RSCI_20230505.LBL
DATA/2023/20230506/,LEND_RDR_RSCI_20230506.LBL
DATA/2023/20230507/,LEND_RDR_RSCI_20230507.LBL
DATA/2023/20230508/,LEND_RDR_RSCI_20230508.LBL
DATA/2023/20230509/,LEND_RDR_RSCI_20230509.LBL
DATA/2023/20230510/,LEND_RDR_RSCI_20230510.LBL
DATA/2023/20230511/,LEND_RDR_RSCI_20230511.LBL
DATA/2023/20230512/,LEND_RDR_RSCI_20230512.LBL
DATA/2023/20230513/,LEND_RDR_RSCI_20230513.LBL
DATA/2023/20230514/,LEND_RDR_RSCI_20230514.LBL
DATA/2023/20230515/,LEND_RDR_RSCI_20230515.LBL
DATA/2023/20230516/,LEND_RDR_RSCI_20230516.LBL
DATA/2023/20230517/,LEND_RDR_RSCI_20230517.LBL
DATA/2023/20230518/,LEND_RDR_RSCI_20230518.LBL
DATA/2023/20230519/,LEND_RDR_RSCI_20230519.LBL
DATA/2023/20230520/,LEND_RDR_RSCI_20230520.LBL
DATA/2023/20230521/,LEND_RDR_RSCI_20230521.LBL
DATA/2023/20230522/,LEND_RDR_RSCI_20230522.LBL
DATA/2023/20230523/,LEND_RDR_RSCI_20230523.LBL
DATA/2023/20230524/,LEND_RDR_RSCI_20230524.LBL
DATA/2023/20230525/,LEND_RDR_RSCI_20230525.LBL
DATA/2023/20230526/,LEND_RDR_RSCI_20230526.LBL
DATA/2023/20230527/,LEND_RDR_RSCI_20230527.LBL
DATA/2023/20230528/,LEND_RDR_RSCI_20230528.LBL
DATA/2023/20230529/,LEND_RDR_RSCI_20230529.LBL
DATA/2023/20230530/,LEND_RDR_RSCI_20230530.LBL
DATA/2023/20230531/,LEND_RDR_RSCI_20230531.LBL
DATA/2023/20230601/,LEND_RDR_RSCI_20230601.LBL
DATA/2023/20230602/,LEND_RDR_RSCI_20230602.LBL
DATA/2023/20230603/,LEND_RDR_RSCI_20230603.LBL
DATA/2023/20230604/,LEND_RDR_RSCI_20230604.LBL
DATA/2023/20230605/,LEND_RDR_RSCI_20230605.LBL
DATA/2023/20230606/,LEND_RDR_RSCI_20230606.LBL
DATA/2023/20230607/,LEND_RDR_RSCI_20230607.LBL
DATA/2023/20230608/,LEND_RDR_RSCI_20230608.LBL
DATA/2023/20230609/,LEND_RDR_RSCI_20230609.LBL
DATA/2023/20230610/,LEND_RDR_RSCI_20230610.LBL
DATA/2023/20230611/,LEND_RDR_RSCI_20230611.LBL
DATA/2023/20230612/,LEND_RDR_RSCI_20230612.LBL
DATA/2023/20230613/,LEND_RDR_RSCI_20230613.LBL
DATA/2023/20230614/,LEND_RDR_RSCI_20230614.LBL
DATA/2023/20230615/,LEND_RDR_RSCI_20230615.LBL
DATA/2023/20230616/,LEND_RDR_RSCI_20230616.LBL
DATA/2023/20230617/,LEND_RDR_RSCI_20230617.LBL
DATA/2023/20230618/,LEND_RDR_RSCI_20230618.LBL
DATA/2023/20230619/,LEND_RDR_RSCI_20230619.LBL
DATA/2023/20230620/,LEND_RDR_RSCI_20230620.LBL
DATA/2023/20230621/,LEND_RDR_RSCI_20230621.LBL
DATA/2023/20230622/,LEND_RDR_RSCI_20230622.LBL
DATA/2023/20230623/,LEND_RDR_RSCI_20230623.LBL
DATA/2023/20230624/,LEND_RDR_RSCI_20230624.LBL
DATA/2023/20230625/,LEND_RDR_RSCI_20230625.LBL
DATA/2023/20230626/,LEND_RDR_RSCI_20230626.LBL
DATA/2023/20230627/,LEND_RDR_RSCI_20230627.LBL
DATA/2023/20230628/,LEND_RDR_RSCI_20230628.LBL
DATA/2023/20230629/,LEND_RDR_RSCI_20230629.LBL
DATA/2023/20230630/,LEND_RDR_RSCI_20230630.LBL
DATA/2023/20230701/,LEND_RDR_RSCI_20230701.LBL
DATA/2023/20230702/,LEND_RDR_RSCI_20230702.LBL
DATA/2023/20230703/,LEND_RDR_RSCI_20230703.LBL
DATA/2023/20230704/,LEND_RDR_RSCI_20230704.LBL
DATA/2023/20230705/,LEND_RDR_RSCI_20230705.LBL
DATA/2023/20230706/,LEND_RDR_RSCI_20230706.LBL
DATA/2023/20230707/,LEND_RDR_RSCI_20230707.LBL
DATA/2023/20230708/,LEND_RDR_RSCI_20230708.LBL
DATA/2023/20230709/,LEND_RDR_RSCI_20230709.LBL
DATA/2023/20230710/,LEND_RDR_RSCI_20230710.LBL
DATA/2023/20230711/,LEND_RDR_RSCI_20230711.LBL
DATA/2023/20230712/,LEND_RDR_RSCI_20230712.LBL
DATA/2023/20230713/,LEND_RDR_RSCI_20230713.LBL
DATA/2023/20230714/,LEND_RDR_RSCI_20230714.LBL
DATA/2023/20230715/,LEND_RDR_RSCI_20230715.LBL
DATA/2023/20230716/,LEND_RDR_RSCI_20230716.LBL
DATA/2023/20230717/,LEND_RDR_RSCI_20230717.LBL
DATA/2023/20230718/,LEND_RDR_RSCI_20230718.LBL
DATA/2023/20230719/,LEND_RDR_RSCI_20230719.LBL
DATA/2023/20230720/,LEND_RDR_RSCI_20230720.LBL
DATA/2023/20230721/,LEND_RDR_RSCI_20230721.LBL
DATA/2023/20230722/,LEND_RDR_RSCI_20230722.LBL
DATA/2023/20230723/,LEND_RDR_RSCI_20230723.LBL
DATA/2023/20230724/,LEND_RDR_RSCI_20230724.LBL
DATA/2023/20230725/,LEND_RDR_RSCI_20230725.LBL
DATA/2023/20230726/,LEND_RDR_RSCI_20230726.LBL
DATA/2023/20230727/,LEND_RDR_RSCI_20230727.LBL
DATA/2023/20230728/,LEND_RDR_RSCI_20230728.LBL
DATA/2023/20230729/,LEND_RDR_RSCI_20230729.LBL
DATA/2023/20230730/,LEND_RDR_RSCI_20230730.LBL
DATA/2023/20230731/,LEND_RDR_RSCI_20230731.LBL
DATA/2023/20230801/,LEND_RDR_RSCI_20230801.LBL
DATA/2023/20230802/,LEND_RDR_RSCI_20230802.LBL
DATA/2023/20230803/,LEND_RDR_RSCI_20230803.LBL
DATA/2023/20230804/,LEND_RDR_RSCI_20230804.LBL
DATA/2023/20230805/,LEND_RDR_RSCI_20230805.LBL
DATA/2023/20230806/,LEND_RDR_RSCI_20230806.LBL
DATA/2023/20230807/,LEND_RDR_RSCI_20230807.LBL
DATA/2023/20230808/,LEND_RDR_RSCI_20230808.LBL
DATA/2023/20230809/,LEND_RDR_RSCI_20230809.LBL
DATA/2023/20230810/,LEND_RDR_RSCI_20230810.LBL
DATA/2023/20230811/,LEND_RDR_RSCI_20230811.LBL
DATA/2023/20230812/,LEND_RDR_RSCI_20230812.LBL
DATA/2023/20230813/,LEND_RDR_RSCI_20230813.LBL
DATA/2023/20230814/,LEND_RDR_RSCI_20230814.LBL
DATA/2023/20230815/,LEND_RDR_RSCI_20230815.LBL
DATA/2023/20230816/,LEND_RDR_RSCI_20230816.LBL
DATA/2023/20230817/,LEND_RDR_RSCI_20230817.LBL
DATA/2023/20230818/,LEND_RDR_RSCI_20230818.LBL
DATA/2023/20230819/,LEND_RDR_RSCI_20230819.LBL
DATA/2023/20230820/,LEND_RDR_RSCI_20230820.LBL
DATA/2023/20230821/,LEND_RDR_RSCI_20230821.LBL
DATA/2023/20230822/,LEND_RDR_RSCI_20230822.LBL
DATA/2023/20230823/,LEND_RDR_RSCI_20230823.LBL
DATA/2023/20230824/,LEND_RDR_RSCI_20230824.LBL
DATA/2023/20230825/,LEND_RDR_RSCI_20230825.LBL
DATA/2023/20230826/,LEND_RDR_RSCI_20230826.LBL
DATA/2023/20230827/,LEND_RDR_RSCI_20230827.LBL
DATA/2023/20230828/,LEND_RDR_RSCI_20230828.LBL
DATA/2023/20230829/,LEND_RDR_RSCI_20230829.LBL
DATA/2023/20230830/,LEND_RDR_RSCI_20230830.LBL
DATA/2023/20230831/,LEND_RDR_RSCI_20230831.LBL
DATA/2023/20230901/,LEND_RDR_RSCI_20230901.LBL
DATA/2023/20230902/,LEND_RDR_RSCI_20230902.LBL
DATA/2023/20230903/,LEND_RDR_RSCI_20230903.LBL
DATA/2023/20230904/,LEND_RDR_RSCI_20230904.LBL
DATA/2023/20230905/,LEND_RDR_RSCI_20230905.LBL
DATA/2023/20230906/,LEND_RDR_RSCI_20230906.LBL
DATA/2023/20230907/,LEND_RDR_RSCI_20230907.LBL
DATA/2023/20230908/,LEND_RDR_RSCI_20230908.LBL
DATA/2023/20230909/,LEND_RDR_RSCI_20230909.LBL
DATA/2023/20230910/,LEND_RDR_RSCI_20230910.LBL
DATA/2023/20230911/,LEND_RDR_RSCI_20230911.LBL
DATA/2023/20230912/,LEND_RDR_RSCI_20230912.LBL
DATA/2023/20230913/,LEND_RDR_RSCI_20230913.LBL
DATA/2023/20230914/,LEND_RDR_RSCI_20230914.LBL
DATA/2023/20230915/,LEND_RDR_RSCI_20230915.LBL
DATA/2023/20230916/,LEND_RDR_RSCI_20230916.LBL
DATA/2023/20230917/,LEND_RDR_RSCI_20230917.LBL
DATA/2023/20230918/,LEND_RDR_RSCI_20230918.LBL
DATA/2023/20230919/,LEND_RDR_RSCI_20230919.LBL
DATA/2023/20230920/,LEND_RDR_RSCI_20230920.LBL
DATA/2023/20230921/,LEND_RDR_RSCI_20230921.LBL
DATA/2023/20230922/,LEND_RDR_RSCI_20230922.LBL
DATA/2023/20230923/,LEND_RDR_RSCI_20230923.LBL
DATA/2023/20230924/,LEND_RDR_RSCI_20230924.LBL
DATA/2023/20230925/,LEND_RDR_RSCI_20230925.LBL
DATA/2023/20230926/,LEND_RDR_RSCI_20230926.LBL
DATA/2023/20230927/,LEND_RDR_RSCI_20230927.LBL
DATA/2023/20230928/,LEND_RDR_RSCI_20230928.LBL
DATA/2023/20230929/,LEND_RDR_RSCI_20230929.LBL
DATA/2023/20230930/,LEND_RDR_RSCI_20230930.LBL
DATA/2023/20231001/,LEND_RDR_RSCI_20231001.LBL
DATA/2023/20231002/,LEND_RDR_RSCI_20231002.LBL
DATA/2023/20231003/,LEND_RDR_RSCI_20231003.LBL
DATA/2023/20231004/,LEND_RDR_RSCI_20231004.LBL
DATA/2023/20231005/,LEND_RDR_RSCI_20231005.LBL
DATA/2023/20231006/,LEND_RDR_RSCI_20231006.LBL
DATA/2023/20231007/,LEND_RDR_RSCI_20231007.LBL
DATA/2023/20231008/,LEND_RDR_RSCI_20231008.LBL
DATA/2023/20231009/,LEND_RDR_RSCI_20231009.LBL
DATA/2023/20231010/,LEND_RDR_RSCI_20231010.LBL
DATA/2023/20231011/,LEND_RDR_RSCI_20231011.LBL
DATA/2023/20231012/,LEND_RDR_RSCI_20231012.LBL
DATA/2023/20231013/,LEND_RDR_RSCI_20231013.LBL
DATA/2023/20231014/,LEND_RDR_RSCI_20231014.LBL
DATA/2023/20231015/,LEND_RDR_RSCI_20231015.LBL
DATA/2023/20231016/,LEND_RDR_RSCI_20231016.LBL
DATA/2023/20231017/,LEND_RDR_RSCI_20231017.LBL
DATA/2023/20231018/,LEND_RDR_RSCI_20231018.LBL
DATA/2023/20231019/,LEND_RDR_RSCI_20231019.LBL
DATA/2023/20231020/,LEND_RDR_RSCI_20231020.LBL
DATA/2023/20231021/,LEND_RDR_RSCI_20231021.LBL
DATA/2023/20231022/,LEND_RDR_RSCI_20231022.LBL
DATA/2023/20231023/,LEND_RDR_RSCI_20231023.LBL
DATA/2023/20231024/,LEND_RDR_RSCI_20231024.LBL
DATA/2023/20231025/,LEND_RDR_RSCI_20231025.LBL
DATA/2023/20231026/,LEND_RDR_RSCI_20231026.LBL
DATA/2023/20231027/,LEND_RDR_RSCI_20231027.LBL
DATA/2023/20231028/,LEND_RDR_RSCI_20231028.LBL
DATA/2023/20231029/,LEND_RDR_RSCI_20231029.LBL
DATA/2023/20231030/,LEND_RDR_RSCI_20231030.LBL
DATA/2023/20231031/,LEND_RDR_RSCI_20231031.LBL
DATA/2023/20231101/,LEND_RDR_RSCI_20231101.LBL
DATA/2023/20231102/,LEND_RDR_RSCI_20231102.LBL
DATA/2023/20231103/,LEND_RDR_RSCI_20231103.LBL
DATA/2023/20231104/,LEND_RDR_RSCI_20231104.LBL
DATA/2023/20231105/,LEND_RDR_RSCI_20231105.LBL
DATA/2023/20231106/,LEND_RDR_RSCI_20231106.LBL
DATA/2023/20231107/,LEND_RDR_RSCI_20231107.LBL
DATA/2023/20231108/,LEND_RDR_RSCI_20231108.LBL
DATA/2023/20231109/,LEND_RDR_RSCI_20231109.LBL
DATA/2023/20231110/,LEND_RDR_RSCI_20231110.LBL
DATA/2023/20231111/,LEND_RDR_RSCI_20231111.LBL
DATA/2023/20231112/,LEND_RDR_RSCI_20231112.LBL
DATA/2023/20231113/,LEND_RDR_RSCI_20231113.LBL
DATA/2023/20231114/,LEND_RDR_RSCI_20231114.LBL
DATA/2023/20231115/,LEND_RDR_RSCI_20231115.LBL
DATA/2023/20231116/,LEND_RDR_RSCI_20231116.LBL
DATA/2023/20231117/,LEND_RDR_RSCI_20231117.LBL
DATA/2023/20231118/,LEND_RDR_RSCI_20231118.LBL
DATA/2023/20231119/,LEND_RDR_RSCI_20231119.LBL
DATA/2023/20231120/,LEND_RDR_RSCI_20231120.LBL
DATA/2023/20231121/,LEND_RDR_RSCI_20231121.LBL
DATA/2023/20231122/,LEND_RDR_RSCI_20231122.LBL
DATA/2023/20231123/,LEND_RDR_RSCI_20231123.LBL
DATA/2023/20231124/,LEND_RDR_RSCI_20231124.LBL
DATA/2023/20231125/,LEND_RDR_RSCI_20231125.LBL
DATA/2023/20231126/,LEND_RDR_RSCI_20231126.LBL
DATA/2023/20231127/,LEND_RDR_RSCI_20231127.LBL
DATA/2023/20231128/,LEND_RDR_RSCI_20231128.LBL
DATA/2023/20231129/,LEND_RDR_RSCI_20231129.LBL
DATA/2023/20231130/,LEND_RDR_RSCI_20231130.LBL
DATA/2023/20231201/,LEND_RDR_RSCI_20231201.LBL
DATA/2023/20231202/,LEND_RDR_RSCI_20231202.LBL
DATA/2023/20231203/,LEND_RDR_RSCI_20231203.LBL
DATA/2023/20231204/,LEND_RDR_RSCI_20231204.LBL
DATA/2023/20231205/,LEND_RDR_RSCI_20231205.LBL
DATA/2023/20231206/,LEND_RDR_RSCI_20231206.LBL
DATA/2023/20231207/,LEND_RDR_RSCI_20231207.LBL
DATA/2023/20231208/,LEND_RDR_RSCI_20231208.LBL
DATA/2023/20231209/,LEND_RDR_RSCI_20231209.LBL
DATA/2023/20231210/,LEND_RDR_RSCI_20231210.LBL
DATA/2023/20231211/,LEND_RDR_RSCI_20231211.LBL
DATA/2023/20231212/,LEND_RDR_RSCI_20231212.LBL
DATA/2023/20231213/,LEND_RDR_RSCI_20231213.LBL
DATA/2023/20231214/,LEND_RDR_RSCI_20231214.LBL
DATA/2023/20231215/,LEND_RDR_RSCI_20231215.LBL
DATA/2023/20231216/,LEND_RDR_RSCI_20231216.LBL
DATA/2023/20231217/,LEND_RDR_RSCI_20231217.LBL
DATA/2023/20231218/,LEND_RDR_RSCI_20231218.LBL
DATA/2023/20231219/,LEND_RDR_RSCI_20231219.LBL
DATA/2023/20231220/,LEND_RDR_RSCI_20231220.LBL
DATA/2023/20231221/,LEND_RDR_RSCI_20231221.LBL
DATA/2023/20231222/,LEND_RDR_RSCI_20231222.LBL
DATA/2023/20231223/,LEND_RDR_RSCI_20231223.LBL
DATA/2023/20231224/,LEND_RDR_RSCI_20231224.LBL
DATA/2023/20231225/,LEND_RDR_RSCI_20231225.LBL
DATA/2023/20231226/,LEND_RDR_RSCI_20231226.LBL
DATA/2023/20231227/,LEND_RDR_RSCI_20231227.LBL
DATA/2023/20231228/,LEND_RDR_RSCI_20231228.LBL
DATA/2023/20231229/,LEND_RDR_RSCI_20231229.LBL
DATA/2023/20231230/,LEND_RDR_RSCI_20231230.LBL
DATA/2023/20231231/,LEND_RDR_RSCI_20231231.LBL
DATA/2024/20240101/,LEND_RDR_RSCI_20240101.LBL
DATA/2024/20240102/,LEND_RDR_RSCI_20240102.LBL
DATA/2024/20240103/,LEND_RDR_RSCI_20240103.LBL
DATA/2024/20240104/,LEND_RDR_RSCI_20240104.LBL
DATA/2024/20240105/,LEND_RDR_RSCI_20240105.LBL
DATA/2024/20240106/,LEND_RDR_RSCI_20240106.LBL
DATA/2024/20240107/,LEND_RDR_RSCI_20240107.LBL
DATA/2024/20240108/,LEND_RDR_RSCI_20240108.LBL
DATA/2024/20240109/,LEND_RDR_RSCI_20240109.LBL
DATA/2024/20240110/,LEND_RDR_RSCI_20240110.LBL
DATA/2024/20240111/,LEND_RDR_RSCI_20240111.LBL
DATA/2024/20240112/,LEND_RDR_RSCI_20240112.LBL
DATA/2024/20240113/,LEND_RDR_RSCI_20240113.LBL
DATA/2024/20240114/,LEND_RDR_RSCI_20240114.LBL
DATA/2024/20240115/,LEND_RDR_RSCI_20240115.LBL
DATA/2024/20240116/,LEND_RDR_RSCI_20240116.LBL
DATA/2024/20240117/,LEND_RDR_RSCI_20240117.LBL
DATA/2024/20240118/,LEND_RDR_RSCI_20240118.LBL
DATA/2024/20240119/,LEND_RDR_RSCI_20240119.LBL
DATA/2024/20240120/,LEND_RDR_RSCI_20240120.LBL
DATA/2024/20240121/,LEND_RDR_RSCI_20240121.LBL
DATA/2024/20240122/,LEND_RDR_RSCI_20240122.LBL
DATA/2024/20240123/,LEND_RDR_RSCI_20240123.LBL
DATA/2024/20240124/,LEND_RDR_RSCI_20240124.LBL
DATA/2024/20240125/,LEND_RDR_RSCI_20240125.LBL
DATA/2024/20240126/,LEND_RDR_RSCI_20240126.LBL
DATA/2024/20240127/,LEND_RDR_RSCI_20240127.LBL
DATA/2024/20240128/,LEND_RDR_RSCI_20240128.LBL
DATA/2024/20240129/,LEND_RDR_RSCI_20240129.LBL
DATA/2024/20240130/,LEND_RDR_RSCI_20240130.LBL
DATA/2024/20240131/,LEND_RDR_RSCI_20240131.LBL
DATA/2024/20240201/,LEND_RDR_RSCI_20240201.LBL
DATA/2024/20240202/,LEND_RDR_RSCI_20240202.LBL
DATA/2024/20240203/,LEND_RDR_RSCI_20240203.LBL
DATA/2024/20240204/,LEND_RDR_RSCI_20240204.LBL
DATA/2024/20240205/,LEND_RDR_RSCI_20240205.LBL
DATA/2024/20240206/,LEND_RDR_RSCI_20240206.LBL
DATA/2024/20240207/,LEND_RDR_RSCI_20240207.LBL
DATA/2024/20240208/,LEND_RDR_RSCI_20240208.LBL
DATA/2024/20240209/,LEND_RDR_RSCI_20240209.LBL
DATA/2024/20240210/,LEND_RDR_RSCI_20240210.LBL
DATA/2024/20240211/,LEND_RDR_RSCI_20240211.LBL
DATA/2024/20240212/,LEND_RDR_RSCI_20240212.LBL
DATA/2024/20240213/,LEND_RDR_RSCI_20240213.LBL
DATA/2024/20240214/,LEND_RDR_RSCI_20240214.LBL
DATA/2024/20240215/,LEND_RDR_RSCI_20240215.LBL
DATA/2024/20240216/,LEND_RDR_RSCI_20240216.LBL
DATA/2024/20240217/,LEND_RDR_RSCI_20240217.LBL
DATA/2024/20240218/,LEND_RDR_RSCI_20240218.LBL
DATA/2024/20240219/,LEND_RDR_RSCI_20240219.LBL
DATA/2024/20240220/,LEND_RDR_RSCI_20240220.LBL
DATA/2024/20240221/,LEND_RDR_RSCI_20240221.LBL
DATA/2024/20240222/,LEND_RDR_RSCI_20240222.LBL
DATA/2024/20240223/,LEND_RDR_RSCI_20240223.LBL
DATA/2024/20240224/,LEND_RDR_RSCI_20240224.LBL
DATA/2024/20240225/,LEND_RDR_RSCI_20240225.LBL
DATA/2024/20240226/,LEND_RDR_RSCI_20240226.LBL
DATA/2024/20240227/,LEND_RDR_RSCI_20240227.LBL
DATA/2024/20240228/,LEND_RDR_RSCI_20240228.LBL
DATA/2024/20240229/,LEND_RDR_RSCI_20240229.LBL
DATA/2024/20240301/,LEND_RDR_RSCI_20240301.LBL
DATA/2024/20240302/,LEND_RDR_RSCI_20240302.LBL
DATA/2024/20240303/,LEND_RDR_RSCI_20240303.LBL
DATA/2024/20240304/,LEND_RDR_RSCI_20240304.LBL
DATA/2024/20240305/,LEND_RDR_RSCI_20240305.LBL
DATA/2024/20240306/,LEND_RDR_RSCI_20240306.LBL
DATA/2024/20240307/,LEND_RDR_RSCI_20240307.LBL
DATA/2024/20240308/,LEND_RDR_RSCI_20240308.LBL
DATA/2024/20240309/,LEND_RDR_RSCI_20240309.LBL
DATA/2024/20240310/,LEND_RDR_RSCI_20240310.LBL
DATA/2024/20240311/,LEND_RDR_RSCI_20240311.LBL
DATA/2024/20240312/,LEND_RDR_RSCI_20240312.LBL
DATA/2024/20240313/,LEND_RDR_RSCI_20240313.LBL
DATA/2024/20240314/,LEND_RDR_RSCI_20240314.LBL
DATA/2024/20240315/,LEND_RDR_RSCI_20240315.LBL
DATA/2024/20240316/,LEND_RDR_RSCI_20240316.LBL
DATA/2024/20240317/,LEND_RDR_RSCI_20240317.LBL
DATA/2024/20240318/,LEND_RDR_RSCI_20240318.LBL
DATA/2024/20240319/,LEND_RDR_RSCI_20240319.LBL
DATA/2024/20240320/,LEND_RDR_RSCI_20240320.LBL
DATA/2024/20240321/,LEND_RDR_RSCI_20240321.LBL
DATA/2024/20240322/,LEND_RDR_RSCI_20240322.LBL
DATA/2024/20240323/,LEND_RDR_RSCI_20240323.LBL
DATA/2024/20240324/,LEND_RDR_RSCI_20240324.LBL
DATA/2024/20240325/,LEND_RDR_RSCI_20240325.LBL
DATA/2024/20240326/,LEND_RDR_RSCI_20240326.LBL
DATA/2024/20240327/,LEND_RDR_RSCI_20240327.LBL
DATA/2024/20240328/,LEND_RDR_RSCI_20240328.LBL
DATA/2024/20240329/,LEND_RDR_RSCI_20240329.LBL
DATA/2024/20240330/,LEND_RDR_RSCI_20240330.LBL
DATA/2024/20240331/,LEND_RDR_RSCI_20240331.LBL
DATA/2024/20240401/,LEND_RDR_RSCI_20240401.LBL
DATA/2024/20240402/,LEND_RDR_RSCI_20240402.LBL
DATA/2024/20240403/,LEND_RDR_RSCI_20240403.LBL
DATA/2024/20240404/,LEND_RDR_RSCI_20240404.LBL
DATA/2024/20240405/,LEND_RDR_RSCI_20240405.LBL
DATA/2024/20240406/,LEND_RDR_RSCI_20240406.LBL
DATA/2024/20240407/,LEND_RDR_RSCI_20240407.LBL
DATA/2024/20240408/,LEND_RDR_RSCI_20240408.LBL
DATA/2024/20240409/,LEND_RDR_RSCI_20240409.LBL
DATA/2024/20240410/,LEND_RDR_RSCI_20240410.LBL
DATA/2024/20240411/,LEND_RDR_RSCI_20240411.LBL
DATA/2024/20240412/,LEND_RDR_RSCI_20240412.LBL
DATA/2024/20240413/,LEND_RDR_RSCI_20240413.LBL
DATA/2024/20240414/,LEND_RDR_RSCI_20240414.LBL
DATA/2024/20240415/,LEND_RDR_RSCI_20240415.LBL
DATA/2024/20240416/,LEND_RDR_RSCI_20240416.LBL
DATA/2024/20240417/,LEND_RDR_RSCI_20240417.LBL
DATA/2024/20240418/,LEND_RDR_RSCI_20240418.LBL
DATA/2024/20240419/,LEND_RDR_RSCI_20240419.LBL
DATA/2024/20240420/,LEND_RDR_RSCI_20240420.LBL
DATA/2024/20240421/,LEND_RDR_RSCI_20240421.LBL
DATA/2024/20240422/,LEND_RDR_RSCI_20240422.LBL
DATA/2024/20240423/,LEND_RDR_RSCI_20240423.LBL
DATA/2024/20240424/,LEND_RDR_RSCI_20240424.LBL
DATA/2024/20240425/,LEND_RDR_RSCI_20240425.LBL
DATA/2024/20240426/,LEND_RDR_RSCI_20240426.LBL
DATA/2024/20240427/,LEND_RDR_RSCI_20240427.LBL
DATA/2024/20240428/,LEND_RDR_RSCI_20240428.LBL
DATA/2024/20240429/,LEND_RDR_RSCI_20240429.LBL
DATA/2024/20240430/,LEND_RDR_RSCI_20240430.LBL
DATA/2024/20240501/,LEND_RDR_RSCI_20240501.LBL
DATA/2024/20240502/,LEND_RDR_RSCI_20240502.LBL
DATA/2024/20240503/,LEND_RDR_RSCI_20240503.LBL
DATA/2024/20240504/,LEND_RDR_RSCI_20240504.LBL
DATA/2024/20240505/,LEND_RDR_RSCI_20240505.LBL
DATA/2024/20240506/,LEND_RDR_RSCI_20240506.LBL
DATA/2024/20240507/,LEND_RDR_RSCI_20240507.LBL
DATA/2024/20240508/,LEND_RDR_RSCI_20240508.LBL
DATA/2024/20240509/,LEND_RDR_RSCI_20240509.LBL
DATA/2024/20240510/,LEND_RDR_RSCI_20240510.LBL
DATA/2024/20240511/,LEND_RDR_RSCI_20240511.LBL
DATA/2024/20240512/,LEND_RDR_RSCI_20240512.LBL
DATA/2024/20240513/,LEND_RDR_RSCI_20240513.LBL
DATA/2024/20240514/,LEND_RDR_RSCI_20240514.LBL
DATA/2024/20240515/,LEND_RDR_RSCI_20240515.LBL
DATA/2024/20240516/,LEND_RDR_RSCI_20240516.LBL
DATA/2024/20240517/,LEND_RDR_RSCI_20240517.LBL
DATA/2024/20240518/,LEND_RDR_RSCI_20240518.LBL
DATA/2024/20240519/,LEND_RDR_RSCI_20240519.LBL
DATA/2024/20240520/,LEND_RDR_RSCI_20240520.LBL
DATA/2024/20240521/,LEND_RDR_RSCI_20240521.LBL
DATA/2024/20240522/,LEND_RDR_RSCI_20240522.LBL
DATA/2024/20240523/,LEND_RDR_RSCI_20240523.LBL
DATA/2024/20240524/,LEND_RDR_RSCI_20240524.LBL
DATA/2024/20240525/,LEND_RDR_RSCI_20240525.LBL
DATA/2024/20240526/,LEND_RDR_RSCI_20240526.LBL
DATA/2024/20240527/,LEND_RDR_RSCI_20240527.LBL
DATA/2024/20240528/,LEND_RDR_RSCI_20240528.LBL
DATA/2024/20240529/,LEND_RDR_RSCI_20240529.LBL
DATA/2024/20240530/,LEND_RDR_RSCI_20240530.LBL
DATA/2024/20240531/,LEND_RDR_RSCI_20240531.LBL
DATA/2024/20240601/,LEND_RDR_RSCI_20240601.LBL
DATA/2024/20240602/,LEND_RDR_RSCI_20240602.LBL
DATA/2024/20240603/,LEND_RDR_RSCI_20240603.LBL
DATA/2024/20240604/,LEND_RDR_RSCI_20240604.LBL
DATA/2024/20240605/,LEND_RDR_RSCI_20240605.LBL
DATA/2024/20240606/,LEND_RDR_RSCI_20240606.LBL
DATA/2024/20240607/,LEND_RDR_RSCI_20240607.LBL
DATA/2024/20240608/,LEND_RDR_RSCI_20240608.LBL
DATA/2024/20240609/,LEND_RDR_RSCI_20240609.LBL
DATA/2024/20240610/,LEND_RDR_RSCI_20240610.LBL
DATA/2024/20240611/,LEND_RDR_RSCI_20240611.LBL
DATA/2024/20240612/,LEND_RDR_RSCI_20240612.LBL
DATA/2024/20240613/,LEND_RDR_RSCI_20240613.LBL
DATA/2024/20240614/,LEND_RDR_RSCI_20240614.LBL
DATA/2024/20240615/,LEND_RDR_RSCI_20240615.LBL
DATA/2024/20240616/,LEND_RDR_RSCI_20240616.LBL
DATA/2024/20240617/,LEND_RDR_RSCI_20240617.LBL
DATA/2024/20240618/,LEND_RDR_RSCI_20240618.LBL
DATA/2024/20240619/,LEND_RDR_RSCI_20240619.LBL
DATA/2024/20240620/,LEND_RDR_RSCI_20240620.LBL
DATA/2024/20240621/,LEND_RDR_RSCI_20240621.LBL
DATA/2024/20240622/,LEND_RDR_RSCI_20240622.LBL
DATA/2024/20240623/,LEND_RDR_RSCI_20240623.LBL
DATA/2024/20240624/,LEND_RDR_RSCI_20240624.LBL
DATA/2024/20240625/,LEND_RDR_RSCI_20240625.LBL
DATA/2024/20240626/,LEND_RDR_RSCI_20240626.LBL
DATA/2024/20240627/,LEND_RDR_RSCI_20240627.LBL
DATA/2024/20240628/,LEND_RDR_RSCI_20240628.LBL
DATA/2024/20240629/,LEND_RDR_RSCI_20240629.LBL
DATA/2024/20240630/,LEND_RDR_RSCI_20240630.LBL
DATA/2024/20240701/,LEND_RDR_RSCI_20240701.LBL
DATA/2024/20240702/,LEND_RDR_RSCI_20240702.LBL
DATA/2024/20240703/,LEND_RDR_RSCI_20240703.LBL
DATA/2024/20240704/,LEND_RDR_RSCI_20240704.LBL
DATA/2024/20240705/,LEND_RDR_RSCI_20240705.LBL
DATA/2024/20240706/,LEND_RDR_RSCI_20240706.LBL
DATA/2024/20240707/,LEND_RDR_RSCI_20240707.LBL
DATA/2024/20240708/,LEND_RDR_RSCI_20240708.LBL
DATA/2024/20240709/,LEND_RDR_RSCI_20240709.LBL
DATA/2024/20240710/,LEND_RDR_RSCI_20240710.LBL
DATA/2024/20240711/,LEND_RDR_RSCI_20240711.LBL
DATA/2024/20240712/,LEND_RDR_RSCI_20240712.LBL
DATA/2024/20240713/,LEND_RDR_RSCI_20240713.LBL
DATA/2024/20240714/,LEND_RDR_RSCI_20240714.LBL
DATA/2024/20240715/,LEND_RDR_RSCI_20240715.LBL
DATA/2024/20240716/,LEND_RDR_RSCI_20240716.LBL
DATA/2024/20240717/,LEND_RDR_RSCI_20240717.LBL
DATA/2024/20240718/,LEND_RDR_RSCI_20240718.LBL
DATA/2024/20240719/,LEND_RDR_RSCI_20240719.LBL
DATA/2024/20240720/,LEND_RDR_RSCI_20240720.LBL
DATA/2024/20240721/,LEND_RDR_RSCI_20240721.LBL
DATA/2024/20240722/,LEND_RDR_RSCI_20240722.LBL
DATA/2024/20240723/,LEND_RDR_RSCI_20240723.LBL
DATA/2024/20240724/,LEND_RDR_RSCI_20240724.LBL
DATA/2024/20240725/,LEND_RDR_RSCI_20240725.LBL
DATA/2024/20240726/,LEND_RDR_RSCI_20240726.LBL
DATA/2024/20240727/,LEND_RDR_RSCI_20240727.LBL
DATA/2024/20240728/,LEND_RDR_RSCI_20240728.LBL
DATA/2024/20240729/,LEND_RDR_RSCI_20240729.LBL
DATA/2024/20240730/,LEND_RDR_RSCI_20240730.LBL
DATA/2024/20240731/,LEND_RDR_RSCI_20240731.LBL
DATA/2024/20240801/,LEND_RDR_RSCI_20240801.LBL
DATA/2024/20240802/,LEND_RDR_RSCI_20240802.LBL
DATA/2024/20240803/,LEND_RDR_RSCI_20240803.LBL
DATA/2024/20240804/,LEND_RDR_RSCI_20240804.LBL
DATA/2024/20240805/,LEND_RDR_RSCI_20240805.LBL
DATA/2024/20240806/,LEND_RDR_RSCI_20240806.LBL
DATA/2024/20240807/,LEND_RDR_RSCI_20240807.LBL
DATA/2024/20240808/,LEND_RDR_RSCI_20240808.LBL
DATA/2024/20240809/,LEND_RDR_RSCI_20240809.LBL
DATA/2024/20240810/,LEND_RDR_RSCI_20240810.LBL
DATA/2024/20240811/,LEND_RDR_RSCI_20240811.LBL
DATA/2024/20240812/,LEND_RDR_RSCI_20240812.LBL
DATA/2024/20240813/,LEND_RDR_RSCI_20240813.LBL
DATA/2024/20240814/,LEND_RDR_RSCI_20240814.LBL
DATA/2024/20240815/,LEND_RDR_RSCI_20240815.LBL
DATA/2024/20240816/,LEND_RDR_RSCI_20240816.LBL
DATA/2024/20240817/,LEND_RDR_RSCI_20240817.LBL
DATA/2024/20240818/,LEND_RDR_RSCI_20240818.LBL
DATA/2024/20240819/,LEND_RDR_RSCI_20240819.LBL
DATA/2024/20240820/,LEND_RDR_RSCI_20240820.LBL
DATA/2024/20240821/,LEND_RDR_RSCI_20240821.LBL
DATA/2024/20240822/,LEND_RDR_RSCI_20240822.LBL
DATA/2024/20240823/,LEND_RDR_RSCI_20240823.LBL
DATA/2024/20240824/,LEND_RDR_RSCI_20240824.LBL
DATA/2024/20240825/,LEND_RDR_RSCI_20240825.LBL
DATA/2024/20240826/,LEND_RDR_RSCI_20240826.LBL
DATA/2024/20240827/,LEND_RDR_RSCI_20240827.LBL
DATA/2024/20240828/,LEND_RDR_RSCI_20240828.LBL
DATA/2024/20240829/,LEND_RDR_RSCI_20240829.LBL
DATA/2024/20240830/,LEND_RDR_RSCI_20240830.LBL
DATA/2024/20240831/,LEND_RDR_RSCI_20240831.LBL
DATA/2024/20240901/,LEND_RDR_RSCI_20240901.LBL
DATA/2024/20240902/,LEND_RDR_RSCI_20240902.LBL
DATA/2024/20240903/,LEND_RDR_RSCI_20240903.LBL
DATA/2024/20240904/,LEND_RDR_RSCI_20240904.LBL
DATA/2024/20240905/,LEND_RDR_RSCI_20240905.LBL
DATA/2024/20240906/,LEND_RDR_RSCI_20240906.LBL
DATA/2024/20240907/,LEND_RDR_RSCI_20240907.LBL
DATA/2024/20240908/,LEND_RDR_RSCI_20240908.LBL
DATA/2024/20240909/,LEND_RDR_RSCI_20240909.LBL
DATA/2024/20240910/,LEND_RDR_RSCI_20240910.LBL
DATA/2024/20240911/,LEND_RDR_RSCI_20240911.LBL
DATA/2024/20240912/,LEND_RDR_RSCI_20240912.LBL
DATA/2024/20240913/,LEND_RDR_RSCI_20240913.LBL
DATA/2024/20240914/,LEND_RDR_RSCI_20240914.LBL
DATA/2024/20240915/,LEND_RDR_RSCI_20240915.LBL
DATA/2024/20240916/,LEND_RDR_RSCI_20240916.LBL
DATA/2024/20240917/,LEND_RDR_RSCI_20240917.LBL
DATA/2024/20240918/,LEND_RDR_RSCI_20240918.LBL
DATA/2024/20240919/,LEND_RDR_RSCI_20240919.LBL
DATA/2024/20240920/,LEND_RDR_RSCI_20240920.LBL
DATA/2024/20240921/,LEND_RDR_RSCI_20240921.LBL
DATA/2024/20240922/,LEND_RDR_RSCI_20240922.LBL
DATA/2024/20240923/,LEND_RDR_RSCI_20240923.LBL
DATA/2024/20240924/,LEND_RDR_RSCI_20240924.LBL
DATA/2024/20240925/,LEND_RDR_RSCI_20240925.LBL
DATA/2024/20240926/,LEND_RDR_RSCI_20240926.LBL
DATA/2024/20240927/,LEND_RDR_RSCI_20240927.LBL
DATA/2024/20240928/,LEND_RDR_RSCI_20240928.LBL
DATA/2024/20240929/,LEND_RDR_RSCI_20240929.LBL
DATA/2024/20240930/,LEND_RDR_RSCI_20240930.LBL
DATA/2024/20241001/,LEND_RDR_RSCI_20241001.LBL
DATA/2024/20241002/,LEND_RDR_RSCI_20241002.LBL
DATA/2024/20241003/,LEND_RDR_RSCI_20241003.LBL
DATA/2024/20241004/,LEND_RDR_RSCI_20241004.LBL
DATA/2024/20241005/,LEND_RDR_RSCI_20241005.LBL
DATA/2024/20241006/,LEND_RDR_RSCI_20241006.LBL
DATA/2024/20241007/,LEND_RDR_RSCI_20241007.LBL
DATA/2024/20241008/,LEND_RDR_RSCI_20241008.LBL
DATA/2024/20241009/,LEND_RDR_RSCI_20241009.LBL
DATA/2024/20241010/,LEND_RDR_RSCI_20241010.LBL
DATA/2024/20241011/,LEND_RDR_RSCI_20241011.LBL
DATA/2024/20241012/,LEND_RDR_RSCI_20241012.LBL
DATA/2024/20241013/,LEND_RDR_RSCI_20241013.LBL
DATA/2024/20241014/,LEND_RDR_RSCI_20241014.LBL
DATA/2024/20241015/,LEND_RDR_RSCI_20241015.LBL
DATA/2024/20241016/,LEND_RDR_RSCI_20241016.LBL
DATA/2024/20241017/,LEND_RDR_RSCI_20241017.LBL
DATA/2024/20241018/,LEND_RDR_RSCI_20241018.LBL
DATA/2024/20241019/,LEND_RDR_RSCI_20241019.LBL
DATA/2024/20241020/,LEND_RDR_RSCI_20241020.LBL
DATA/2024/20241021/,LEND_RDR_RSCI_20241021.LBL
DATA/2024/20241022/,LEND_RDR_RSCI_20241022.LBL
DATA/2024/20241023/,LEND_RDR_RSCI_20241023.LBL
DATA/2024/20241024/,LEND_RDR_RSCI_20241024.LBL
DATA/2024/20241025/,LEND_RDR_RSCI_20241025.LBL
DATA/2024/20241026/,LEND_RDR_RSCI_20241026.LBL
DATA/2024/20241027/,LEND_RDR_RSCI_20241027.LBL
DATA/2024/20241028/,LEND_RDR_RSCI_20241028.LBL
DATA/2024/20241029/,LEND_RDR_RSCI_20241029.LBL
DATA/2024/20241030/,LEND_RDR_RSCI_20241030.LBL
DATA/2024/20241031/,LEND_RDR_RSCI_20241031.LBL
DATA/2024/20241101/,LEND_RDR_RSCI_20241101.LBL
DATA/2024/20241102/,LEND_RDR_RSCI_20241102.LBL
DATA/2024/20241103/,LEND_RDR_RSCI_20241103.LBL
DATA/2024/20241104/,LEND_RDR_RSCI_20241104.LBL
DATA/2024/20241105/,LEND_RDR_RSCI_20241105.LBL
DATA/2024/20241106/,LEND_RDR_RSCI_20241106.LBL
DATA/2024/20241107/,LEND_RDR_RSCI_20241107.LBL
DATA/2024/20241108/,LEND_RDR_RSCI_20241108.LBL
DATA/2024/20241109/,LEND_RDR_RSCI_20241109.LBL
DATA/2024/20241110/,LEND_RDR_RSCI_20241110.LBL
DATA/2024/20241111/,LEND_RDR_RSCI_20241111.LBL
DATA/2024/20241112/,LEND_RDR_RSCI_20241112.LBL
DATA/2024/20241113/,LEND_RDR_RSCI_20241113.LBL
DATA/2024/20241114/,LEND_RDR_RSCI_20241114.LBL
DATA/2024/20241115/,LEND_RDR_RSCI_20241115.LBL
DATA/2024/20241116/,LEND_RDR_RSCI_20241116.LBL
DATA/2024/20241117/,LEND_RDR_RSCI_20241117.LBL
DATA/2024/20241118/,LEND_RDR_RSCI_20241118.LBL
DATA/2024/20241119/,LEND_RDR_RSCI_20241119.LBL
DATA/2024/20241120/,LEND_RDR_RSCI_20241120.LBL
DATA/2024/20241121/,LEND_RDR_RSCI_20241121.LBL
DATA/2024/20241122/,LEND_RDR_RSCI_20241122.LBL
DATA/2024/20241123/,LEND_RDR_RSCI_20241123.LBL
DATA/2024/20241124/,LEND_RDR_RSCI_20241124.LBL
DATA/2024/20241125/,LEND_RDR_RSCI_20241125.LBL
DATA/2024/20241126/,LEND_RDR_RSCI_20241126.LBL
DATA/2024/20241127/,LEND_RDR_RSCI_20241127.LBL
DATA/2024/20241128/,LEND_RDR_RSCI_20241128.LBL
DATA/2024/20241129/,LEND_RDR_RSCI_20241129.LBL
DATA/2024/20241130/,LEND_RDR_RSCI_20241130.LBL
DATA/2024/20241201/,LEND_RDR_RSCI_20241201.LBL
DATA/2024/20241202/,LEND_RDR_RSCI_20241202.LBL
DATA/2024/20241203/,LEND_RDR_RSCI_20241203.LBL
DATA/2024/20241204/,LEND_RDR_RSCI_20241204.LBL
DATA/2024/20241205/,LEND_RDR_RSCI_20241205.LBL
DATA/2024/20241206/,LEND_RDR_RSCI_20241206.LBL
DATA/2024/20241207/,LEND_RDR_RSCI_20241207.LBL
DATA/2024/20241208/,LEND_RDR_RSCI_20241208.LBL
DATA/2024/20241209/,LEND_RDR_RSCI_20241209.LBL
DATA/2024/20241210/,LEND_RDR_RSCI_20241210.LBL
DATA/2024/20241211/,LEND_RDR_RSCI_20241211.LBL
DATA/2024/20241212/,LEND_RDR_RSCI_20241212.LBL
DATA/2024/20241213/,LEND_RDR_RSCI_20241213.LBL
DATA/2024/20241214/,LEND_RDR_RSCI_20241214.LBL
DATA/2024/20241215/,LEND_RDR_RSCI_20241215.LBL
DATA/2024/20241216/,LEND_RDR_RSCI_20241216.LBL
DATA/2024/20241217/,LEND_RDR_RSCI_20241217.LBL
DATA/2024/20241218/,LEND_RDR_RSCI_20241218.LBL
DATA/2024/20241219/,LEND_RDR_RSCI_20241219.LBL
DATA/2024/20241220/,LEND_RDR_RSCI_20241220.LBL
DATA/2024/20241221/,LEND_RDR_RSCI_20241221.LBL
DATA/2024/20241222/,LEND_RDR_RSCI_20241222.LBL
DATA/2024/20241223/,LEND_RDR_RSCI_20241223.LBL
DATA/2024/20241224/,LEND_RDR_RSCI_20241224.LBL
DATA/2024/20241225/,LEND_RDR_RSCI_20241225.LBL
DATA/2024/20241226/,LEND_RDR_RSCI_20241226.LBL
DATA/2024/20241227/,LEND_RDR_RSCI_20241227.LBL
DATA/2024/20241228/,LEND_RDR_RSCI_20241228.LBL
DATA/2024/20241229/,LEND_RDR_RSCI_20241229.LBL
DATA/2024/20241230/,LEND_RDR_RSCI_20241230.LBL
DATA/2024/20241231/,LEND_RDR_RSCI_20241231.LBL
DATA/2025/20250101/,LEND_RDR_RSCI_20250101.LBL
DATA/2025/20250102/,LEND_RDR_RSCI_20250102.LBL
DATA/2025/20250103/,LEND_RDR_RSCI_20250103.LBL
DATA/2025/20250104/,LEND_RDR_RSCI_20250104.LBL
DATA/2025/20250105/,LEND_RDR_RSCI_20250105.LBL
DATA/2025/20250106/,LEND_RDR_RSCI_20250106.LBL
DATA/2025/20250107/,LEND_RDR_RSCI_20250107.LBL
DATA/2025/20250108/,LEND_RDR_RSCI_20250108.LBL
DATA/2025/20250109/,LEND_RDR_RSCI_20250109.LBL
DATA/2025/20250110/,LEND_RDR_RSCI_20250110.LBL
DATA/2025/20250111/,LEND_RDR_RSCI_20250111.LBL
DATA/2025/20250112/,LEND_RDR_RSCI_20250112.LBL
DATA/2025/20250113/,LEND_RDR_RSCI_20250113.LBL
DATA/2025/20250114/,LEND_RDR_RSCI_20250114.LBL
DATA/2025/20250115/,LEND_RDR_RSCI_20250115.LBL
DATA/2025/20250116/,LEND_RDR_RSCI_20250116.LBL
DATA/2025/20250117/,LEND_RDR_RSCI_20250117.LBL
DATA/2025/20250118/,LEND_RDR_RSCI_20250118.LBL
DATA/2025/20250119/,LEND_RDR_RSCI_20250119.LBL
DATA/2025/20250120/,LEND_RDR_RSCI_20250120.LBL
DATA/2025/20250121/,LEND_RDR_RSCI_20250121.LBL
DATA/2025/20250122/,LEND_RDR_RSCI_20250122.LBL
DATA/2025/20250123/,LEND_RDR_RSCI_20250123.LBL
DATA/2025/20250124/,LEND_RDR_RSCI_20250124.LBL
DATA/2025/20250125/,LEND_RDR_RSCI_20250125.LBL
DATA/2025/20250126/,LEND_RDR_RSCI_20250126.LBL
DATA/2025/20250127/,LEND_RDR_RSCI_20250127.LBL
DATA/2025/20250128/,LEND_RDR_RSCI_20250128.LBL
DATA/2025/20250129/,LEND_RDR_RSCI_20250129.LBL
DATA/2025/20250130/,LEND_RDR_RSCI_20250130.LBL
DATA/2025/20250131/,LEND_RDR_RSCI_20250131.LBL
DATA/2025/20250201/,LEND_RDR_RSCI_20250201.LBL
DATA/2025/20250202/,LEND_RDR_RSCI_20250202.LBL
DATA/2025/20250203/,LEND_RDR_RSCI_20250203.LBL
DATA/2025/20250204/,LEND_RDR_RSCI_20250204.LBL
DATA/2025/20250205/,LEND_RDR_RSCI_20250205.LBL
DATA/2025/20250206/,LEND_RDR_RSCI_20250206.LBL
DATA/2025/20250207/,LEND_RDR_RSCI_20250207.LBL
DATA/2025/20250208/,LEND_RDR_RSCI_20250208.LBL
DATA/2025/20250209/,LEND_RDR_RSCI_20250209.LBL
DATA/2025/20250210/,LEND_RDR_RSCI_20250210.LBL
DATA/2025/20250211/,LEND_RDR_RSCI_20250211.LBL
DATA/2025/20250212/,LEND_RDR_RSCI_20250212.LBL
DATA/2025/20250213/,LEND_RDR_RSCI_20250213.LBL
DATA/2025/20250214/,LEND_RDR_RSCI_20250214.LBL
DATA/2025/20250215/,LEND_RDR_RSCI_20250215.LBL
DATA/2025/20250216/,LEND_RDR_RSCI_20250216.LBL
DATA/2025/20250217/,LEND_RDR_RSCI_20250217.LBL
DATA/2025/20250218/,LEND_RDR_RSCI_20250218.LBL
DATA/2025/20250219/,LEND_RDR_RSCI_20250219.LBL
DATA/2025/20250220/,LEND_RDR_RSCI_20250220.LBL
DATA/2025/20250221/,LEND_RDR_RSCI_20250221.LBL
DATA/2025/20250222/,LEND_RDR_RSCI_20250222.LBL
DATA/2025/20250223/,LEND_RDR_RSCI_20250223.LBL
DATA/2025/20250224/,LEND_RDR_RSCI_20250224.LBL
DATA/2025/20250225/,LEND_RDR_RSCI_20250225.LBL
DATA/2025/20250226/,LEND_RDR_RSCI_20250226.LBL
DATA/2025/20250227/,LEND_RDR_RSCI_20250227.LBL
DATA/2025/20250228/,LEND_RDR_RSCI_20250228.LBL
DATA/2025/20250301/,LEND_RDR_RSCI_20250301.LBL
DATA/2025/20250302/,LEND_RDR_RSCI_20250302.LBL
DATA/2025/20250303/,LEND_RDR_RSCI_20250303.LBL
DATA/2025/20250304/,LEND_RDR_RSCI_20250304.LBL
DATA/2025/20250305/,LEND_RDR_RSCI_20250305.LBL
DATA/2025/20250306/,LEND_RDR_RSCI_20250306.LBL
DATA/2025/20250307/,LEND_RDR_RSCI_20250307.LBL
DATA/2025/20250308/,LEND_RDR_RSCI_20250308.LBL
DATA/2025/20250309/,LEND_RDR_RSCI_20250309.LBL
DATA/2025/20250310/,LEND_RDR_RSCI_20250310.LBL
DATA/2025/20250311/,LEND_RDR_RSCI_20250311.LBL
DATA/2025/20250312/,LEND_RDR_RSCI_20250312.LBL
DATA/2025/20250313/,LEND_RDR_RSCI_20250313.LBL
DATA/2025/20250314/,LEND_RDR_RSCI_20250314.LBL
DATA/2025/20250315/,LEND_RDR_RSCI_20250315.LBL
DATA/2025/20250316/,LEND_RDR_RSCI_20250316.LBL
DATA/2025/20250317/,LEND_RDR_RSCI_20250317.LBL
DATA/2025/20250318/,LEND_RDR_RSCI_20250318.LBL
DATA/2025/20250319/,LEND_RDR_RSCI_20250319.LBL
DATA/2025/20250320/,LEND_RDR_RSCI_20250320.LBL
DATA/2025/20250321/,LEND_RDR_RSCI_20250321.LBL
DATA/2025/20250322/,LEND_RDR_RSCI_20250322.LBL
DATA/2025/20250323/,LEND_RDR_RSCI_20250323.LBL
DATA/2025/20250324/,LEND_RDR_RSCI_20250324.LBL
DATA/2025/20250325/,LEND_RDR_RSCI_20250325.LBL
DATA/2025/20250326/,LEND_RDR_RSCI_20250326.LBL
DATA/2025/20250327/,LEND_RDR_RSCI_20250327.LBL
DATA/2025/20250328/,LEND_RDR_RSCI_20250328.LBL
DATA/2025/20250329/,LEND_RDR_RSCI_20250329.LBL
DATA/2025/20250330/,LEND_RDR_RSCI_20250330.LBL
DATA/2025/20250331/,LEND_RDR_RSCI_20250331.LBL
DATA/2025/20250401/,LEND_RDR_RSCI_20250401.LBL
DATA/2025/20250402/,LEND_RDR_RSCI_20250402.LBL
DATA/2025/20250403/,LEND_RDR_RSCI_20250403.LBL
DATA/2025/20250404/,LEND_RDR_RSCI_20250404.LBL
DATA/2025/20250405/,LEND_RDR_RSCI_20250405.LBL
DATA/2025/20250406/,LEND_RDR_RSCI_20250406.LBL
DATA/2025/20250407/,LEND_RDR_RSCI_20250407.LBL
DATA/2025/20250408/,LEND_RDR_RSCI_20250408.LBL
DATA/2025/20250409/,LEND_RDR_RSCI_20250409.LBL
DATA/2025/20250410/,LEND_RDR_RSCI_20250410.LBL
DATA/2025/20250411/,LEND_RDR_RSCI_20250411.LBL
DATA/2025/20250412/,LEND_RDR_RSCI_20250412.LBL
DATA/2025/20250413/,LEND_RDR_RSCI_20250413.LBL
DATA/2025/20250414/,LEND_RDR_RSCI_20250414.LBL
DATA/2025/20250415/,LEND_RDR_RSCI_20250415.LBL
DATA/2025/20250416/,LEND_RDR_RSCI_20250416.LBL
DATA/2025/20250417/,LEND_RDR_RSCI_20250417.LBL
DATA/2025/20250418/,LEND_RDR_RSCI_20250418.LBL
DATA/2025/20250419/,LEND_RDR_RSCI_20250419.LBL
DATA/2025/20250420/,LEND_RDR_RSCI_20250420.LBL
DATA/2025/20250421/,LEND_RDR_RSCI_20250421.LBL
DATA/2025/20250422/,LEND_RDR_RSCI_20250422.LBL
DATA/2025/20250423/,LEND_RDR_RSCI_20250423.LBL
DATA/2025/20250424/,LEND_RDR_RSCI_20250424.LBL
DATA/2025/20250425/,LEND_RDR_RSCI_20250425.LBL
DATA/2025/20250426/,LEND_RDR_RSCI_20250426.LBL
DATA/2025/20250427/,LEND_RDR_RSCI_20250427.LBL
DATA/2025/20250428/,LEND_RDR_RSCI_20250428.LBL
DATA/2025/20250429/,LEND_RDR_RSCI_20250429.LBL
DATA/2025/20250430/,LEND_RDR_RSCI_20250430.LBL
DATA/2025/20250501/,LEND_RDR_RSCI_20250501.LBL
DATA/2025/20250502/,LEND_RDR_RSCI_20250502.LBL
DATA/2025/20250503/,LEND_RDR_RSCI_20250503.LBL
DATA/2025/20250504/,LEND_RDR_RSCI_20250504.LBL
DATA/2025/20250505/,LEND_RDR_RSCI_20250505.LBL
DATA/2025/20250506/,LEND_RDR_RSCI_20250506.LBL
DATA/2025/20250507/,LEND_RDR_RSCI_20250507.LBL
DATA/2025/20250508/,LEND_RDR_RSCI_20250508.LBL
DATA/2025/20250509/,LEND_RDR_RSCI_20250509.LBL
DATA/2025/20250510/,LEND_RDR_RSCI_20250510.LBL
DATA/2025/20250511/,LEND_RDR_RSCI_20250511.LBL
DATA/2025/20250512/,LEND_RDR_RSCI_20250512.LBL
DATA/2025/20250513/,LEND_RDR_RSCI_20250513.LBL
DATA/2025/20250514/,LEND_RDR_RSCI_20250514.LBL
DATA/2025/20250515/,LEND_RDR_RSCI_20250515.LBL
DATA/2025/20250516/,LEND_RDR_RSCI_20250516.LBL
DATA/2025/20250517/,LEND_RDR_RSCI_20250517.LBL
DATA/2025/20250518/,LEND_RDR_RSCI_20250518.LBL
DATA/2025/20250519/,LEND_RDR_RSCI_20250519.LBL
DATA/2025/20250520/,LEND_RDR_RSCI_20250520.LBL
DATA/2025/20250521/,LEND_RDR_RSCI_20250521.LBL
DATA/2025/20250522/,LEND_RDR_RSCI_20250522.LBL
DATA/2025/20250523/,LEND_RDR_RSCI_20250523.LBL
DATA/2025/20250524/,LEND_RDR_RSCI_20250524.LBL
DATA/2025/20250525/,LEND_RDR_RSCI_20250525.LBL
DATA/2025/20250526/,LEND_RDR_RSCI_20250526.LBL
DATA/2025/20250527/,LEND_RDR_RSCI_20250527.LBL
DATA/2025/20250528/,LEND_RDR_RSCI_20250528.LBL
DATA/2025/20250529/,LEND_RDR_RSCI_20250529.LBL
DATA/2025/20250530/,LEND_RDR_RSCI_20250530.LBL
DATA/2025/20250531/,LEND_RDR_RSCI_20250531.LBL
DATA/2025/20250601/,LEND_RDR_RSCI_20250601.LBL
DATA/2025/20250602/,LEND_RDR_RSCI_20250602.LBL
DATA/2025/20250603/,LEND_RDR_RSCI_20250603.LBL
DATA/2025/20250604/,LEND_RDR_RSCI_20250604.LBL
DATA/2025/20250605/,LEND_RDR_RSCI_20250605.LBL
DATA/2025/20250606/,LEND_RDR_RSCI_20250606.LBL
DATA/2025/20250607/,LEND_RDR_RSCI_20250607.LBL
DATA/2025/20250608/,LEND_RDR_RSCI_20250608.LBL
DATA/2025/20250609/,LEND_RDR_RSCI_20250609.LBL
DATA/2025/20250610/,LEND_RDR_RSCI_20250610.LBL
DATA/2025/20250611/,LEND_RDR_RSCI_20250611.LBL
DATA/2025/20250612/,LEND_RDR_RSCI_20250612.LBL
DATA/2025/20250613/,LEND_RDR_RSCI_20250613.LBL
DATA/2025/20250614/,LEND_RDR_RSCI_20250614.LBL
DATA/2025/20250615/,LEND_RDR_RSCI_20250615.LBL
DATA/2025/20250616/,LEND_RDR_RSCI_20250616.LBL
DATA/2025/20250617/,LEND_RDR_RSCI_20250617.LBL
DATA/2025/20250618/,LEND_RDR_RSCI_20250618.LBL
DATA/2025/20250619/,LEND_RDR_RSCI_20250619.LBL
DATA/2025/20250620/,LEND_RDR_RSCI_20250620.LBL
DATA/2025/20250621/,LEND_RDR_RSCI_20250621.LBL
DATA/2025/20250622/,LEND_RDR_RSCI_20250622.LBL
DATA/2025/20250623/,LEND_RDR_RSCI_20250623.LBL
DATA/2025/20250624/,LEND_RDR_RSCI_20250624.LBL
DATA/2025/20250625/,LEND_RDR_RSCI_20250625.LBL
DATA/2025/20250626/,LEND_RDR_RSCI_20250626.LBL
DATA/2025/20250627/,LEND_RDR_RSCI_20250627.LBL
DATA/2025/20250628/,LEND_RDR_RSCI_20250628.LBL
DATA/2025/20250629/,LEND_RDR_RSCI_20250629.LBL
DATA/2025/20250630/,LEND_RDR_RSCI_20250630.LBL
DATA/2025/20250701/,LEND_RDR_RSCI_20250701.LBL
DATA/2025/20250702/,LEND_RDR_RSCI_20250702.LBL
DATA/2025/20250703/,LEND_RDR_RSCI_20250703.LBL
DATA/2025/20250704/,LEND_RDR_RSCI_20250704.LBL
DATA/2025/20250705/,LEND_RDR_RSCI_20250705.LBL
DATA/2025/20250706/,LEND_RDR_RSCI_20250706.LBL
DATA/2025/20250707/,LEND_RDR_RSCI_20250707.LBL
DATA/2025/20250708/,LEND_RDR_RSCI_20250708.LBL
DATA/2025/20250709/,LEND_RDR_RSCI_20250709.LBL
DATA/2025/20250710/,LEND_RDR_RSCI_20250710.LBL
DATA/2025/20250711/,LEND_RDR_RSCI_20250711.LBL
DATA/2025/20250712/,LEND_RDR_RSCI_20250712.LBL
DATA/2025/20250713/,LEND_RDR_RSCI_20250713.LBL
DATA/2025/20250714/,LEND_RDR_RSCI_20250714.LBL
DATA/2025/20250715/,LEND_RDR_RSCI_20250715.LBL
DATA/2025/20250716/,LEND_RDR_RSCI_20250716.LBL
DATA/2025/20250717/,LEND_RDR_RSCI_20250717.LBL
DATA/2025/20250718/,LEND_RDR_RSCI_20250718.LBL
DATA/2025/20250719/,LEND_RDR_RSCI_20250719.LBL
DATA/2025/20250720/,LEND_RDR_RSCI_20250720.LBL
DATA/2025/20250721/,LEND_RDR_RSCI_20250721.LBL
DATA/2025/20250722/,LEND_RDR_RSCI_20250722.LBL
DATA/2025/20250723/,LEND_RDR_RSCI_20250723.LBL
DATA/2025/20250724/,LEND_RDR_RSCI_20250724.LBL
DATA/2025/20250725/,LEND_RDR_RSCI_20250725.LBL
DATA/2025/20250726/,LEND_RDR_RSCI_20250726.LBL
DATA/2025/20250727/,LEND_RDR_RSCI_20250727.LBL
DATA/2025/20250728/,LEND_RDR_RSCI_20250728.LBL
DATA/2025/20250729/,LEND_RDR_RSCI_20250729.LBL
DATA/2025/20250730/,LEND_RDR_RSCI_20250730.LBL
DATA/2025/20250731/,LEND_RDR_RSCI_20250731.LBL
DATA/2025/20250801/,LEND_RDR_RSCI_20250801.LBL
DATA/2025/20250802/,LEND_RDR_RSCI_20250802.LBL
DATA/2025/20250803/,LEND_RDR_RSCI_20250803.LBL
DATA/2025/20250804/,LEND_RDR_RSCI_20250804.LBL
DATA/2025/20250805/,LEND_RDR_RSCI_20250805.LBL
DATA/2025/20250806/,LEND_RDR_RSCI_20250806.LBL
DATA/2025/20250807/,LEND_RDR_RSCI_20250807.LBL
DATA/2025/20250808/,LEND_RDR_RSCI_20250808.LBL
DATA/2025/20250809/,LEND_RDR_RSCI_20250809.LBL
DATA/2025/20250810/,LEND_RDR_RSCI_20250810.LBL
DATA/2025/20250811/,LEND_RDR_RSCI_20250811.LBL
DATA/2025/20250812/,LEND_RDR_RSCI_20250812.LBL
DATA/2025/20250813/,LEND_RDR_RSCI_20250813.LBL
DATA/2025/20250814/,LEND_RDR_RSCI_20250814.LBL
DATA/2025/20250815/,LEND_RDR_RSCI_20250815.LBL
DATA/2025/20250816/,LEND_RDR_RSCI_20250816.LBL
DATA/2025/20250817/,LEND_RDR_RSCI_20250817.LBL
DATA/2025/20250818/,LEND_RDR_RSCI_20250818.LBL
DATA/2025/20250819/,LEND_RDR_RSCI_20250819.LBL
DATA/2025/20250820/,LEND_RDR_RSCI_20250820.LBL
DATA/2025/20250821/,LEND_RDR_RSCI_20250821.LBL
DATA/2025/20250822/,LEND_RDR_RSCI_20250822.LBL
DATA/2025/20250823/,LEND_RDR_RSCI_20250823.LBL
DATA/2025/20250824/,LEND_RDR_RSCI_20250824.LBL
DATA/2025/20250825/,LEND_RDR_RSCI_20250825.LBL
DATA/2025/20250826/,LEND_RDR_RSCI_20250826.LBL
DATA/2025/20250827/,LEND_RDR_RSCI_20250827.LBL
DATA/2025/20250828/,LEND_RDR_RSCI_20250828.LBL
DATA/2025/20250829/,LEND_RDR_RSCI_20250829.LBL
DATA/2025/20250830/,LEND_RDR_RSCI_20250830.LBL
DATA/2025/20250831/,LEND_RDR_RSCI_20250831.LBL
DATA/2025/20250901/,LEND_RDR_RSCI_20250901.LBL
DATA/2025/20250902/,LEND_RDR_RSCI_20250902.LBL
DATA/2025/20250903/,LEND_RDR_RSCI_20250903.LBL
DATA/2025/20250904/,LEND_RDR_RSCI_20250904.LBL
DATA/2025/20250905/,LEND_RDR_RSCI_20250905.LBL
DATA/2025/20250906/,LEND_RDR_RSCI_20250906.LBL
DATA/2025/20250907/,LEND_RDR_RSCI_20250907.LBL
DATA/2025/20250908/,LEND_RDR_RSCI_20250908.LBL
DATA/2025/20250909/,LEND_RDR_RSCI_20250909.LBL
DATA/2025/20250910/,LEND_RDR_RSCI_20250910.LBL
DATA/2025/20250911/,LEND_RDR_RSCI_20250911.LBL
DATA/2025/20250912/,LEND_RDR_RSCI_20250912.LBL
DATA/2025/20250913/,LEND_RDR_RSCI_20250913.LBL
DATA/2025/20250914/,LEND_RDR_RSCI_20250914.LBL
DATA/2025/20250915/,LEND_RDR_RSCI_20250915.LBL
DATA/2025/20250916/,LEND_RDR_RSCI_20250916.LBL
DATA/2025/20250917/,LEND_RDR_RSCI_20250917.LBL
DATA/2025/20250918/,LEND_RDR_RSCI_20250918.LBL
DATA/2025/20250919/,LEND_RDR_RSCI_20250919.LBL
DATA/2025/20250920/,LEND_RDR_RSCI_20250920.LBL
DATA/2025/20250921/,LEND_RDR_RSCI_20250921.LBL
DATA/2025/20250922/,LEND_RDR_RSCI_20250922.LBL
DATA/2025/20250923/,LEND_RDR_RSCI_20250923.LBL
DATA/2025/20250924/,LEND_RDR_RSCI_20250924.LBL
DATA/2025/20250925/,LEND_RDR_RSCI_20250925.LBL
DATA/2025/20250926/,LEND_RDR_RSCI_20250926.LBL
DATA/2025/20250927/,LEND_RDR_RSCI_20250927.LBL
DATA/2025/20250928/,LEND_RDR_RSCI_20250928.LBL
DATA/2025/20250929/,LEND_RDR_RSCI_20250929.LBL
DATA/2025/20250930/,LEND_RDR_RSCI_20250930.LBL
DATA/2025/20251001/,LEND_RDR_RSCI_20251001.LBL
DATA/2025/20251002/,LEND_RDR_RSCI_20251002.LBL
DATA/2025/20251003/,LEND_RDR_RSCI_20251003.LBL
DATA/2025/20251004/,LEND_RDR_RSCI_20251004.LBL
DATA/2025/20251005/,LEND_RDR_RSCI_20251005.LBL
DATA/2025/20251006/,LEND_RDR_RSCI_20251006.LBL
DATA/2025/20251007/,LEND_RDR_RSCI_20251007.LBL
DATA/2025/20251008/,LEND_RDR_RSCI_20251008.LBL
DATA/2025/20251009/,LEND_RDR_RSCI_20251009.LBL
DATA/2025/20251010/,LEND_RDR_RSCI_20251010.LBL
DATA/2025/20251011/,LEND_RDR_RSCI_20251011.LBL
DATA/2025/20251012/,LEND_RDR_RSCI_20251012.LBL
DATA/2025/20251013/,LEND_RDR_RSCI_20251013.LBL
DATA/2025/20251014/,LEND_RDR_RSCI_20251014.LBL
DATA/2025/20251015/,LEND_RDR_RSCI_20251015.LBL
DATA/2025/20251016/,LEND_RDR_RSCI_20251016.LBL
DATA/2025/20251017/,LEND_RDR_RSCI_20251017.LBL
DATA/2025/20251018/,LEND_RDR_RSCI_20251018.LBL
DATA/2025/20251019/,LEND_RDR_RSCI_20251019.LBL
DATA/2025/20251020/,LEND_RDR_RSCI_20251020.LBL
DATA/2025/20251021/,LEND_RDR_RSCI_20251021.LBL
DATA/2025/20251022/,LEND_RDR_RSCI_20251022.LBL
DATA/2025/20251023/,LEND_RDR_RSCI_20251023.LBL
DATA/2025/20251024/,LEND_RDR_RSCI_20251024.LBL
DATA/2025/20251025/,LEND_RDR_RSCI_20251025.LBL
DATA/2025/20251026/,LEND_RDR_RSCI_20251026.LBL
DATA/2025/20251027/,LEND_RDR_RSCI_20251027.LBL
DATA/2025/20251028/,LEND_RDR_RSCI_20251028.LBL
DATA/2025/20251029/,LEND_RDR_RSCI_20251029.LBL
DATA/2025/20251030/,LEND_RDR_RSCI_20251030.LBL
DATA/2025/20251031/,LEND_RDR_RSCI_20251031.LBL
DATA/2025/20251101/,LEND_RDR_RSCI_20251101.LBL
DATA/2025/20251102/,LEND_RDR_RSCI_20251102.LBL
DATA/2025/20251103/,LEND_RDR_RSCI_20251103.LBL
DATA/2025/20251104/,LEND_RDR_RSCI_20251104.LBL
DATA/2025/20251105/,LEND_RDR_RSCI_20251105.LBL
DATA/2025/20251106/,LEND_RDR_RSCI_20251106.LBL
DATA/2025/20251107/,LEND_RDR_RSCI_20251107.LBL
DATA/2025/20251108/,LEND_RDR_RSCI_20251108.LBL
DATA/2025/20251109/,LEND_RDR_RSCI_20251109.LBL
DATA/2025/20251110/,LEND_RDR_RSCI_20251110.LBL
DATA/2025/20251111/,LEND_RDR_RSCI_20251111.LBL
DATA/2025/20251112/,LEND_RDR_RSCI_20251112.LBL
DATA/2025/20251113/,LEND_RDR_RSCI_20251113.LBL
DATA/2025/20251114/,LEND_RDR_RSCI_20251114.LBL
DATA/2025/20251115/,LEND_RDR_RSCI_20251115.LBL
DATA/2025/20251116/,LEND_RDR_RSCI_20251116.LBL
DATA/2025/20251117/,LEND_RDR_RSCI_20251117.LBL
DATA/2025/20251118/,LEND_RDR_RSCI_20251118.LBL
DATA/2025/20251119/,LEND_RDR_RSCI_20251119.LBL
DATA/2025/20251120/,LEND_RDR_RSCI_20251120.LBL
DATA/2025/20251121/,LEND_RDR_RSCI_20251121.LBL
DATA/2025/20251122/,LEND_RDR_RSCI_20251122.LBL
DATA/2025/20251123/,LEND_RDR_RSCI_20251123.LBL
DATA/2025/20251124/,LEND_RDR_RSCI_20251124.LBL
DATA/2025/20251125/,LEND_RDR_RSCI_20251125.LBL
DATA/2025/20251126/,LEND_RDR_RSCI_20251126.LBL
DATA/2025/20251127/,LEND_RDR_RSCI_20251127.LBL
DATA/2025/20251128/,LEND_RDR_RSCI_20251128.LBL
DATA/2025/20251129/,LEND_RDR_RSCI_20251129.LBL
DATA/2025/20251130/,LEND_RDR_RSCI_20251130.LBL
DATA/2025/20251201/,LEND_RDR_RSCI_20251201.LBL
DATA/2025/20251202/,LEND_RDR_RSCI_20251202.LBL
DATA/2025/20251203/,LEND_RDR_RSCI_20251203.LBL
DATA/2025/20251204/,LEND_RDR_RSCI_20251204.LBL
DATA/2025/20251205/,LEND_RDR_RSCI_20251205.LBL
DATA/2025/20251206/,LEND_RDR_RSCI_20251206.LBL
DATA/2025/20251207/,LEND_RDR_RSCI_20251207.LBL
DATA/2025/20251208/,LEND_RDR_RSCI_20251208.LBL
DATA/2025/20251209/,LEND_RDR_RSCI_20251209.LBL
DATA/2025/20251210/,LEND_RDR_RSCI_20251210.LBL
DATA/2025/20251211/,LEND_RDR_RSCI_20251211.LBL
DATA/2025/20251212/,LEND_RDR_RSCI_20251212.LBL
DATA/2025/20251213/,LEND_RDR_RSCI_20251213.LBL
DATA/2025/20251214/,LEND_RDR_RSCI_20251214.LBL
