cell_lat,cell_lon,pass_count,csetn1_avg,nsi,slope_deg,rpi,nearest_psr_name,distance_km,within_psr,priority_tier,annotation
-85.125,261.625,3,0.0,1.0,2.96,0.338158,de_Gerlache,98.4,False,Prime,strong CSETN suppression near de_Gerlache
-85.125,128.625,3,1.0,0.6656,2.34,0.284458,Sverdrup,95.6,False,Prime,
-88.375,47.125,3,1.0,0.6656,2.58,0.258455,Shackleton,49.0,False,Prime,
-87.875,52.625,4,0.0,1.0,4.48,0.2231,Faustini,44.1,False,Prime,strong CSETN suppression near Faustini
-87.125,83.125,3,1.3333,0.5541,2.57,0.21562,Faustini,2.3,True,Watch,confirmed within Faustini PSR — strong suppression
-88.375,228.125,3,1.0,0.6656,3.11,0.214224,de_Gerlache,37.4,False,Prime,
-88.875,180.125,3,0.3333,0.8885,4.18,0.212337,Shackleton,28.8,False,Prime,strong CSETN suppression near Shackleton
-88.375,113.375,3,0.0,1.0,5.07,0.19711,Sverdrup,38.3,False,Prime,strong CSETN suppression near Sverdrup
-88.375,227.125,3,0.6667,0.777,3.96,0.196125,de_Gerlache,38.2,False,Prime,strong CSETN suppression near de_Gerlache
-88.375,46.625,5,1.6,0.4649,2.37,0.195995,Shackleton,49.0,False,Watch,
-86.125,262.375,3,1.0,0.6656,3.41,0.195452,de_Gerlache,68.1,False,Prime,
-88.125,110.375,3,0.6667,0.777,4.01,0.19401,Sverdrup,42.4,False,Prime,strong CSETN suppression near Sverdrup
-87.125,240.375,3,0.6667,0.777,4.01,0.19385,de_Gerlache,51.4,False,Prime,strong CSETN suppression near de_Gerlache
-88.125,45.375,4,1.25,0.582,3.0,0.193763,Faustini,53.1,False,Watch,
-86.125,263.625,4,1.0,0.6656,3.45,0.192808,de_Gerlache,67.8,False,Prime,
-88.125,109.625,4,0.75,0.7492,3.98,0.188369,Faustini,42.3,False,Prime,strong CSETN suppression near Faustini
-86.625,245.875,3,0.3333,0.8885,4.76,0.186783,de_Gerlache,61.1,False,Prime,strong CSETN suppression near de_Gerlache
-86.625,177.625,3,1.0,0.6656,3.58,0.185966,Sverdrup,54.0,False,Prime,
-86.625,253.375,3,1.6667,0.4426,2.4,0.184765,de_Gerlache,56.7,False,Watch,
-87.625,2.625,3,1.0,0.6656,3.62,0.183678,Haworth,10.6,True,Prime,confirmed within Haworth PSR — strong suppression
-87.125,99.625,3,0.0,1.0,5.46,0.18313,Faustini,24.6,False,Prime,strong CSETN suppression near Faustini
-85.375,134.625,3,1.6667,0.4426,2.5,0.176922,Sverdrup,84.6,False,Watch,
-88.375,208.625,4,1.25,0.582,3.3,0.176375,Shackleton,48.4,False,Watch,
-86.875,242.375,3,0.6667,0.777,4.41,0.17615,de_Gerlache,56.6,False,Prime,strong CSETN suppression near de_Gerlache
-86.875,237.625,3,1.0,0.6656,3.89,0.170914,de_Gerlache,60.2,False,Prime,
-86.125,173.875,5,1.8,0.398,2.34,0.170428,Sverdrup,64.9,False,Watch,
-88.375,215.375,18,1.6667,0.4426,2.6,0.170116,de_Gerlache,47.4,False,Watch,
-85.125,260.375,3,0.0,1.0,5.92,0.168922,de_Gerlache,98.8,False,Prime,strong CSETN suppression near de_Gerlache
-86.875,243.625,3,0.6667,0.777,4.61,0.168645,de_Gerlache,55.7,False,Prime,strong CSETN suppression near de_Gerlache
-86.875,243.125,3,1.3333,0.5541,3.29,0.168465,de_Gerlache,56.0,False,Watch,
-87.625,299.125,4,1.5,0.4984,2.98,0.167303,de_Gerlache,35.5,False,Watch,
-87.625,358.625,3,1.6667,0.4426,2.65,0.167097,Haworth,6.4,True,Watch,confirmed within Haworth PSR boundary
-85.875,154.125,4,1.0,0.6656,4.01,0.165793,Sverdrup,64.5,False,Prime,
-88.375,224.875,3,1.0,0.6656,4.03,0.165151,de_Gerlache,40.0,False,Prime,
-85.375,262.125,3,0.6667,0.777,4.75,0.163693,de_Gerlache,90.8,False,Prime,strong CSETN suppression near de_Gerlache
-88.125,108.625,3,1.0,0.6656,4.09,0.162649,Faustini,41.4,False,Prime,
-85.625,261.375,4,1.25,0.582,3.59,0.16218,de_Gerlache,83.4,False,Watch,
-88.125,43.125,4,1.75,0.4148,2.63,0.157456,Faustini,55.3,False,Watch,
-86.875,271.375,3,1.3333,0.5541,3.53,0.157191,de_Gerlache,44.1,False,Watch,
-88.125,35.875,3,1.6667,0.4426,2.82,0.156937,Haworth,49.9,False,Watch,
-87.125,86.375,3,2.0,0.3311,2.11,0.156823,Faustini,5.2,True,Watch,confirmed within Faustini PSR boundary
-87.375,99.625,3,0.6667,0.777,4.96,0.156805,Faustini,24.0,False,Prime,strong CSETN suppression near Faustini
-87.625,0.625,3,1.3333,0.5541,3.58,0.154893,Haworth,8.3,True,Watch,confirmed within Haworth PSR — strong suppression
-85.125,117.625,3,1.3333,0.5541,3.6,0.154079,Faustini,91.3,False,Watch,
-86.875,185.875,3,1.6667,0.4426,2.9,0.152813,Sverdrup,55.3,False,Watch,
-87.875,350.625,3,0.3333,0.8885,5.84,0.152173,Haworth,13.6,True,Prime,confirmed within Haworth PSR — strong suppression
-88.375,51.625,5,2.0,0.3311,2.18,0.152154,Shackleton,48.2,False,Watch,
-89.125,43.625,3,1.3333,0.5541,3.66,0.151381,Shackleton,27.7,False,Watch,
-85.125,131.875,4,1.75,0.4148,2.77,0.149975,Sverdrup,93.5,False,Watch,
-85.125,225.125,3,1.3333,0.5541,3.7,0.149951,de_Gerlache,119.1,False,Watch,
-88.125,46.625,3,1.0,0.6656,4.46,0.149289,Faustini,51.9,False,Prime,
-87.375,148.875,4,1.25,0.582,3.91,0.148913,Sverdrup,19.5,False,Watch,
-85.625,217.125,3,1.3333,0.5541,3.72,0.148867,de_Gerlache,111.5,False,Watch,
-86.875,277.875,3,1.3333,0.5541,3.72,0.148779,de_Gerlache,44.7,False,Watch,
-87.875,53.125,4,0.75,0.7492,5.13,0.146019,Faustini,43.5,False,Prime,strong CSETN suppression near Faustini
-86.375,189.625,3,2.0,0.3311,2.27,0.146015,Sverdrup,71.6,False,Watch,
-85.375,63.125,3,1.0,0.6656,4.59,0.144989,Nobile,24.6,True,Prime,confirmed within Nobile PSR — strong suppression
-86.125,264.125,3,1.0,0.6656,4.67,0.142503,de_Gerlache,67.7,False,Prime,
-86.375,165.125,7,1.5714,0.4745,3.35,0.141816,Sverdrup,52.4,False,Watch,
-88.375,206.875,3,1.3333,0.5541,3.92,0.141435,Shackleton,48.1,False,Watch,
-87.125,83.625,3,1.6667,0.4426,3.13,0.141413,Faustini,2.3,True,Watch,confirmed within Faustini PSR boundary
-88.125,87.125,3,0.3333,0.8885,6.31,0.140743,Faustini,28.4,False,Watch,strong CSETN suppression near Faustini
-85.625,117.125,3,1.6667,0.4426,3.18,0.139085,Faustini,78.1,False,Watch,
-88.375,41.125,3,0.6667,0.777,5.6,0.138709,Shackleton,50.0,False,Prime,strong CSETN suppression near Shackleton
-87.375,240.125,3,0.6667,0.777,5.61,0.138487,de_Gerlache,45.3,False,Prime,strong CSETN suppression near de_Gerlache
-86.375,260.875,3,1.0,0.6656,4.85,0.137252,de_Gerlache,61.0,False,Prime,
-88.375,45.375,3,1.3333,0.5541,4.05,0.136798,Shackleton,49.3,False,Watch,
-87.125,282.875,3,1.6667,0.4426,3.24,0.136558,de_Gerlache,38.6,False,Watch,
-89.375,326.375,3,1.3333,0.5541,4.13,0.134265,Shackleton,28.7,False,Watch,
-88.125,113.625,4,2.0,0.3311,2.49,0.133162,Sverdrup,39.3,False,Watch,
-86.875,58.625,4,0.25,0.9164,6.89,0.132996,Faustini,39.5,False,Watch,strong CSETN suppression near Faustini
-88.125,50.625,6,1.6667,0.4426,3.34,0.132514,Faustini,48.1,False,Watch,
-86.625,242.125,3,0.3333,0.8885,6.71,0.132323,de_Gerlache,63.6,False,Watch,strong CSETN suppression near de_Gerlache
-88.375,46.375,4,2.0,0.3311,2.52,0.131174,Shackleton,49.1,False,Watch,
-87.875,48.875,5,1.2,0.5987,4.57,0.130981,Faustini,48.3,False,Watch,
-86.125,180.625,3,1.6667,0.4426,3.39,0.130614,Sverdrup,70.1,False,Watch,
-87.125,151.125,5,1.8,0.398,3.05,0.130512,Sverdrup,26.6,False,Watch,
-85.125,191.625,3,1.3333,0.5541,4.31,0.128561,Sverdrup,107.8,False,Watch,
-87.125,278.375,3,1.3333,0.5541,4.31,0.12849,de_Gerlache,37.3,False,Watch,
-88.125,172.125,3,1.6667,0.4426,3.46,0.127993,Sverdrup,20.4,False,Watch,
-85.375,224.875,5,2.0,0.3311,2.59,0.127866,de_Gerlache,112.1,False,Watch,
-86.125,233.375,4,1.5,0.4984,3.9,0.127811,de_Gerlache,84.1,False,Watch,
-86.125,61.625,5,0.4,0.8662,6.79,0.127653,Nobile,34.1,True,Watch,confirmed within Nobile PSR — strong suppression
-86.125,60.875,4,0.75,0.7492,5.87,0.127605,Nobile,33.2,True,Prime,confirmed within Nobile PSR — strong suppression
-85.125,290.375,3,1.6667,0.4426,3.48,0.12707,Cabeus,67.3,False,Watch,
-85.625,307.375,3,1.6667,0.4426,3.49,0.126746,Cabeus,30.8,True,Watch,confirmed within Cabeus PSR boundary
-88.375,211.875,13,2.1538,0.2797,2.22,0.125967,Shackleton,49.0,False,Background,
-87.625,236.875,3,0.6667,0.777,6.18,0.125756,de_Gerlache,42.3,False,Watch,strong CSETN suppression near de_Gerlache
-87.375,355.125,5,1.6,0.4649,3.7,0.125538,Haworth,2.9,True,Watch,confirmed within Haworth PSR boundary
-85.875,115.625,3,1.6667,0.4426,3.53,0.125368,Faustini,70.1,False,Watch,
-87.125,130.625,3,1.3333,0.5541,4.42,0.125226,Sverdrup,38.3,False,Watch,
-88.125,216.875,3,0.6667,0.777,6.23,0.124737,de_Gerlache,50.0,False,Watch,strong CSETN suppression near de_Gerlache
-88.125,36.875,3,1.6667,0.4426,3.55,0.124574,Haworth,50.9,False,Watch,
-85.375,197.375,3,1.0,0.6656,5.36,0.124068,Sverdrup,106.2,False,Prime,
-88.375,226.125,5,1.2,0.5987,4.83,0.123909,de_Gerlache,39.0,False,Watch,
-85.875,156.375,3,1.6667,0.4426,3.58,0.1237,Sverdrup,64.7,False,Watch,
-88.125,56.625,3,1.0,0.6656,5.39,0.123586,Faustini,42.5,False,Prime,
-86.625,23.625,3,1.3333,0.5541,4.49,0.123295,Haworth,50.3,False,Watch,
-86.625,178.875,4,1.5,0.4984,4.04,0.123244,Sverdrup,55.0,False,Watch,
-85.375,93.125,4,1.25,0.582,4.74,0.122726,Faustini,58.4,False,Watch,
-89.375,336.625,3,1.6667,0.4426,3.61,0.122614,Shackleton,28.2,False,Watch,
-85.625,127.625,5,1.8,0.398,3.25,0.122336,Sverdrup,81.7,False,Watch,
-87.875,51.375,3,1.6667,0.4426,3.62,0.12211,Faustini,45.5,False,Watch,
-89.375,43.875,3,1.3333,0.5541,4.54,0.12196,Shackleton,20.7,False,Watch,
-88.125,55.125,3,1.3333,0.5541,4.58,0.120974,Faustini,43.9,False,Watch,
-86.625,299.875,3,1.3333,0.5541,4.61,0.12026,de_Gerlache,62.2,False,Watch,
-88.625,80.375,3,2.0,0.3311,2.76,0.119972,Shackleton,35.9,False,Watch,
-89.125,324.375,3,0.6667,0.777,6.49,0.119679,Shackleton,36.3,False,Watch,strong CSETN suppression near Shackleton
-86.875,69.625,4,1.25,0.582,4.86,0.119658,Faustini,23.4,False,Watch,
-86.875,64.625,4,1.0,0.6656,5.57,0.11957,Faustini,30.6,False,Prime,
-87.125,175.375,3,1.3333,0.5541,4.64,0.119469,Sverdrup,39.2,False,Watch,
-85.125,292.125,4,2.0,0.3311,2.79,0.11867,Cabeus,62.8,False,Watch,
-87.875,43.875,3,1.6667,0.4426,3.73,0.118618,Faustini,53.9,False,Watch,
-86.625,59.375,4,0.75,0.7492,6.33,0.11835,Faustini,42.3,False,Watch,strong CSETN suppression near Faustini
-88.625,74.125,3,1.3333,0.5541,4.7,0.117871,Shackleton,36.9,False,Watch,
-86.625,150.875,3,1.6667,0.4426,3.76,0.117597,Sverdrup,41.8,False,Watch,
-88.375,204.625,3,2.0,0.3311,2.82,0.117558,Shackleton,47.7,False,Watch,
-87.125,225.875,3,1.6667,0.4426,3.77,0.117513,de_Gerlache,63.6,False,Watch,
-86.375,167.875,3,1.3333,0.5541,4.72,0.117451,Sverdrup,53.9,False,Watch,
-86.125,232.625,6,1.6667,0.4426,3.78,0.117164,de_Gerlache,84.7,False,Watch,
-85.375,127.875,4,2.0,0.3311,2.84,0.1167,Sverdrup,88.8,False,Watch,
-86.625,243.875,4,1.25,0.582,5.0,0.116394,de_Gerlache,62.4,False,Watch,
-86.375,238.875,4,1.5,0.4984,4.29,0.116285,de_Gerlache,73.0,False,Watch,
-88.625,79.125,6,1.5,0.4984,4.29,0.116057,Shackleton,36.1,False,Watch,
-85.125,64.125,3,0.0,1.0,8.63,0.115899,Nobile,27.2,True,Watch,confirmed within Nobile PSR — strong suppression
-86.875,171.875,4,1.75,0.4148,3.6,0.115296,Sverdrup,42.6,False,Watch,
-86.125,113.625,4,1.5,0.4984,4.32,0.115241,Faustini,61.6,False,Watch,
-86.625,233.625,4,1.75,0.4148,3.62,0.114621,de_Gerlache,70.1,False,Watch,
-87.625,239.625,3,2.0,0.3311,2.91,0.113769,de_Gerlache,39.9,False,Watch,
-85.625,133.375,4,1.5,0.4984,4.38,0.113721,Sverdrup,77.9,False,Watch,
-87.875,170.125,3,1.3333,0.5541,4.9,0.113028,Sverdrup,19.5,False,Watch,
-87.625,223.625,3,1.6667,0.4426,3.92,0.112934,de_Gerlache,53.9,False,Watch,
-87.625,187.875,3,1.0,0.6656,5.9,0.112746,Sverdrup,41.7,False,Prime,
-87.625,355.375,4,1.75,0.4148,3.68,0.112714,Haworth,4.7,True,Watch,confirmed within Haworth PSR boundary
-86.375,297.375,3,1.3333,0.5541,4.93,0.112302,Cabeus,61.5,False,Watch,
-87.375,84.375,3,1.6667,0.4426,3.94,0.112278,Faustini,5.5,True,Watch,confirmed within Faustini PSR boundary
-86.625,96.875,3,0.6667,0.777,6.99,0.111175,Faustini,28.2,False,Watch,strong CSETN suppression near Faustini
-88.625,182.375,3,1.3333,0.5541,4.99,0.111042,Sverdrup,32.1,False,Watch,
-87.125,241.625,3,1.6667,0.4426,3.99,0.110942,de_Gerlache,50.5,False,Watch,
-86.625,59.125,5,1.2,0.5987,5.4,0.110932,Faustini,42.7,False,Watch,
-87.125,228.625,4,1.5,0.4984,4.53,0.109975,de_Gerlache,61.2,False,Watch,
-87.375,221.625,3,2.0,0.3311,3.02,0.109812,de_Gerlache,61.3,False,Watch,
-87.625,356.125,4,1.75,0.4148,3.78,0.109779,Haworth,4.8,True,Watch,confirmed within Haworth PSR boundary
-87.125,235.875,5,1.2,0.5987,5.47,0.109422,de_Gerlache,55.1,False,Watch,
-86.125,212.125,4,1.75,0.4148,3.8,0.109244,Sverdrup,101.4,False,Watch,
-86.875,257.375,3,1.3333,0.5541,5.08,0.109173,de_Gerlache,47.5,False,Watch,
-86.875,170.125,3,1.6667,0.4426,4.06,0.109066,Sverdrup,41.3,False,Watch,
-86.125,262.625,4,1.75,0.4148,3.8,0.109057,de_Gerlache,68.0,False,Watch,
-87.375,356.875,4,2.0,0.3311,3.05,0.10847,Haworth,3.6,True,Watch,confirmed within Haworth PSR boundary
-89.125,187.375,3,0.6667,0.777,7.17,0.108381,Shackleton,22.8,False,Watch,strong CSETN suppression near Shackleton
-85.375,87.875,3,1.0,0.6656,6.14,0.108313,Faustini,56.0,False,Watch,
-89.125,319.625,4,1.25,0.582,5.38,0.108247,Shackleton,36.4,False,Watch,
-86.375,171.375,3,1.6667,0.4426,4.1,0.107978,Sverdrup,56.1,False,Watch,
-85.125,37.125,5,1.2,0.5987,5.57,0.107575,Nobile,41.9,False,Watch,
-87.125,281.125,3,1.6667,0.4426,4.12,0.107501,de_Gerlache,38.0,False,Watch,
-86.875,170.375,7,1.8571,0.3789,3.54,0.107165,Sverdrup,41.5,False,Watch,
-86.875,101.875,3,0.0,1.0,9.37,0.106685,Faustini,30.6,False,Watch,strong CSETN suppression near Faustini
-85.375,260.625,3,1.3333,0.5541,5.21,0.10631,de_Gerlache,91.2,False,Watch,
-86.875,280.375,3,1.6667,0.4426,4.16,0.10628,de_Gerlache,45.3,False,Watch,
-85.125,357.375,5,1.6,0.4649,4.38,0.10625,Haworth,71.2,False,Watch,
-86.625,184.375,3,1.3333,0.5541,5.22,0.106237,Sverdrup,60.1,False,Watch,
-86.375,215.125,5,1.6,0.4649,4.38,0.106107,de_Gerlache,92.5,False,Watch,
-86.375,172.875,3,2.0,0.3311,3.12,0.106039,Sverdrup,57.1,False,Watch,
-87.375,229.375,3,1.3333,0.5541,5.23,0.105875,de_Gerlache,54.5,False,Watch,
-86.625,214.875,4,1.75,0.4148,3.92,0.105835,de_Gerlache,86.1,False,Watch,
-89.125,43.125,5,1.8,0.398,3.76,0.105779,Shackleton,27.8,False,Watch,
-88.125,251.375,3,0.3333,0.8885,8.41,0.105607,de_Gerlache,20.2,False,Watch,strong CSETN suppression near de_Gerlache
-86.625,175.125,4,2.0,0.3311,3.15,0.105076,Sverdrup,51.9,False,Watch,
-87.625,359.375,3,1.6667,0.4426,4.24,0.104511,Haworth,7.0,True,Watch,confirmed within Haworth PSR boundary
-87.125,235.375,4,1.5,0.4984,4.77,0.104454,de_Gerlache,55.5,False,Watch,
-85.625,222.125,3,1.6667,0.4426,4.25,0.104242,de_Gerlache,107.3,False,Watch,
-88.625,327.125,3,1.6667,0.4426,4.26,0.103919,de_Gerlache,43.4,False,Watch,
-85.375,214.125,5,1.6,0.4649,4.48,0.103821,de_Gerlache,121.2,False,Watch,
-89.125,316.375,5,1.8,0.398,3.83,0.103806,Shackleton,36.5,False,Watch,
-86.125,184.125,3,1.6667,0.4426,4.27,0.103776,Sverdrup,73.1,False,Watch,
-88.375,350.875,3,1.6667,0.4426,4.27,0.103642,Haworth,27.9,False,Watch,
-85.875,311.875,5,1.6,0.4649,4.49,0.103439,Cabeus,31.2,True,Watch,confirmed within Cabeus PSR boundary
-89.375,332.125,4,1.5,0.4984,4.85,0.102717,Shackleton,28.4,False,Watch,
-85.875,172.125,5,2.0,0.3311,3.22,0.102707,Sverdrup,70.9,False,Watch,
-87.375,294.625,3,1.3333,0.5541,5.4,0.102533,de_Gerlache,38.2,False,Watch,
-85.375,218.125,7,1.4286,0.5222,5.1,0.102326,de_Gerlache,117.7,False,Watch,
-86.875,259.625,3,1.6667,0.4426,4.33,0.102317,de_Gerlache,46.6,False,Watch,
-85.375,201.125,5,1.4,0.5318,5.2,0.102298,Sverdrup,110.0,False,Watch,
-89.625,324.625,3,1.3333,0.5541,5.43,0.102076,Shackleton,21.2,False,Watch,
-86.625,238.125,4,1.0,0.6656,6.53,0.101961,de_Gerlache,66.6,False,Watch,
-86.125,131.875,3,1.3333,0.5541,5.44,0.101905,Sverdrup,64.4,False,Watch,
-87.875,39.125,4,1.25,0.582,5.72,0.101753,Haworth,53.9,False,Watch,
-89.625,333.375,3,1.6667,0.4426,4.36,0.101605,Shackleton,20.9,False,Watch,
-88.375,43.375,4,0.75,0.7492,7.38,0.101474,Shackleton,49.6,False,Watch,strong CSETN suppression near Shackleton
-88.125,329.625,3,1.3333,0.5541,5.46,0.101405,Haworth,35.5,False,Watch,
-87.875,47.625,5,1.8,0.398,3.93,0.101402,Faustini,49.7,False,Watch,
-88.375,114.625,4,1.25,0.582,5.75,0.101131,Sverdrup,37.3,False,Watch,
-89.375,346.625,5,1.4,0.5318,5.26,0.101103,Shackleton,27.6,False,Watch,
-85.875,173.125,4,2.0,0.3311,3.28,0.101061,Sverdrup,71.6,False,Watch,
-88.375,278.625,4,1.0,0.6656,6.59,0.101051,de_Gerlache,5.9,True,Watch,confirmed within de_Gerlache PSR — strong suppression
-86.125,231.875,4,1.75,0.4148,4.11,0.100921,de_Gerlache,85.3,False,Watch,
-85.625,269.625,3,2.0,0.3311,3.29,0.100714,de_Gerlache,82.1,False,Watch,
-87.125,240.125,4,1.75,0.4148,4.12,0.100581,de_Gerlache,51.6,False,Watch,
-86.625,169.375,5,2.2,0.2643,2.63,0.100362,Sverdrup,47.7,False,Background,
-88.875,184.125,3,2.0,0.3311,3.3,0.100284,Shackleton,29.5,False,Watch,
-88.125,175.875,3,1.6667,0.4426,4.42,0.100132,Sverdrup,24.1,False,Watch,
-87.125,226.375,3,1.3333,0.5541,5.54,0.09996,de_Gerlache,63.2,False,Watch,
-87.875,355.125,5,1.6,0.4649,4.65,0.099933,Haworth,12.3,True,Watch,confirmed within Haworth PSR boundary
-87.625,221.625,4,1.5,0.4984,5.0,0.099746,de_Gerlache,55.7,False,Watch,
-87.125,234.625,5,1.6,0.4649,4.67,0.099614,de_Gerlache,56.1,False,Watch,
-85.875,126.125,3,1.6667,0.4426,4.45,0.099459,Sverdrup,75.7,False,Watch,
-86.375,69.375,3,0.3333,0.8885,8.94,0.099435,Faustini,34.2,False,Watch,strong CSETN suppression near Faustini
-86.375,120.625,3,1.6667,0.4426,4.47,0.099103,Sverdrup,66.6,False,Watch,
-87.125,149.875,3,1.6667,0.4426,4.49,0.098659,Sverdrup,26.7,False,Watch,
-87.375,24.125,3,1.6667,0.4426,4.49,0.098483,Haworth,39.0,False,Watch,
-88.375,45.875,4,1.75,0.4148,4.22,0.098341,Shackleton,49.2,False,Watch,
-87.875,249.625,4,1.25,0.582,5.92,0.098324,de_Gerlache,26.1,False,Watch,
-86.375,263.375,3,1.3333,0.5541,5.64,0.098191,de_Gerlache,60.3,False,Watch,
-88.875,73.875,4,1.25,0.582,5.93,0.09806,Shackleton,29.6,False,Watch,
-86.375,272.625,3,1.6667,0.4426,4.52,0.097982,de_Gerlache,59.3,False,Watch,
-88.875,75.125,3,1.6667,0.4426,4.52,0.097956,Shackleton,29.4,False,Watch,
-86.625,169.125,3,2.0,0.3311,3.39,0.097744,Sverdrup,47.5,False,Watch,
-88.375,112.375,4,1.5,0.4984,5.11,0.097509,Sverdrup,39.2,False,Watch,
-87.375,83.625,3,2.0,0.3311,3.4,0.097445,Faustini,5.3,True,Watch,confirmed within Faustini PSR boundary
-87.375,87.125,3,2.0,0.3311,3.4,0.097299,Faustini,7.7,True,Watch,confirmed within Faustini PSR boundary
-88.375,48.625,3,2.3333,0.2197,2.26,0.097115,Shackleton,48.7,False,Background,
-87.375,285.875,3,0.6667,0.777,8.01,0.097053,de_Gerlache,32.8,False,Watch,strong CSETN suppression near de_Gerlache
-87.875,138.125,4,1.25,0.582,6.0,0.09705,Sverdrup,16.1,True,Watch,confirmed within Sverdrup PSR — strong suppression
-88.375,224.375,3,1.3333,0.5541,5.71,0.097028,de_Gerlache,40.4,False,Watch,
-85.125,220.625,3,1.6667,0.4426,4.57,0.096918,de_Gerlache,122.8,False,Watch,
-87.625,236.375,3,1.0,0.6656,6.87,0.096816,de_Gerlache,42.7,False,Watch,
-87.625,212.375,3,1.0,0.6656,6.88,0.096776,de_Gerlache,63.7,False,Watch,
-85.625,160.625,4,1.5,0.4984,5.16,0.096546,Sverdrup,73.1,False,Watch,
-87.125,257.125,3,1.0,0.6656,6.9,0.096522,de_Gerlache,40.4,False,Watch,
-86.625,59.875,5,0.4,0.8662,8.99,0.096374,Faustini,41.6,False,Watch,strong CSETN suppression near Faustini
-87.375,100.375,3,1.0,0.6656,6.91,0.096332,Faustini,25.0,False,Watch,
-88.375,225.125,9,1.8889,0.3683,3.83,0.096272,de_Gerlache,39.8,False,Watch,
-86.625,72.125,3,1.3333,0.5541,5.76,0.096156,Faustini,25.1,False,Watch,
-86.625,219.875,3,1.6667,0.4426,4.6,0.096156,de_Gerlache,81.7,False,Watch,
-87.125,98.875,3,0.6667,0.777,8.1,0.095911,Faustini,23.5,False,Watch,strong CSETN suppression near Faustini
-86.625,97.375,3,1.0,0.6656,6.95,0.095765,Faustini,28.8,False,Watch,
-89.375,356.375,3,1.0,0.6656,6.95,0.095712,Shackleton,26.8,False,Watch,
-88.375,58.375,3,0.6667,0.777,8.12,0.09571,Faustini,45.2,False,Watch,strong CSETN suppression near Faustini
-88.625,81.375,3,1.6667,0.4426,4.63,0.095684,Shackleton,35.8,False,Watch,
-85.125,131.375,3,2.0,0.3311,3.47,0.095314,Sverdrup,93.8,False,Watch,
-88.375,209.125,6,2.1667,0.2754,2.9,0.095123,Shackleton,48.5,False,Background,
-87.125,230.875,3,1.6667,0.4426,4.66,0.09508,de_Gerlache,59.3,False,Watch,
-85.125,123.625,5,1.8,0.398,4.2,0.094817,Sverdrup,99.1,False,Watch,
-88.875,195.375,3,0.6667,0.777,8.21,0.094626,Shackleton,31.4,False,Watch,strong CSETN suppression near Shackleton
-86.875,98.375,3,1.3333,0.5541,5.87,0.094434,Faustini,25.6,False,Watch,
-87.875,49.625,3,1.6667,0.4426,4.7,0.094193,Faustini,47.4,False,Watch,
-89.375,26.375,3,1.6667,0.4426,4.7,0.094101,Shackleton,23.4,False,Watch,
-88.125,116.625,3,1.6667,0.4426,4.7,0.094077,Sverdrup,36.4,False,Watch,
-87.625,100.125,3,1.3333,0.5541,5.9,0.093992,Faustini,26.3,False,Watch,
-88.625,319.125,6,1.6667,0.4426,4.71,0.093896,de_Gerlache,37.8,False,Watch,
-87.625,244.625,3,1.6667,0.4426,4.73,0.093622,de_Gerlache,35.7,False,Watch,
-86.875,168.125,3,1.6667,0.4426,4.73,0.093483,Sverdrup,39.9,False,Watch,
-88.125,218.875,3,1.3333,0.5541,5.95,0.093182,de_Gerlache,48.4,False,Watch,
-87.625,189.125,3,1.3333,0.5541,5.95,0.093157,Sverdrup,43.1,False,Watch,
-88.375,210.875,8,2.25,0.2475,2.67,0.092876,Shackleton,48.8,False,Background,
-85.375,129.375,4,2.25,0.2475,2.67,0.092685,Sverdrup,87.8,False,Background,
-85.875,113.875,3,2.0,0.3311,3.57,0.092652,Faustini,67.6,False,Watch,
-88.125,210.625,3,1.6667,0.4426,4.79,0.092437,de_Gerlache,55.1,False,Watch,
-85.875,143.875,5,1.2,0.5987,6.49,0.092288,Sverdrup,65.8,False,Watch,
-86.875,187.375,3,1.3333,0.5541,6.02,0.09208,Sverdrup,56.8,False,Watch,
-88.625,180.375,3,1.6667,0.4426,4.82,0.091878,Sverdrup,30.8,False,Watch,
-88.375,111.375,4,1.25,0.582,6.35,0.09167,Shackleton,39.9,False,Watch,
-87.375,191.125,3,1.6667,0.4426,4.84,0.09154,Sverdrup,49.7,False,Watch,
-85.125,114.875,3,2.3333,0.2197,2.4,0.091424,Faustini,87.6,False,Background,
-88.125,215.625,3,1.3333,0.5541,6.06,0.091363,de_Gerlache,51.1,False,Watch,
-88.375,54.375,3,1.6667,0.4426,4.85,0.091289,Shackleton,47.7,False,Watch,
-85.875,127.875,3,1.6667,0.4426,4.85,0.091242,Sverdrup,74.4,False,Watch,
-87.125,29.375,3,2.0,0.3311,3.63,0.091195,Haworth,49.0,False,Watch,
-87.625,183.125,4,1.0,0.6656,7.3,0.09115,Sverdrup,36.7,False,Watch,
-89.125,75.375,3,1.0,0.6656,7.31,0.090991,Shackleton,22.2,False,Watch,
-89.375,8.125,6,1.0,0.6656,7.33,0.090774,Shackleton,25.6,False,Watch,
-87.375,21.375,3,2.0,0.3311,3.65,0.090765,Haworth,35.3,False,Watch,
-86.625,57.125,3,1.3333,0.5541,6.11,0.09069,Nobile,44.5,False,Watch,
-86.125,314.875,4,1.75,0.4148,4.58,0.090629,Cabeus,37.2,True,Watch,confirmed within Cabeus PSR boundary
-86.625,75.375,3,1.3333,0.5541,6.12,0.0906,Faustini,21.6,False,Watch,
-88.625,78.125,6,1.1667,0.6098,6.73,0.090589,Shackleton,36.3,False,Watch,
-85.875,224.375,5,1.8,0.398,4.4,0.090399,de_Gerlache,98.3,False,Watch,
-87.625,220.875,4,1.75,0.4148,4.59,0.09027,de_Gerlache,56.3,False,Watch,
-89.625,330.375,5,1.8,0.398,4.42,0.090124,Shackleton,21.0,False,Watch,
-88.625,80.125,4,2.25,0.2475,2.75,0.090048,Shackleton,36.0,False,Background,
-88.375,146.625,4,2.0,0.3311,3.68,0.089886,Sverdrup,12.7,True,Watch,confirmed within Sverdrup PSR boundary
-86.125,183.375,3,2.0,0.3311,3.69,0.089732,Sverdrup,72.5,False,Watch,
-87.375,179.125,3,1.0,0.6656,7.43,0.08956,Sverdrup,37.2,False,Watch,
-85.375,271.375,3,2.0,0.3311,3.7,0.089468,de_Gerlache,89.6,False,Watch,
-86.375,0.375,3,1.0,0.6656,7.44,0.089434,Haworth,34.2,False,Watch,
-87.875,98.625,3,1.6667,0.4426,4.95,0.089424,Faustini,28.5,False,Watch,
-87.125,238.875,5,2.0,0.3311,3.72,0.089064,de_Gerlache,52.6,False,Watch,
-86.625,152.875,4,1.5,0.4984,5.61,0.088782,Sverdrup,41.7,False,Watch,
-85.375,225.125,5,2.0,0.3311,3.73,0.088768,de_Gerlache,111.9,False,Watch,
-88.625,78.875,3,1.6667,0.4426,4.99,0.088748,Shackleton,36.2,False,Watch,
-87.875,54.375,3,1.3333,0.5541,6.24,0.088734,Faustini,42.2,False,Watch,
-87.625,223.125,4,1.75,0.4148,4.68,0.08863,de_Gerlache,54.3,False,Watch,
-85.875,61.875,3,1.6667,0.4426,5.0,0.088613,Nobile,28.8,True,Watch,confirmed within Nobile PSR boundary
-89.375,334.375,3,1.6667,0.4426,5.0,0.088613,Shackleton,28.3,False,Watch,
-85.125,63.625,4,1.25,0.582,6.57,0.088524,Nobile,25.9,True,Watch,confirmed within Nobile PSR — strong suppression
-86.375,76.375,3,1.6667,0.4426,5.0,0.088443,Faustini,27.6,False,Watch,
-87.875,234.875,3,0.0,1.0,11.31,0.088392,de_Gerlache,38.9,False,Watch,strong CSETN suppression near de_Gerlache
-88.625,124.375,3,0.0,1.0,11.32,0.088331,Sverdrup,30.9,False,Watch,strong CSETN suppression near Sverdrup
-85.875,261.875,3,1.3333,0.5541,6.28,0.088262,de_Gerlache,75.8,False,Watch,
-85.125,217.125,7,1.8571,0.3789,4.29,0.088239,de_Gerlache,125.7,False,Watch,
-87.125,213.125,4,1.5,0.4984,5.66,0.08811,de_Gerlache,74.8,False,Watch,
-86.125,234.125,5,1.6,0.4649,5.3,0.087775,de_Gerlache,83.5,False,Watch,
-86.875,238.875,3,1.3333,0.5541,6.31,0.087771,de_Gerlache,59.2,False,Watch,
-85.625,107.625,4,0.75,0.7492,8.54,0.087735,Faustini,65.5,False,Watch,strong CSETN suppression near Faustini
-86.375,229.375,4,1.5,0.4984,5.68,0.087692,de_Gerlache,80.3,False,Watch,
-85.375,223.125,8,2.0,0.3311,3.78,0.087603,de_Gerlache,113.5,False,Watch,
-86.875,219.375,3,1.3333,0.5541,6.38,0.086859,de_Gerlache,75.6,False,Watch,
-87.875,52.125,3,1.6667,0.4426,5.11,0.086617,Faustini,44.6,False,Watch,
-87.375,3.625,3,1.6667,0.4426,5.11,0.086548,Haworth,11.7,True,Watch,confirmed within Haworth PSR boundary
-85.625,220.375,4,1.5,0.4984,5.76,0.086517,de_Gerlache,108.7,False,Watch,
-85.125,139.375,4,2.0,0.3311,3.83,0.086514,Sverdrup,89.8,False,Watch,
-88.125,317.875,3,1.6667,0.4426,5.12,0.086501,de_Gerlache,42.3,False,Watch,
-86.625,187.375,4,1.75,0.4148,4.81,0.086301,Sverdrup,63.0,False,Watch,
-87.125,153.875,3,1.6667,0.4426,5.13,0.086238,Sverdrup,26.6,False,Watch,
-87.625,102.125,3,0.6667,0.777,9.02,0.086177,Faustini,28.7,False,Watch,strong CSETN suppression near Faustini
-86.625,174.375,3,2.0,0.3311,3.84,0.086165,Sverdrup,51.3,False,Watch,
-85.875,133.125,3,1.3333,0.5541,6.43,0.086135,Sverdrup,70.8,False,Watch,
-86.875,58.125,5,1.4,0.5318,6.18,0.086091,Faustini,40.2,False,Watch,
-87.875,335.125,3,1.6667,0.4426,5.15,0.085981,Haworth,27.5,False,Watch,
-87.375,87.625,3,2.0,0.3311,3.86,0.085894,Faustini,8.2,True,Watch,confirmed within Faustini PSR boundary
-87.125,57.125,3,0.6667,0.777,9.07,0.085626,Faustini,38.9,False,Watch,strong CSETN suppression near Faustini
-86.875,58.875,3,0.6667,0.777,9.09,0.085469,Faustini,39.1,False,Watch,strong CSETN suppression near Faustini
-89.125,158.625,3,1.0,0.6656,7.8,0.085357,Shackleton,18.5,False,Watch,
-89.375,336.125,3,2.0,0.3311,3.89,0.085209,Shackleton,28.3,False,Watch,
-88.625,181.125,3,2.0,0.3311,3.89,0.085121,Sverdrup,31.3,False,Watch,
-86.625,246.125,3,1.6667,0.4426,5.2,0.085104,de_Gerlache,60.9,False,Watch,
-88.125,210.875,4,1.75,0.4148,4.88,0.084914,de_Gerlache,54.9,False,Watch,
-85.625,110.125,5,1.6,0.4649,5.48,0.084801,Faustini,68.6,False,Watch,
-86.125,61.125,3,1.6667,0.4426,5.22,0.084744,Nobile,33.5,True,Watch,confirmed within Nobile PSR boundary
-85.625,62.125,5,0.8,0.7325,8.64,0.084733,Nobile,24.8,True,Watch,confirmed within Nobile PSR — strong suppression
-85.875,62.625,5,1.0,0.6656,7.86,0.084717,Nobile,30.0,True,Watch,confirmed within Nobile PSR — strong suppression
-87.125,56.875,4,1.25,0.582,6.87,0.084681,Faustini,39.3,False,Watch,
-86.625,220.125,3,1.6667,0.4426,5.23,0.084616,de_Gerlache,81.5,False,Watch,
-88.375,139.875,9,1.4444,0.5169,6.11,0.084588,Sverdrup,16.5,False,Watch,
-86.875,171.625,3,2.0,0.3311,3.92,0.084543,Sverdrup,42.4,False,Watch,
-85.375,255.625,3,1.3333,0.5541,6.57,0.084329,de_Gerlache,92.8,False,Watch,
-86.875,226.875,3,1.6667,0.4426,5.27,0.083996,de_Gerlache,69.1,False,Watch,
-88.375,52.625,3,2.3333,0.2197,2.62,0.08395,Shackleton,48.0,False,Background,
-89.125,9.125,4,1.0,0.6656,7.93,0.083922,Shackleton,32.7,False,Watch,
-87.625,162.375,4,1.5,0.4984,5.95,0.083695,Sverdrup,16.1,True,Watch,confirmed within Sverdrup PSR boundary
-87.375,129.375,3,1.0,0.6656,7.99,0.083301,Sverdrup,33.7,False,Watch,
-86.125,345.625,5,1.6,0.4649,5.58,0.083299,Haworth,43.8,False,Watch,
-86.125,265.375,3,1.6667,0.4426,5.32,0.083227,de_Gerlache,67.5,False,Watch,
-86.125,272.875,3,1.3333,0.5541,6.66,0.083149,de_Gerlache,66.9,False,Watch,
-86.625,206.625,3,1.3333,0.5541,6.68,0.082924,Sverdrup,82.9,False,Watch,
-85.125,68.125,6,1.1667,0.6098,7.37,0.082727,Nobile,37.3,False,Watch,
-89.375,328.125,5,1.8,0.398,4.82,0.082597,Shackleton,28.6,False,Watch,
-86.125,156.125,3,1.6667,0.4426,5.37,0.082499,Sverdrup,57.1,False,Watch,
-85.625,120.125,4,1.75,0.4148,5.03,0.082481,Faustini,82.4,False,Watch,
-88.125,230.375,3,1.0,0.6656,8.08,0.082323,de_Gerlache,38.6,False,Watch,
-89.375,352.625,4,1.75,0.4148,5.05,0.082084,Shackleton,27.1,False,Watch,
-87.875,287.875,3,1.0,0.6656,8.11,0.082036,de_Gerlache,20.9,False,Watch,
-85.875,60.625,3,1.3333,0.5541,6.76,0.081989,Nobile,26.9,True,Watch,confirmed within Nobile PSR — strong suppression
-86.875,156.375,3,2.0,0.3311,4.04,0.081909,Sverdrup,34.5,False,Watch,
-87.625,206.375,4,1.0,0.6656,8.14,0.081797,Sverdrup,60.9,False,Watch,
-85.375,219.375,3,1.3333,0.5541,6.78,0.081781,de_Gerlache,116.7,False,Watch,
-87.375,152.875,5,1.8,0.398,4.87,0.08176,Sverdrup,19.0,False,Watch,
-89.125,359.125,3,1.0,0.6656,8.16,0.081568,Shackleton,33.9,False,Watch,
-86.625,218.625,4,2.0,0.3311,4.06,0.081529,de_Gerlache,82.8,False,Watch,
-87.625,102.625,3,0.6667,0.777,9.54,0.081429,Faustini,29.3,False,Watch,strong CSETN suppression near Faustini
-86.625,93.625,3,1.3333,0.5541,6.81,0.081411,Faustini,24.2,False,Watch,
-89.125,323.125,4,1.75,0.4148,5.1,0.081309,Shackleton,36.3,False,Watch,
-87.125,295.125,3,1.3333,0.5541,6.83,0.081175,de_Gerlache,45.2,False,Watch,
-87.375,210.125,3,2.0,0.3311,4.09,0.080951,Sverdrup,69.6,False,Watch,
-87.125,98.625,3,0.6667,0.777,9.6,0.080906,Faustini,23.1,False,Watch,strong CSETN suppression near Faustini
-87.875,51.125,6,2.0,0.3311,4.1,0.080817,Faustini,45.8,False,Watch,
-85.625,268.125,4,1.25,0.582,7.21,0.080756,de_Gerlache,82.2,False,Watch,
-85.125,312.125,5,1.4,0.5318,6.61,0.080426,Cabeus,12.3,True,Watch,confirmed within Cabeus PSR — strong suppression
-86.625,216.625,5,1.8,0.398,4.95,0.080414,de_Gerlache,84.5,False,Watch,
-85.375,219.625,6,1.3333,0.5541,6.89,0.080394,de_Gerlache,116.4,False,Watch,
-87.375,87.875,5,1.8,0.398,4.96,0.080278,Faustini,8.5,True,Watch,confirmed within Faustini PSR boundary
-89.125,130.875,4,1.75,0.4148,5.17,0.080262,Shackleton,16.5,False,Watch,
-89.375,346.375,6,1.6667,0.4426,5.53,0.08002,Shackleton,27.6,False,Watch,
-85.625,144.375,5,1.6,0.4649,5.82,0.079949,Sverdrup,73.1,False,Watch,
-88.125,317.125,4,2.0,0.3311,4.14,0.079945,de_Gerlache,41.6,False,Watch,
-86.125,341.875,3,1.3333,0.5541,6.93,0.079928,Haworth,46.5,False,Watch,
-89.125,35.625,4,1.5,0.4984,6.24,0.079823,Shackleton,29.0,False,Watch,
-85.375,55.125,6,1.8333,0.3869,4.85,0.0798,Nobile,7.1,True,Watch,confirmed within Nobile PSR boundary
-89.375,349.125,3,2.0,0.3311,4.15,0.079749,Shackleton,27.4,False,Watch,
-87.375,137.375,3,1.6667,0.4426,5.57,0.079513,Sverdrup,26.3,False,Watch,
-87.875,50.625,4,2.0,0.3311,4.16,0.079511,Faustini,46.3,False,Watch,
-86.875,146.875,3,1.3333,0.5541,6.97,0.079473,Sverdrup,34.9,False,Watch,
-88.375,116.375,3,1.3333,0.5541,6.98,0.079421,Sverdrup,35.8,False,Watch,
-86.125,61.875,4,1.25,0.582,7.33,0.079416,Nobile,34.4,True,Watch,confirmed within Nobile PSR — strong suppression
-86.875,220.625,5,1.6,0.4649,5.86,0.079304,de_Gerlache,74.5,False,Watch,
-85.625,90.375,3,0.3333,0.8885,11.22,0.079187,Faustini,49.5,False,Watch,strong CSETN suppression near Faustini
-87.625,2.125,5,1.8,0.398,5.03,0.079119,Haworth,10.0,True,Watch,confirmed within Haworth PSR boundary
-87.125,177.375,3,2.3333,0.2197,2.78,0.078974,Sverdrup,41.0,False,Background,
-86.375,228.625,3,1.6667,0.4426,5.61,0.078931,de_Gerlache,81.0,False,Watch,
-86.125,320.625,6,1.8333,0.3869,4.9,0.078882,Cabeus,38.7,True,Watch,confirmed within Cabeus PSR boundary
-85.875,176.125,5,1.8,0.398,5.06,0.078685,Sverdrup,73.6,False,Watch,
-89.375,327.875,5,1.8,0.398,5.07,0.078466,Shackleton,28.6,False,Watch,
-87.375,229.875,3,1.6667,0.4426,5.64,0.078417,de_Gerlache,54.0,False,Watch,
-86.875,219.625,3,1.6667,0.4426,5.65,0.078393,de_Gerlache,75.4,False,Watch,
-86.625,71.875,3,1.3333,0.5541,7.07,0.078391,Faustini,25.4,False,Watch,
-86.875,56.875,3,1.0,0.6656,8.5,0.078265,Faustini,42.1,False,Watch,
-89.125,50.875,4,2.25,0.2475,3.16,0.078249,Shackleton,26.4,False,Background,
-85.375,194.625,3,1.6667,0.4426,5.67,0.078123,Sverdrup,103.6,False,Watch,
-86.875,254.375,4,2.0,0.3311,4.24,0.078029,de_Gerlache,49.0,False,Watch,
-89.375,51.125,3,1.6667,0.4426,5.68,0.077995,Shackleton,19.6,False,Watch,
-87.125,218.375,5,2.0,0.3311,4.25,0.077893,de_Gerlache,70.2,False,Watch,
-89.375,35.125,3,1.3333,0.5541,7.14,0.077599,Shackleton,22.1,False,Watch,
-85.125,89.625,4,1.75,0.4148,5.35,0.077563,Faustini,64.1,False,Watch,
-87.375,81.125,3,2.0,0.3311,4.27,0.077561,Faustini,6.1,True,Watch,confirmed within Faustini PSR boundary
-85.375,134.125,4,2.25,0.2475,3.2,0.077371,Sverdrup,84.9,False,Background,
-86.875,237.375,5,2.2,0.2643,3.42,0.077358,de_Gerlache,60.4,False,Background,
-88.375,350.625,3,2.0,0.3311,4.29,0.077252,Haworth,27.9,False,Watch,
-87.125,182.125,3,1.6667,0.4426,5.73,0.077241,Sverdrup,45.7,False,Watch,
-86.875,333.125,3,1.0,0.6656,8.62,0.077192,Haworth,37.5,False,Watch,
-88.875,190.375,3,1.3333,0.5541,7.18,0.077184,Shackleton,30.5,False,Watch,
-89.125,156.375,3,1.3333,0.5541,7.21,0.076854,Shackleton,18.2,False,Watch,
-86.125,138.125,5,1.2,0.5987,7.81,0.076661,Sverdrup,60.7,False,Watch,
-86.375,88.125,3,1.6667,0.4426,5.78,0.076628,Faustini,26.3,False,Watch,
-87.875,160.625,3,1.3333,0.5541,7.24,0.076553,Sverdrup,9.6,True,Watch,confirmed within Sverdrup PSR — strong suppression
-88.125,124.375,3,1.3333,0.5541,7.24,0.076521,Sverdrup,28.8,False,Watch,
-87.875,356.375,3,1.6667,0.4426,5.79,0.076481,Haworth,12.3,True,Watch,confirmed within Haworth PSR boundary
-87.125,145.625,5,2.0,0.3311,4.33,0.076409,Sverdrup,27.9,False,Watch,
-86.125,154.625,4,1.5,0.4984,6.53,0.076279,Sverdrup,56.9,False,Watch,
-85.625,104.875,3,2.0,0.3311,4.35,0.076205,Faustini,62.2,False,Watch,
-85.125,223.625,4,2.25,0.2475,3.25,0.076178,de_Gerlache,120.3,False,Background,
-85.375,278.625,4,1.75,0.4148,5.46,0.076003,de_Gerlache,90.1,False,Watch,
-85.375,147.875,4,1.5,0.4984,6.56,0.075991,Sverdrup,79.9,False,Watch,
-85.125,304.625,4,1.0,0.6656,8.77,0.075901,Cabeus,30.7,True,Watch,confirmed within Cabeus PSR — strong suppression
-86.125,229.875,4,2.25,0.2475,3.27,0.075777,de_Gerlache,86.9,False,Background,
-86.875,232.875,4,1.5,0.4984,6.58,0.075776,de_Gerlache,64.0,False,Watch,
-86.375,170.625,4,2.25,0.2475,3.27,0.075754,Sverdrup,55.6,False,Background,
-85.875,215.125,4,1.5,0.4984,6.58,0.075698,de_Gerlache,106.2,False,Watch,
-87.375,358.375,5,2.2,0.2643,3.5,0.075545,Haworth,5.1,True,Background,confirmed within Haworth PSR boundary
-85.625,131.125,4,2.0,0.3311,4.38,0.075534,Sverdrup,79.3,False,Watch,
-87.875,234.125,4,0.25,0.9164,12.14,0.07549,de_Gerlache,39.6,False,Watch,strong CSETN suppression near de_Gerlache
-88.625,229.125,4,2.25,0.2475,3.28,0.075424,de_Gerlache,34.8,False,Background,
-85.125,356.625,4,1.0,0.6656,8.83,0.075338,Haworth,71.1,False,Watch,
-86.625,154.125,4,1.75,0.4148,5.51,0.075305,Sverdrup,41.8,False,Watch,
-85.125,192.625,4,1.75,0.4148,5.51,0.075296,Sverdrup,108.7,False,Watch,
-85.125,277.375,3,2.0,0.3311,4.4,0.075237,de_Gerlache,97.5,False,Watch,
-85.125,283.625,3,1.3333,0.5541,7.37,0.075219,Cabeus,84.5,False,Watch,
-87.375,160.375,4,1.25,0.582,7.75,0.075101,Sverdrup,21.2,False,Watch,
-86.125,229.375,4,2.0,0.3311,4.42,0.074846,de_Gerlache,87.3,False,Watch,
-88.625,325.625,4,1.75,0.4148,5.55,0.074713,de_Gerlache,42.4,False,Watch,
-87.125,51.375,3,1.6667,0.4426,5.93,0.074678,Faustini,47.3,False,Watch,
-86.625,167.125,4,2.25,0.2475,3.32,0.074633,Sverdrup,46.3,False,Background,
-87.875,51.625,6,2.1667,0.2754,3.69,0.074558,Faustini,45.2,False,Background,
-85.375,326.875,4,1.25,0.582,7.81,0.074485,Cabeus,31.4,True,Watch,confirmed within Cabeus PSR — strong suppression
-87.125,218.625,4,2.0,0.3311,4.45,0.07445,de_Gerlache,70.0,False,Watch,
-85.875,53.125,3,1.6667,0.4426,5.95,0.074421,Nobile,21.1,True,Watch,confirmed within Nobile PSR boundary
-87.375,213.875,11,2.0909,0.3007,4.04,0.074359,de_Gerlache,68.1,False,Watch,
-85.625,93.875,3,0.6667,0.777,10.47,0.074232,Faustini,51.6,False,Watch,strong CSETN suppression near Faustini
-87.375,238.625,3,0.3333,0.8885,11.97,0.074231,de_Gerlache,46.6,False,Watch,strong CSETN suppression near de_Gerlache
-85.375,117.375,4,2.25,0.2475,3.34,0.074119,Faustini,84.6,False,Background,
-87.625,238.375,4,2.25,0.2475,3.34,0.07411,de_Gerlache,41.0,False,Background,
-85.375,212.375,8,2.0,0.3311,4.47,0.074054,Sverdrup,121.7,False,Watch,
-87.375,130.625,3,1.6667,0.4426,5.99,0.073954,Sverdrup,32.5,False,Watch,
-87.125,85.375,3,1.6667,0.4426,5.99,0.073917,Faustini,3.9,True,Watch,confirmed within Faustini PSR boundary
-88.375,353.375,3,2.0,0.3311,4.49,0.07369,Haworth,27.5,False,Watch,
-86.375,240.875,4,1.5,0.4984,6.77,0.073638,de_Gerlache,71.5,False,Watch,
-86.375,109.125,3,1.0,0.6656,9.04,0.073617,Faustini,50.0,False,Watch,
-85.375,158.375,4,1.5,0.4984,6.77,0.073586,Sverdrup,80.2,False,Watch,
-85.375,62.625,5,1.2,0.5987,8.15,0.073498,Nobile,23.4,True,Watch,confirmed within Nobile PSR — strong suppression
-89.125,39.125,3,2.0,0.3311,4.51,0.073484,Shackleton,28.4,False,Watch,
-87.875,47.125,6,2.1667,0.2754,3.75,0.073439,Faustini,50.2,False,Background,
-86.625,232.625,3,1.3333,0.5541,7.55,0.07339,de_Gerlache,70.9,False,Watch,
-86.625,222.125,6,1.8333,0.3869,5.27,0.073367,de_Gerlache,79.7,False,Watch,
-88.625,222.875,4,1.25,0.582,7.95,0.073192,de_Gerlache,39.2,False,Watch,
-85.875,112.625,4,2.0,0.3311,4.53,0.073038,Faustini,65.9,False,Watch,
-88.125,169.875,4,2.0,0.3311,4.53,0.073033,Sverdrup,18.1,False,Watch,
-86.625,187.125,3,2.0,0.3311,4.55,0.072722,Sverdrup,62.7,False,Watch,
-85.875,274.125,3,2.3333,0.2197,3.02,0.072691,de_Gerlache,74.5,False,Background,
-85.875,269.875,4,2.25,0.2475,3.41,0.072587,de_Gerlache,74.5,False,Background,
-85.625,46.375,3,2.0,0.3311,4.56,0.072555,Nobile,22.0,True,Watch,confirmed within Nobile PSR boundary
-86.375,146.875,3,2.0,0.3311,4.57,0.07253,Sverdrup,49.9,False,Watch,
-85.625,306.625,3,2.0,0.3311,4.57,0.072466,Cabeus,32.1,True,Watch,confirmed within Cabeus PSR boundary
-86.125,161.125,4,1.25,0.582,8.04,0.072422,Sverdrup,58.3,False,Watch,
-85.375,140.875,4,1.75,0.4148,5.73,0.072353,Sverdrup,81.8,False,Watch,
-87.625,357.625,3,2.0,0.3311,4.58,0.072267,Haworth,5.6,True,Watch,confirmed within Haworth PSR boundary
-89.125,30.625,3,1.0,0.6656,9.21,0.072265,Shackleton,29.8,False,Watch,
-85.875,110.875,3,2.0,0.3311,4.58,0.072232,Faustini,63.5,False,Watch,
-89.375,185.125,4,1.25,0.582,8.06,0.072166,Shackleton,15.7,False,Watch,
-89.125,46.375,4,2.0,0.3311,4.59,0.072116,Shackleton,27.2,False,Watch,
-87.875,222.375,3,1.3333,0.5541,7.71,0.071893,de_Gerlache,49.9,False,Watch,
-87.875,272.625,3,1.0,0.6656,9.28,0.071734,de_Gerlache,13.8,True,Watch,confirmed within de_Gerlache PSR — strong suppression
-86.625,252.125,3,2.0,0.3311,4.62,0.071641,de_Gerlache,57.4,False,Watch,
-89.125,12.375,4,1.25,0.582,8.13,0.071607,Shackleton,32.3,False,Watch,
-86.625,233.125,4,1.75,0.4148,5.8,0.071501,de_Gerlache,70.5,False,Watch,
-85.625,318.875,5,1.6,0.4649,6.51,0.071469,Cabeus,23.1,True,Watch,confirmed within Cabeus PSR boundary
-85.875,124.375,5,2.2,0.2643,3.7,0.071426,Sverdrup,77.1,False,Background,
-89.375,47.625,4,1.75,0.4148,5.81,0.071423,Shackleton,20.1,False,Watch,
-87.375,217.375,7,2.2857,0.2356,3.3,0.071417,de_Gerlache,65.1,False,Background,
-86.625,284.625,3,1.6667,0.4426,6.21,0.071247,de_Gerlache,54.1,False,Watch,
-86.875,147.875,5,1.8,0.398,5.6,0.071053,Sverdrup,34.7,False,Watch,
-87.125,180.125,3,2.0,0.3311,4.66,0.071028,Sverdrup,43.7,False,Watch,
-86.625,67.375,4,1.75,0.4148,5.85,0.070938,Faustini,31.1,False,Watch,
-87.375,240.375,3,2.0,0.3311,4.67,0.070894,de_Gerlache,45.1,False,Watch,
-87.625,235.375,3,1.3333,0.5541,7.82,0.070874,de_Gerlache,43.6,False,Watch,
-89.375,319.625,4,2.0,0.3311,4.68,0.070802,Shackleton,28.9,False,Watch,
-85.875,152.875,5,2.2,0.2643,3.74,0.07074,Sverdrup,64.4,False,Background,
-88.375,209.875,5,2.4,0.1974,2.79,0.070719,Shackleton,48.6,False,Background,
-88.125,182.875,3,1.6667,0.4426,6.26,0.070698,Sverdrup,31.0,False,Watch,
-89.375,335.375,3,2.0,0.3311,4.69,0.070634,Shackleton,28.3,False,Watch,
-88.875,294.125,3,0.0,1.0,14.16,0.070612,de_Gerlache,23.0,False,Watch,strong CSETN suppression near de_Gerlache
-85.375,54.375,3,1.3333,0.5541,7.85,0.070597,Nobile,6.3,True,Watch,confirmed within Nobile PSR — strong suppression
-89.125,310.875,7,1.7143,0.4267,6.05,0.070526,de_Gerlache,34.3,False,Watch,
-86.125,59.875,4,1.75,0.4148,5.9,0.070255,Nobile,32.1,True,Watch,confirmed within Nobile PSR boundary
-85.875,212.875,4,1.5,0.4984,7.1,0.070194,de_Gerlache,108.2,False,Watch,
-87.125,224.375,5,1.8,0.398,5.68,0.070059,de_Gerlache,64.9,False,Watch,
-86.875,18.875,3,1.6667,0.4426,6.32,0.069987,Haworth,39.2,False,Watch,
-86.375,256.875,4,2.25,0.2475,3.54,0.069969,de_Gerlache,62.5,False,Background,
-87.875,174.375,3,1.6667,0.4426,6.33,0.069951,Sverdrup,24.0,False,Watch,
-86.375,59.375,3,0.3333,0.8885,12.71,0.069923,Nobile,38.5,False,Watch,strong CSETN suppression near Nobile
-87.625,213.625,5,1.6,0.4649,6.65,0.069864,de_Gerlache,62.7,False,Watch,
-85.625,261.625,3,1.6667,0.4426,6.34,0.06977,de_Gerlache,83.4,False,Watch,
-85.625,262.875,4,1.0,0.6656,9.55,0.069691,de_Gerlache,83.1,False,Watch,
-86.875,152.875,3,1.3333,0.5541,7.96,0.069611,Sverdrup,34.1,False,Watch,
-88.625,143.375,4,1.5,0.4984,7.16,0.069586,Sverdrup,20.6,False,Watch,
-86.375,148.875,3,2.0,0.3311,4.76,0.069521,Sverdrup,49.5,False,Watch,
-87.375,101.625,3,0.6667,0.777,11.18,0.069497,Faustini,26.8,False,Watch,strong CSETN suppression near Faustini
-88.875,131.875,3,1.0,0.6656,9.59,0.06942,Shackleton,24.1,False,Watch,
-86.625,118.875,3,1.3333,0.5541,7.98,0.069413,Faustini,59.6,False,Watch,
-86.875,185.125,6,2.0,0.3311,4.77,0.069366,Sverdrup,54.6,False,Watch,
-87.625,153.625,3,1.3333,0.5541,7.99,0.069324,Sverdrup,11.4,True,Watch,confirmed within Sverdrup PSR — strong suppression
-86.625,4.875,3,1.3333,0.5541,8.0,0.069292,Haworth,29.6,False,Watch,
-87.625,20.375,3,1.0,0.6656,9.61,0.06929,Haworth,32.6,False,Watch,
-89.375,47.375,4,1.75,0.4148,5.99,0.069278,Shackleton,20.2,False,Watch,
-87.875,170.625,3,2.0,0.3311,4.78,0.069223,Sverdrup,20.1,False,Watch,
-85.625,126.125,7,2.0,0.3311,4.79,0.069191,Sverdrup,82.8,False,Watch,
-86.875,141.625,3,1.6667,0.4426,6.4,0.069176,Sverdrup,37.0,False,Watch,
-89.125,187.125,9,1.5556,0.4798,6.94,0.069141,Shackleton,22.8,False,Watch,
-89.125,19.625,5,1.6,0.4649,6.73,0.069094,Shackleton,31.4,False,Watch,
-86.875,114.875,4,1.0,0.6656,9.64,0.069078,Faustini,49.8,False,Watch,
-85.125,312.375,5,1.8,0.398,5.77,0.069006,Cabeus,11.7,True,Watch,confirmed within Cabeus PSR boundary
-87.125,58.125,3,1.0,0.6656,9.65,0.068982,Faustini,37.5,False,Watch,
-89.375,13.875,3,1.3333,0.5541,8.03,0.06897,Shackleton,25.0,False,Watch,
-87.125,219.375,3,2.0,0.3311,4.81,0.068859,de_Gerlache,69.3,False,Watch,
-88.375,217.875,4,2.5,0.1639,2.38,0.068748,de_Gerlache,45.5,False,Background,
-88.875,135.125,3,0.6667,0.777,11.33,0.068573,Shackleton,24.2,False,Watch,strong CSETN suppression near Shackleton
-88.625,106.875,3,1.3333,0.5541,8.09,0.068521,Shackleton,32.7,False,Watch,
-85.375,264.875,4,1.5,0.4984,7.28,0.068497,de_Gerlache,90.2,False,Watch,
-89.125,94.375,4,1.25,0.582,8.5,0.068459,Shackleton,19.2,False,Watch,
-86.375,355.875,8,1.75,0.4148,6.06,0.068437,Haworth,33.2,False,Watch,
-86.125,257.125,3,2.0,0.3311,4.84,0.068411,de_Gerlache,69.8,False,Watch,
-87.625,245.625,3,1.6667,0.4426,6.49,0.068193,de_Gerlache,34.9,False,Watch,
-87.875,141.125,7,1.8571,0.3789,5.56,0.068184,Sverdrup,13.0,True,Watch,confirmed within Sverdrup PSR boundary
-85.125,327.375,4,1.0,0.6656,9.77,0.068128,Cabeus,30.7,True,Watch,confirmed within Cabeus PSR — strong suppression
-86.625,184.875,5,2.0,0.3311,4.86,0.068116,Sverdrup,60.6,False,Watch,
-86.375,75.625,4,2.0,0.3311,4.87,0.067945,Faustini,28.1,False,Watch,
-85.625,144.875,5,1.8,0.398,5.87,0.067823,Sverdrup,73.0,False,Watch,
-88.875,25.625,3,1.0,0.6656,9.82,0.067789,Shackleton,37.8,False,Watch,
-88.375,89.875,3,2.0,0.3311,4.89,0.067665,Faustini,36.4,False,Watch,
-85.125,122.875,3,2.3333,0.2197,3.25,0.067631,Faustini,98.6,False,Background,
-89.375,356.125,3,1.6667,0.4426,6.55,0.067584,Shackleton,26.8,False,Watch,
-87.375,227.625,4,2.0,0.3311,4.9,0.067578,de_Gerlache,56.0,False,Watch,
-87.125,170.625,3,1.0,0.6656,9.85,0.06755,Sverdrup,35.0,False,Watch,
-85.375,98.125,3,0.6667,0.777,11.52,0.067474,Faustini,62.1,False,Watch,strong CSETN suppression near Faustini
-88.125,211.875,9,2.1111,0.294,4.36,0.067461,de_Gerlache,54.1,False,Background,
-86.875,224.875,3,1.3333,0.5541,8.21,0.06746,de_Gerlache,70.8,False,Watch,
-88.875,0.875,3,1.3333,0.5541,8.22,0.067378,Shackleton,41.1,False,Watch,
-89.625,17.875,4,1.75,0.4148,6.17,0.067239,Shackleton,17.7,False,Watch,
-86.625,337.625,3,1.0,0.6656,9.92,0.067077,Haworth,37.4,False,Watch,
-87.125,235.625,4,2.0,0.3311,4.94,0.067071,de_Gerlache,55.3,False,Watch,
-87.125,222.875,5,1.8,0.398,5.94,0.067049,de_Gerlache,66.2,False,Watch,
-86.625,102.125,3,1.6667,0.4426,6.61,0.066914,Faustini,35.2,False,Watch,
-85.875,169.125,4,2.0,0.3311,4.95,0.066842,Sverdrup,69.2,False,Watch,
-88.125,173.875,3,2.0,0.3311,4.96,0.066807,Sverdrup,22.1,False,Watch,
-89.375,198.375,3,0.6667,0.777,11.64,0.066767,Shackleton,18.0,False,Watch,strong CSETN suppression near Shackleton
-87.625,299.625,3,2.3333,0.2197,3.29,0.066717,de_Gerlache,35.9,False,Background,
-87.875,181.875,4,1.75,0.4148,6.22,0.066713,Sverdrup,31.9,False,Watch,
-89.125,155.875,5,1.6,0.4649,6.97,0.066691,Shackleton,18.1,False,Watch,
-86.875,98.625,3,1.6667,0.4426,6.64,0.06668,Faustini,25.9,False,Watch,
-86.125,271.875,3,1.3333,0.5541,8.32,0.066634,de_Gerlache,66.9,False,Watch,
-87.375,56.625,3,0.3333,0.8885,13.34,0.066602,Faustini,38.2,False,Watch,strong CSETN suppression near Faustini
-88.625,233.125,4,2.25,0.2475,3.72,0.066563,de_Gerlache,31.9,False,Background,
-88.625,83.875,3,2.0,0.3311,4.98,0.066445,Shackleton,35.4,False,Watch,
-89.625,297.375,4,1.25,0.582,8.76,0.06643,Shackleton,21.3,False,Watch,
-87.375,213.375,4,2.25,0.2475,3.73,0.066415,de_Gerlache,68.6,False,Background,
-87.375,143.125,3,2.0,0.3311,5.01,0.066062,Sverdrup,22.1,False,Watch,
-86.375,237.625,3,2.0,0.3311,5.01,0.06606,de_Gerlache,73.9,False,Watch,
-87.375,218.125,4,2.0,0.3311,5.01,0.066049,de_Gerlache,64.4,False,Watch,
-88.125,177.625,4,1.75,0.4148,6.28,0.066041,Sverdrup,25.8,False,Watch,
-87.875,141.375,3,2.0,0.3311,5.02,0.066,Sverdrup,12.7,True,Watch,confirmed within Sverdrup PSR boundary
-88.375,96.125,4,1.5,0.4984,7.55,0.065986,Faustini,38.5,False,Watch,
-87.125,237.375,4,1.5,0.4984,7.57,0.065812,de_Gerlache,53.8,False,Watch,
-86.125,224.625,4,2.25,0.2475,3.76,0.065759,de_Gerlache,91.2,False,Background,
-85.875,196.625,3,1.6667,0.4426,6.73,0.065742,Sverdrup,91.8,False,Watch,
-88.125,231.125,3,1.3333,0.5541,8.43,0.065726,de_Gerlache,38.0,False,Watch,
-87.375,219.875,3,2.3333,0.2197,3.34,0.065721,de_Gerlache,62.9,False,Background,
-87.875,175.375,4,1.5,0.4984,7.6,0.06561,Sverdrup,25.1,False,Watch,
-86.125,222.625,3,1.6667,0.4426,6.75,0.065596,de_Gerlache,92.9,False,Watch,
-87.875,103.875,3,1.6667,0.4426,6.75,0.065543,Faustini,33.5,False,Watch,
-86.375,194.625,3,2.3333,0.2197,3.36,0.065449,Sverdrup,76.6,False,Background,
-86.625,70.375,3,1.6667,0.4426,6.77,0.065359,Faustini,27.2,False,Watch,
-85.375,204.125,4,2.25,0.2475,3.79,0.065328,Sverdrup,113.1,False,Background,
-85.875,263.375,3,2.0,0.3311,5.07,0.065284,de_Gerlache,75.4,False,Watch,
-85.875,135.375,10,1.6,0.4649,7.13,0.065245,Sverdrup,69.5,False,Watch,
-85.625,236.125,5,1.4,0.5318,8.15,0.06523,de_Gerlache,96.3,False,Watch,
-86.375,179.875,3,2.0,0.3311,5.08,0.065171,Sverdrup,62.6,False,Watch,
-87.625,357.125,6,2.1667,0.2754,4.23,0.065152,Haworth,5.2,True,Background,confirmed within Haworth PSR boundary
-86.625,221.125,3,2.0,0.3311,5.08,0.065135,de_Gerlache,80.6,False,Watch,
-89.125,76.125,3,1.6667,0.4426,6.8,0.06512,Shackleton,22.1,False,Watch,
-86.625,165.875,3,2.3333,0.2197,3.38,0.065067,Sverdrup,45.6,False,Background,
-88.375,215.625,6,2.5,0.1639,2.52,0.065046,de_Gerlache,47.2,False,Background,
-88.375,5.875,3,1.3333,0.5541,8.52,0.06504,Haworth,29.7,False,Watch,
-89.125,184.125,6,1.6667,0.4426,6.82,0.06492,Shackleton,22.3,False,Watch,
-88.375,53.375,3,2.3333,0.2197,3.38,0.064919,Shackleton,47.9,False,Background,
-88.125,45.125,3,2.3333,0.2197,3.38,0.064906,Faustini,53.3,False,Background,
-86.625,115.875,3,1.6667,0.4426,6.82,0.064886,Faustini,55.2,False,Watch,
-86.875,230.875,6,1.8333,0.3869,5.97,0.064813,de_Gerlache,65.7,False,Watch,
-88.625,104.125,3,2.0,0.3311,5.11,0.064794,Shackleton,32.9,False,Watch,
-85.625,62.875,5,1.2,0.5987,9.25,0.064726,Nobile,26.4,True,Watch,confirmed within Nobile PSR — strong suppression
-87.375,66.875,4,1.75,0.4148,6.42,0.064639,Faustini,24.0,False,Watch,
-89.125,98.625,6,1.5,0.4984,7.71,0.064637,Shackleton,18.7,False,Watch,
-85.625,189.125,5,2.2,0.2643,4.09,0.064591,Sverdrup,91.4,False,Background,
-85.125,144.125,7,2.0,0.3311,5.13,0.064587,Sverdrup,88.3,False,Watch,
-87.625,104.375,4,1.25,0.582,9.02,0.064543,Faustini,31.4,False,Watch,
-88.875,316.375,3,1.3333,0.5541,8.59,0.064528,de_Gerlache,35.5,False,Watch,
-86.875,59.125,3,0.6667,0.777,12.05,0.064505,Faustini,38.7,False,Watch,strong CSETN suppression near Faustini
-87.625,271.625,3,0.6667,0.777,12.06,0.064451,de_Gerlache,21.4,False,Watch,strong CSETN suppression near de_Gerlache
-86.125,195.125,3,2.0,0.3311,5.14,0.064442,Sverdrup,83.6,False,Watch,
-87.875,303.625,3,2.0,0.3311,5.14,0.064414,de_Gerlache,34.0,False,Watch,
-87.625,348.875,4,1.5,0.4984,7.76,0.064257,Haworth,9.6,True,Watch,confirmed within Haworth PSR boundary
-85.875,91.625,3,0.6667,0.777,12.11,0.064166,Faustini,42.9,False,Watch,strong CSETN suppression near Faustini
-88.125,176.125,4,2.0,0.3311,5.16,0.064159,Sverdrup,24.3,False,Watch,
-87.125,178.375,5,2.0,0.3311,5.16,0.064126,Sverdrup,42.0,False,Watch,
-87.875,53.375,5,2.0,0.3311,5.17,0.064061,Faustini,43.3,False,Watch,
-88.125,299.625,3,1.3333,0.5541,8.65,0.064036,de_Gerlache,26.4,False,Watch,
-87.125,307.875,6,1.8333,0.3869,6.05,0.063979,de_Gerlache,54.9,False,Watch,
-89.125,169.125,6,1.3333,0.5541,8.67,0.06392,Shackleton,19.9,False,Watch,
-85.125,181.375,4,1.5,0.4984,7.8,0.063916,Sverdrup,99.1,False,Watch,
-85.375,301.125,3,1.3333,0.5541,8.67,0.063893,Cabeus,40.7,True,Watch,confirmed within Cabeus PSR — strong suppression
-88.875,149.375,7,2.0,0.3311,5.19,0.063811,Shackleton,24.9,False,Watch,
-85.375,276.875,3,2.0,0.3311,5.19,0.063811,de_Gerlache,89.9,False,Watch,
-87.625,103.875,3,1.3333,0.5541,8.69,0.0638,Faustini,30.8,False,Watch,
-86.625,196.875,5,1.6,0.4649,7.3,0.063727,Sverdrup,72.6,False,Watch,
-89.125,53.625,4,2.25,0.2475,3.89,0.063706,Shackleton,26.0,False,Background,
-87.125,229.375,5,1.8,0.398,6.25,0.063696,de_Gerlache,60.6,False,Watch,
-87.875,98.125,3,2.0,0.3311,5.2,0.063627,Faustini,28.0,False,Watch,
-89.625,238.375,3,1.6667,0.4426,6.96,0.063562,Shackleton,17.4,False,Watch,
-86.375,186.625,3,2.3333,0.2197,3.46,0.063548,Sverdrup,68.7,False,Background,
-88.125,45.625,5,2.2,0.2643,4.16,0.063539,Faustini,52.9,False,Background,
-89.375,32.375,4,1.5,0.4984,7.85,0.063511,Shackleton,22.5,False,Watch,
-88.375,212.125,13,2.5385,0.1511,2.38,0.063505,Shackleton,49.0,False,Background,
-88.125,176.875,4,2.0,0.3311,5.22,0.063489,Sverdrup,25.1,False,Watch,
-87.875,106.625,3,1.3333,0.5541,8.73,0.063466,Faustini,36.3,False,Watch,
-87.875,19.625,3,2.0,0.3311,5.22,0.063452,Haworth,32.0,False,Watch,
-86.625,237.625,5,1.4,0.5318,8.38,0.063427,de_Gerlache,67.0,False,Watch,
-85.625,62.375,5,1.4,0.5318,8.39,0.063416,Nobile,25.3,True,Watch,confirmed within Nobile PSR — strong suppression
-88.625,121.625,3,0.0,1.0,15.77,0.063393,Shackleton,31.8,False,Watch,strong CSETN suppression near Shackleton
-86.625,11.375,3,1.6667,0.4426,6.98,0.06337,Haworth,35.6,False,Watch,
-86.875,96.125,3,0.6667,0.777,12.26,0.063359,Faustini,22.4,False,Watch,strong CSETN suppression near Faustini
-85.875,173.625,4,2.25,0.2475,3.91,0.063292,Sverdrup,71.9,False,Background,
-86.875,149.625,3,2.3333,0.2197,3.47,0.06325,Sverdrup,34.3,False,Background,
-87.375,222.875,5,2.4,0.1974,3.12,0.063228,de_Gerlache,60.2,False,Background,
-89.375,27.375,4,2.0,0.3311,5.25,0.063066,Shackleton,23.2,False,Watch,
-87.125,156.125,3,2.3333,0.2197,3.48,0.063048,Sverdrup,26.9,False,Background,
-86.875,241.875,3,2.0,0.3311,5.27,0.062805,de_Gerlache,56.9,False,Watch,
-89.125,42.375,5,2.2,0.2643,4.21,0.062742,Shackleton,27.9,False,Background,
-85.625,262.625,3,1.0,0.6656,10.61,0.062707,de_Gerlache,83.1,False,Watch,
-88.375,145.375,3,1.6667,0.4426,7.06,0.0627,Sverdrup,13.2,True,Watch,confirmed within Sverdrup PSR boundary
-86.625,91.625,3,1.3333,0.5541,8.85,0.062578,Faustini,22.1,False,Watch,
-88.375,211.375,8,2.5,0.1639,2.62,0.062569,Shackleton,48.9,False,Background,
-86.625,168.375,3,2.3333,0.2197,3.51,0.062517,Sverdrup,47.0,False,Background,
-89.375,294.125,3,1.6667,0.4426,7.08,0.062513,Shackleton,28.7,False,Watch,
-85.125,58.875,4,1.5,0.4984,7.98,0.062483,Nobile,13.8,True,Watch,confirmed within Nobile PSR boundary
-87.125,88.125,4,2.25,0.2475,3.96,0.06247,Faustini,7.7,True,Background,confirmed within Faustini PSR boundary
-89.125,41.875,6,2.0,0.3311,5.3,0.062462,Shackleton,28.0,False,Watch,
-87.375,221.875,3,2.3333,0.2197,3.52,0.062389,de_Gerlache,61.1,False,Background,
-87.875,44.625,4,2.25,0.2475,3.97,0.06235,Faustini,53.0,False,Background,
-86.125,316.875,8,2.0,0.3311,5.32,0.062299,Cabeus,37.2,True,Watch,confirmed within Cabeus PSR boundary
-87.375,68.125,5,2.0,0.3311,5.33,0.062112,Faustini,22.3,False,Watch,
-86.625,221.875,3,2.0,0.3311,5.34,0.062046,de_Gerlache,80.0,False,Watch,
-85.125,97.375,3,1.6667,0.4426,7.14,0.062036,Faustini,68.7,False,Watch,
-88.125,140.375,3,2.0,0.3311,5.34,0.062028,Sverdrup,13.0,True,Watch,confirmed within Sverdrup PSR boundary
-88.125,44.375,3,2.0,0.3311,5.35,0.061874,Faustini,54.1,False,Watch,
-88.625,92.875,3,1.6667,0.4426,7.15,0.061863,Shackleton,34.2,False,Watch,
-87.875,83.375,4,1.25,0.582,9.41,0.061858,Faustini,20.5,True,Watch,confirmed within Faustini PSR — strong suppression
-89.125,322.125,5,2.4,0.1974,3.19,0.061785,Shackleton,36.4,False,Background,
-85.875,93.875,3,1.0,0.6656,10.79,0.061707,Faustini,44.5,False,Watch,
-87.125,220.875,7,2.0,0.3311,5.38,0.061527,de_Gerlache,68.0,False,Watch,
-86.625,217.875,7,2.1429,0.2834,4.61,0.06146,de_Gerlache,83.4,False,Background,
-88.875,178.875,3,2.0,0.3311,5.39,0.06139,Shackleton,28.6,False,Watch,
-89.375,40.125,3,2.0,0.3311,5.4,0.061373,Shackleton,21.3,False,Watch,
-87.125,179.625,3,2.0,0.3311,5.4,0.061312,Sverdrup,43.2,False,Watch,
-89.125,150.375,3,1.6667,0.4426,7.22,0.061293,Shackleton,17.6,False,Watch,
-87.625,297.875,4,2.25,0.2475,4.04,0.061262,de_Gerlache,34.5,False,Background,
-87.375,182.875,4,1.75,0.4148,6.77,0.06124,Sverdrup,41.0,False,Watch,
-88.875,25.875,7,1.1429,0.6178,10.11,0.06109,Shackleton,37.7,False,Watch,
-86.875,315.625,3,1.0,0.6656,10.9,0.061088,Cabeus,59.9,False,Watch,
-85.625,281.625,4,2.0,0.3311,5.42,0.061056,de_Gerlache,83.2,False,Watch,
-86.375,70.875,3,1.6667,0.4426,7.25,0.061051,Faustini,32.5,False,Watch,
-85.875,75.375,5,1.4,0.5318,8.71,0.061022,Faustini,42.6,False,Watch,
-88.125,177.125,3,2.0,0.3311,5.43,0.061012,Sverdrup,25.3,False,Watch,
-86.375,60.625,5,0.6,0.7993,13.11,0.060986,Nobile,39.5,False,Watch,strong CSETN suppression near Nobile
-87.875,354.125,3,2.0,0.3311,5.43,0.060978,Haworth,12.4,True,Watch,confirmed within Haworth PSR boundary
-86.625,228.625,6,1.8333,0.3869,6.35,0.060934,de_Gerlache,74.2,False,Watch,
-86.375,224.875,4,1.75,0.4148,6.81,0.060867,de_Gerlache,84.1,False,Watch,
-86.625,337.875,3,1.3333,0.5541,9.11,0.060841,Haworth,37.1,False,Watch,
-85.625,218.125,3,2.0,0.3311,5.46,0.060699,de_Gerlache,110.6,False,Watch,
-85.375,359.375,8,2.25,0.2475,4.09,0.060598,Haworth,63.9,False,Background,
-86.125,324.625,4,1.75,0.4148,6.85,0.060587,Cabeus,42.3,True,Watch,confirmed within Cabeus PSR boundary
-87.875,239.125,3,1.3333,0.5541,9.15,0.060562,de_Gerlache,35.2,False,Watch,
-85.125,254.125,5,1.8,0.398,6.57,0.060549,de_Gerlache,100.8,False,Watch,
-86.125,346.125,3,1.6667,0.4426,7.31,0.06053,Haworth,43.5,False,Watch,
-87.375,227.875,3,2.0,0.3311,5.48,0.060382,de_Gerlache,55.8,False,Watch,
-85.875,195.375,3,1.6667,0.4426,7.33,0.060377,Sverdrup,90.6,False,Watch,
-86.875,64.375,4,1.75,0.4148,6.88,0.060308,Faustini,31.0,False,Watch,
-88.625,356.375,5,1.6,0.4649,7.72,0.060227,Haworth,35.0,False,Watch,
-89.625,7.625,3,1.3333,0.5541,9.21,0.060187,Shackleton,18.7,False,Watch,
-87.375,55.375,4,1.0,0.6656,11.06,0.060182,Faustini,39.9,False,Watch,
-85.875,256.625,3,2.3333,0.2197,3.66,0.060077,de_Gerlache,77.4,False,Background,
-86.375,189.125,3,2.6667,0.1082,1.8,0.060073,Sverdrup,71.1,False,Background,
-85.375,220.875,7,1.8571,0.3789,6.31,0.060061,de_Gerlache,115.4,False,Watch,
-85.625,150.125,4,0.75,0.7492,12.48,0.060031,Sverdrup,72.1,False,Watch,strong CSETN suppression near Sverdrup
-87.125,87.375,3,2.3333,0.2197,3.66,0.059979,Faustini,6.6,True,Background,confirmed within Faustini PSR boundary
-86.125,67.375,4,1.5,0.4984,8.31,0.05995,Nobile,42.6,False,Watch,
-88.375,217.625,6,2.5,0.1639,2.74,0.059857,de_Gerlache,45.7,False,Background,
-88.625,323.625,3,1.3333,0.5541,9.26,0.059846,de_Gerlache,41.0,False,Watch,
-85.875,175.375,5,2.2,0.2643,4.42,0.059789,Sverdrup,73.1,False,Background,
-88.625,71.375,3,1.0,0.6656,11.13,0.059776,Shackleton,37.4,False,Watch,
-85.125,142.875,5,2.4,0.1974,3.3,0.059772,Sverdrup,88.6,False,Background,
-87.625,46.625,3,1.0,0.6656,11.14,0.059762,Faustini,50.8,False,Watch,
-85.875,138.125,6,1.5,0.4984,8.34,0.059745,Sverdrup,68.0,False,Watch,
-89.125,51.125,3,2.3333,0.2197,3.68,0.059744,Shackleton,26.4,False,Background,
-89.375,28.375,3,2.0,0.3311,5.55,0.05972,Shackleton,23.1,False,Watch,
-86.875,236.625,3,2.0,0.3311,5.55,0.05965,de_Gerlache,61.0,False,Watch,
-85.375,312.375,4,1.75,0.4148,6.95,0.059642,Cabeus,17.1,True,Watch,confirmed within Cabeus PSR boundary
-86.375,274.125,3,2.3333,0.2197,3.69,0.059593,de_Gerlache,59.3,False,Background,
-86.125,19.875,4,1.5,0.4984,8.36,0.05959,Haworth,57.4,False,Watch,
-87.375,55.875,3,1.0,0.6656,11.18,0.059525,Faustini,39.3,False,Watch,
-89.375,340.375,4,1.75,0.4148,6.98,0.059438,Shackleton,28.0,False,Watch,
-86.125,189.375,5,2.4,0.1974,3.32,0.059417,Sverdrup,78.0,False,Background,
-85.375,46.625,7,1.5714,0.4745,7.99,0.059375,Nobile,18.2,True,Watch,confirmed within Nobile PSR boundary
-86.625,205.125,3,2.0,0.3311,5.58,0.059374,Sverdrup,81.3,False,Watch,
-86.125,127.375,4,1.0,0.6656,11.22,0.059312,Sverdrup,67.7,False,Watch,
-86.125,59.375,4,2.0,0.3311,5.58,0.059304,Nobile,31.6,True,Watch,confirmed within Nobile PSR boundary
-85.125,54.875,6,1.5,0.4984,8.41,0.059284,Nobile,3.8,True,Watch,confirmed within Nobile PSR boundary
-86.625,109.625,3,2.0,0.3311,5.59,0.059272,Faustini,46.0,False,Watch,
-88.125,112.125,5,2.4,0.1974,3.33,0.059266,Sverdrup,40.7,False,Background,
-86.625,112.375,3,1.6667,0.4426,7.48,0.05917,Faustini,50.0,False,Watch,
-86.875,265.625,3,1.3333,0.5541,9.37,0.059127,de_Gerlache,44.8,False,Watch,
-88.375,46.875,6,2.5,0.1639,2.77,0.059108,Shackleton,49.0,False,Background,
-89.125,113.875,4,1.75,0.4148,7.02,0.059099,Shackleton,17.1,False,Watch,
-86.375,82.125,3,1.3333,0.5541,9.38,0.059088,Faustini,25.1,False,Watch,
-86.375,113.125,3,1.6667,0.4426,7.5,0.059009,Faustini,55.7,False,Watch,
-89.125,137.375,5,1.6,0.4649,7.88,0.059003,Shackleton,16.7,False,Watch,
-87.875,92.375,4,1.25,0.582,9.87,0.058959,Faustini,23.6,False,Watch,
-86.375,77.375,3,1.3333,0.5541,9.4,0.058942,Faustini,26.9,False,Watch,
-88.875,105.375,3,1.6667,0.4426,7.51,0.058921,Shackleton,25.3,False,Watch,
-87.125,227.125,5,2.0,0.3311,5.62,0.058906,de_Gerlache,62.5,False,Watch,
-85.625,65.125,5,2.0,0.3311,5.63,0.058858,Nobile,31.2,True,Watch,confirmed within Nobile PSR boundary
-89.375,174.125,5,1.2,0.5987,10.17,0.058854,Shackleton,13.8,False,Watch,
-89.125,157.375,4,1.75,0.4148,7.05,0.058812,Shackleton,18.3,False,Watch,
-87.375,220.125,3,2.3333,0.2197,3.74,0.058779,de_Gerlache,62.6,False,Background,
-87.125,52.875,4,1.5,0.4984,8.5,0.058665,Faustini,45.1,False,Watch,
-87.375,147.375,4,2.25,0.2475,4.22,0.05865,Sverdrup,19.9,False,Background,
-86.375,204.625,7,1.5714,0.4745,8.09,0.058642,Sverdrup,87.0,False,Watch,
-86.375,212.625,3,1.6667,0.4426,7.55,0.05864,de_Gerlache,94.7,False,Watch,
-88.125,34.375,6,2.0,0.3311,5.65,0.05864,Haworth,48.4,False,Watch,
-88.625,92.125,3,1.6667,0.4426,7.56,0.058561,Shackleton,34.3,False,Watch,
-85.375,29.375,4,1.25,0.582,9.94,0.058527,Nobile,60.1,False,Watch,
-85.875,46.875,3,0.6667,0.777,13.3,0.058421,Nobile,26.3,True,Watch,confirmed within Nobile PSR — strong suppression
-85.875,118.375,5,2.4,0.1974,3.38,0.058329,Faustini,74.0,False,Background,
-86.875,143.125,4,1.75,0.4148,7.13,0.058204,Sverdrup,36.3,False,Watch,
-85.125,126.375,5,2.4,0.1974,3.39,0.0582,Sverdrup,97.1,False,Background,
-86.625,204.125,3,2.0,0.3311,5.69,0.058157,Sverdrup,80.3,False,Watch,
-87.375,237.125,3,1.0,0.6656,11.46,0.058092,de_Gerlache,47.8,False,Watch,
-85.875,67.125,5,1.0,0.6656,11.47,0.058034,Nobile,38.3,False,Watch,
-86.375,130.625,7,1.8571,0.3789,6.53,0.058024,Sverdrup,58.2,False,Watch,
-86.125,183.125,5,2.4,0.1974,3.4,0.058008,Sverdrup,72.2,False,Background,
-88.625,214.875,12,1.6667,0.4426,7.63,0.058,Shackleton,42.1,False,Watch,
-86.875,12.125,3,1.6667,0.4426,7.64,0.057965,Haworth,30.7,False,Watch,
-88.625,320.375,3,2.0,0.3311,5.72,0.057929,de_Gerlache,38.7,False,Watch,
-86.875,228.875,4,2.0,0.3311,5.72,0.057897,de_Gerlache,67.4,False,Watch,
-88.625,215.125,10,1.7,0.4315,7.46,0.057858,Shackleton,42.1,False,Watch,
-88.125,312.625,3,1.6667,0.4426,7.66,0.057785,de_Gerlache,37.8,False,Watch,
-89.125,20.625,7,2.0,0.3311,5.74,0.057714,Shackleton,31.2,False,Watch,
-85.875,257.875,4,2.25,0.2475,4.29,0.057712,de_Gerlache,77.0,False,Background,
-88.625,129.375,3,1.3333,0.5541,9.6,0.057698,Sverdrup,27.7,False,Watch,
-86.875,220.125,3,2.0,0.3311,5.74,0.057696,de_Gerlache,75.0,False,Watch,
-89.125,40.375,5,2.2,0.2643,4.58,0.057675,Shackleton,28.2,False,Background,
-87.375,353.875,3,2.0,0.3311,5.75,0.057636,Haworth,3.5,True,Watch,confirmed within Haworth PSR boundary
-87.875,300.125,3,1.6667,0.4426,7.69,0.057582,de_Gerlache,31.0,False,Watch,
-86.375,227.875,5,2.0,0.3311,5.76,0.057529,de_Gerlache,81.6,False,Watch,
-86.625,60.125,3,1.3333,0.5541,9.63,0.057523,Faustini,41.2,False,Watch,
-88.875,91.125,4,1.75,0.4148,7.21,0.057507,Shackleton,27.0,False,Watch,
-85.875,286.625,5,1.2,0.5987,10.41,0.057502,Cabeus,76.4,False,Watch,
-88.375,215.875,10,2.4,0.1974,3.44,0.057457,de_Gerlache,47.0,False,Background,
-87.875,137.875,4,1.75,0.4148,7.22,0.057418,Sverdrup,16.4,True,Watch,confirmed within Sverdrup PSR boundary
-85.375,243.625,6,1.6667,0.4426,7.71,0.05741,de_Gerlache,98.7,False,Watch,
-87.375,154.125,5,2.4,0.1974,3.44,0.057407,Sverdrup,19.1,False,Background,
-87.875,232.375,6,1.0,0.6656,11.61,0.057335,de_Gerlache,41.1,False,Watch,
-85.875,163.625,4,1.5,0.4984,8.69,0.057332,Sverdrup,66.6,False,Watch,
-87.375,337.875,3,1.6667,0.4426,7.72,0.057325,Haworth,23.9,True,Watch,confirmed within Haworth PSR boundary
-87.625,131.625,3,2.0,0.3311,5.78,0.057312,Sverdrup,26.5,False,Watch,
-85.625,247.375,4,0.75,0.7492,13.08,0.057295,de_Gerlache,89.2,False,Watch,strong CSETN suppression near de_Gerlache
-87.625,227.375,4,1.25,0.582,10.16,0.057292,de_Gerlache,50.6,False,Watch,
-88.125,350.875,3,1.0,0.6656,11.62,0.05728,Haworth,20.5,True,Watch,confirmed within Haworth PSR — strong suppression
-88.625,209.375,8,1.5,0.4984,8.71,0.057205,Shackleton,41.1,False,Watch,
-87.375,4.125,7,1.8571,0.3789,6.63,0.057187,Haworth,12.3,True,Watch,confirmed within Haworth PSR boundary
-87.375,2.875,5,2.2,0.2643,4.63,0.057048,Haworth,10.7,True,Background,confirmed within Haworth PSR boundary
-85.625,156.375,6,2.0,0.3311,5.81,0.056956,Sverdrup,72.3,False,Watch,
-88.125,50.125,4,2.25,0.2475,4.35,0.0569,Faustini,48.5,False,Background,
-85.625,215.875,3,2.0,0.3311,5.83,0.056846,de_Gerlache,112.6,False,Watch,
-85.625,50.125,6,1.6667,0.4426,7.79,0.056842,Nobile,15.8,True,Watch,confirmed within Nobile PSR boundary
-88.875,108.875,3,1.6667,0.4426,7.79,0.056814,Shackleton,25.0,False,Watch,
-87.875,273.125,3,1.3333,0.5541,9.76,0.0568,de_Gerlache,13.8,True,Watch,confirmed within de_Gerlache PSR — strong suppression
-87.375,205.125,5,2.2,0.2643,4.65,0.056797,Sverdrup,64.4,False,Background,
-87.375,247.625,3,1.3333,0.5541,9.76,0.056789,de_Gerlache,39.5,False,Watch,
-86.125,210.875,9,2.2222,0.2568,4.52,0.056776,Sverdrup,100.0,False,Background,
-85.625,10.125,3,2.0,0.3311,5.83,0.056773,Haworth,61.7,False,Watch,
-88.125,292.875,3,1.0,0.6656,11.73,0.056733,de_Gerlache,20.4,False,Watch,
-88.125,216.125,4,1.75,0.4148,7.31,0.056718,de_Gerlache,50.7,False,Watch,
-88.375,138.875,11,1.8182,0.392,6.91,0.056699,Sverdrup,17.2,False,Watch,
-86.375,213.125,4,2.0,0.3311,5.84,0.056667,de_Gerlache,94.3,False,Watch,
-85.625,307.125,4,2.25,0.2475,4.37,0.056659,Cabeus,31.2,True,Background,confirmed within Cabeus PSR boundary
-85.875,150.625,4,1.75,0.4148,7.32,0.05665,Sverdrup,64.5,False,Watch,
-87.875,123.125,3,1.6667,0.4426,7.81,0.056644,Sverdrup,31.9,False,Watch,
-87.125,323.375,3,1.3333,0.5541,9.78,0.056634,Haworth,46.2,False,Watch,
-87.125,84.125,3,2.3333,0.2197,3.88,0.056612,Faustini,2.6,True,Background,confirmed within Faustini PSR boundary
-87.875,222.625,3,1.6667,0.4426,7.82,0.056573,de_Gerlache,49.7,False,Watch,
-86.125,230.875,5,2.0,0.3311,5.85,0.05656,de_Gerlache,86.1,False,Watch,
-87.375,228.625,5,1.8,0.398,7.04,0.056545,de_Gerlache,55.1,False,Watch,
-87.375,214.875,10,2.4,0.1974,3.49,0.056534,de_Gerlache,67.3,False,Background,
-86.125,258.625,4,2.0,0.3311,5.86,0.056509,de_Gerlache,69.2,False,Watch,
-89.125,21.125,4,2.0,0.3311,5.87,0.056429,Shackleton,31.2,False,Watch,
-85.875,255.375,4,2.25,0.2475,4.39,0.056407,de_Gerlache,77.9,False,Background,
-86.375,188.375,6,2.5,0.1639,2.91,0.056395,Sverdrup,70.4,False,Background,
-85.125,106.875,3,2.3333,0.2197,3.9,0.056389,Faustini,77.8,False,Background,
-85.375,211.625,5,2.2,0.2643,4.69,0.056322,Sverdrup,120.9,False,Background,
-86.375,90.375,4,1.75,0.4148,7.37,0.056292,Faustini,27.7,False,Watch,
-89.125,167.625,3,1.6667,0.4426,7.86,0.056278,Shackleton,19.7,False,Watch,
-86.875,189.125,4,2.0,0.3311,5.89,0.056195,Sverdrup,58.6,False,Watch,
-89.125,42.875,3,2.3333,0.2197,3.91,0.056185,Shackleton,27.8,False,Background,
-87.625,69.125,3,1.6667,0.4426,7.88,0.056164,Faustini,23.1,False,Watch,
-87.875,235.375,3,1.0,0.6656,11.88,0.056039,de_Gerlache,38.5,False,Watch,
-88.625,219.125,3,1.6667,0.4426,7.9,0.056003,de_Gerlache,41.9,False,Watch,
-88.875,179.375,4,2.25,0.2475,4.42,0.055963,Shackleton,28.7,False,Background,
-87.875,111.375,3,1.0,0.6656,11.89,0.055959,Faustini,41.4,False,Watch,
-86.875,167.875,4,2.0,0.3311,5.92,0.055917,Sverdrup,39.7,False,Watch,
-85.125,85.375,3,2.3333,0.2197,3.93,0.055888,Faustini,63.1,False,Background,
-88.125,94.125,3,1.6667,0.4426,7.93,0.055835,Faustini,31.0,False,Watch,
-88.125,41.375,4,2.25,0.2475,4.44,0.055769,Haworth,55.3,False,Background,
-88.375,220.875,10,2.6,0.1305,2.34,0.055761,de_Gerlache,43.1,False,Background,
-87.125,97.625,3,0.3333,0.8885,16.0,0.055532,Faustini,21.6,False,Watch,strong CSETN suppression near Faustini
-88.375,182.875,4,2.0,0.3311,5.96,0.055526,Sverdrup,30.8,False,Watch,
-87.125,53.375,3,2.0,0.3311,5.97,0.055508,Faustini,44.4,False,Watch,
-88.875,105.875,3,1.6667,0.4426,7.98,0.055441,Shackleton,25.3,False,Watch,
-87.375,84.125,3,2.3333,0.2197,3.96,0.05543,Faustini,5.5,True,Background,confirmed within Faustini PSR boundary
-89.125,20.375,7,2.0,0.3311,5.98,0.055422,Shackleton,31.3,False,Watch,
-88.375,45.125,5,2.2,0.2643,4.77,0.055418,Shackleton,49.3,False,Background,
-85.375,62.875,6,2.1667,0.2754,4.97,0.055401,Nobile,24.0,True,Background,confirmed within Nobile PSR boundary
-86.625,215.625,6,2.3333,0.2197,3.97,0.055358,de_Gerlache,85.4,False,Background,
-86.875,289.875,3,2.3333,0.2197,3.97,0.055273,de_Gerlache,49.1,False,Background,
-89.125,156.125,7,1.8571,0.3789,6.86,0.055243,Shackleton,18.2,False,Watch,
-86.875,16.125,3,1.3333,0.5541,10.03,0.055235,Haworth,35.7,False,Watch,
-88.125,309.375,3,2.0,0.3311,6.0,0.055196,de_Gerlache,34.9,False,Watch,
-88.875,119.125,3,1.0,0.6656,12.07,0.055124,Shackleton,24.3,False,Watch,
-85.125,251.875,4,1.5,0.4984,9.06,0.055035,de_Gerlache,101.8,False,Watch,
-88.625,101.375,3,1.3333,0.5541,10.08,0.054996,Shackleton,33.2,False,Watch,
-88.625,89.625,4,1.75,0.4148,7.54,0.054974,Shackleton,34.6,False,Watch,
-86.875,235.875,3,2.0,0.3311,6.03,0.05496,de_Gerlache,61.6,False,Watch,
-88.625,264.375,3,1.6667,0.4426,8.06,0.054937,de_Gerlache,10.8,True,Watch,confirmed within de_Gerlache PSR boundary
-87.125,56.125,5,1.8,0.398,7.25,0.054922,Faustini,40.4,False,Watch,
-86.375,93.625,3,1.0,0.6656,12.12,0.054914,Faustini,30.5,False,Watch,
-85.875,224.625,5,2.2,0.2643,4.82,0.054879,de_Gerlache,98.1,False,Background,
-86.875,234.875,3,1.6667,0.4426,8.07,0.054869,de_Gerlache,62.4,False,Watch,
-87.125,307.625,3,2.0,0.3311,6.04,0.054869,de_Gerlache,54.6,False,Watch,
-85.625,203.625,3,2.0,0.3311,6.04,0.054826,Sverdrup,105.7,False,Watch,
-86.625,157.875,4,2.0,0.3311,6.04,0.054813,Sverdrup,42.3,False,Watch,
-88.625,87.875,3,1.6667,0.4426,8.09,0.05469,Shackleton,34.9,False,Watch,
-85.625,313.125,5,2.2,0.2643,4.83,0.054668,Cabeus,23.1,True,Background,confirmed within Cabeus PSR boundary
-86.125,95.375,3,1.3333,0.5541,10.14,0.054658,Faustini,38.8,False,Watch,
-86.875,75.625,3,1.0,0.6656,12.18,0.05463,Faustini,15.5,True,Watch,confirmed within Faustini PSR — strong suppression
-86.875,331.875,4,1.5,0.4984,9.12,0.054616,Haworth,39.1,False,Watch,
-85.375,72.875,3,1.3333,0.5541,10.15,0.054601,Nobile,48.4,False,Watch,
-89.125,85.375,3,2.0,0.3311,6.07,0.054545,Shackleton,20.6,False,Watch,
-87.625,180.875,4,1.5,0.4984,9.14,0.054523,Sverdrup,34.3,False,Watch,
-85.375,63.875,4,1.5,0.4984,9.14,0.054513,Nobile,26.5,True,Watch,confirmed within Nobile PSR boundary
-88.125,74.125,3,1.3333,0.5541,10.17,0.054497,Faustini,30.1,False,Watch,
-86.875,70.875,4,2.25,0.2475,4.54,0.054493,Faustini,21.7,False,Background,
-85.875,61.375,4,2.25,0.2475,4.55,0.054459,Nobile,28.0,True,Background,confirmed within Nobile PSR boundary
-87.125,180.875,3,2.0,0.3311,6.08,0.054433,Sverdrup,44.4,False,Watch,
-86.375,288.125,3,1.6667,0.4426,8.14,0.054409,de_Gerlache,62.9,False,Watch,
-87.125,33.875,5,1.6,0.4649,8.55,0.054369,Haworth,55.0,False,Watch,
-85.375,92.875,4,2.0,0.3311,6.09,0.054368,Faustini,58.3,False,Watch,
-85.625,328.875,3,1.3333,0.5541,10.19,0.054367,Cabeus,38.9,True,Watch,confirmed within Cabeus PSR — strong suppression
-87.375,267.625,3,1.3333,0.5541,10.2,0.054344,de_Gerlache,29.4,False,Watch,
-88.375,38.375,3,1.6667,0.4426,8.15,0.054301,Shackleton,50.5,False,Watch,
-86.375,53.125,3,0.6667,0.777,14.31,0.054293,Nobile,36.2,True,Watch,confirmed within Nobile PSR — strong suppression
-85.625,265.125,3,1.6667,0.4426,8.16,0.054268,de_Gerlache,82.6,False,Watch,
-88.375,119.125,3,1.0,0.6656,12.27,0.054242,Sverdrup,33.4,False,Watch,
-89.125,12.625,8,1.625,0.4566,8.42,0.054242,Shackleton,32.3,False,Watch,
-87.375,65.875,4,1.5,0.4984,9.19,0.054231,Faustini,25.4,False,Watch,
-87.625,273.375,3,2.0,0.3311,6.12,0.054145,de_Gerlache,21.4,False,Watch,
-89.125,21.375,3,2.0,0.3311,6.12,0.054129,Shackleton,31.1,False,Watch,
-85.375,224.375,4,2.25,0.2475,4.58,0.053997,de_Gerlache,112.5,False,Background,
-85.875,218.125,4,2.25,0.2475,4.59,0.053926,de_Gerlache,103.6,False,Background,
-85.625,101.125,3,1.3333,0.5541,10.28,0.053899,Faustini,58.0,False,Watch,
-86.125,296.125,3,1.6667,0.4426,8.21,0.053895,Cabeus,59.5,False,Watch,
-89.625,308.625,3,1.6667,0.4426,8.21,0.053893,Shackleton,21.4,False,Watch,
-86.125,54.125,3,1.0,0.6656,12.35,0.053887,Nobile,28.7,True,Watch,confirmed within Nobile PSR — strong suppression
-85.125,204.625,4,1.75,0.4148,7.7,0.053887,Sverdrup,120.5,False,Watch,
-88.875,316.625,8,1.625,0.4566,8.48,0.053868,de_Gerlache,35.6,False,Watch,
-88.125,79.125,3,1.6667,0.4426,8.22,0.053847,Faustini,28.5,False,Watch,
-87.375,208.375,3,2.3333,0.2197,4.08,0.053843,Sverdrup,67.8,False,Background,
-88.875,192.375,3,1.6667,0.4426,8.22,0.053839,Shackleton,30.9,False,Watch,
-85.875,167.375,5,2.2,0.2643,4.91,0.053836,Sverdrup,68.3,False,Background,
-89.125,314.875,3,2.3333,0.2197,4.08,0.053779,de_Gerlache,36.0,False,Background,
-88.375,108.375,3,1.6667,0.4426,8.23,0.053754,Shackleton,40.1,False,Watch,
-86.375,271.625,3,1.6667,0.4426,8.23,0.05375,de_Gerlache,59.3,False,Watch,
-85.625,258.625,4,2.25,0.2475,4.61,0.053743,de_Gerlache,84.2,False,Background,
-89.125,8.375,5,1.8,0.398,7.41,0.053728,Shackleton,32.8,False,Watch,
-87.125,58.625,3,1.6667,0.4426,8.24,0.053718,Faustini,36.7,False,Watch,
-88.125,74.625,3,1.3333,0.5541,10.34,0.053613,Faustini,29.9,False,Watch,
-86.625,69.375,3,2.0,0.3311,6.18,0.053607,Faustini,28.5,False,Watch,
-85.625,257.625,3,1.6667,0.4426,8.26,0.053606,de_Gerlache,84.6,False,Watch,
-89.375,24.125,4,1.75,0.4148,7.75,0.053541,Shackleton,23.7,False,Watch,
-87.875,105.875,3,1.6667,0.4426,8.28,0.053449,Faustini,35.5,False,Watch,
-85.875,262.125,3,1.6667,0.4426,8.28,0.053445,de_Gerlache,75.7,False,Watch,
-88.875,0.375,3,1.6667,0.4426,8.28,0.053441,Shackleton,41.2,False,Watch,
-87.375,18.125,3,2.3333,0.2197,4.11,0.053438,Haworth,31.0,False,Background,
-86.125,185.625,9,2.3333,0.2197,4.12,0.053351,Sverdrup,74.5,False,Background,
-89.125,136.875,8,2.0,0.3311,6.21,0.053291,Shackleton,16.7,False,Watch,
-89.375,12.625,3,2.0,0.3311,6.22,0.053243,Shackleton,25.1,False,Watch,
-87.375,194.125,3,2.0,0.3311,6.23,0.053153,Sverdrup,52.9,False,Watch,
-85.125,228.875,4,1.75,0.4148,7.8,0.05315,de_Gerlache,116.1,False,Watch,
-88.875,241.125,3,1.3333,0.5541,10.43,0.053133,de_Gerlache,27.6,False,Watch,
-85.875,246.625,4,1.0,0.6656,12.53,0.053124,de_Gerlache,82.2,False,Watch,
-85.875,263.125,4,2.0,0.3311,6.24,0.053085,de_Gerlache,75.5,False,Watch,
-85.375,225.875,9,2.3333,0.2197,4.14,0.053025,de_Gerlache,111.3,False,Background,
-85.375,68.625,5,1.4,0.5318,10.03,0.053008,Nobile,38.0,False,Watch,
-88.125,165.875,3,1.6667,0.4426,8.35,0.052995,Sverdrup,14.2,True,Watch,confirmed within Sverdrup PSR boundary
-86.125,137.375,5,1.8,0.398,7.51,0.052974,Sverdrup,61.0,False,Watch,
-86.125,63.625,3,1.3333,0.5541,10.46,0.052963,Nobile,36.8,False,Watch,
-89.625,24.875,3,1.6667,0.4426,8.36,0.052946,Shackleton,16.9,False,Watch,
-85.125,194.875,3,2.0,0.3311,6.27,0.052836,Sverdrup,110.8,False,Watch,
-85.375,63.625,7,1.8571,0.3789,7.17,0.052821,Nobile,25.9,True,Watch,confirmed within Nobile PSR boundary
-86.125,37.625,3,0.6667,0.777,14.73,0.052756,Nobile,46.2,False,Watch,strong CSETN suppression near Nobile
-87.625,141.625,4,2.0,0.3311,6.28,0.052744,Sverdrup,16.9,False,Watch,
-85.625,63.125,5,1.6,0.4649,8.82,0.05273,Nobile,26.9,True,Watch,confirmed within Nobile PSR boundary
-88.125,358.125,3,0.3333,0.8885,16.85,0.052728,Haworth,20.1,True,Watch,confirmed within Haworth PSR — strong suppression
-86.625,192.625,3,2.0,0.3311,6.28,0.052704,Sverdrup,68.3,False,Watch,
-87.625,16.125,3,2.0,0.3311,6.28,0.052696,Haworth,27.2,False,Watch,
-87.125,288.625,3,2.3333,0.2197,4.17,0.052693,de_Gerlache,41.3,False,Background,
-87.375,208.125,3,2.3333,0.2197,4.17,0.052692,Sverdrup,67.5,False,Background,
-86.875,319.375,4,1.0,0.6656,12.64,0.05267,Haworth,55.6,False,Watch,
-86.875,30.125,3,2.0,0.3311,6.29,0.052651,Haworth,54.1,False,Watch,
-89.125,22.625,8,1.75,0.4148,7.88,0.052636,Shackleton,31.0,False,Watch,
-88.375,356.625,4,1.75,0.4148,7.88,0.052613,Haworth,27.5,False,Watch,
-85.625,282.875,3,1.3333,0.5541,10.55,0.052545,de_Gerlache,83.5,False,Watch,
-86.875,292.625,4,1.75,0.4148,7.9,0.052527,de_Gerlache,50.6,False,Watch,
-86.375,202.625,3,2.0,0.3311,6.3,0.052522,Sverdrup,84.9,False,Watch,
-85.875,253.125,4,1.75,0.4148,7.9,0.052518,de_Gerlache,78.9,False,Watch,
-88.375,212.375,11,2.6364,0.1183,2.25,0.052506,Shackleton,49.1,False,Background,
-87.875,73.125,5,1.6,0.4649,8.87,0.05243,Faustini,24.3,False,Watch,
-88.875,196.125,3,1.6667,0.4426,8.44,0.052417,Shackleton,31.5,False,Watch,
-88.625,213.875,14,1.8571,0.3789,7.23,0.052382,Shackleton,41.9,False,Watch,
-87.125,16.125,3,1.6667,0.4426,8.45,0.052373,Haworth,31.3,False,Watch,
-85.125,96.625,3,2.3333,0.2197,4.2,0.05234,Faustini,68.1,False,Background,
-87.375,24.375,4,2.25,0.2475,4.73,0.052323,Haworth,39.3,False,Background,
-87.125,128.375,4,1.5,0.4984,9.54,0.052247,Sverdrup,40.3,False,Watch,
-86.375,93.875,3,1.3333,0.5541,10.61,0.052245,Faustini,30.8,False,Watch,
-87.625,1.375,3,2.0,0.3311,6.34,0.052231,Haworth,9.1,True,Watch,confirmed within Haworth PSR boundary
-86.375,244.375,4,1.0,0.6656,12.77,0.052121,de_Gerlache,69.2,False,Watch,
-85.125,249.125,4,1.0,0.6656,12.77,0.052118,de_Gerlache,103.1,False,Watch,
-85.875,139.625,5,2.0,0.3311,6.35,0.052116,Sverdrup,67.3,False,Watch,
-89.125,5.875,6,1.6667,0.4426,8.5,0.052069,Shackleton,33.1,False,Watch,
-89.375,342.125,7,1.7143,0.4267,8.2,0.052056,Shackleton,27.9,False,Watch,
-87.875,232.875,3,1.0,0.6656,12.79,0.052055,de_Gerlache,40.7,False,Watch,
-85.625,192.875,5,2.2,0.2643,5.08,0.052045,Sverdrup,95.0,False,Background,
-85.125,139.125,5,2.4,0.1974,3.8,0.051928,Sverdrup,89.9,False,Background,
-89.125,342.125,5,1.8,0.398,7.67,0.051917,Shackleton,35.4,False,Watch,
-86.125,207.625,4,1.75,0.4148,8.0,0.051865,Sverdrup,96.6,False,Watch,
-86.125,268.125,3,1.6667,0.4426,8.53,0.05186,de_Gerlache,67.1,False,Watch,
-85.375,67.375,5,2.0,0.3311,6.39,0.051824,Nobile,35.0,True,Watch,confirmed within Nobile PSR boundary
-85.125,321.625,8,2.0,0.3311,6.39,0.051813,Cabeus,16.3,True,Watch,confirmed within Cabeus PSR boundary
-89.625,20.625,4,2.0,0.3311,6.39,0.051811,Shackleton,17.4,False,Watch,
-86.875,29.625,3,2.0,0.3311,6.39,0.051799,Haworth,53.4,False,Watch,
-86.375,224.125,4,2.0,0.3311,6.39,0.051792,de_Gerlache,84.7,False,Watch,
-85.375,249.875,3,1.0,0.6656,12.85,0.051783,de_Gerlache,95.3,False,Watch,
-86.625,145.125,3,2.3333,0.2197,4.24,0.051775,Sverdrup,42.9,False,Background,
-85.875,55.625,3,2.3333,0.2197,4.25,0.051696,Nobile,21.6,True,Background,confirmed within Nobile PSR boundary
-86.125,166.625,3,2.3333,0.2197,4.26,0.051552,Sverdrup,60.5,False,Background,
-88.125,47.375,4,2.0,0.3311,6.43,0.051534,Faustini,51.2,False,Watch,
-88.125,229.125,4,1.5,0.4984,9.68,0.051498,de_Gerlache,39.7,False,Watch,
-85.375,172.375,10,2.5,0.1639,3.19,0.05146,Sverdrup,85.7,False,Background,
-85.625,81.375,6,2.0,0.3311,6.44,0.051439,Faustini,47.9,False,Watch,
-89.125,178.125,9,1.8889,0.3683,7.16,0.051417,Shackleton,21.3,False,Watch,
-87.875,220.625,3,1.3333,0.5541,10.78,0.051403,de_Gerlache,51.4,False,Watch,
-85.875,78.625,3,1.0,0.6656,12.95,0.051389,Faustini,41.0,False,Watch,
-86.375,77.875,4,1.5,0.4984,9.7,0.05137,Faustini,26.6,False,Watch,
-86.625,241.125,4,2.0,0.3311,6.45,0.051321,de_Gerlache,64.4,False,Watch,
-89.125,120.625,3,1.3333,0.5541,10.82,0.051234,Shackleton,16.7,False,Watch,
-86.375,37.875,3,1.6667,0.4426,8.64,0.051224,Nobile,50.0,False,Watch,
-89.625,17.625,5,2.0,0.3311,6.47,0.051209,Shackleton,17.7,False,Watch,
-85.375,168.625,3,1.6667,0.4426,8.66,0.051102,Sverdrup,83.7,False,Watch,
-85.125,223.375,6,2.5,0.1639,3.21,0.051062,de_Gerlache,120.5,False,Background,
-89.375,35.875,4,2.0,0.3311,6.49,0.051061,Shackleton,22.0,False,Watch,
-89.125,160.625,3,1.6667,0.4426,8.68,0.050984,Shackleton,18.7,False,Watch,
-86.375,180.125,3,2.3333,0.2197,4.31,0.050981,Sverdrup,62.8,False,Background,
-87.875,73.375,3,1.6667,0.4426,8.69,0.050943,Faustini,24.1,False,Watch,
-86.875,71.875,4,2.25,0.2475,4.86,0.050941,Faustini,20.3,True,Background,confirmed within Faustini PSR boundary
-87.125,63.625,3,1.6667,0.4426,8.69,0.050928,Faustini,29.4,False,Watch,
-86.875,147.125,3,2.0,0.3311,6.52,0.050819,Sverdrup,34.8,False,Watch,
-86.875,340.875,3,1.3333,0.5541,10.91,0.050795,Haworth,28.0,False,Watch,
-87.375,218.375,3,2.3333,0.2197,4.33,0.050722,de_Gerlache,64.2,False,Background,
-85.875,92.125,3,1.3333,0.5541,10.93,0.050717,Faustini,43.2,False,Watch,
-87.375,85.375,4,2.5,0.1639,3.23,0.050709,Faustini,6.1,True,Background,confirmed within Faustini PSR boundary
-85.625,235.125,3,1.6667,0.4426,8.73,0.050679,de_Gerlache,97.0,False,Watch,
-85.625,199.375,4,1.25,0.582,11.49,0.050633,Sverdrup,101.4,False,Watch,
-87.375,323.625,3,1.3333,0.5541,10.95,0.050611,Haworth,42.8,False,Watch,
-86.875,57.875,4,2.0,0.3311,6.54,0.050607,Faustini,40.6,False,Watch,
-86.625,95.875,4,1.5,0.4984,9.85,0.050582,Faustini,26.9,False,Watch,
-85.375,222.375,5,2.4,0.1974,3.9,0.050566,de_Gerlache,114.2,False,Background,
-86.375,246.625,4,1.5,0.4984,9.86,0.050563,de_Gerlache,67.7,False,Watch,
-86.125,253.375,3,1.6667,0.4426,8.77,0.05049,de_Gerlache,71.4,False,Watch,
-88.625,165.625,3,1.3333,0.5541,10.98,0.050472,Sverdrup,22.2,False,Watch,
-89.375,328.625,4,2.25,0.2475,4.9,0.050471,Shackleton,28.6,False,Background,
-85.125,137.375,5,2.4,0.1974,3.91,0.050436,Sverdrup,90.7,False,Background,
-85.375,181.375,3,1.6667,0.4426,8.78,0.050404,Sverdrup,91.9,False,Watch,
-86.375,211.125,4,1.25,0.582,11.55,0.050396,Sverdrup,93.9,False,Watch,
-86.375,107.375,3,1.3333,0.5541,11.0,0.050366,Faustini,47.5,False,Watch,
-87.125,160.875,3,1.3333,0.5541,11.01,0.050342,Sverdrup,28.6,False,Watch,
-89.125,11.125,4,1.75,0.4148,8.24,0.050324,Shackleton,32.5,False,Watch,
-87.875,263.625,3,1.6667,0.4426,8.8,0.05032,de_Gerlache,16.1,False,Watch,
-86.875,49.875,3,0.6667,0.777,15.45,0.0503,Nobile,51.9,False,Watch,strong CSETN suppression near Nobile
-85.625,92.625,4,1.5,0.4984,9.91,0.050271,Faustini,50.8,False,Watch,
-85.375,53.625,4,1.75,0.4148,8.25,0.050261,Nobile,5.9,True,Watch,confirmed within Nobile PSR boundary
-86.625,211.875,4,1.75,0.4148,8.26,0.050237,Sverdrup,88.5,False,Watch,
-87.625,218.875,3,2.0,0.3311,6.59,0.050227,de_Gerlache,58.1,False,Watch,
-87.125,115.625,3,1.3333,0.5541,11.05,0.050144,Faustini,48.0,False,Watch,
-89.625,15.875,3,2.0,0.3311,6.61,0.050128,Shackleton,17.9,False,Watch,
-86.375,239.125,3,2.3333,0.2197,4.38,0.0501,de_Gerlache,72.8,False,Background,
-89.125,139.375,3,1.0,0.6656,13.29,0.050086,Shackleton,16.8,False,Watch,
-89.375,339.875,4,2.0,0.3311,6.61,0.050077,Shackleton,28.0,False,Watch,
-88.375,253.125,3,1.6667,0.4426,8.84,0.050073,de_Gerlache,16.4,False,Watch,
-89.625,11.625,5,1.8,0.398,7.96,0.050021,Shackleton,18.3,False,Watch,
-85.875,233.875,5,1.0,0.6656,13.31,0.049995,de_Gerlache,90.8,False,Watch,
-86.625,35.875,4,1.5,0.4984,9.97,0.04998,Nobile,57.7,False,Watch,
-86.125,224.375,3,2.3333,0.2197,4.4,0.04998,de_Gerlache,91.4,False,Background,
-87.875,91.875,4,1.5,0.4984,9.98,0.049923,Faustini,23.3,False,Watch,
-88.125,75.125,4,1.5,0.4984,9.98,0.049914,Faustini,29.7,False,Watch,
-86.125,227.375,4,2.25,0.2475,4.97,0.04984,de_Gerlache,88.9,False,Background,
-87.375,217.625,7,2.4286,0.1878,3.77,0.049836,de_Gerlache,64.8,False,Background,
-89.625,333.125,3,2.3333,0.2197,4.41,0.049829,Shackleton,20.9,False,Background,
-89.375,344.375,5,2.0,0.3311,6.65,0.049809,Shackleton,27.8,False,Watch,
-87.125,62.375,5,2.0,0.3311,6.65,0.049772,Faustini,31.2,False,Watch,
-88.625,166.125,3,1.3333,0.5541,11.13,0.049765,Sverdrup,22.4,False,Watch,
-86.375,150.125,5,2.2,0.2643,5.32,0.049677,Sverdrup,49.4,False,Background,
-87.125,322.625,3,1.3333,0.5541,11.16,0.049645,Haworth,47.2,False,Watch,
-85.625,11.875,4,1.25,0.582,11.72,0.049639,Haworth,63.0,False,Watch,
-85.375,242.375,7,1.8571,0.3789,7.63,0.049639,de_Gerlache,99.4,False,Watch,
-87.875,220.375,3,1.3333,0.5541,11.16,0.04963,de_Gerlache,51.6,False,Watch,
-86.375,233.375,4,2.25,0.2475,4.99,0.04963,de_Gerlache,77.1,False,Background,
-89.125,332.375,6,2.1667,0.2754,5.55,0.049601,Shackleton,36.0,False,Background,
-87.375,230.375,5,1.8,0.398,8.03,0.049576,de_Gerlache,53.6,False,Watch,
-89.125,184.375,9,2.0,0.3311,6.68,0.04956,Shackleton,22.3,False,Watch,
-86.375,18.375,3,1.6667,0.4426,8.93,0.049559,Haworth,49.5,False,Watch,
-86.875,312.875,4,1.5,0.4984,10.06,0.049538,Cabeus,60.3,False,Watch,
-88.875,199.875,5,1.4,0.5318,10.74,0.04953,Shackleton,32.2,False,Watch,
-86.125,36.125,5,1.4,0.5318,10.76,0.049438,Nobile,48.9,False,Watch,
-86.125,227.625,4,2.25,0.2475,5.01,0.04939,de_Gerlache,88.7,False,Background,
-86.875,246.375,3,2.3333,0.2197,4.45,0.049347,de_Gerlache,53.8,False,Background,
-86.125,175.125,5,2.4,0.1974,4.0,0.04933,Sverdrup,65.8,False,Background,
-87.375,102.625,3,0.6667,0.777,15.77,0.049289,Faustini,28.2,False,Watch,strong CSETN suppression near Faustini
-89.375,16.375,3,1.3333,0.5541,11.24,0.049287,Shackleton,24.7,False,Watch,
-89.125,11.625,3,1.6667,0.4426,8.98,0.049276,Shackleton,32.4,False,Watch,
-88.625,219.375,5,1.8,0.398,8.08,0.049251,de_Gerlache,41.7,False,Watch,
-87.125,276.125,3,1.6667,0.4426,8.99,0.049249,de_Gerlache,36.9,False,Watch,
-86.875,343.625,4,1.0,0.6656,13.53,0.049197,Haworth,25.1,True,Watch,confirmed within Haworth PSR — strong suppression
-87.875,333.375,3,1.6667,0.4426,9.0,0.049195,Haworth,29.5,False,Watch,
-86.625,241.625,3,1.6667,0.4426,9.0,0.049177,de_Gerlache,64.0,False,Watch,
-86.875,65.875,3,2.0,0.3311,6.74,0.049142,Faustini,28.8,False,Watch,
-87.375,46.375,3,1.0,0.6656,13.55,0.049112,Faustini,52.3,False,Watch,
-89.125,259.875,4,1.5,0.4984,10.15,0.04908,de_Gerlache,25.3,False,Watch,
-87.875,253.125,4,1.75,0.4148,8.45,0.049074,de_Gerlache,23.3,False,Watch,
-87.625,349.875,3,2.3333,0.2197,4.48,0.049064,Haworth,8.5,True,Background,confirmed within Haworth PSR boundary
-86.375,175.875,9,2.3333,0.2197,4.48,0.049058,Sverdrup,59.3,False,Background,
-86.375,24.625,3,2.0,0.3311,6.75,0.049053,Haworth,57.1,False,Watch,
-85.625,91.375,3,1.3333,0.5541,11.3,0.049036,Faustini,50.1,False,Watch,
-85.875,82.125,3,1.0,0.6656,13.58,0.049003,Faustini,40.2,False,Watch,
-87.875,254.625,3,1.6667,0.4426,9.04,0.048965,de_Gerlache,22.1,False,Watch,
-88.625,75.625,4,2.25,0.2475,5.06,0.048935,Shackleton,36.7,False,Background,
-89.625,279.875,3,1.3333,0.5541,11.34,0.048871,Shackleton,20.7,False,Watch,
-85.625,321.875,7,2.2857,0.2356,4.82,0.048856,Cabeus,26.4,True,Background,confirmed within Cabeus PSR boundary
-86.375,180.875,8,2.0,0.3311,6.78,0.048827,Sverdrup,63.5,False,Watch,
-86.375,39.375,3,1.3333,0.5541,11.36,0.048785,Nobile,47.8,False,Watch,
-89.125,65.875,3,2.0,0.3311,6.79,0.048774,Shackleton,23.8,False,Watch,
-87.125,226.125,7,2.2857,0.2356,4.83,0.048763,de_Gerlache,63.4,False,Background,
-87.375,212.625,3,2.3333,0.2197,4.51,0.048748,de_Gerlache,69.2,False,Background,
-85.125,130.625,5,2.4,0.1974,4.05,0.048741,Sverdrup,94.3,False,Background,
-85.125,198.875,8,2.125,0.2893,5.94,0.048737,Sverdrup,114.7,False,Background,
-88.375,210.125,5,2.6,0.1305,2.68,0.048693,Shackleton,48.7,False,Background,
-86.875,66.875,3,2.0,0.3311,6.8,0.048665,Faustini,27.4,False,Watch,
-86.625,248.625,3,2.0,0.3311,6.81,0.04866,de_Gerlache,59.4,False,Watch,
-86.875,295.875,3,1.6667,0.4426,9.1,0.048627,de_Gerlache,52.6,False,Watch,
-88.125,115.125,3,2.3333,0.2197,4.52,0.048619,Sverdrup,37.8,False,Background,
-85.875,220.875,5,2.0,0.3311,6.81,0.048617,de_Gerlache,101.3,False,Watch,
-87.875,70.875,5,1.6,0.4649,9.56,0.04861,Faustini,25.9,False,Watch,
-87.875,236.625,3,1.3333,0.5541,11.41,0.04858,de_Gerlache,37.4,False,Watch,
-87.125,233.625,3,1.6667,0.4426,9.11,0.048574,de_Gerlache,56.9,False,Watch,
-89.625,40.125,3,1.3333,0.5541,11.41,0.04857,Shackleton,15.1,False,Watch,
-85.125,296.375,3,2.0,0.3311,6.82,0.048544,Cabeus,51.9,False,Watch,
-86.125,302.125,3,1.6667,0.4426,9.12,0.048543,Cabeus,49.4,False,Watch,
-88.875,133.125,3,1.6667,0.4426,9.12,0.048526,Shackleton,24.1,False,Watch,
-89.125,147.875,5,1.4,0.5318,10.96,0.048517,Shackleton,17.3,False,Watch,
-86.375,189.875,3,2.6667,0.1082,2.23,0.048471,Sverdrup,71.9,False,Background,
-85.625,69.875,7,1.8571,0.3789,7.82,0.048451,Nobile,41.8,False,Watch,
-87.875,333.875,3,2.0,0.3311,6.84,0.048445,Haworth,28.9,False,Watch,
-85.625,234.375,3,1.3333,0.5541,11.46,0.048363,de_Gerlache,97.6,False,Watch,
-87.375,139.125,6,2.0,0.3311,6.85,0.048361,Sverdrup,24.9,False,Watch,
-87.375,221.125,7,2.4286,0.1878,3.89,0.048331,de_Gerlache,61.8,False,Background,
-88.125,82.625,3,2.0,0.3311,6.85,0.048317,Faustini,28.1,False,Watch,
-86.875,221.875,3,2.0,0.3311,6.86,0.048296,de_Gerlache,73.4,False,Watch,
-88.625,171.625,4,1.5,0.4984,10.32,0.048283,Sverdrup,25.3,False,Watch,
-88.875,103.875,3,2.3333,0.2197,4.56,0.048211,Shackleton,25.5,False,Background,
-87.875,178.375,3,1.3333,0.5541,11.49,0.048209,Sverdrup,28.2,False,Watch,
-89.125,166.875,9,1.8889,0.3683,7.65,0.048143,Shackleton,19.6,False,Watch,
-87.375,269.375,3,2.0,0.3311,6.88,0.048104,de_Gerlache,29.1,False,Watch,
-87.375,143.375,6,2.3333,0.2197,4.57,0.048093,Sverdrup,21.9,False,Background,
-85.875,229.375,5,1.8,0.398,8.28,0.048075,de_Gerlache,94.3,False,Watch,
-89.125,18.375,4,2.0,0.3311,6.89,0.04804,Shackleton,31.5,False,Watch,
-89.125,168.375,12,1.75,0.4148,8.64,0.048018,Shackleton,19.8,False,Watch,
-85.125,310.875,10,2.1,0.2977,6.2,0.047987,Cabeus,15.1,True,Background,confirmed within Cabeus PSR boundary
-87.125,34.375,5,2.2,0.2643,5.51,0.047943,Haworth,55.6,False,Background,
-86.625,244.625,3,2.0,0.3311,6.91,0.04794,de_Gerlache,61.9,False,Watch,
-85.125,133.875,5,2.0,0.3311,6.91,0.047933,Sverdrup,92.4,False,Watch,
-85.375,118.875,3,2.3333,0.2197,4.59,0.047903,Faustini,86.7,False,Background,
-86.375,155.875,3,2.0,0.3311,6.92,0.047881,Sverdrup,49.5,False,Watch,
-86.625,253.625,3,2.6667,0.1082,2.26,0.047848,de_Gerlache,56.6,False,Background,
-89.125,309.125,3,2.0,0.3311,6.92,0.047845,de_Gerlache,33.5,False,Watch,
-87.625,248.125,3,2.3333,0.2197,4.59,0.047834,de_Gerlache,32.9,False,Background,
-85.875,109.875,4,2.25,0.2475,5.18,0.047824,Faustini,62.2,False,Background,
-86.375,94.625,3,1.6667,0.4426,9.28,0.047703,Faustini,31.5,False,Watch,
-86.125,267.875,3,2.0,0.3311,6.94,0.047686,de_Gerlache,67.1,False,Watch,
-85.375,27.125,3,1.6667,0.4426,9.29,0.047634,Nobile,65.6,False,Watch,
-85.375,11.375,4,1.5,0.4984,10.47,0.047618,Haworth,69.8,False,Watch,
-89.375,43.625,3,2.3333,0.2197,4.61,0.047613,Shackleton,20.8,False,Background,
-87.125,35.125,4,2.25,0.2475,5.2,0.047578,Haworth,56.6,False,Background,
-85.375,213.375,4,2.25,0.2475,5.2,0.047575,de_Gerlache,121.8,False,Background,
-89.375,305.375,7,2.1429,0.2834,5.96,0.047562,Shackleton,28.9,False,Background,
-89.625,359.125,4,1.75,0.4148,8.72,0.04756,Shackleton,19.4,False,Watch,
-89.625,336.625,4,2.25,0.2475,5.21,0.047547,Shackleton,20.8,False,Background,
-87.375,154.375,4,2.5,0.1639,3.45,0.047544,Sverdrup,19.1,False,Background,
-86.625,233.375,5,2.4,0.1974,4.15,0.047527,de_Gerlache,70.3,False,Background,
-86.375,39.875,3,1.3333,0.5541,11.67,0.047485,Nobile,47.1,False,Watch,
-85.375,240.375,4,1.75,0.4148,8.74,0.04748,de_Gerlache,100.7,False,Watch,
-86.375,181.625,3,1.6667,0.4426,9.32,0.047474,Sverdrup,64.1,False,Watch,
-86.375,294.125,3,1.6667,0.4426,9.32,0.047474,de_Gerlache,65.8,False,Watch,
-85.375,220.125,5,2.2,0.2643,5.57,0.047457,de_Gerlache,116.0,False,Background,
-86.125,155.875,6,2.1667,0.2754,5.81,0.047432,Sverdrup,57.1,False,Background,
-88.625,218.125,5,1.8,0.398,8.39,0.047431,de_Gerlache,42.6,False,Watch,
-85.875,58.375,5,1.6,0.4649,9.81,0.047408,Nobile,24.0,True,Watch,confirmed within Nobile PSR boundary
-86.875,331.375,3,1.6667,0.4426,9.34,0.047383,Haworth,39.7,False,Watch,
-86.625,345.125,5,2.0,0.3311,6.99,0.047382,Haworth,30.1,False,Watch,
-85.375,238.875,6,1.6667,0.4426,9.35,0.047352,de_Gerlache,101.7,False,Watch,
-88.125,84.875,3,2.3333,0.2197,4.64,0.047322,Faustini,28.1,False,Background,
-87.625,225.625,3,2.0,0.3311,7.0,0.047317,de_Gerlache,52.1,False,Watch,
-88.375,180.625,5,2.0,0.3311,7.0,0.047298,Sverdrup,28.9,False,Watch,
-88.875,20.875,3,1.6667,0.4426,9.36,0.047292,Shackleton,38.5,False,Watch,
-87.625,69.375,4,2.0,0.3311,7.0,0.047283,Faustini,22.9,False,Watch,
-85.625,136.625,5,2.2,0.2643,5.59,0.04727,Sverdrup,76.2,False,Background,
-86.875,59.375,4,1.0,0.6656,14.09,0.047248,Faustini,38.4,False,Watch,
-86.375,66.625,3,1.3333,0.5541,11.74,0.047192,Faustini,37.5,False,Watch,
-87.875,48.375,3,2.3333,0.2197,4.66,0.047146,Faustini,48.8,False,Background,
-86.875,217.375,9,2.2222,0.2568,5.45,0.04713,de_Gerlache,77.4,False,Background,
-89.125,152.375,3,2.0,0.3311,7.03,0.047084,Shackleton,17.7,False,Watch,
-85.125,117.875,6,2.5,0.1639,3.48,0.047069,Faustini,91.6,False,Background,
-87.125,212.125,7,2.4286,0.1878,3.99,0.047049,de_Gerlache,75.7,False,Background,
-88.125,185.625,3,1.6667,0.4426,9.41,0.047026,Sverdrup,33.7,False,Watch,
-85.875,255.625,4,2.5,0.1639,3.49,0.046997,de_Gerlache,77.8,False,Background,
-87.125,18.625,3,2.0,0.3311,7.05,0.046991,Haworth,34.6,False,Watch,
-86.125,310.125,3,2.0,0.3311,7.05,0.046989,Cabeus,39.6,True,Watch,confirmed within Cabeus PSR boundary
-88.125,140.125,3,2.3333,0.2197,4.68,0.046982,Sverdrup,13.2,True,Background,confirmed within Sverdrup PSR boundary
-89.125,346.625,4,1.5,0.4984,10.61,0.046972,Shackleton,35.0,False,Watch,
-85.875,166.625,5,2.2,0.2643,5.63,0.046952,Sverdrup,67.9,False,Background,
-86.625,216.375,7,2.4286,0.1878,4.0,0.046944,de_Gerlache,84.8,False,Background,
-88.125,67.125,3,1.0,0.6656,14.18,0.046936,Faustini,34.2,False,Watch,
-89.625,60.625,3,1.0,0.6656,14.18,0.046935,Shackleton,12.1,False,Watch,
-86.375,197.875,3,2.0,0.3311,7.06,0.046934,Sverdrup,80.0,False,Watch,
-85.375,243.125,5,1.8,0.398,8.49,0.046892,de_Gerlache,99.0,False,Watch,
-87.125,85.875,3,2.3333,0.2197,4.69,0.046847,Faustini,4.5,True,Background,confirmed within Faustini PSR boundary
-86.375,158.625,3,2.0,0.3311,7.08,0.046803,Sverdrup,50.0,False,Watch,
-89.875,230.875,3,0.6667,0.777,16.62,0.046765,Shackleton,11.4,False,Watch,strong CSETN suppression near Shackleton
-86.625,125.375,5,1.6,0.4649,9.94,0.046758,Sverdrup,55.7,False,Watch,
-85.875,35.125,5,1.0,0.6656,14.25,0.046717,Nobile,48.1,False,Watch,
-86.875,254.125,3,2.3333,0.2197,4.7,0.046711,de_Gerlache,49.1,False,Background,
-86.875,96.375,3,1.3333,0.5541,11.87,0.046685,Faustini,22.7,False,Watch,
-86.375,60.125,5,1.2,0.5987,12.83,0.046669,Nobile,39.1,False,Watch,
-85.875,294.875,4,2.0,0.3311,7.1,0.046631,Cabeus,58.9,False,Watch,
-87.875,154.125,3,2.0,0.3311,7.11,0.046554,Sverdrup,4.2,True,Watch,confirmed within Sverdrup PSR boundary
-85.625,158.625,10,2.3,0.2308,4.96,0.046543,Sverdrup,72.7,False,Background,
-85.375,91.875,4,1.75,0.4148,8.91,0.046525,Faustini,57.7,False,Watch,
-88.625,198.875,3,1.0,0.6656,14.31,0.046515,Shackleton,39.3,False,Watch,
-88.375,358.125,5,1.6,0.4649,10.0,0.046515,Haworth,27.6,False,Watch,
-86.625,278.375,3,2.3333,0.2197,4.73,0.046482,de_Gerlache,52.3,False,Background,
-87.125,116.875,3,2.0,0.3311,7.13,0.046453,Faustini,49.8,False,Watch,
-87.875,236.125,3,1.3333,0.5541,11.93,0.046438,de_Gerlache,37.8,False,Watch,
-88.875,199.125,3,1.6667,0.4426,9.54,0.046391,Shackleton,32.0,False,Watch,
-87.875,221.875,5,1.8,0.398,8.6,0.046298,de_Gerlache,50.3,False,Watch,
-88.625,122.625,3,1.0,0.6656,14.4,0.046231,Shackleton,31.8,False,Watch,
-87.125,84.625,3,2.3333,0.2197,4.75,0.046203,Faustini,3.1,True,Background,confirmed within Faustini PSR boundary
-88.125,228.875,6,1.6667,0.4426,9.58,0.04618,de_Gerlache,39.9,False,Watch,
-87.375,223.125,5,2.6,0.1305,2.83,0.046148,de_Gerlache,60.0,False,Background,
-86.125,98.875,3,1.6667,0.4426,9.59,0.046147,Faustini,42.4,False,Watch,
-85.625,55.125,3,2.0,0.3311,7.18,0.046125,Nobile,14.0,True,Watch,confirmed within Nobile PSR boundary
-87.375,175.375,5,1.6,0.4649,10.08,0.046123,Sverdrup,33.4,False,Watch,
-88.375,180.875,3,2.0,0.3311,7.18,0.046093,Sverdrup,29.1,False,Watch,
-86.375,9.625,8,2.0,0.3311,7.19,0.046089,Haworth,40.3,False,Watch,
-88.625,121.125,4,0.75,0.7492,16.27,0.046058,Shackleton,31.8,False,Watch,strong CSETN suppression near Shackleton
-89.125,6.375,3,2.0,0.3311,7.19,0.046029,Shackleton,33.1,False,Watch,
-86.125,122.875,3,2.0,0.3311,7.2,0.046019,Sverdrup,71.4,False,Watch,
-86.125,66.375,4,1.75,0.4148,9.02,0.045988,Nobile,41.0,False,Watch,
-89.125,171.625,15,2.0,0.3311,7.21,0.045952,Shackleton,20.3,False,Watch,
-89.125,334.125,6,2.1667,0.2754,5.99,0.045948,Shackleton,35.9,False,Background,
-87.125,162.125,3,1.6667,0.4426,9.63,0.045943,Sverdrup,29.2,False,Watch,
-88.625,217.875,12,2.0,0.3311,7.21,0.04594,Shackleton,42.6,False,Watch,
-87.875,168.875,3,2.0,0.3311,7.21,0.045905,Sverdrup,18.2,False,Watch,
-86.625,138.875,4,2.0,0.3311,7.21,0.045904,Sverdrup,45.7,False,Watch,
-86.625,211.375,4,1.75,0.4148,9.04,0.045902,Sverdrup,87.9,False,Watch,
-86.125,226.625,5,2.4,0.1974,4.3,0.045863,de_Gerlache,89.5,False,Background,
-87.625,77.875,3,1.0,0.6656,14.52,0.045852,Faustini,14.8,True,Watch,confirmed within Faustini PSR — strong suppression
-86.875,223.125,3,2.0,0.3311,7.22,0.045843,de_Gerlache,72.3,False,Watch,
-88.125,217.875,4,2.25,0.2475,5.41,0.045788,de_Gerlache,49.2,False,Background,
-88.625,76.875,4,2.25,0.2475,5.41,0.045778,Shackleton,36.5,False,Background,
-89.125,146.625,4,1.5,0.4984,10.89,0.045774,Shackleton,17.2,False,Watch,
-87.875,155.375,3,2.0,0.3311,7.24,0.045764,Sverdrup,4.9,True,Watch,confirmed within Sverdrup PSR boundary
-85.875,63.875,4,2.0,0.3311,7.24,0.045734,Nobile,32.2,True,Watch,confirmed within Nobile PSR boundary
-89.125,6.875,3,2.0,0.3311,7.24,0.045732,Shackleton,33.0,False,Watch,
-89.625,330.625,5,2.4,0.1974,4.32,0.045729,Shackleton,21.0,False,Background,
-87.125,71.625,4,1.25,0.582,12.73,0.045724,Faustini,17.6,True,Watch,confirmed within Faustini PSR — strong suppression
-87.375,60.625,4,1.75,0.4148,9.07,0.045717,Faustini,32.7,False,Watch,
-88.125,47.625,5,2.4,0.1974,4.32,0.045708,Faustini,50.9,False,Background,
-89.625,214.625,3,1.3333,0.5541,12.12,0.045703,Shackleton,14.5,False,Watch,
-86.375,231.625,5,2.2,0.2643,5.78,0.0457,de_Gerlache,78.5,False,Background,
-86.125,81.875,4,1.25,0.582,12.74,0.045671,Faustini,32.7,False,Watch,
-85.875,93.375,3,1.3333,0.5541,12.14,0.04563,Faustini,44.1,False,Watch,
-86.625,5.125,3,2.0,0.3311,7.26,0.045629,Haworth,29.8,False,Watch,
-89.375,10.875,3,2.3333,0.2197,4.82,0.04562,Shackleton,25.3,False,Background,
-86.125,218.125,8,1.875,0.373,8.18,0.045619,de_Gerlache,96.7,False,Watch,
-87.625,3.125,4,2.25,0.2475,5.43,0.045578,Haworth,11.1,True,Background,confirmed within Haworth PSR boundary
-86.125,347.125,5,2.0,0.3311,7.28,0.045504,Haworth,43.0,False,Watch,
-89.375,191.375,3,1.3333,0.5541,12.19,0.045453,Shackleton,16.8,False,Watch,
-85.375,197.875,4,2.25,0.2475,5.45,0.045443,Sverdrup,106.7,False,Background,
-86.375,230.625,3,2.0,0.3311,7.29,0.045401,de_Gerlache,79.3,False,Watch,
-85.625,227.375,8,2.125,0.2893,6.38,0.045373,de_Gerlache,103.0,False,Background,
-86.375,222.375,5,2.0,0.3311,7.3,0.045352,de_Gerlache,86.2,False,Watch,
-85.375,58.375,4,2.25,0.2475,5.46,0.045338,Nobile,13.5,True,Background,confirmed within Nobile PSR boundary
-89.125,326.875,5,1.4,0.5318,11.73,0.045327,Shackleton,36.2,False,Watch,
-87.875,161.875,3,2.3333,0.2197,4.85,0.045325,Sverdrup,10.9,True,Background,confirmed within Sverdrup PSR boundary
-88.625,358.125,3,1.6667,0.4426,9.77,0.045311,Haworth,35.1,False,Watch,
-87.125,67.625,3,2.0,0.3311,7.31,0.045311,Faustini,23.5,False,Watch,
-89.625,207.125,5,1.2,0.5987,13.22,0.045274,Shackleton,13.4,False,Watch,
-87.375,79.625,3,2.3333,0.2197,4.86,0.04524,Faustini,7.4,True,Background,confirmed within Faustini PSR boundary
-86.875,155.125,3,1.6667,0.4426,9.8,0.045168,Sverdrup,34.3,False,Watch,
-86.875,222.875,4,2.0,0.3311,7.33,0.045149,de_Gerlache,72.5,False,Watch,
-86.625,289.125,3,2.0,0.3311,7.34,0.045143,de_Gerlache,56.0,False,Watch,
-86.125,79.875,3,1.3333,0.5541,12.29,0.04509,Faustini,33.1,False,Watch,
-85.375,301.875,3,1.3333,0.5541,12.29,0.045085,Cabeus,38.9,True,Watch,confirmed within Cabeus PSR — strong suppression
-85.875,181.625,3,2.0,0.3311,7.35,0.045082,Sverdrup,77.9,False,Watch,
-87.375,191.375,4,2.25,0.2475,5.49,0.045061,Sverdrup,50.0,False,Background,
-87.125,324.875,4,2.0,0.3311,7.35,0.045052,Haworth,44.2,False,Watch,
-85.625,153.125,6,1.6667,0.4426,9.83,0.045042,Sverdrup,72.0,False,Watch,
-86.125,177.625,4,2.25,0.2475,5.5,0.045038,Sverdrup,67.7,False,Background,
-86.375,95.625,3,2.0,0.3311,7.35,0.045033,Faustini,32.5,False,Watch,
-88.875,149.125,4,2.25,0.2475,5.5,0.045033,Shackleton,24.9,False,Background,
-87.125,57.875,3,1.6667,0.4426,9.84,0.045004,Faustini,37.8,False,Watch,
-89.125,159.375,4,1.75,0.4148,9.22,0.044992,Shackleton,18.5,False,Watch,
-86.625,220.625,6,2.3333,0.2197,4.88,0.044973,de_Gerlache,81.0,False,Background,
-88.375,221.625,11,2.2727,0.2399,5.34,0.044941,de_Gerlache,42.5,False,Background,
-86.625,94.125,3,2.0,0.3311,7.37,0.044935,Faustini,24.8,False,Watch,
-88.375,158.625,3,1.0,0.6656,14.82,0.044907,Sverdrup,12.8,True,Watch,confirmed within Sverdrup PSR — strong suppression
-89.125,165.375,9,2.1111,0.294,6.56,0.044815,Shackleton,19.3,False,Background,
-88.125,11.625,3,1.6667,0.4426,9.88,0.044806,Haworth,27.3,False,Watch,
-87.875,308.625,3,2.0,0.3311,7.39,0.044795,de_Gerlache,38.4,False,Watch,
-88.375,37.375,6,2.1667,0.2754,6.15,0.044792,Shackleton,50.6,False,Background,
-85.625,307.875,3,2.3333,0.2197,4.91,0.044754,Cabeus,29.9,True,Background,confirmed within Cabeus PSR boundary
-89.375,352.125,6,2.3333,0.2197,4.91,0.044698,Shackleton,27.2,False,Background,
-85.625,221.875,6,2.3333,0.2197,4.92,0.04464,de_Gerlache,107.5,False,Background,
-85.125,103.375,3,1.6667,0.4426,9.92,0.044632,Faustini,74.1,False,Watch,
-87.375,46.125,5,1.0,0.6656,14.92,0.044598,Faustini,52.6,False,Watch,
-87.875,226.125,4,1.25,0.582,13.07,0.044537,de_Gerlache,46.6,False,Watch,
-88.625,294.875,3,1.3333,0.5541,12.44,0.044537,de_Gerlache,20.3,False,Watch,
-86.375,83.625,4,2.0,0.3311,7.44,0.044529,Faustini,25.0,False,Watch,
-87.125,219.625,3,2.3333,0.2197,4.94,0.044509,de_Gerlache,69.1,False,Background,
-87.875,2.375,6,1.5,0.4984,11.2,0.044495,Haworth,15.0,True,Watch,confirmed within Haworth PSR boundary
-86.875,32.875,3,1.6667,0.4426,9.95,0.044486,Haworth,57.7,False,Watch,
-88.875,312.875,10,2.0,0.3311,7.45,0.044435,de_Gerlache,33.4,False,Watch,
-88.875,81.375,3,2.3333,0.2197,4.94,0.044424,Shackleton,28.4,False,Background,
-89.375,336.375,4,2.5,0.1639,3.69,0.044413,Shackleton,28.2,False,Background,
-85.875,189.125,5,2.4,0.1974,4.44,0.044409,Sverdrup,84.5,False,Background,
-85.375,286.375,3,1.3333,0.5541,12.48,0.044385,Cabeus,76.6,False,Watch,
-85.875,318.125,5,2.4,0.1974,4.45,0.044384,Cabeus,30.0,True,Background,confirmed within Cabeus PSR boundary
-88.375,47.875,6,2.6667,0.1082,2.44,0.044371,Shackleton,48.8,False,Background,
-87.625,70.375,3,2.3333,0.2197,4.95,0.044362,Faustini,21.8,False,Background,
-87.875,93.625,3,2.0,0.3311,7.47,0.044356,Faustini,24.4,False,Watch,
-86.125,106.625,3,2.0,0.3311,7.48,0.044298,Faustini,51.9,False,Watch,
-86.625,209.375,3,1.6667,0.4426,10.0,0.044276,Sverdrup,85.8,False,Watch,
-89.125,323.625,3,2.3333,0.2197,4.96,0.044265,Shackleton,36.3,False,Background,
-86.375,356.875,9,2.1111,0.294,6.64,0.04425,Haworth,33.3,False,Background,
-86.625,138.625,4,2.0,0.3311,7.5,0.04415,Sverdrup,45.8,False,Watch,
-88.625,218.875,8,1.875,0.373,8.45,0.044142,de_Gerlache,42.1,False,Watch,
-87.875,255.375,3,1.6667,0.4426,10.03,0.044139,de_Gerlache,21.5,False,Watch,
-87.875,262.375,3,2.0,0.3311,7.5,0.044132,de_Gerlache,16.8,False,Watch,
-89.125,356.375,3,1.6667,0.4426,10.04,0.044094,Shackleton,34.2,False,Watch,
-86.375,96.875,3,2.0,0.3311,7.51,0.044085,Faustini,33.9,False,Watch,
-86.875,44.875,4,1.75,0.4148,9.41,0.044076,Nobile,54.4,False,Watch,
-89.375,42.875,3,2.3333,0.2197,4.98,0.044071,Shackleton,20.9,False,Background,
-86.125,274.625,3,2.3333,0.2197,4.99,0.044062,de_Gerlache,67.0,False,Background,
-89.125,151.625,3,2.0,0.3311,7.52,0.044056,Shackleton,17.7,False,Watch,
-88.375,251.125,4,1.75,0.4148,9.42,0.044044,de_Gerlache,18.2,False,Watch,
-86.125,93.125,3,1.3333,0.5541,12.6,0.043987,Faustini,36.9,False,Watch,
-87.375,240.875,3,2.3333,0.2197,5.0,0.043969,de_Gerlache,44.7,False,Background,
-87.625,53.875,3,0.6667,0.777,17.68,0.043959,Faustini,41.7,False,Watch,strong CSETN suppression near Faustini
-88.375,223.625,5,1.6,0.4649,10.58,0.043952,de_Gerlache,41.0,False,Watch,
-88.125,240.875,3,1.6667,0.4426,10.09,0.043881,de_Gerlache,29.5,False,Watch,
-85.125,272.875,3,2.3333,0.2197,5.01,0.043833,de_Gerlache,97.2,False,Background,
-88.125,352.375,4,1.75,0.4148,9.47,0.043815,Haworth,20.2,True,Watch,confirmed within Haworth PSR boundary
-86.375,183.875,3,2.3333,0.2197,5.02,0.04378,Sverdrup,66.2,False,Background,
-87.375,89.625,3,2.0,0.3311,7.58,0.043699,Faustini,10.6,True,Watch,confirmed within Faustini PSR boundary
-87.375,216.625,8,2.5,0.1639,3.75,0.043677,de_Gerlache,65.7,False,Background,
-89.625,124.625,3,1.6667,0.4426,10.13,0.043676,Shackleton,1.6,True,Watch,confirmed within Shackleton PSR boundary
-88.125,226.875,10,1.6,0.4649,10.65,0.043656,de_Gerlache,41.6,False,Watch,
-88.375,93.625,4,2.25,0.2475,5.68,0.043606,Faustini,37.5,False,Background,
-87.875,233.625,4,1.25,0.582,13.35,0.043602,de_Gerlache,40.0,False,Watch,
-85.625,343.875,4,2.25,0.2475,5.68,0.043549,Haworth,59.5,False,Background,
-87.125,233.125,6,2.0,0.3311,7.6,0.043544,de_Gerlache,57.4,False,Watch,
-87.875,231.375,5,1.2,0.5987,13.75,0.043533,de_Gerlache,42.0,False,Watch,
-89.125,186.125,8,2.125,0.2893,6.65,0.043501,Shackleton,22.6,False,Background,
-87.375,308.125,3,2.0,0.3311,7.61,0.043496,de_Gerlache,48.9,False,Watch,
-88.375,222.125,8,1.875,0.373,8.58,0.043469,de_Gerlache,42.1,False,Watch,
-86.625,234.875,6,2.5,0.1639,3.77,0.043443,de_Gerlache,69.1,False,Background,
-85.875,198.125,4,2.25,0.2475,5.7,0.04342,Sverdrup,93.3,False,Background,
-89.125,334.375,6,2.1667,0.2754,6.35,0.043405,Shackleton,35.9,False,Background,
-87.375,64.875,3,1.6667,0.4426,10.2,0.043399,Faustini,26.8,False,Watch,
-88.875,202.625,8,1.625,0.4566,10.53,0.043377,Shackleton,32.7,False,Watch,
-89.375,211.875,3,2.0,0.3311,7.63,0.043377,Shackleton,20.2,False,Watch,
-85.625,187.875,4,2.0,0.3311,7.65,0.043312,Sverdrup,90.3,False,Watch,
-86.375,149.375,3,2.3333,0.2197,5.07,0.043286,Sverdrup,49.5,False,Background,
-88.375,242.125,3,2.0,0.3311,7.65,0.043275,de_Gerlache,25.8,False,Watch,
-87.125,237.125,3,2.3333,0.2197,5.08,0.043257,de_Gerlache,54.0,False,Background,
-87.625,29.625,3,1.3333,0.5541,12.82,0.043231,Haworth,44.1,False,Watch,
-85.625,240.375,5,1.4,0.5318,12.3,0.04322,de_Gerlache,93.4,False,Watch,
-87.625,266.375,3,2.3333,0.2197,5.09,0.043179,de_Gerlache,22.2,False,Background,
-86.125,208.125,4,2.25,0.2475,5.74,0.043127,Sverdrup,97.1,False,Background,
-87.375,6.625,3,1.3333,0.5541,12.87,0.043057,Haworth,15.6,True,Watch,confirmed within Haworth PSR — strong suppression
-88.625,253.375,3,1.3333,0.5541,12.88,0.043035,de_Gerlache,17.4,False,Watch,
-86.375,64.375,4,1.5,0.4984,11.58,0.043024,Faustini,40.4,False,Watch,
-86.625,74.375,3,2.3333,0.2197,5.11,0.043023,Faustini,22.6,False,Background,
-85.875,136.875,4,2.25,0.2475,5.76,0.042956,Sverdrup,68.6,False,Background,
-86.875,240.625,4,2.0,0.3311,7.71,0.042949,de_Gerlache,57.9,False,Watch,
-85.875,245.625,5,1.6,0.4649,10.83,0.042935,de_Gerlache,82.8,False,Watch,
-87.875,93.375,4,2.0,0.3311,7.71,0.042934,Faustini,24.3,False,Watch,
-86.625,242.875,3,2.0,0.3311,7.71,0.042924,de_Gerlache,63.1,False,Watch,
-87.375,86.375,3,2.3333,0.2197,5.12,0.042897,Faustini,6.9,True,Background,confirmed within Faustini PSR boundary
-85.375,226.125,3,2.3333,0.2197,5.13,0.042833,de_Gerlache,111.1,False,Background,
-85.375,69.375,5,2.0,0.3311,7.74,0.042809,Nobile,39.9,False,Watch,
-87.375,301.625,3,2.0,0.3311,7.74,0.042807,de_Gerlache,43.5,False,Watch,
-87.875,4.875,3,1.3333,0.5541,12.95,0.042796,Haworth,17.0,True,Watch,confirmed within Haworth PSR — strong suppression
-88.875,311.125,3,2.0,0.3311,7.74,0.042786,de_Gerlache,32.4,False,Watch,
-89.625,124.875,3,1.6667,0.4426,10.35,0.042764,Shackleton,1.6,True,Watch,confirmed within Shackleton PSR boundary
-87.375,101.125,3,1.6667,0.4426,10.35,0.042756,Faustini,26.1,False,Watch,
-89.375,326.875,5,2.4,0.1974,4.62,0.042752,Shackleton,28.7,False,Background,
-85.875,195.875,4,2.25,0.2475,5.8,0.042687,Sverdrup,91.1,False,Background,
-88.375,3.875,3,1.0,0.6656,15.59,0.042683,Haworth,28.9,False,Watch,
-87.125,50.875,5,2.2,0.2643,6.2,0.042654,Faustini,48.0,False,Background,
-87.875,223.125,5,2.0,0.3311,7.76,0.042647,de_Gerlache,49.2,False,Watch,
-87.625,75.625,5,1.4,0.5318,12.47,0.042634,Faustini,16.6,True,Watch,confirmed within Faustini PSR — strong suppression
-86.875,215.625,10,2.2,0.2643,6.2,0.042629,de_Gerlache,78.9,False,Background,
-87.625,230.125,5,1.4,0.5318,12.48,0.04262,de_Gerlache,48.2,False,Watch,
-85.875,133.875,8,2.25,0.2475,5.81,0.042617,Sverdrup,70.3,False,Background,
-88.125,49.375,5,2.4,0.1974,4.63,0.042606,Faustini,49.2,False,Background,
-86.625,237.125,3,1.6667,0.4426,10.4,0.042567,de_Gerlache,67.3,False,Watch,
-86.125,230.125,4,2.5,0.1639,3.85,0.042558,de_Gerlache,86.7,False,Background,
-89.125,341.625,3,2.0,0.3311,7.78,0.042546,Shackleton,35.4,False,Watch,
-87.875,345.625,3,1.3333,0.5541,13.03,0.042537,Haworth,17.1,True,Watch,confirmed within Haworth PSR — strong suppression
-87.125,308.125,3,2.3333,0.2197,5.17,0.04253,de_Gerlache,55.1,False,Background,
-87.875,212.875,7,1.2857,0.57,13.41,0.042517,de_Gerlache,58.0,False,Watch,
-86.625,148.875,4,2.25,0.2475,5.82,0.04251,Sverdrup,42.0,False,Background,
-87.875,125.875,3,2.3333,0.2197,5.17,0.042494,Sverdrup,29.0,False,Background,
-85.125,6.875,4,2.0,0.3311,7.8,0.042478,Haworth,74.3,False,Watch,
-85.125,77.875,5,1.8,0.398,9.37,0.042457,Nobile,61.9,False,Watch,
-85.875,68.375,3,0.6667,0.777,18.31,0.042449,Nobile,40.8,False,Watch,strong CSETN suppression near Nobile
-86.875,223.875,6,2.3333,0.2197,5.18,0.042442,de_Gerlache,71.7,False,Background,
-85.375,295.875,5,1.8,0.398,9.38,0.042433,Cabeus,53.4,False,Watch,
-88.875,124.625,3,2.0,0.3311,7.81,0.04239,Shackleton,24.2,False,Watch,
-89.625,15.625,6,2.1667,0.2754,6.5,0.042374,Shackleton,17.9,False,Background,
-88.125,47.875,4,2.5,0.1639,3.87,0.042372,Faustini,50.7,False,Background,
-86.125,97.375,4,2.25,0.2475,5.84,0.04236,Faustini,40.8,False,Background,
-88.875,323.375,3,1.3333,0.5541,13.09,0.042331,de_Gerlache,39.6,False,Watch,
-89.625,229.875,3,1.6667,0.4426,10.47,0.042295,Shackleton,16.4,False,Watch,
-86.375,61.125,3,1.3333,0.5541,13.1,0.042293,Nobile,39.9,False,Watch,
-86.375,60.875,3,1.3333,0.5541,13.1,0.042289,Nobile,39.7,False,Watch,
-89.625,51.125,4,1.25,0.582,13.77,0.042251,Shackleton,13.5,False,Watch,
-86.375,108.625,3,1.6667,0.4426,10.48,0.042231,Faustini,49.2,False,Watch,
-86.125,285.625,3,1.3333,0.5541,13.12,0.042225,de_Gerlache,69.3,False,Watch,
-87.375,75.875,3,0.6667,0.777,18.42,0.042179,Faustini,11.8,True,Watch,confirmed within Faustini PSR — strong suppression
-86.375,67.125,3,2.0,0.3311,7.85,0.042174,Faustini,36.9,False,Watch,
-85.125,350.125,3,1.6667,0.4426,10.5,0.042168,Haworth,71.8,False,Watch,
-86.875,237.875,5,2.6,0.1305,3.1,0.042154,de_Gerlache,60.0,False,Background,
-87.375,61.875,4,2.0,0.3311,7.86,0.042124,Faustini,30.9,False,Watch,
-89.125,356.125,4,1.75,0.4148,9.85,0.042108,Shackleton,34.2,False,Watch,
-87.625,213.875,14,2.2143,0.2595,6.17,0.042087,de_Gerlache,62.4,False,Background,
-87.875,85.625,4,1.75,0.4148,9.87,0.042035,Faustini,20.7,True,Watch,confirmed within Faustini PSR boundary
-89.375,50.125,3,2.3333,0.2197,5.23,0.04202,Shackleton,19.7,False,Background,
-85.125,220.375,6,2.3333,0.2197,5.23,0.042008,de_Gerlache,123.0,False,Background,
-88.625,104.375,3,2.3333,0.2197,5.23,0.042,Shackleton,32.9,False,Background,
-89.625,282.125,4,1.5,0.4984,11.87,0.04199,Shackleton,20.8,False,Watch,
-85.625,132.375,8,2.375,0.2057,4.9,0.041986,Sverdrup,78.5,False,Background,
-88.625,45.875,3,1.3333,0.5541,13.2,0.041972,Shackleton,41.8,False,Watch,
-85.375,302.625,3,2.0,0.3311,7.89,0.041972,Cabeus,37.2,True,Watch,confirmed within Cabeus PSR boundary
-85.625,74.125,3,2.0,0.3311,7.89,0.041958,Faustini,50.7,False,Watch,
-85.875,75.625,5,2.0,0.3311,7.89,0.041957,Faustini,42.4,False,Watch,
-86.125,65.375,5,1.6,0.4649,11.08,0.041948,Nobile,39.4,False,Watch,
-85.125,120.625,5,2.4,0.1974,4.71,0.04194,Faustini,95.4,False,Background,
-86.625,231.375,4,2.0,0.3311,7.9,0.041933,de_Gerlache,71.9,False,Watch,
-85.375,149.125,4,2.0,0.3311,7.9,0.041919,Sverdrup,79.8,False,Watch,
-87.125,316.125,3,1.3333,0.5541,13.22,0.041911,Haworth,55.8,False,Watch,
-87.375,21.125,4,2.5,0.1639,3.91,0.041894,Haworth,35.0,False,Background,
-88.375,233.375,3,2.3333,0.2197,5.25,0.04188,de_Gerlache,33.1,False,Background,
-85.375,73.375,3,1.6667,0.4426,10.58,0.041838,Nobile,49.6,False,Watch,
-87.375,180.375,3,2.3333,0.2197,5.25,0.041832,Sverdrup,38.5,False,Background,
-88.875,89.875,3,2.3333,0.2197,5.25,0.041825,Shackleton,27.2,False,Background,
-87.625,204.875,3,1.6667,0.4426,10.59,0.041788,Sverdrup,59.4,False,Watch,
-87.875,258.375,3,2.0,0.3311,7.93,0.041782,de_Gerlache,19.3,False,Watch,
-86.625,65.625,3,1.6667,0.4426,10.6,0.041771,Faustini,33.5,False,Watch,
-85.375,210.875,5,2.4,0.1974,4.73,0.041747,Sverdrup,120.1,False,Background,
-87.375,312.875,6,1.3333,0.5541,13.28,0.041739,de_Gerlache,52.9,False,Watch,
-86.875,53.375,3,1.6667,0.4426,10.61,0.041726,Faustini,47.3,False,Watch,
-85.625,52.125,3,2.0,0.3311,7.94,0.041709,Nobile,13.9,True,Watch,confirmed within Nobile PSR boundary
-88.125,301.625,3,1.6667,0.4426,10.61,0.041706,de_Gerlache,28.1,False,Watch,
-87.125,116.625,3,2.0,0.3311,7.94,0.041685,Faustini,49.4,False,Watch,
-88.625,353.625,5,1.8,0.398,9.55,0.041684,Haworth,35.1,False,Watch,
-88.875,314.875,4,2.0,0.3311,7.95,0.041679,de_Gerlache,34.6,False,Watch,
-86.125,94.375,3,1.3333,0.5541,13.3,0.04167,Faustini,37.9,False,Watch,
-88.125,350.375,4,1.5,0.4984,11.97,0.041649,Haworth,20.7,True,Watch,confirmed within Haworth PSR boundary
-85.625,299.875,7,1.8571,0.3789,9.1,0.041626,Cabeus,45.8,True,Watch,confirmed within Cabeus PSR boundary
-87.625,329.875,3,2.0,0.3311,7.96,0.04161,Haworth,33.1,False,Watch,
-87.875,169.125,5,2.2,0.2643,6.35,0.041586,Sverdrup,18.5,False,Background,
-85.125,88.375,4,2.5,0.1639,3.95,0.041547,Faustini,63.7,False,Background,
-89.375,192.375,6,1.5,0.4984,12.0,0.041542,Shackleton,16.9,False,Watch,
-86.625,149.875,3,2.3333,0.2197,5.29,0.04153,Sverdrup,41.9,False,Background,
-88.375,182.375,3,2.3333,0.2197,5.29,0.041497,Sverdrup,30.4,False,Background,
-85.375,57.625,3,2.3333,0.2197,5.29,0.041496,Nobile,11.8,True,Background,confirmed within Nobile PSR boundary
-89.375,353.125,3,2.3333,0.2197,5.29,0.041491,Shackleton,27.1,False,Background,
-87.375,219.125,5,2.4,0.1974,4.76,0.04149,de_Gerlache,63.5,False,Background,
-88.125,128.375,3,1.6667,0.4426,10.67,0.041465,Sverdrup,24.8,False,Watch,
-87.875,44.875,5,2.4,0.1974,4.77,0.041379,Faustini,52.7,False,Background,
-86.125,217.375,3,1.3333,0.5541,13.39,0.04137,de_Gerlache,97.4,False,Watch,
-85.875,287.625,3,2.0,0.3311,8.01,0.041366,Cabeus,74.2,False,Watch,
-89.625,251.375,3,1.0,0.6656,16.09,0.041363,Shackleton,18.7,False,Watch,
-87.875,78.375,3,2.0,0.3311,8.01,0.041352,Faustini,21.4,True,Watch,confirmed within Faustini PSR boundary
-88.125,88.625,3,1.6667,0.4426,10.7,0.04135,Faustini,28.8,False,Watch,
-86.375,244.125,4,1.5,0.4984,12.07,0.041298,de_Gerlache,69.3,False,Watch,
-86.125,143.375,4,2.0,0.3311,8.02,0.041287,Sverdrup,58.4,False,Watch,
-87.125,158.125,3,2.3333,0.2197,5.32,0.041268,Sverdrup,27.5,False,Background,
-85.375,248.625,3,0.6667,0.777,18.85,0.041232,de_Gerlache,95.9,False,Watch,strong CSETN suppression near de_Gerlache
-86.625,120.625,4,2.25,0.2475,6.01,0.041201,Sverdrup,60.1,False,Background,
-88.875,198.625,5,1.8,0.398,9.68,0.041137,Shackleton,32.0,False,Watch,
-88.625,356.625,7,2.0,0.3311,8.05,0.041126,Haworth,35.0,False,Watch,
-88.875,326.875,10,1.8,0.398,9.69,0.041093,de_Gerlache,41.7,False,Watch,
-88.125,141.875,3,2.3333,0.2197,5.35,0.041054,Sverdrup,11.5,True,Background,confirmed within Sverdrup PSR boundary
-86.375,163.375,3,2.0,0.3311,8.07,0.041049,Sverdrup,51.6,False,Watch,
-89.875,284.375,3,1.3333,0.5541,13.5,0.041033,Shackleton,13.5,False,Watch,
-89.125,22.375,6,2.0,0.3311,8.1,0.040904,Shackleton,31.0,False,Watch,
-85.375,83.375,3,2.0,0.3311,8.1,0.04089,Faustini,55.3,False,Watch,
-88.625,337.625,3,1.3333,0.5541,13.55,0.040886,Haworth,39.1,False,Watch,
-86.125,60.625,4,2.25,0.2475,6.05,0.040885,Nobile,32.9,True,Background,confirmed within Nobile PSR boundary
-85.375,274.875,3,2.0,0.3311,8.12,0.040796,de_Gerlache,89.7,False,Watch,
-88.625,207.375,3,1.6667,0.4426,10.85,0.040781,Shackleton,40.8,False,Watch,
-86.125,306.125,3,2.0,0.3311,8.13,0.040746,Cabeus,43.8,True,Watch,confirmed within Cabeus PSR boundary
-87.875,6.375,3,1.3333,0.5541,13.6,0.04074,Haworth,18.3,True,Watch,confirmed within Haworth PSR — strong suppression
-85.875,282.375,3,2.3333,0.2197,5.39,0.040733,de_Gerlache,75.8,False,Background,
-88.125,33.125,14,2.2143,0.2595,6.37,0.040732,Haworth,47.2,False,Background,
-86.375,298.875,3,2.3333,0.2197,5.39,0.040728,Cabeus,59.2,False,Background,
-86.125,212.375,5,2.6,0.1305,3.2,0.040717,Sverdrup,101.6,False,Background,
-86.625,142.625,7,2.4286,0.1878,4.61,0.040714,Sverdrup,43.8,False,Background,
-85.625,66.375,5,1.4,0.5318,13.08,0.040668,Nobile,33.9,True,Watch,confirmed within Nobile PSR — strong suppression
-87.875,356.625,4,2.25,0.2475,6.09,0.040662,Haworth,12.4,True,Background,confirmed within Haworth PSR boundary
-85.875,11.625,6,1.6667,0.4426,10.9,0.040602,Haworth,55.8,False,Watch,
-89.375,332.875,5,2.4,0.1974,4.86,0.040601,Shackleton,28.4,False,Background,
-87.125,227.875,5,2.4,0.1974,4.86,0.040579,de_Gerlache,61.9,False,Background,
-87.625,4.375,3,2.3333,0.2197,5.41,0.040575,Haworth,12.6,True,Background,confirmed within Haworth PSR boundary
-86.875,336.125,3,2.3333,0.2197,5.42,0.040566,Haworth,33.7,False,Background,
-89.625,310.375,3,2.0,0.3311,8.17,0.040543,Shackleton,21.4,False,Watch,
-88.875,315.125,3,2.0,0.3311,8.17,0.040542,de_Gerlache,34.7,False,Watch,
-87.375,0.375,3,2.3333,0.2197,5.42,0.040514,Haworth,7.5,True,Background,confirmed within Haworth PSR boundary
-88.375,178.875,5,2.2,0.2643,6.53,0.040491,Sverdrup,27.4,False,Background,
-86.875,8.625,4,1.75,0.4148,10.25,0.040463,Haworth,26.7,False,Watch,
-86.625,103.625,4,2.0,0.3311,8.19,0.040436,Faustini,37.3,False,Watch,
-89.625,125.625,4,1.75,0.4148,10.27,0.040399,Shackleton,1.5,True,Watch,confirmed within Shackleton PSR boundary
-89.625,240.125,3,2.3333,0.2197,5.44,0.040391,Shackleton,17.6,False,Background,
-88.375,349.625,4,2.5,0.1639,4.06,0.04039,Haworth,28.1,False,Background,
-86.375,84.625,3,2.0,0.3311,8.2,0.040368,Faustini,25.1,False,Watch,
-86.625,73.375,3,2.0,0.3311,8.2,0.040362,Faustini,23.7,False,Watch,
-87.625,235.125,3,2.0,0.3311,8.21,0.040359,de_Gerlache,43.8,False,Watch,
-89.625,129.125,4,1.75,0.4148,10.28,0.04034,Shackleton,1.4,True,Watch,confirmed within Shackleton PSR boundary
-86.125,92.375,4,1.0,0.6656,16.5,0.040333,Faustini,36.3,False,Watch,
-87.375,232.375,4,1.75,0.4148,10.29,0.040308,de_Gerlache,51.9,False,Watch,
-86.375,261.625,3,2.3333,0.2197,5.45,0.040288,de_Gerlache,60.8,False,Background,
-85.625,249.125,3,1.3333,0.5541,13.76,0.040273,de_Gerlache,88.2,False,Watch,
-87.375,230.625,5,1.8,0.398,9.89,0.040255,de_Gerlache,53.4,False,Watch,
-86.375,137.375,5,2.2,0.2643,6.57,0.040248,Sverdrup,53.8,False,Background,
-85.125,53.875,5,2.0,0.3311,8.23,0.040243,Nobile,1.9,True,Watch,confirmed within Nobile PSR boundary
-85.625,292.375,3,2.0,0.3311,8.24,0.040193,Cabeus,62.6,False,Watch,
-85.875,316.375,3,2.3333,0.2197,5.47,0.040178,Cabeus,29.6,True,Background,confirmed within Cabeus PSR boundary
-85.125,208.125,4,2.0,0.3311,8.25,0.040161,Sverdrup,124.1,False,Watch,
-86.125,238.375,3,1.6667,0.4426,11.02,0.040151,de_Gerlache,80.4,False,Watch,
-86.625,329.625,3,2.0,0.3311,8.25,0.040151,Haworth,47.0,False,Watch,
-85.125,229.875,6,2.0,0.3311,8.25,0.040151,de_Gerlache,115.4,False,Watch,
-86.125,316.125,4,2.5,0.1639,4.09,0.040108,Cabeus,37.1,True,Background,confirmed within Cabeus PSR boundary
-85.375,249.625,4,1.25,0.582,14.51,0.040101,de_Gerlache,95.4,False,Watch,
-85.625,73.375,5,2.4,0.1974,4.92,0.040099,Nobile,49.8,False,Background,
-85.125,63.375,7,2.1429,0.2834,7.07,0.040058,Nobile,25.3,True,Background,confirmed within Nobile PSR boundary
-88.375,252.875,3,2.0,0.3311,8.27,0.040049,de_Gerlache,16.7,False,Watch,
-86.625,238.375,4,2.25,0.2475,6.18,0.040047,de_Gerlache,66.4,False,Background,
-85.875,103.375,3,2.0,0.3311,8.28,0.039992,Faustini,53.9,False,Watch,
-85.625,56.375,5,2.2,0.2643,6.62,0.039938,Nobile,15.2,True,Background,confirmed within Nobile PSR boundary
-89.375,338.125,9,2.3333,0.2197,5.5,0.039935,Shackleton,28.1,False,Background,
-86.875,158.625,3,2.3333,0.2197,5.5,0.039925,Sverdrup,35.1,False,Background,
-85.875,132.375,6,2.1667,0.2754,6.9,0.039907,Sverdrup,71.3,False,Background,
-86.375,359.375,3,2.0,0.3311,8.3,0.039897,Haworth,33.8,False,Watch,
-88.125,72.375,3,1.3333,0.5541,13.91,0.039847,Faustini,31.0,False,Watch,
-87.875,246.625,3,1.6667,0.4426,11.11,0.039839,de_Gerlache,28.6,False,Watch,
-86.125,294.625,4,2.0,0.3311,8.31,0.039829,Cabeus,62.2,False,Watch,
-85.625,103.875,4,2.5,0.1639,4.12,0.039818,Faustini,61.0,False,Background,
-88.375,142.375,3,2.0,0.3311,8.32,0.039817,Sverdrup,14.9,True,Watch,confirmed within Sverdrup PSR boundary
-87.125,82.375,3,2.6667,0.1082,2.72,0.039752,Faustini,2.6,True,Background,confirmed within Faustini PSR boundary
-86.375,342.625,3,2.0,0.3311,8.34,0.039718,Haworth,38.9,False,Watch,
-89.375,244.625,4,1.5,0.4984,12.55,0.0397,Shackleton,24.9,False,Watch,
-89.625,57.125,3,1.3333,0.5541,13.96,0.039685,Shackleton,12.7,False,Watch,
-86.125,78.375,3,1.3333,0.5541,13.97,0.039677,Faustini,33.7,False,Watch,
-89.375,170.875,3,1.6667,0.4426,11.17,0.039644,Shackleton,13.2,False,Watch,
-87.875,224.625,4,1.5,0.4984,12.57,0.039638,de_Gerlache,47.9,False,Watch,
-88.125,135.375,3,1.3333,0.5541,13.98,0.039623,Sverdrup,17.9,False,Watch,
-86.125,228.375,4,2.5,0.1639,4.14,0.039566,de_Gerlache,88.1,False,Background,
-89.125,14.875,7,2.1429,0.2834,7.16,0.039556,Shackleton,32.0,False,Background,
-87.375,0.625,5,2.4,0.1974,4.99,0.039552,Haworth,7.8,True,Background,confirmed within Haworth PSR boundary
-87.375,228.375,6,2.1667,0.2754,6.97,0.039514,de_Gerlache,55.4,False,Background,
-86.875,111.625,3,2.0,0.3311,8.39,0.039492,Faustini,45.0,False,Watch,
-89.625,306.625,3,2.0,0.3311,8.39,0.039485,Shackleton,21.4,False,Watch,
-89.375,354.375,4,2.25,0.2475,6.27,0.039484,Shackleton,27.0,False,Background,
-88.875,92.625,4,2.0,0.3311,8.4,0.03944,Shackleton,26.8,False,Watch,
-87.625,71.125,4,2.25,0.2475,6.28,0.039432,Faustini,20.9,True,Background,confirmed within Faustini PSR boundary
-85.125,53.375,3,2.0,0.3311,8.4,0.039422,Nobile,1.7,True,Watch,confirmed within Nobile PSR boundary
-85.625,72.625,3,1.6667,0.4426,11.23,0.039407,Nobile,48.1,False,Watch,
-86.875,34.375,4,2.0,0.3311,8.41,0.039392,Haworth,59.8,False,Watch,
-87.625,61.875,4,1.0,0.6656,16.9,0.039377,Faustini,31.7,False,Watch,
-89.625,322.125,5,2.2,0.2643,6.71,0.039366,Shackleton,21.2,False,Background,
-85.875,238.375,4,1.5,0.4984,12.67,0.039322,de_Gerlache,87.5,False,Watch,
-88.375,160.125,3,1.6667,0.4426,11.26,0.039296,Sverdrup,13.5,True,Watch,confirmed within Sverdrup PSR boundary
-88.625,39.625,4,1.25,0.582,14.81,0.039295,Shackleton,42.9,False,Watch,
-87.375,76.375,3,1.0,0.6656,16.94,0.039285,Faustini,11.2,True,Watch,confirmed within Faustini PSR — strong suppression
-87.625,201.375,3,1.6667,0.4426,11.27,0.039284,Sverdrup,55.8,False,Watch,
-87.875,123.375,4,2.0,0.3311,8.43,0.03928,Sverdrup,31.7,False,Watch,
-89.125,287.875,3,1.6667,0.4426,11.28,0.039255,de_Gerlache,26.1,False,Watch,
-87.125,69.625,3,2.0,0.3311,8.44,0.039249,Faustini,20.5,True,Watch,confirmed within Faustini PSR boundary
-89.625,30.125,3,2.0,0.3311,8.44,0.039244,Shackleton,16.3,False,Watch,
-88.125,51.125,6,2.5,0.1639,4.18,0.039219,Faustini,47.6,False,Background,
-86.125,275.875,4,2.5,0.1639,4.18,0.039211,de_Gerlache,67.1,False,Background,
-87.875,355.875,4,2.5,0.1639,4.18,0.039204,Haworth,12.3,True,Background,confirmed within Haworth PSR boundary
-89.125,133.625,4,2.25,0.2475,6.33,0.039137,Shackleton,16.6,False,Background,
-85.875,53.625,4,2.25,0.2475,6.33,0.039125,Nobile,21.1,True,Background,confirmed within Nobile PSR boundary
-85.375,75.875,4,1.75,0.4148,10.61,0.039095,Nobile,55.7,False,Watch,
-86.125,118.375,3,2.3333,0.2197,5.62,0.03906,Faustini,68.5,False,Background,
-87.625,169.375,3,2.0,0.3311,8.48,0.039055,Sverdrup,22.5,False,Watch,
-88.625,39.125,5,1.2,0.5987,15.33,0.03905,Shackleton,42.9,False,Watch,
-86.125,21.375,4,2.0,0.3311,8.48,0.03905,Haworth,59.1,False,Watch,
-86.875,231.125,6,2.3333,0.2197,5.63,0.03904,de_Gerlache,65.5,False,Background,
-87.125,63.375,4,2.0,0.3311,8.48,0.039035,Faustini,29.8,False,Watch,
-86.875,151.875,4,2.5,0.1639,4.2,0.039018,Sverdrup,34.1,False,Background,
-87.875,172.125,3,2.3333,0.2197,5.63,0.039011,Sverdrup,21.6,False,Background,
-86.875,256.125,3,2.3333,0.2197,5.63,0.039009,de_Gerlache,48.1,False,Background,
-86.625,43.125,3,1.3333,0.5541,14.21,0.038991,Nobile,49.1,False,Watch,
-89.375,297.625,3,2.0,0.3311,8.5,0.038963,Shackleton,28.8,False,Watch,
-85.375,85.125,3,2.0,0.3311,8.5,0.03895,Faustini,55.5,False,Watch,
-87.125,345.875,4,1.0,0.6656,17.1,0.038919,Haworth,17.1,True,Watch,confirmed within Haworth PSR — strong suppression
-86.375,159.625,3,2.0,0.3311,8.51,0.038903,Sverdrup,50.3,False,Watch,
-86.625,173.375,4,2.5,0.1639,4.22,0.038872,Sverdrup,50.5,False,Background,
-87.125,319.125,3,1.3333,0.5541,14.26,0.038859,Haworth,51.9,False,Watch,
-89.125,179.625,8,2.125,0.2893,7.45,0.038847,Shackleton,21.5,False,Background,
-87.125,236.375,7,2.2857,0.2356,6.07,0.038815,de_Gerlache,54.7,False,Background,
-85.875,105.625,4,2.0,0.3311,8.53,0.038811,Faustini,56.7,False,Watch,
-85.875,314.875,5,2.2,0.2643,6.81,0.038801,Cabeus,29.7,True,Background,confirmed within Cabeus PSR boundary
-87.375,66.125,4,2.0,0.3311,8.54,0.038782,Faustini,25.0,False,Watch,
-89.625,294.625,3,2.0,0.3311,8.54,0.03878,Shackleton,21.2,False,Watch,
-87.125,214.625,6,2.3333,0.2197,5.67,0.038772,de_Gerlache,73.5,False,Background,
-89.625,31.625,4,2.0,0.3311,8.54,0.038757,Shackleton,16.1,False,Watch,
-89.125,0.875,6,2.0,0.3311,8.54,0.038755,Shackleton,33.7,False,Watch,
-89.125,99.625,3,2.0,0.3311,8.55,0.038743,Shackleton,18.5,False,Watch,
-86.375,161.375,5,1.6,0.4649,12.01,0.038707,Sverdrup,50.9,False,Watch,
-87.625,233.875,4,1.75,0.4148,10.72,0.038683,de_Gerlache,44.9,False,Watch,
-86.375,21.125,4,1.75,0.4148,10.73,0.03864,Haworth,52.7,False,Watch,
-86.375,22.375,3,1.6667,0.4426,11.46,0.038639,Haworth,54.3,False,Watch,
-85.875,281.375,3,2.3333,0.2197,5.69,0.038618,de_Gerlache,75.6,False,Background,
-86.375,241.625,4,2.0,0.3311,8.58,0.038595,de_Gerlache,71.0,False,Watch,
-88.125,355.625,3,1.6667,0.4426,11.47,0.03859,Haworth,19.9,True,Watch,confirmed within Haworth PSR boundary
-86.375,38.125,7,2.0,0.3311,8.59,0.03855,Nobile,49.7,False,Watch,
-87.125,21.875,3,2.3333,0.2197,5.7,0.038547,Haworth,39.0,False,Background,
-85.875,27.375,5,1.0,0.6656,17.28,0.038517,Nobile,64.7,False,Watch,
-88.375,43.125,3,2.0,0.3311,8.6,0.038503,Shackleton,49.7,False,Watch,
-88.625,312.625,8,1.75,0.4148,10.78,0.038462,de_Gerlache,33.1,False,Watch,
-86.125,290.375,4,2.25,0.2475,6.44,0.038421,Cabeus,70.3,False,Background,
-88.125,308.625,3,2.0,0.3311,8.62,0.03842,de_Gerlache,34.3,False,Watch,
-87.625,179.125,3,2.0,0.3311,8.62,0.038413,Sverdrup,32.5,False,Watch,
-88.875,3.625,3,2.3333,0.2197,5.72,0.038375,Shackleton,40.8,False,Background,
-85.375,124.875,7,2.5714,0.14,3.65,0.038375,Sverdrup,91.0,False,Background,
-85.875,69.375,4,1.0,0.6656,17.35,0.03836,Nobile,42.8,False,Watch,
-87.875,356.875,4,2.25,0.2475,6.46,0.038311,Haworth,12.4,True,Background,confirmed within Haworth PSR boundary
-86.875,36.625,7,2.2857,0.2356,6.15,0.03831,Nobile,61.9,False,Background,
-87.125,239.375,4,2.5,0.1639,4.28,0.038293,de_Gerlache,52.2,False,Background,
-85.625,44.625,3,2.0,0.3311,8.65,0.038283,Nobile,25.5,True,Watch,confirmed within Nobile PSR boundary
-86.125,245.125,3,0.6667,0.777,20.3,0.038273,de_Gerlache,75.9,False,Watch,strong CSETN suppression near de_Gerlache
-89.375,187.125,3,2.0,0.3311,8.65,0.038273,Shackleton,16.0,False,Watch,
-86.875,299.625,3,2.0,0.3311,8.65,0.038261,de_Gerlache,55.1,False,Watch,
-88.375,44.625,6,2.5,0.1639,4.29,0.038233,Shackleton,49.4,False,Background,
-88.125,287.125,3,2.0,0.3311,8.67,0.038216,de_Gerlache,15.4,True,Watch,confirmed within de_Gerlache PSR boundary
-87.125,333.625,3,1.3333,0.5541,14.5,0.038202,Haworth,32.5,False,Watch,
-88.625,354.625,4,2.0,0.3311,8.67,0.038178,Haworth,35.0,False,Watch,
-88.625,359.625,5,1.6,0.4649,12.2,0.038115,Haworth,35.3,False,Watch,
-85.125,262.875,4,2.5,0.1639,4.3,0.038094,de_Gerlache,98.2,False,Background,
-89.125,155.125,4,2.25,0.2475,6.5,0.038093,Shackleton,18.0,False,Background,
-88.875,84.625,3,2.3333,0.2197,5.77,0.038091,Shackleton,27.9,False,Background,
-87.125,148.375,5,2.4,0.1974,5.18,0.038083,Sverdrup,27.0,False,Background,
-89.375,203.125,3,2.0,0.3311,8.7,0.038074,Shackleton,18.8,False,Watch,
-87.875,90.625,4,2.0,0.3311,8.7,0.03806,Faustini,22.6,False,Watch,
-86.625,200.875,3,2.3333,0.2197,5.77,0.038041,Sverdrup,76.8,False,Background,
-89.125,189.875,5,2.0,0.3311,8.71,0.038012,Shackleton,23.3,False,Watch,
-85.375,271.125,4,2.5,0.1639,4.32,0.037963,de_Gerlache,89.6,False,Background,
-86.125,247.625,3,1.0,0.6656,17.54,0.037938,de_Gerlache,74.4,False,Watch,
-85.625,315.375,4,2.25,0.2475,6.53,0.037934,Cabeus,22.0,True,Background,confirmed within Cabeus PSR boundary
-89.625,33.875,4,2.0,0.3311,8.73,0.03793,Shackleton,15.9,False,Watch,
-89.625,9.375,4,2.0,0.3311,8.75,0.037862,Shackleton,18.5,False,Watch,
-88.375,133.625,3,2.0,0.3311,8.75,0.037844,Sverdrup,21.2,False,Watch,
-85.375,258.375,3,2.3333,0.2197,5.81,0.037806,de_Gerlache,91.8,False,Background,
-87.875,180.125,3,1.3333,0.5541,14.66,0.0378,Sverdrup,30.1,False,Watch,
-88.375,43.625,6,2.1667,0.2754,7.29,0.037784,Shackleton,49.6,False,Background,
-86.625,25.125,6,2.3333,0.2197,5.82,0.037761,Haworth,52.3,False,Background,
-87.375,179.875,5,2.4,0.1974,5.23,0.037749,Sverdrup,37.9,False,Background,
-88.125,48.875,4,2.25,0.2475,6.56,0.037748,Faustini,49.7,False,Background,
-88.625,303.875,4,1.75,0.4148,10.99,0.037732,de_Gerlache,26.8,False,Watch,
-86.625,141.125,5,2.2,0.2643,7.01,0.037714,Sverdrup,44.5,False,Background,
-87.625,55.125,4,1.0,0.6656,17.65,0.037711,Faustini,40.1,False,Watch,
-89.625,293.625,3,1.6667,0.4426,11.74,0.03771,Shackleton,21.2,False,Watch,
-86.625,26.625,3,1.6667,0.4426,11.74,0.037687,Haworth,54.2,False,Watch,
-86.375,237.375,7,2.4286,0.1878,4.99,0.037666,de_Gerlache,74.1,False,Background,
-86.875,72.625,3,2.0,0.3311,8.8,0.037637,Faustini,19.3,True,Watch,confirmed within Faustini PSR boundary
-86.875,101.375,3,2.0,0.3311,8.8,0.037636,Faustini,29.9,False,Watch,
-89.375,279.875,3,1.3333,0.5541,14.72,0.037632,Shackleton,28.1,False,Watch,
-88.125,96.125,3,1.6667,0.4426,11.76,0.037625,Faustini,32.1,False,Watch,
-86.625,256.375,4,2.5,0.1639,4.36,0.037601,de_Gerlache,55.3,False,Background,
-88.875,62.875,3,1.6667,0.4426,11.77,0.037595,Shackleton,31.5,False,Watch,
-85.125,359.375,10,2.3,0.2308,6.14,0.037578,Haworth,71.5,False,Background,
-85.625,126.625,3,2.6667,0.1082,2.88,0.037578,Sverdrup,82.5,False,Background,
-87.125,232.875,5,2.2,0.2643,7.03,0.037568,de_Gerlache,57.6,False,Background,
-89.125,55.375,3,2.6667,0.1082,2.88,0.037564,Shackleton,25.7,False,Background,
-89.375,302.375,7,2.0,0.3311,8.82,0.037561,Shackleton,28.9,False,Watch,
-89.125,16.375,5,2.2,0.2643,7.04,0.037558,Shackleton,31.8,False,Background,
-87.375,137.875,3,2.3333,0.2197,5.85,0.03755,Sverdrup,25.9,False,Background,
-85.375,283.375,3,1.6667,0.4426,11.79,0.037541,Cabeus,83.9,False,Watch,
-87.875,46.625,5,2.4,0.1974,5.26,0.037503,Faustini,50.8,False,Background,
-87.125,143.625,3,2.6667,0.1082,2.89,0.0375,Sverdrup,28.8,False,Background,
-86.375,245.625,4,1.5,0.4984,13.29,0.037497,de_Gerlache,68.4,False,Watch,
-89.625,316.625,3,2.0,0.3311,8.83,0.037486,Shackleton,21.3,False,Watch,
-88.375,266.375,4,2.25,0.2475,6.61,0.037458,de_Gerlache,5.1,True,Background,confirmed within de_Gerlache PSR boundary
-87.625,307.625,3,2.3333,0.2197,5.87,0.037426,de_Gerlache,42.7,False,Background,
-89.375,335.125,5,2.4,0.1974,5.28,0.037403,Shackleton,28.3,False,Background,
-86.375,5.625,5,1.8,0.398,10.65,0.037386,Haworth,37.1,False,Watch,
-87.625,167.125,4,2.0,0.3311,8.86,0.037379,Sverdrup,20.3,False,Watch,
-85.125,335.375,4,1.75,0.4148,11.1,0.037378,Cabeus,51.3,False,Watch,
-87.375,30.875,3,2.0,0.3311,8.86,0.037358,Haworth,47.8,False,Watch,
-88.625,79.875,3,2.6667,0.1082,2.9,0.037355,Shackleton,36.0,False,Background,
-86.125,101.125,3,2.0,0.3311,8.87,0.037347,Faustini,45.0,False,Watch,
-85.125,309.375,5,2.4,0.1974,5.29,0.037342,Cabeus,18.7,True,Background,confirmed within Cabeus PSR boundary
-88.875,160.375,3,1.3333,0.5541,14.84,0.037337,Shackleton,26.0,False,Watch,
-88.625,81.625,4,2.5,0.1639,4.4,0.037298,Shackleton,35.8,False,Background,
-87.875,35.125,12,2.1667,0.2754,7.39,0.037282,Haworth,49.4,False,Background,
-87.375,61.625,4,2.0,0.3311,8.89,0.037253,Faustini,31.3,False,Watch,
-88.625,50.625,4,1.75,0.4148,11.14,0.037224,Shackleton,41.0,False,Watch,
-88.625,30.625,3,1.3333,0.5541,14.89,0.03721,Shackleton,44.3,False,Watch,
-87.125,172.125,3,2.0,0.3311,8.9,0.037209,Sverdrup,36.3,False,Watch,
-87.875,223.375,3,2.0,0.3311,8.92,0.037135,de_Gerlache,49.0,False,Watch,
-86.625,243.625,3,2.3333,0.2197,5.92,0.037116,de_Gerlache,62.6,False,Background,
-87.875,69.625,3,1.6667,0.4426,11.93,0.037113,Faustini,27.0,False,Watch,
-85.375,37.125,3,1.6667,0.4426,11.93,0.037113,Nobile,41.2,False,Watch,
-87.875,223.625,5,2.0,0.3311,8.93,0.037097,de_Gerlache,48.8,False,Watch,
-86.875,41.625,3,2.0,0.3311,8.94,0.037045,Nobile,56.9,False,Watch,
-88.375,313.125,5,2.0,0.3311,8.94,0.037037,de_Gerlache,35.1,False,Watch,
-87.375,118.875,3,2.0,0.3311,8.94,0.037027,Sverdrup,44.4,False,Watch,
-89.125,166.125,6,2.1667,0.2754,7.44,0.037023,Shackleton,19.4,False,Background,
-88.375,313.375,13,2.0,0.3311,8.95,0.037,de_Gerlache,35.3,False,Watch,
-87.125,200.875,4,1.75,0.4148,11.21,0.036989,Sverdrup,65.2,False,Watch,
-88.875,215.875,4,1.5,0.4984,13.48,0.036977,Shackleton,34.9,False,Watch,
-87.125,228.125,5,2.4,0.1974,5.34,0.036969,de_Gerlache,61.6,False,Background,
-85.125,60.125,6,1.3333,0.5541,15.0,0.036943,Nobile,17.0,True,Watch,confirmed within Nobile PSR — strong suppression
-86.125,181.875,8,2.5,0.1639,4.44,0.036942,Sverdrup,71.2,False,Background,
-89.375,308.125,7,2.2857,0.2356,6.38,0.03691,Shackleton,29.0,False,Background,
-85.125,306.625,3,2.0,0.3311,8.98,0.036885,Cabeus,25.6,True,Watch,confirmed within Cabeus PSR boundary
-85.625,266.875,4,2.25,0.2475,6.72,0.036855,de_Gerlache,82.4,False,Background,
-87.375,45.875,4,1.25,0.582,15.8,0.036829,Faustini,52.9,False,Watch,
-87.875,82.375,3,2.0,0.3311,9.0,0.036811,Faustini,20.5,True,Watch,confirmed within Faustini PSR boundary
-85.125,358.625,3,2.3333,0.2197,5.97,0.036796,Haworth,71.4,False,Background,
-89.125,177.625,8,2.25,0.2475,6.73,0.03679,Shackleton,21.2,False,Background,
-89.375,359.625,3,2.0,0.3311,9.01,0.036769,Shackleton,26.5,False,Watch,
-85.625,54.375,3,2.0,0.3311,9.01,0.036757,Nobile,13.6,True,Watch,confirmed within Nobile PSR boundary
-87.625,73.875,3,1.6667,0.4426,12.05,0.036746,Faustini,18.1,True,Watch,confirmed within Faustini PSR boundary
-88.375,353.125,4,2.5,0.1639,4.46,0.03673,Haworth,27.5,False,Background,
-85.125,288.625,3,1.6667,0.4426,12.06,0.036706,Cabeus,71.8,False,Watch,
-86.375,154.875,4,2.25,0.2475,6.75,0.03669,Sverdrup,49.4,False,Background,
-87.125,151.375,3,2.6667,0.1082,2.95,0.03669,Sverdrup,26.6,False,Background,
-88.625,143.875,8,2.125,0.2893,7.89,0.036675,Sverdrup,20.4,False,Background,
-86.125,57.375,4,1.75,0.4148,11.31,0.036674,Nobile,30.0,True,Watch,confirmed within Nobile PSR boundary
-86.875,238.125,5,2.6,0.1305,3.56,0.036627,de_Gerlache,59.8,False,Background,
-89.125,223.875,5,1.4,0.5318,14.52,0.036625,Shackleton,29.1,False,Watch,
-87.875,132.625,5,1.8,0.398,10.87,0.036611,Sverdrup,21.9,False,Watch,
-88.125,170.125,4,2.5,0.1639,4.48,0.036603,Sverdrup,18.4,False,Background,
-88.625,324.125,4,2.0,0.3311,9.05,0.036602,de_Gerlache,41.3,False,Watch,
-88.375,223.375,8,1.75,0.4148,11.33,0.036601,de_Gerlache,41.2,False,Watch,
-86.375,137.125,4,2.25,0.2475,6.77,0.036577,Sverdrup,53.9,False,Background,
-87.625,178.875,4,2.0,0.3311,9.06,0.036553,Sverdrup,32.2,False,Watch,
-87.625,345.875,3,1.6667,0.4426,12.11,0.03654,Haworth,13.1,True,Watch,confirmed within Haworth PSR boundary
-87.875,96.875,3,2.0,0.3311,9.06,0.036536,Faustini,27.0,False,Watch,
-86.375,231.375,5,2.4,0.1974,5.4,0.036534,de_Gerlache,78.7,False,Background,
-85.375,52.625,9,1.8889,0.3683,10.08,0.036527,Nobile,6.3,True,Watch,confirmed within Nobile PSR boundary
-85.125,218.875,6,2.3333,0.2197,6.02,0.036514,de_Gerlache,124.2,False,Background,
-89.125,42.125,4,2.5,0.1639,4.49,0.036509,Shackleton,27.9,False,Background,
-89.375,67.875,3,2.0,0.3311,9.08,0.036475,Shackleton,16.7,False,Watch,
-85.375,343.875,6,2.3333,0.2197,6.02,0.036464,Haworth,66.8,False,Background,
-87.625,231.625,4,1.75,0.4148,11.38,0.036446,de_Gerlache,46.8,False,Watch,
-85.625,235.375,4,2.0,0.3311,9.09,0.036446,de_Gerlache,96.9,False,Watch,
-86.375,315.375,10,2.4,0.1974,5.42,0.036437,Cabeus,44.8,True,Background,confirmed within Cabeus PSR boundary
-85.875,245.375,3,2.0,0.3311,9.1,0.0364,de_Gerlache,83.0,False,Watch,
-86.125,21.125,3,2.0,0.3311,9.11,0.03635,Haworth,58.8,False,Watch,
-89.625,63.875,3,1.3333,0.5541,15.24,0.036348,Shackleton,11.6,False,Watch,
-89.125,88.125,4,2.25,0.2475,6.81,0.036342,Shackleton,20.1,False,Background,
-89.125,57.375,4,2.75,0.0803,2.21,0.036333,Shackleton,25.3,False,Background,
-86.875,134.125,4,1.75,0.4148,11.42,0.036304,Sverdrup,41.8,False,Watch,
-88.875,325.125,8,1.75,0.4148,11.43,0.036296,de_Gerlache,40.7,False,Watch,
-89.625,28.125,4,2.0,0.3311,9.12,0.036292,Shackleton,16.6,False,Watch,
-86.375,68.875,4,2.0,0.3311,9.13,0.036281,Faustini,34.8,False,Watch,
-88.875,315.375,7,2.1429,0.2834,7.82,0.036249,de_Gerlache,34.9,False,Background,
-85.125,178.125,5,1.6,0.4649,12.83,0.036248,Sverdrup,96.8,False,Watch,
-86.625,229.125,3,2.3333,0.2197,6.06,0.036243,de_Gerlache,73.8,False,Background,
-89.125,357.125,5,1.8,0.398,10.99,0.03622,Shackleton,34.1,False,Watch,
-87.125,300.375,3,2.0,0.3311,9.15,0.036204,de_Gerlache,48.9,False,Watch,
-89.625,208.875,6,1.6667,0.4426,12.23,0.036181,Shackleton,13.7,False,Watch,
-85.125,352.875,3,2.0,0.3311,9.15,0.036178,Haworth,71.3,False,Watch,
-87.625,345.125,3,1.6667,0.4426,12.24,0.036161,Haworth,14.0,True,Watch,confirmed within Haworth PSR boundary
-87.875,69.125,3,1.6667,0.4426,12.25,0.036147,Faustini,27.4,False,Watch,
-87.875,64.875,4,1.75,0.4148,11.47,0.036145,Faustini,31.2,False,Watch,
-86.625,91.125,3,2.0,0.3311,9.17,0.036122,Faustini,21.6,False,Watch,
-89.375,310.625,3,2.3333,0.2197,6.09,0.036081,Shackleton,29.0,False,Background,
-87.625,78.375,3,1.3333,0.5541,15.36,0.036076,Faustini,14.5,True,Watch,confirmed within Faustini PSR — strong suppression
-85.875,185.375,6,2.3333,0.2197,6.09,0.036075,Sverdrup,81.1,False,Background,
-85.625,267.875,3,2.3333,0.2197,6.09,0.036068,de_Gerlache,82.2,False,Background,
-85.125,221.875,5,2.6,0.1305,3.62,0.036064,de_Gerlache,121.7,False,Background,
-86.125,94.625,4,1.5,0.4984,13.82,0.036056,Faustini,38.1,False,Watch,
-87.875,251.875,3,2.3333,0.2197,6.1,0.036016,de_Gerlache,24.3,False,Background,
-87.375,55.625,5,1.8,0.398,11.06,0.03599,Faustini,39.6,False,Watch,
-89.125,108.625,4,2.25,0.2475,6.89,0.035943,Shackleton,17.5,False,Background,
-86.125,59.625,5,2.4,0.1974,5.49,0.035923,Nobile,31.9,True,Background,confirmed within Nobile PSR boundary
-89.375,2.125,4,1.75,0.4148,11.55,0.035905,Shackleton,26.3,False,Watch,
-86.625,36.125,3,2.0,0.3311,9.22,0.035903,Nobile,57.3,False,Watch,
-87.875,125.625,3,2.3333,0.2197,6.12,0.035872,Sverdrup,29.3,False,Background,
-86.375,154.625,4,2.25,0.2475,6.9,0.035868,Sverdrup,49.4,False,Background,
-88.375,181.875,3,2.3333,0.2197,6.13,0.035857,Sverdrup,30.0,False,Background,
-89.375,13.625,5,2.2,0.2643,7.37,0.035852,Shackleton,25.0,False,Background,
-85.875,59.375,5,2.2,0.2643,7.37,0.03585,Nobile,25.2,True,Background,confirmed within Nobile PSR boundary
-85.875,235.125,6,1.3333,0.5541,15.46,0.035849,de_Gerlache,89.9,False,Watch,
-86.375,197.375,3,2.3333,0.2197,6.13,0.035849,Sverdrup,79.4,False,Background,
-86.625,298.375,3,2.0,0.3311,9.24,0.035843,de_Gerlache,61.2,False,Watch,
-87.375,358.875,3,2.3333,0.2197,6.14,0.035777,Haworth,5.6,True,Background,confirmed within Haworth PSR boundary
-88.625,84.125,4,2.5,0.1639,4.58,0.035766,Shackleton,35.4,False,Background,
-85.625,275.875,3,2.3333,0.2197,6.14,0.035764,de_Gerlache,82.2,False,Background,
-86.375,135.875,3,2.0,0.3311,9.26,0.035747,Sverdrup,54.6,False,Watch,
-85.625,316.625,5,2.4,0.1974,5.53,0.035714,Cabeus,22.0,True,Background,confirmed within Cabeus PSR boundary
-87.125,232.375,3,2.3333,0.2197,6.15,0.035697,de_Gerlache,58.0,False,Background,
-88.625,128.875,4,2.0,0.3311,9.28,0.035687,Sverdrup,28.0,False,Watch,
-87.875,331.875,3,1.6667,0.4426,12.41,0.035673,Haworth,31.1,False,Watch,
-88.125,357.125,3,1.6667,0.4426,12.41,0.035666,Haworth,20.0,True,Watch,confirmed within Haworth PSR boundary
-85.125,158.125,4,1.75,0.4148,11.64,0.035646,Sverdrup,87.7,False,Watch,
-87.625,118.625,4,2.25,0.2475,6.95,0.035607,Sverdrup,40.1,False,Background,
-86.875,359.875,3,1.3333,0.5541,15.57,0.035597,Haworth,19.3,True,Watch,confirmed within Haworth PSR — strong suppression
-87.625,59.625,3,1.0,0.6656,18.7,0.035591,Faustini,34.5,False,Watch,
-88.625,126.125,5,1.8,0.398,11.18,0.035588,Sverdrup,29.8,False,Watch,
-87.375,143.875,3,2.3333,0.2197,6.17,0.035576,Sverdrup,21.6,False,Background,
-87.875,182.625,4,2.0,0.3311,9.31,0.035571,Sverdrup,32.7,False,Watch,
-88.125,81.625,3,2.0,0.3311,9.31,0.035565,Faustini,28.1,False,Watch,
-86.375,216.625,6,1.6667,0.4426,12.45,0.035545,de_Gerlache,91.2,False,Watch,
-88.875,198.125,3,2.0,0.3311,9.32,0.035545,Shackleton,31.9,False,Watch,
-87.125,189.625,3,2.3333,0.2197,6.19,0.03551,Sverdrup,53.3,False,Background,
-85.875,235.625,4,1.5,0.4984,14.04,0.035502,de_Gerlache,89.5,False,Watch,
-87.625,72.125,3,2.0,0.3311,9.33,0.035502,Faustini,19.9,True,Watch,confirmed within Faustini PSR boundary
-88.625,123.375,3,1.6667,0.4426,12.48,0.03548,Sverdrup,31.6,False,Watch,
-85.125,212.125,5,2.2,0.2643,7.45,0.035462,Sverdrup,128.3,False,Background,
-89.375,167.125,5,1.8,0.398,11.23,0.035454,Shackleton,12.6,False,Watch,
-86.625,224.375,3,1.6667,0.4426,12.49,0.035452,de_Gerlache,77.8,False,Watch,
-86.375,65.875,3,2.0,0.3311,9.35,0.035421,Faustini,38.4,False,Watch,
-86.125,129.125,5,2.4,0.1974,5.57,0.035415,Sverdrup,66.3,False,Background,
-86.125,11.125,3,1.6667,0.4426,12.5,0.03541,Haworth,48.4,False,Watch,
-86.125,234.625,4,2.25,0.2475,6.99,0.035401,de_Gerlache,83.2,False,Background,
-85.625,237.625,3,1.3333,0.5541,15.66,0.035376,de_Gerlache,95.3,False,Watch,
-86.875,225.625,6,1.8333,0.3869,10.94,0.035362,de_Gerlache,70.2,False,Watch,
-86.375,66.375,3,1.6667,0.4426,12.53,0.035326,Faustini,37.8,False,Watch,
-87.125,154.875,5,2.4,0.1974,5.59,0.035308,Sverdrup,26.7,False,Background,
-86.875,179.625,3,2.6667,0.1082,3.07,0.035278,Sverdrup,49.3,False,Background,
-89.125,226.875,3,1.3333,0.5541,15.71,0.035273,Shackleton,29.5,False,Watch,
-87.375,89.875,3,2.3333,0.2197,6.24,0.03519,Faustini,10.9,True,Background,confirmed within Faustini PSR boundary
-87.875,310.625,3,1.6667,0.4426,12.58,0.035173,de_Gerlache,40.2,False,Watch,
-85.625,61.625,3,2.3333,0.2197,6.25,0.035165,Nobile,23.8,True,Background,confirmed within Nobile PSR boundary
-87.125,193.375,4,1.75,0.4148,11.8,0.035159,Sverdrup,57.3,False,Watch,
-87.875,18.125,3,2.0,0.3311,9.42,0.035142,Haworth,30.4,False,Watch,
-85.125,331.875,3,2.0,0.3311,9.42,0.035138,Cabeus,42.3,True,Watch,confirmed within Cabeus PSR boundary
-89.125,89.875,5,2.2,0.2643,7.52,0.035129,Shackleton,19.9,False,Background,
-86.375,78.875,3,2.0,0.3311,9.43,0.035126,Faustini,26.1,False,Watch,
-85.875,233.625,3,1.6667,0.4426,12.61,0.03511,de_Gerlache,91.0,False,Watch,
-86.125,58.875,4,2.25,0.2475,7.05,0.035089,Nobile,31.1,True,Background,confirmed within Nobile PSR boundary
-85.875,93.125,3,1.6667,0.4426,12.62,0.035075,Faustini,43.9,False,Watch,
-86.875,268.125,3,2.0,0.3311,9.44,0.035068,de_Gerlache,44.4,False,Watch,
-87.875,295.625,3,2.0,0.3311,9.45,0.03506,de_Gerlache,27.1,False,Watch,
-86.125,149.625,6,2.3333,0.2197,6.27,0.035039,Sverdrup,57.0,False,Background,
-87.625,263.375,3,2.0,0.3311,9.45,0.035035,de_Gerlache,23.2,False,Watch,
-88.125,183.125,3,2.3333,0.2197,6.28,0.035006,Sverdrup,31.2,False,Background,
-88.625,215.875,12,2.25,0.2475,7.07,0.035003,Shackleton,42.3,False,Background,
-85.625,212.875,5,2.2,0.2643,7.55,0.034999,de_Gerlache,115.2,False,Background,
-85.625,98.625,3,1.6667,0.4426,12.65,0.034997,Faustini,55.6,False,Watch,
-88.625,51.625,3,2.0,0.3311,9.46,0.034996,Shackleton,40.8,False,Watch,
-85.625,308.375,5,2.4,0.1974,5.64,0.034987,Cabeus,29.1,True,Background,confirmed within Cabeus PSR boundary
-87.375,142.125,5,2.4,0.1974,5.64,0.034984,Sverdrup,22.7,False,Background,
-86.875,67.625,3,2.3333,0.2197,6.28,0.03498,Faustini,26.3,False,Background,
-85.125,358.375,6,2.5,0.1639,4.69,0.034975,Haworth,71.3,False,Background,
-85.625,34.625,5,1.4,0.5318,15.21,0.034973,Nobile,47.6,False,Watch,
-89.375,154.875,6,1.3333,0.5541,15.86,0.034945,Shackleton,10.8,False,Watch,
-85.125,208.625,4,2.0,0.3311,9.48,0.03494,Sverdrup,124.6,False,Watch,
-88.625,179.125,3,2.3333,0.2197,6.29,0.034928,Sverdrup,29.9,False,Background,
-87.625,50.125,4,1.5,0.4984,14.27,0.034926,Faustini,46.4,False,Watch,
-89.125,173.375,6,2.3333,0.2197,6.29,0.034909,Shackleton,20.5,False,Background,
-86.875,205.625,7,2.2857,0.2356,6.75,0.034903,Sverdrup,75.9,False,Background,
-88.125,330.875,3,2.3333,0.2197,6.3,0.034886,Haworth,34.3,False,Background,
-89.125,10.625,5,2.2,0.2643,7.58,0.034882,Shackleton,32.6,False,Background,
-87.125,320.375,3,2.0,0.3311,9.5,0.034869,Haworth,50.2,False,Watch,
-86.375,174.125,7,2.7143,0.0923,2.65,0.034867,Sverdrup,58.0,False,Background,
-89.125,73.875,4,2.25,0.2475,7.1,0.034864,Shackleton,22.5,False,Background,
-86.875,72.375,3,2.3333,0.2197,6.3,0.03485,Faustini,19.6,True,Background,confirmed within Faustini PSR boundary
-87.625,199.625,3,2.0,0.3311,9.5,0.034841,Sverdrup,54.0,False,Watch,
-88.125,310.625,5,2.4,0.1974,5.67,0.034834,de_Gerlache,36.0,False,Background,
-86.625,115.625,4,2.25,0.2475,7.11,0.034811,Faustini,54.8,False,Background,
-86.125,208.875,3,2.0,0.3311,9.52,0.034781,Sverdrup,97.9,False,Watch,
-87.375,311.375,9,1.4444,0.5169,14.88,0.034737,de_Gerlache,51.6,False,Watch,
-89.625,126.625,3,2.0,0.3311,9.54,0.034726,Shackleton,1.5,True,Watch,confirmed within Shackleton PSR boundary
-86.125,63.125,4,2.0,0.3311,9.54,0.03472,Nobile,36.1,True,Watch,confirmed within Nobile PSR boundary
-86.875,182.625,5,2.4,0.1974,5.69,0.034714,Sverdrup,52.1,False,Background,
-86.625,312.625,5,1.8,0.398,11.47,0.034697,Cabeus,52.8,False,Watch,
-85.375,233.375,4,1.5,0.4984,14.37,0.034673,de_Gerlache,105.5,False,Watch,
-88.125,301.125,4,2.0,0.3311,9.56,0.034653,de_Gerlache,27.7,False,Watch,
-85.875,219.125,3,2.0,0.3311,9.56,0.034643,de_Gerlache,102.8,False,Watch,
-85.625,317.875,3,2.3333,0.2197,6.34,0.034638,Cabeus,22.5,True,Background,confirmed within Cabeus PSR boundary
-86.625,74.875,3,2.3333,0.2197,6.34,0.03463,Faustini,22.1,False,Background,
-85.375,240.625,5,2.2,0.2643,7.64,0.034606,de_Gerlache,100.5,False,Background,
-89.125,190.375,10,2.1,0.2977,8.61,0.034596,Shackleton,23.4,False,Background,
-85.375,304.125,3,2.0,0.3311,9.58,0.034573,Cabeus,33.7,True,Watch,confirmed within Cabeus PSR boundary
-88.875,93.375,3,2.3333,0.2197,6.35,0.034573,Shackleton,26.7,False,Background,
-87.625,217.375,3,2.0,0.3311,9.59,0.034534,de_Gerlache,59.4,False,Watch,
-87.125,234.875,5,2.6,0.1305,3.78,0.034522,de_Gerlache,55.9,False,Background,
-89.375,49.375,5,2.4,0.1974,5.73,0.034472,Shackleton,19.9,False,Background,
-86.125,224.875,8,2.625,0.1221,3.55,0.034452,de_Gerlache,91.0,False,Background,
-89.375,323.875,4,2.5,0.1639,4.76,0.034444,Shackleton,28.8,False,Background,
-86.625,217.375,7,2.5714,0.14,4.07,0.034423,de_Gerlache,83.9,False,Background,
-86.375,239.625,6,2.5,0.1639,4.76,0.034422,de_Gerlache,72.4,False,Background,
-89.125,221.375,4,1.5,0.4984,14.48,0.034414,Shackleton,28.7,False,Watch,
-87.625,352.375,5,2.2,0.2643,7.68,0.034403,Haworth,6.1,True,Background,confirmed within Haworth PSR boundary
-85.125,279.125,4,2.0,0.3311,9.63,0.034401,Cabeus,95.8,False,Watch,
-86.375,319.125,4,2.25,0.2475,7.2,0.034364,Cabeus,45.3,True,Background,confirmed within Cabeus PSR boundary
-88.875,128.125,3,2.0,0.3311,9.64,0.034357,Shackleton,24.1,False,Watch,
-87.875,189.375,3,1.6667,0.4426,12.89,0.034327,Sverdrup,39.7,False,Watch,
-89.125,164.875,5,2.2,0.2643,7.7,0.03431,Shackleton,19.3,False,Background,
-85.875,215.625,5,2.4,0.1974,5.75,0.034306,de_Gerlache,105.8,False,Background,
-86.125,164.875,4,2.5,0.1639,4.78,0.034298,Sverdrup,59.7,False,Background,
-87.375,265.375,3,1.6667,0.4426,12.91,0.034274,de_Gerlache,29.9,False,Watch,
-85.125,348.125,4,2.0,0.3311,9.66,0.034271,Haworth,72.4,False,Watch,
-88.625,82.625,5,2.6,0.1305,3.81,0.034262,Shackleton,35.6,False,Background,
-88.625,347.875,3,1.0,0.6656,19.43,0.03426,Haworth,35.8,False,Watch,
-86.125,63.875,4,2.0,0.3311,9.67,0.034254,Nobile,37.1,False,Watch,
-86.375,66.875,3,2.0,0.3311,9.67,0.034243,Faustini,37.2,False,Watch,
-88.375,59.875,4,1.5,0.4984,14.56,0.034229,Faustini,44.2,False,Watch,
-85.375,207.375,5,2.2,0.2643,7.73,0.034206,Sverdrup,116.4,False,Background,
-89.125,138.625,4,1.75,0.4148,12.13,0.034203,Shackleton,16.7,False,Watch,
-87.375,134.625,5,2.4,0.1974,5.77,0.034182,Sverdrup,28.7,False,Background,
-85.375,96.125,4,2.0,0.3311,9.69,0.034181,Faustini,60.5,False,Watch,
-89.125,76.875,3,2.3333,0.2197,6.43,0.03418,Shackleton,21.9,False,Background,
-87.125,51.125,3,2.3333,0.2197,6.43,0.034177,Faustini,47.6,False,Background,
-85.375,322.875,7,2.4286,0.1878,5.5,0.03417,Cabeus,22.8,True,Background,confirmed within Cabeus PSR boundary
-85.125,264.125,4,2.25,0.2475,7.24,0.034168,de_Gerlache,97.9,False,Background,
-88.125,181.375,5,2.0,0.3311,9.7,0.034134,Sverdrup,29.5,False,Watch,
-85.375,239.875,5,2.2,0.2643,7.76,0.034071,de_Gerlache,101.0,False,Background,
-87.625,154.625,3,2.3333,0.2197,6.45,0.034068,Sverdrup,11.6,True,Background,confirmed within Sverdrup PSR boundary
-87.125,355.375,3,2.0,0.3311,9.73,0.034049,Haworth,10.5,True,Watch,confirmed within Haworth PSR boundary
-87.625,198.125,3,1.6667,0.4426,13.0,0.03404,Sverdrup,52.5,False,Watch,
-88.125,314.125,12,2.25,0.2475,7.28,0.034012,de_Gerlache,39.1,False,Background,
-85.125,112.375,5,2.6,0.1305,3.84,0.033983,Faustini,84.4,False,Background,
-86.375,264.375,3,2.3333,0.2197,6.47,0.033967,de_Gerlache,60.1,False,Background,
-88.125,69.125,3,1.3333,0.5541,16.32,0.033957,Faustini,32.8,False,Watch,
-87.375,9.375,3,1.6667,0.4426,13.04,0.033935,Haworth,19.3,True,Watch,confirmed within Haworth PSR boundary
-86.875,221.625,3,2.3333,0.2197,6.47,0.033935,de_Gerlache,73.6,False,Background,
-85.875,212.375,8,2.5,0.1639,4.84,0.033905,Sverdrup,108.2,False,Background,
-89.125,37.375,4,2.5,0.1639,4.84,0.033897,Shackleton,28.7,False,Background,
-88.375,220.125,7,2.7143,0.0923,2.73,0.033855,de_Gerlache,43.7,False,Background,
-89.125,221.875,4,1.5,0.4984,14.73,0.03384,Shackleton,28.7,False,Watch,
-87.375,35.125,8,2.0,0.3311,9.79,0.033833,Haworth,53.3,False,Watch,
-89.375,181.625,6,2.1667,0.2754,8.14,0.033821,Shackleton,15.1,False,Background,
-89.375,0.125,4,2.0,0.3311,9.8,0.033791,Shackleton,26.5,False,Watch,
-85.875,73.875,4,1.5,0.4984,14.75,0.033777,Faustini,43.6,False,Watch,
-88.625,213.125,13,2.3077,0.2282,6.76,0.033768,Shackleton,41.8,False,Background,
-88.375,359.125,4,1.75,0.4148,12.28,0.033767,Haworth,27.7,False,Watch,
-85.875,259.375,3,2.3333,0.2197,6.51,0.03376,de_Gerlache,76.5,False,Background,
-86.625,258.875,3,2.3333,0.2197,6.51,0.033758,de_Gerlache,54.3,False,Background,
-87.125,60.625,5,2.4,0.1974,5.85,0.033756,Faustini,33.8,False,Background,
-85.625,265.375,4,2.25,0.2475,7.34,0.03374,de_Gerlache,82.6,False,Background,
-88.125,229.875,4,2.0,0.3311,9.82,0.033732,de_Gerlache,39.1,False,Watch,
-88.875,87.375,3,2.3333,0.2197,6.51,0.033732,Shackleton,27.5,False,Background,
-85.125,97.875,3,2.3333,0.2197,6.52,0.03371,Faustini,69.1,False,Background,
-89.625,301.625,3,1.6667,0.4426,13.15,0.033662,Shackleton,21.3,False,Watch,
-88.125,316.875,5,2.6,0.1305,3.88,0.03366,de_Gerlache,41.4,False,Background,
-85.375,110.625,4,2.5,0.1639,4.87,0.033654,Faustini,75.7,False,Background,
-86.625,190.125,3,2.6667,0.1082,3.22,0.033654,Sverdrup,65.7,False,Background,
-87.125,337.875,3,1.3333,0.5541,16.47,0.033635,Haworth,26.9,False,Watch,
-86.125,244.875,3,1.0,0.6656,19.81,0.033595,de_Gerlache,76.0,False,Watch,
-87.375,222.125,3,2.6667,0.1082,3.22,0.033577,de_Gerlache,60.9,False,Background,
-89.125,196.125,10,1.9,0.3646,10.87,0.033527,Shackleton,24.4,False,Watch,
-88.625,309.875,4,1.75,0.4148,12.37,0.033519,de_Gerlache,31.1,False,Watch,
-85.875,228.875,6,2.3333,0.2197,6.56,0.033507,de_Gerlache,94.7,False,Background,
-85.125,336.625,4,2.0,0.3311,9.88,0.033501,Cabeus,54.5,False,Watch,
-89.375,188.125,6,2.0,0.3311,9.89,0.033499,Shackleton,16.2,False,Watch,
-85.875,191.875,6,2.3333,0.2197,6.56,0.033492,Sverdrup,87.1,False,Background,
-87.625,71.375,5,2.4,0.1974,5.89,0.033489,Faustini,20.7,True,Background,confirmed within Faustini PSR boundary
-88.875,43.375,3,1.6667,0.4426,13.22,0.033484,Shackleton,34.9,False,Watch,
-89.625,128.125,3,2.0,0.3311,9.89,0.03348,Shackleton,1.4,True,Watch,confirmed within Shackleton PSR boundary
-89.375,193.875,4,1.75,0.4148,12.39,0.033466,Shackleton,17.2,False,Watch,
-86.375,8.625,3,2.3333,0.2197,6.57,0.033459,Haworth,39.4,False,Background,
-85.125,102.125,3,2.3333,0.2197,6.57,0.033449,Faustini,72.9,False,Background,
-86.375,59.625,4,1.75,0.4148,12.41,0.033425,Nobile,38.7,False,Watch,
-86.625,58.125,3,2.3333,0.2197,6.57,0.033411,Faustini,44.1,False,Background,
-88.375,50.625,4,2.75,0.0803,2.41,0.033384,Shackleton,48.3,False,Background,
-89.375,172.625,3,2.0,0.3311,9.92,0.033383,Shackleton,13.5,False,Watch,
-85.625,168.125,3,2.0,0.3311,9.94,0.033329,Sverdrup,76.0,False,Watch,
-86.125,151.625,3,2.6667,0.1082,3.25,0.033309,Sverdrup,56.9,False,Background,
-85.625,211.875,3,2.3333,0.2197,6.6,0.033297,Sverdrup,114.3,False,Background,
-89.625,80.875,3,0.6667,0.777,23.35,0.033284,Shackleton,8.9,True,Watch,confirmed within Shackleton PSR — strong suppression
-88.375,264.875,3,2.3333,0.2197,6.6,0.033272,de_Gerlache,6.4,True,Background,confirmed within de_Gerlache PSR boundary
-86.875,81.125,5,1.6,0.4649,13.98,0.033262,Faustini,10.4,True,Watch,confirmed within Faustini PSR boundary
-86.125,0.625,3,1.3333,0.5541,16.66,0.033252,Haworth,41.7,False,Watch,
-87.125,68.875,3,2.3333,0.2197,6.61,0.033246,Faustini,21.6,False,Background,
-87.125,161.875,5,2.0,0.3311,9.96,0.033232,Sverdrup,29.1,False,Watch,
-88.875,142.125,9,1.8889,0.3683,11.1,0.033187,Shackleton,24.4,False,Watch,
-88.875,213.125,5,1.6,0.4649,14.02,0.033164,Shackleton,34.5,False,Watch,
-86.625,94.875,3,1.6667,0.4426,13.37,0.033112,Faustini,25.7,False,Watch,
-88.875,48.125,3,1.6667,0.4426,13.37,0.033101,Shackleton,34.1,False,Watch,
-87.125,67.875,4,2.25,0.2475,7.48,0.0331,Faustini,23.1,False,Background,
-89.375,342.375,5,2.2,0.2643,7.99,0.03309,Shackleton,27.9,False,Background,
-86.625,237.375,4,2.0,0.3311,10.01,0.033086,de_Gerlache,67.1,False,Watch,
-85.625,186.125,3,1.3333,0.5541,16.75,0.033074,Sverdrup,88.8,False,Watch,
-85.125,183.375,5,2.6,0.1305,3.95,0.033074,Sverdrup,100.7,False,Background,
-89.125,113.125,3,2.3333,0.2197,6.64,0.033067,Shackleton,17.2,False,Background,
-86.875,227.125,3,2.3333,0.2197,6.65,0.033046,de_Gerlache,68.9,False,Background,
-85.375,153.875,4,1.75,0.4148,12.55,0.033041,Sverdrup,79.6,False,Watch,
-88.875,75.375,4,2.5,0.1639,4.96,0.033028,Shackleton,29.4,False,Background,
-88.625,33.125,6,1.5,0.4984,15.09,0.033026,Shackleton,43.9,False,Watch,
-86.625,210.125,4,2.0,0.3311,10.04,0.032985,Sverdrup,86.6,False,Watch,
-87.375,354.375,3,2.6667,0.1082,3.28,0.032965,Haworth,3.2,True,Background,confirmed within Haworth PSR boundary
-87.625,87.875,4,1.5,0.4984,15.12,0.032962,Faustini,14.3,True,Watch,confirmed within Faustini PSR boundary
-85.875,174.625,4,2.5,0.1639,4.98,0.032949,Sverdrup,72.6,False,Background,
-88.125,54.125,3,2.6667,0.1082,3.28,0.032947,Faustini,44.8,False,Background,
-86.875,141.125,5,2.4,0.1974,5.99,0.032938,Sverdrup,37.3,False,Background,
-85.125,315.125,5,2.2,0.2643,8.03,0.032918,Cabeus,7.2,True,Background,confirmed within Cabeus PSR boundary
-86.625,55.125,3,2.3333,0.2197,6.68,0.032884,Nobile,43.9,False,Background,
-87.375,203.625,3,2.3333,0.2197,6.68,0.032882,Sverdrup,62.9,False,Background,
-86.125,175.625,4,2.5,0.1639,4.99,0.032858,Sverdrup,66.2,False,Background,
-86.125,62.125,4,2.25,0.2475,7.53,0.032856,Nobile,34.7,True,Background,confirmed within Nobile PSR boundary
-86.625,134.125,4,2.5,0.1639,4.99,0.032847,Sverdrup,48.7,False,Background,
-85.875,71.375,3,1.6667,0.4426,13.48,0.032838,Faustini,45.5,False,Watch,
-86.375,267.625,3,2.3333,0.2197,6.69,0.032838,de_Gerlache,59.6,False,Background,
-86.625,355.375,3,1.3333,0.5541,16.88,0.032827,Haworth,25.6,False,Watch,
-87.125,23.375,3,2.6667,0.1082,3.3,0.032812,Haworth,41.0,False,Background,
-89.125,13.375,10,2.2,0.2643,8.06,0.032791,Shackleton,32.2,False,Background,
-85.375,100.375,3,2.0,0.3311,10.1,0.032776,Faustini,64.2,False,Watch,
-87.875,284.875,3,2.0,0.3311,10.1,0.032774,de_Gerlache,18.8,False,Watch,
-85.875,208.625,3,2.6667,0.1082,3.3,0.032769,Sverdrup,104.2,False,Background,
-85.875,15.125,3,2.0,0.3311,10.11,0.032759,Haworth,58.9,False,Watch,
-88.625,118.875,3,1.6667,0.4426,13.51,0.032755,Shackleton,31.9,False,Watch,
-86.625,249.625,3,2.3333,0.2197,6.71,0.03275,de_Gerlache,58.8,False,Background,
-88.375,96.875,5,2.4,0.1974,6.03,0.03273,Faustini,38.8,False,Background,
-88.125,153.625,3,2.3333,0.2197,6.71,0.032725,Sverdrup,4.0,True,Background,confirmed within Sverdrup PSR boundary
-85.375,353.875,3,2.0,0.3311,10.12,0.032724,Haworth,63.6,False,Watch,
-89.125,173.875,3,2.3333,0.2197,6.71,0.032722,Shackleton,20.6,False,Background,
-85.375,228.875,6,2.0,0.3311,10.12,0.032715,de_Gerlache,108.9,False,Watch,
-88.875,30.875,5,2.0,0.3311,10.12,0.032709,Shackleton,37.0,False,Watch,
-86.375,214.125,5,2.4,0.1974,6.04,0.032663,de_Gerlache,93.4,False,Background,
-86.125,65.875,3,2.0,0.3311,10.15,0.032639,Nobile,40.2,False,Watch,
-87.375,182.375,3,2.3333,0.2197,6.74,0.032617,Sverdrup,40.5,False,Background,
-85.625,207.625,4,2.25,0.2475,7.59,0.03261,Sverdrup,109.9,False,Background,
-89.625,135.625,5,1.8,0.398,12.22,0.032573,Shackleton,1.8,True,Watch,confirmed within Shackleton PSR boundary
-85.375,199.875,4,2.25,0.2475,7.6,0.032571,Sverdrup,108.7,False,Background,
-89.125,89.625,3,2.3333,0.2197,6.75,0.032562,Shackleton,19.9,False,Background,
-89.125,142.125,3,1.6667,0.4426,13.6,0.032537,Shackleton,16.9,False,Watch,
-88.625,310.625,4,1.75,0.4148,12.75,0.032517,de_Gerlache,31.7,False,Watch,
-89.125,96.375,3,2.3333,0.2197,6.76,0.032505,Shackleton,19.0,False,Background,
-87.875,107.625,3,2.0,0.3311,10.19,0.032492,Faustini,37.3,False,Watch,
-87.375,166.375,4,2.0,0.3311,10.2,0.032453,Sverdrup,25.3,False,Watch,
-86.375,114.375,3,2.3333,0.2197,6.77,0.032435,Faustini,57.5,False,Background,
-88.625,205.875,4,1.75,0.4148,12.79,0.032426,Shackleton,40.5,False,Watch,
-88.125,324.375,3,2.3333,0.2197,6.78,0.032423,Haworth,40.5,False,Background,
-89.625,291.375,4,1.5,0.4984,15.39,0.032376,Shackleton,21.1,False,Watch,
-89.625,302.375,4,1.75,0.4148,12.82,0.032349,Shackleton,21.3,False,Watch,
-85.625,56.625,6,2.3333,0.2197,6.79,0.032333,Nobile,15.4,True,Background,confirmed within Nobile PSR boundary
-88.125,180.375,4,2.25,0.2475,7.66,0.03233,Sverdrup,28.5,False,Background,
-88.375,96.375,3,2.3333,0.2197,6.8,0.032312,Faustini,38.6,False,Background,
-88.125,181.625,3,2.0,0.3311,10.26,0.032277,Sverdrup,29.8,False,Watch,
-85.125,241.875,7,1.8571,0.3789,11.75,0.032254,de_Gerlache,107.1,False,Watch,
-89.125,18.125,3,2.3333,0.2197,6.81,0.032248,Shackleton,31.6,False,Background,
-87.375,108.375,3,2.0,0.3311,10.27,0.032241,Faustini,36.1,False,Watch,
-88.375,175.625,4,2.25,0.2475,7.68,0.032235,Sverdrup,24.7,False,Background,
-85.125,23.875,4,1.75,0.4148,12.87,0.032228,Nobile,75.2,False,Watch,
-87.875,208.125,3,1.6667,0.4426,13.74,0.03222,Sverdrup,58.4,False,Watch,
-89.125,176.375,5,2.2,0.2643,8.21,0.03218,Shackleton,21.0,False,Background,
-86.375,221.375,5,2.4,0.1974,6.14,0.032158,de_Gerlache,87.1,False,Background,
-86.375,173.875,3,2.6667,0.1082,3.36,0.032156,Sverdrup,57.8,False,Background,
-88.125,250.125,3,2.3333,0.2197,6.84,0.032136,de_Gerlache,21.3,False,Background,
-87.125,293.625,4,2.5,0.1639,5.1,0.032135,de_Gerlache,44.2,False,Background,
-88.125,292.125,3,2.0,0.3311,10.31,0.032119,de_Gerlache,19.7,False,Watch,
-89.125,70.375,3,2.3333,0.2197,6.84,0.032118,Shackleton,23.1,False,Background,
-89.125,107.875,3,2.3333,0.2197,6.84,0.032115,Shackleton,17.6,False,Background,
-89.375,8.625,3,2.3333,0.2197,6.84,0.032114,Shackleton,25.6,False,Background,
-86.625,310.125,7,2.1429,0.2834,8.83,0.032103,Cabeus,53.9,False,Background,
-86.875,42.125,4,2.25,0.2475,7.71,0.032091,Nobile,56.5,False,Background,
-86.625,214.125,4,2.0,0.3311,10.33,0.032058,de_Gerlache,86.8,False,Watch,
-87.125,278.125,3,2.6667,0.1082,3.38,0.03205,de_Gerlache,37.2,False,Background,
-85.375,204.875,3,2.0,0.3311,10.34,0.032041,Sverdrup,113.8,False,Watch,
-87.125,199.375,4,2.5,0.1639,5.12,0.032041,Sverdrup,63.6,False,Background,
-88.875,176.875,3,2.0,0.3311,10.34,0.032034,Shackleton,28.3,False,Watch,
-85.875,132.625,3,2.3333,0.2197,6.86,0.032032,Sverdrup,71.1,False,Background,
-87.875,314.875,3,1.3333,0.5541,17.31,0.032016,de_Gerlache,44.0,False,Watch,
-85.125,52.375,6,2.0,0.3311,10.35,0.031992,Nobile,3.4,True,Watch,confirmed within Nobile PSR boundary
-86.875,143.875,6,2.3333,0.2197,6.87,0.031979,Sverdrup,36.0,False,Background,
-85.375,54.875,3,2.3333,0.2197,6.87,0.031978,Nobile,6.8,True,Background,confirmed within Nobile PSR boundary
-86.875,131.625,4,2.0,0.3311,10.36,0.031973,Sverdrup,43.8,False,Watch,
-88.125,85.125,4,2.5,0.1639,5.13,0.031971,Faustini,28.1,False,Background,
-89.375,208.875,3,2.0,0.3311,10.36,0.031967,Shackleton,19.7,False,Watch,
-85.375,74.375,6,1.6667,0.4426,13.85,0.031965,Nobile,52.1,False,Watch,
-89.125,126.625,4,2.5,0.1639,5.13,0.031953,Shackleton,16.5,False,Background,
-87.125,231.375,5,2.4,0.1974,6.19,0.031894,de_Gerlache,58.9,False,Background,
-89.125,310.375,7,2.4286,0.1878,5.89,0.031883,de_Gerlache,34.1,False,Background,
-85.625,65.625,4,2.25,0.2475,7.77,0.031858,Nobile,32.3,True,Background,confirmed within Nobile PSR boundary
-87.125,144.375,6,2.6667,0.1082,3.4,0.031852,Sverdrup,28.5,False,Background,
-87.625,358.875,4,2.75,0.0803,2.52,0.031844,Haworth,6.6,True,Background,confirmed within Haworth PSR boundary
-86.375,146.125,5,2.4,0.1974,6.2,0.031822,Sverdrup,50.1,False,Background,
-86.875,24.875,4,2.5,0.1639,5.16,0.031796,Haworth,47.1,False,Background,
-88.875,163.625,3,2.0,0.3311,10.42,0.03178,Shackleton,26.4,False,Watch,
-85.125,145.125,5,1.0,0.6656,20.95,0.031767,Sverdrup,88.0,False,Watch,
-88.625,169.875,4,2.0,0.3311,10.43,0.031742,Sverdrup,24.3,False,Watch,
-86.125,225.625,5,2.6,0.1305,4.11,0.031742,de_Gerlache,90.3,False,Background,
-87.375,341.625,4,1.25,0.582,18.34,0.031736,Haworth,18.9,True,Watch,confirmed within Haworth PSR — strong suppression
-87.125,266.875,3,2.0,0.3311,10.44,0.031734,de_Gerlache,37.0,False,Watch,
-85.375,268.875,4,2.25,0.2475,7.8,0.031725,de_Gerlache,89.7,False,Background,
-87.375,193.875,4,2.5,0.1639,5.17,0.031719,Sverdrup,52.6,False,Background,
-85.125,150.125,4,2.5,0.1639,5.17,0.031713,Sverdrup,87.3,False,Background,
-88.625,68.375,3,1.3333,0.5541,17.48,0.031705,Shackleton,37.9,False,Watch,
-89.125,326.375,3,2.0,0.3311,10.45,0.031687,Shackleton,36.2,False,Watch,
-86.625,189.875,3,2.6667,0.1082,3.42,0.031658,Sverdrup,65.5,False,Background,
-86.375,231.125,4,2.25,0.2475,7.82,0.031656,de_Gerlache,78.9,False,Background,
-87.625,226.125,3,2.3333,0.2197,6.94,0.031654,de_Gerlache,51.7,False,Background,
-89.125,352.875,5,1.8,0.398,12.58,0.031629,Shackleton,34.5,False,Watch,
-89.125,96.125,3,2.3333,0.2197,6.95,0.031614,Shackleton,19.0,False,Background,
-86.875,140.375,5,2.4,0.1974,6.24,0.031613,Sverdrup,37.7,False,Background,
-86.875,273.375,3,2.3333,0.2197,6.95,0.031606,de_Gerlache,44.2,False,Background,
-89.625,326.625,4,2.5,0.1639,5.19,0.031579,Shackleton,21.1,False,Background,
-88.125,135.625,4,1.75,0.4148,13.14,0.031576,Sverdrup,17.6,False,Watch,
-88.375,319.875,3,2.3333,0.2197,6.96,0.031566,de_Gerlache,40.5,False,Background,
-86.875,343.375,4,1.75,0.4148,13.16,0.031511,Haworth,25.3,True,Watch,confirmed within Haworth PSR boundary
-85.375,69.625,7,2.1429,0.2834,9.0,0.031484,Nobile,40.5,False,Background,
-86.625,292.375,3,2.0,0.3311,10.53,0.031454,de_Gerlache,57.6,False,Watch,
-88.125,320.125,6,2.3333,0.2197,6.99,0.031435,de_Gerlache,44.2,False,Background,
-87.375,36.375,5,2.0,0.3311,10.56,0.031367,Haworth,54.9,False,Watch,
-88.875,79.125,4,2.5,0.1639,5.23,0.031366,Shackleton,28.8,False,Background,
-86.875,31.625,5,2.2,0.2643,8.43,0.031364,Haworth,56.1,False,Background,
-85.625,201.375,3,2.3333,0.2197,7.01,0.031359,Sverdrup,103.4,False,Background,
-87.625,45.875,3,2.0,0.3311,10.56,0.031356,Faustini,51.7,False,Watch,
-86.625,133.375,4,2.5,0.1639,5.23,0.031351,Sverdrup,49.2,False,Background,
-89.125,174.125,3,2.3333,0.2197,7.01,0.031341,Shackleton,20.6,False,Background,
-85.875,50.375,5,1.6,0.4649,14.84,0.031335,Nobile,22.3,True,Watch,confirmed within Nobile PSR boundary
-87.875,38.875,3,2.6667,0.1082,3.46,0.031304,Haworth,53.6,False,Background,
-85.625,201.125,4,2.25,0.2475,7.91,0.031281,Sverdrup,103.1,False,Background,
-88.125,65.625,3,1.6667,0.4426,14.15,0.031274,Faustini,35.2,False,Watch,
-89.625,266.125,3,1.3333,0.5541,17.73,0.031258,Shackleton,19.9,False,Watch,
-85.625,45.375,8,2.25,0.2475,7.92,0.031257,Nobile,23.9,True,Background,confirmed within Nobile PSR boundary
-87.375,176.875,7,2.2857,0.2356,7.54,0.031251,Sverdrup,34.9,False,Background,
-87.125,217.375,12,2.5,0.1639,5.25,0.031242,de_Gerlache,71.1,False,Background,
-89.125,171.375,9,2.2222,0.2568,8.22,0.031241,Shackleton,20.2,False,Background,
-86.875,235.625,6,2.3333,0.2197,7.03,0.03124,de_Gerlache,61.8,False,Background,
-85.125,72.125,3,2.0,0.3311,10.61,0.031222,Nobile,47.5,False,Watch,
-87.375,145.375,3,2.3333,0.2197,7.04,0.031199,Sverdrup,20.8,False,Background,
-89.125,289.875,3,2.0,0.3311,10.63,0.031144,de_Gerlache,26.7,False,Watch,
-85.125,266.625,3,2.0,0.3311,10.64,0.031113,de_Gerlache,97.5,False,Watch,
-86.375,241.125,3,2.3333,0.2197,7.07,0.031067,de_Gerlache,71.4,False,Background,
-89.125,197.625,6,1.8333,0.3869,12.46,0.031047,Shackleton,24.6,False,Watch,
-88.375,31.625,5,1.8,0.398,12.82,0.031042,Haworth,47.1,False,Watch,
-87.625,46.125,3,2.0,0.3311,10.67,0.031036,Faustini,51.4,False,Watch,
-87.625,266.875,3,2.3333,0.2197,7.08,0.031027,de_Gerlache,22.1,False,Background,
-87.125,167.625,4,2.25,0.2475,7.98,0.031025,Sverdrup,32.7,False,Background,
-86.375,54.375,3,1.3333,0.5541,17.87,0.031016,Nobile,36.3,True,Watch,confirmed within Nobile PSR — strong suppression
-89.125,2.625,6,1.8333,0.3869,12.48,0.031012,Shackleton,33.5,False,Watch,
-89.125,220.875,3,1.6667,0.4426,14.28,0.030998,Shackleton,28.6,False,Watch,
-87.375,33.625,5,1.8,0.398,12.84,0.03099,Haworth,51.3,False,Watch,
-88.625,88.625,3,2.3333,0.2197,7.09,0.030975,Shackleton,34.7,False,Background,
-87.625,140.625,3,2.3333,0.2197,7.09,0.030966,Sverdrup,17.8,False,Background,
-87.875,76.125,3,2.3333,0.2197,7.09,0.030964,Faustini,22.4,False,Background,
-89.125,94.625,4,2.25,0.2475,8.0,0.030943,Shackleton,19.2,False,Background,
-85.625,210.875,4,2.25,0.2475,8.0,0.030938,Sverdrup,113.3,False,Background,
-87.125,54.625,4,2.5,0.1639,5.31,0.0309,Faustini,42.6,False,Background,
-87.375,178.375,3,2.3333,0.2197,7.11,0.030892,Sverdrup,36.4,False,Background,
-86.125,172.125,4,2.75,0.0803,2.6,0.030871,Sverdrup,63.7,False,Background,
-89.125,194.875,9,2.1111,0.294,9.53,0.030842,Shackleton,24.1,False,Background,
-86.375,312.625,3,2.3333,0.2197,7.13,0.030828,Cabeus,45.4,True,Background,confirmed within Cabeus PSR boundary
-88.125,92.875,3,2.3333,0.2197,7.13,0.030828,Faustini,30.4,False,Background,
-86.125,215.125,5,2.4,0.1974,6.4,0.030828,de_Gerlache,99.3,False,Background,
-88.125,56.875,4,2.5,0.1639,5.32,0.030826,Faustini,42.3,False,Background,
-89.625,22.625,3,2.3333,0.2197,7.13,0.030814,Shackleton,17.2,False,Background,
-87.125,57.625,5,2.0,0.3311,10.76,0.030783,Faustini,38.2,False,Watch,
-88.375,315.125,10,2.2,0.2643,8.59,0.030782,de_Gerlache,36.7,False,Background,
-88.375,72.125,5,1.8,0.398,12.93,0.030779,Faustini,37.8,False,Watch,
-87.625,275.625,3,2.3333,0.2197,7.14,0.030757,de_Gerlache,21.7,False,Background,
-86.125,82.375,3,1.6667,0.4426,14.4,0.030737,Faustini,32.6,False,Watch,
-89.625,277.625,5,1.8,0.398,12.95,0.030732,Shackleton,20.6,False,Watch,
-85.125,300.375,4,2.0,0.3311,10.78,0.030722,Cabeus,41.6,True,Watch,confirmed within Cabeus PSR boundary
-85.625,207.875,4,2.25,0.2475,8.06,0.030721,Sverdrup,110.1,False,Background,
-86.875,225.875,4,2.0,0.3311,10.78,0.030719,de_Gerlache,69.9,False,Watch,
-88.375,236.875,3,2.0,0.3311,10.78,0.03071,de_Gerlache,30.2,False,Watch,
-85.875,83.625,3,1.6667,0.4426,14.42,0.0307,Faustini,40.2,False,Watch,
-88.125,359.875,5,1.2,0.5987,19.51,0.030679,Haworth,20.5,True,Watch,confirmed within Haworth PSR — strong suppression
-85.875,330.875,3,1.6667,0.4426,14.43,0.030669,Cabeus,46.6,True,Watch,confirmed within Cabeus PSR boundary
-86.625,346.625,3,2.3333,0.2197,7.17,0.030618,Haworth,28.9,False,Background,
-89.375,300.375,3,2.0,0.3311,10.82,0.030617,Shackleton,28.9,False,Watch,
-85.625,69.625,3,2.3333,0.2197,7.18,0.030614,Nobile,41.2,False,Background,
-88.375,186.625,3,2.0,0.3311,10.82,0.03061,Sverdrup,34.0,False,Watch,
-86.875,240.875,3,2.3333,0.2197,7.18,0.030607,de_Gerlache,57.7,False,Background,
-87.625,257.875,3,2.3333,0.2197,7.18,0.030602,de_Gerlache,26.0,False,Background,
-88.875,182.375,3,2.6667,0.1082,3.54,0.0306,Shackleton,29.2,False,Background,
-88.875,337.125,3,1.3333,0.5541,18.12,0.030586,Shackleton,43.2,False,Watch,
-87.625,56.875,4,1.5,0.4984,16.29,0.030586,Faustini,37.9,False,Watch,
-89.375,39.375,4,2.5,0.1639,5.36,0.030578,Shackleton,21.4,False,Background,
-85.875,226.875,6,2.5,0.1639,5.36,0.030573,de_Gerlache,96.3,False,Background,
-85.375,336.625,6,2.3333,0.2197,7.19,0.030568,Cabeus,54.6,False,Background,
-89.375,337.875,4,2.5,0.1639,5.38,0.030482,Shackleton,28.2,False,Background,
-85.625,225.875,3,2.3333,0.2197,7.21,0.030475,de_Gerlache,104.2,False,Background,
-89.125,92.125,3,2.0,0.3311,10.87,0.030471,Shackleton,19.5,False,Watch,
-87.875,43.375,3,2.6667,0.1082,3.55,0.030471,Faustini,54.4,False,Background,
-87.875,343.125,3,1.3333,0.5541,18.19,0.030464,Haworth,19.3,True,Watch,confirmed within Haworth PSR — strong suppression
-89.625,130.125,3,2.0,0.3311,10.87,0.030455,Shackleton,1.4,True,Watch,confirmed within Shackleton PSR boundary
-88.875,317.625,7,2.1429,0.2834,9.31,0.030447,de_Gerlache,36.2,False,Background,
-88.375,318.625,6,2.3333,0.2197,7.22,0.030439,de_Gerlache,39.5,False,Background,
-85.625,66.875,3,2.3333,0.2197,7.22,0.030436,Nobile,35.0,True,Background,confirmed within Nobile PSR boundary
-85.125,278.375,5,2.6,0.1305,4.29,0.030436,Cabeus,97.6,False,Background,
-88.125,314.625,14,2.2857,0.2356,7.74,0.030424,de_Gerlache,39.5,False,Background,
-85.125,204.125,5,2.4,0.1974,6.49,0.030403,Sverdrup,120.0,False,Background,
-87.625,67.625,3,1.6667,0.4426,14.57,0.030383,Faustini,24.9,False,Watch,
-88.375,318.125,6,2.3333,0.2197,7.24,0.03035,de_Gerlache,39.1,False,Background,
-87.875,288.625,4,2.25,0.2475,8.16,0.030337,de_Gerlache,21.5,False,Background,
-87.375,155.625,3,2.6667,0.1082,3.57,0.030337,Sverdrup,19.3,False,Background,
-85.625,19.125,3,1.6667,0.4426,14.59,0.030331,Haworth,69.7,False,Watch,
-88.375,129.875,5,1.6,0.4649,15.33,0.030329,Sverdrup,24.3,False,Watch,
-87.375,226.125,3,2.3333,0.2197,7.24,0.030321,de_Gerlache,57.3,False,Background,
-86.375,169.625,9,2.6667,0.1082,3.57,0.030313,Sverdrup,54.9,False,Background,
-87.375,16.625,4,2.25,0.2475,8.17,0.030306,Haworth,29.0,False,Background,
-87.625,38.875,4,1.75,0.4148,13.69,0.030286,Haworth,55.3,False,Watch,
-85.625,277.375,4,2.25,0.2475,8.18,0.030268,de_Gerlache,82.4,False,Background,
-86.125,318.125,5,2.2,0.2643,8.73,0.030265,Cabeus,37.5,True,Background,confirmed within Cabeus PSR boundary
-88.375,140.625,9,2.4444,0.1825,6.03,0.030265,Sverdrup,16.0,True,Background,confirmed within Sverdrup PSR boundary
-86.375,8.375,4,2.25,0.2475,8.18,0.030256,Haworth,39.2,False,Background,
-89.625,236.625,3,2.3333,0.2197,7.27,0.030224,Shackleton,17.2,False,Background,
-86.375,185.875,5,2.6,0.1305,4.32,0.030191,Sverdrup,68.0,False,Background,
-88.625,352.875,3,2.0,0.3311,10.97,0.030183,Haworth,35.1,False,Watch,
-88.625,217.625,9,2.3333,0.2197,7.28,0.030159,Shackleton,42.6,False,Background,
-86.375,116.125,4,2.25,0.2475,8.21,0.030149,Faustini,60.1,False,Background,
-89.125,12.875,4,2.25,0.2475,8.22,0.030102,Shackleton,32.3,False,Background,
-88.375,23.375,3,1.6667,0.4426,14.71,0.030095,Haworth,40.5,False,Watch,
-87.125,215.125,8,2.375,0.2057,6.84,0.03009,de_Gerlache,73.1,False,Background,
-86.875,190.375,5,2.4,0.1974,6.56,0.030088,Sverdrup,59.9,False,Background,
-86.625,259.875,3,2.3333,0.2197,7.3,0.030086,de_Gerlache,53.9,False,Background,
-88.625,301.125,3,2.0,0.3311,11.01,0.030078,de_Gerlache,24.8,False,Watch,
-85.125,59.875,4,1.75,0.4148,13.79,0.030068,Nobile,16.3,True,Watch,confirmed within Nobile PSR boundary
-86.625,332.875,6,2.5,0.1639,5.45,0.030063,Haworth,43.0,False,Background,
-87.625,227.875,5,2.0,0.3311,11.02,0.030062,de_Gerlache,50.2,False,Watch,
-86.875,38.125,4,2.25,0.2475,8.24,0.030046,Nobile,60.3,False,Background,
-88.125,61.875,3,1.6667,0.4426,14.74,0.030025,Faustini,38.1,False,Watch,
-88.875,1.875,3,2.3333,0.2197,7.32,0.030007,Shackleton,41.0,False,Background,
-86.875,8.875,5,2.0,0.3311,11.04,0.030005,Haworth,27.0,False,Watch,
-86.125,116.875,3,2.3333,0.2197,7.32,0.029996,Faustini,66.3,False,Background,
-88.625,214.625,13,2.3077,0.2282,7.61,0.029994,Shackleton,42.0,False,Background,
-88.625,314.125,11,1.9091,0.3616,12.06,0.029986,de_Gerlache,34.2,False,Watch,
-86.625,170.625,7,2.7143,0.0923,3.08,0.029961,Sverdrup,48.5,False,Background,
-88.125,54.625,3,2.6667,0.1082,3.61,0.029958,Faustini,44.3,False,Background,
-87.375,52.125,4,1.5,0.4984,16.64,0.029956,Faustini,44.4,False,Watch,
-85.875,65.625,4,2.25,0.2475,8.26,0.029954,Nobile,35.4,True,Background,confirmed within Nobile PSR boundary
-89.375,7.875,10,2.3,0.2308,7.71,0.029949,Shackleton,25.7,False,Background,
-85.125,29.125,7,2.4286,0.1878,6.27,0.029945,Nobile,62.1,False,Background,
-86.125,297.875,3,2.3333,0.2197,7.34,0.029936,Cabeus,56.4,False,Background,
-85.375,59.625,5,1.2,0.5987,20.01,0.029919,Nobile,16.3,True,Watch,confirmed within Nobile PSR — strong suppression
-85.375,201.375,5,2.6,0.1305,4.36,0.029919,Sverdrup,110.2,False,Background,
-87.875,109.125,3,2.0,0.3311,11.08,0.029874,Faustini,38.9,False,Watch,
-87.875,216.875,4,1.75,0.4148,13.92,0.029789,de_Gerlache,54.6,False,Watch,
-86.875,129.125,3,1.6667,0.4426,14.86,0.029786,Sverdrup,45.9,False,Watch,
-86.125,163.875,5,2.4,0.1974,6.63,0.029777,Sverdrup,59.3,False,Background,
-89.125,223.625,3,1.6667,0.4426,14.87,0.029772,Shackleton,29.0,False,Watch,
-85.875,165.375,7,2.2857,0.2356,7.92,0.029751,Sverdrup,67.3,False,Background,
-86.875,236.125,7,2.4286,0.1878,6.32,0.029735,de_Gerlache,61.4,False,Background,
-89.125,188.625,8,2.25,0.2475,8.33,0.02973,Shackleton,23.1,False,Background,
-85.625,182.875,4,1.25,0.582,19.58,0.029728,Sverdrup,86.0,False,Watch,
-86.625,74.625,5,2.4,0.1974,6.64,0.029724,Faustini,22.4,False,Background,
-85.875,2.375,4,1.75,0.4148,13.96,0.029713,Haworth,49.8,False,Watch,
-88.625,72.125,7,2.1429,0.2834,9.54,0.029701,Shackleton,37.3,False,Background,
-85.875,96.125,3,1.6667,0.4426,14.91,0.02968,Faustini,46.3,False,Watch,
-88.875,359.125,3,2.3333,0.2197,7.4,0.029673,Shackleton,41.3,False,Background,
-89.125,151.375,4,2.25,0.2475,8.34,0.029671,Shackleton,17.6,False,Background,
-87.875,40.875,5,2.2,0.2643,8.91,0.029661,Haworth,55.8,False,Background,
-87.125,53.125,3,2.3333,0.2197,7.41,0.029643,Faustini,44.8,False,Background,
-88.125,43.375,4,2.75,0.0803,2.71,0.029589,Faustini,55.1,False,Background,
-89.125,358.375,5,2.2,0.2643,8.93,0.029585,Shackleton,34.0,False,Background,
-87.125,255.375,3,2.3333,0.2197,7.43,0.029577,de_Gerlache,41.3,False,Background,
-89.125,141.625,4,1.75,0.4148,14.03,0.02957,Shackleton,16.9,False,Watch,
-87.625,206.625,4,2.25,0.2475,8.37,0.02957,Sverdrup,61.2,False,Background,
-86.875,197.375,3,1.6667,0.4426,14.97,0.029558,Sverdrup,67.2,False,Watch,
-87.625,1.125,3,2.3333,0.2197,7.43,0.029554,Haworth,8.9,True,Background,confirmed within Haworth PSR boundary
-86.375,160.375,5,2.0,0.3311,11.22,0.029525,Sverdrup,50.5,False,Watch,
-89.125,23.125,4,2.25,0.2475,8.38,0.029523,Shackleton,30.9,False,Background,
-87.125,70.625,4,2.0,0.3311,11.23,0.029501,Faustini,19.0,True,Watch,confirmed within Faustini PSR boundary
-89.625,317.375,4,2.25,0.2475,8.39,0.029499,Shackleton,21.3,False,Background,
-85.375,168.875,7,2.1429,0.2834,9.61,0.02948,Sverdrup,83.8,False,Background,
-89.375,212.125,3,2.3333,0.2197,7.45,0.029476,Shackleton,20.3,False,Background,
-88.125,1.625,3,1.3333,0.5541,18.81,0.029463,Haworth,21.1,True,Watch,confirmed within Haworth PSR — strong suppression
-89.125,181.125,10,2.3,0.2308,7.84,0.029429,Shackleton,21.8,False,Background,
-89.125,219.875,3,1.6667,0.4426,15.04,0.029426,Shackleton,28.4,False,Watch,
-88.875,178.625,4,2.5,0.1639,5.57,0.029417,Shackleton,28.6,False,Background,
-87.625,217.875,3,2.3333,0.2197,7.47,0.029404,de_Gerlache,59.0,False,Background,
-86.625,162.375,3,1.6667,0.4426,15.06,0.029395,Sverdrup,43.8,False,Watch,
-86.375,83.875,3,2.3333,0.2197,7.47,0.02939,Faustini,25.0,False,Background,
-85.125,334.125,5,2.2,0.2643,8.99,0.029389,Cabeus,48.1,True,Background,confirmed within Cabeus PSR boundary
-85.375,61.375,4,2.0,0.3311,11.27,0.029378,Nobile,20.4,True,Watch,confirmed within Nobile PSR boundary
-86.375,138.875,5,2.4,0.1974,6.72,0.029362,Sverdrup,52.9,False,Background,
-86.375,212.125,3,2.3333,0.2197,7.49,0.029341,Sverdrup,94.9,False,Background,
-86.375,168.375,5,2.6,0.1305,4.45,0.029319,Sverdrup,54.2,False,Background,
-88.875,174.375,5,2.2,0.2643,9.02,0.029308,Shackleton,27.9,False,Background,
-89.375,315.125,6,2.5,0.1639,5.59,0.029307,Shackleton,28.9,False,Background,
-89.125,147.125,3,2.0,0.3311,11.32,0.029265,Shackleton,17.3,False,Watch,
-86.875,229.125,6,2.5,0.1639,5.61,0.02923,de_Gerlache,67.2,False,Background,
-87.625,114.875,3,1.6667,0.4426,15.14,0.029226,Sverdrup,44.1,False,Watch,
-88.625,33.875,3,1.6667,0.4426,15.15,0.029212,Shackleton,43.8,False,Watch,
-86.125,223.125,3,2.3333,0.2197,7.52,0.029206,de_Gerlache,92.4,False,Background,
-86.625,61.625,4,2.0,0.3311,11.34,0.029203,Faustini,39.1,False,Watch,
-89.125,314.125,6,2.5,0.1639,5.61,0.029198,de_Gerlache,35.7,False,Background,
-88.875,181.375,5,2.6,0.1305,4.47,0.02919,Shackleton,29.0,False,Background,
-86.875,308.625,3,2.3333,0.2197,7.53,0.02918,Cabeus,61.9,False,Background,
-89.125,204.625,12,1.9167,0.359,12.3,0.029177,Shackleton,25.8,False,Watch,
-87.375,51.125,3,1.6667,0.4426,15.17,0.029176,Faustini,45.8,False,Watch,
-89.625,306.875,4,2.25,0.2475,8.49,0.029149,Shackleton,21.4,False,Background,
-85.125,249.375,4,2.0,0.3311,11.36,0.029147,de_Gerlache,102.9,False,Watch,
-85.625,149.125,5,2.0,0.3311,11.36,0.029146,Sverdrup,72.2,False,Watch,
-86.625,81.375,3,1.6667,0.4426,15.19,0.02914,Faustini,17.7,True,Watch,confirmed within Faustini PSR boundary
-85.875,193.125,7,2.5714,0.14,4.81,0.029121,Sverdrup,88.4,False,Background,
-85.875,84.875,3,2.0,0.3311,11.37,0.029114,Faustini,40.3,False,Watch,
-86.875,54.125,4,2.0,0.3311,11.38,0.029106,Faustini,46.2,False,Watch,
-89.375,286.375,3,1.6667,0.4426,15.23,0.029061,Shackleton,28.4,False,Watch,
-86.625,306.625,6,2.0,0.3311,11.4,0.029058,Cabeus,56.2,False,Watch,
-88.875,221.875,3,2.0,0.3311,11.4,0.029058,Shackleton,36.0,False,Watch,
-89.625,199.875,4,2.0,0.3311,11.4,0.029055,Shackleton,12.4,False,Watch,
-86.875,230.625,4,2.5,0.1639,5.65,0.029035,de_Gerlache,65.9,False,Background,
-85.125,167.625,5,2.4,0.1974,6.8,0.029033,Sverdrup,90.7,False,Background,
-88.625,206.625,6,2.0,0.3311,11.41,0.029031,Shackleton,40.7,False,Watch,
-85.875,332.875,4,2.0,0.3311,11.41,0.029012,Cabeus,50.4,False,Watch,
-88.875,312.125,14,2.3571,0.2117,7.3,0.029003,de_Gerlache,33.0,False,Background,
-85.375,314.875,3,2.3333,0.2197,7.58,0.028984,Cabeus,14.7,True,Background,confirmed within Cabeus PSR boundary
-87.375,195.375,3,2.3333,0.2197,7.58,0.028984,Sverdrup,54.2,False,Background,
-85.625,58.375,3,2.0,0.3311,11.43,0.028968,Nobile,17.9,True,Watch,confirmed within Nobile PSR boundary
-87.375,28.875,3,2.3333,0.2197,7.59,0.028951,Haworth,45.2,False,Background,
-88.625,133.625,3,2.0,0.3311,11.44,0.028939,Sverdrup,25.1,False,Watch,
-86.375,348.125,3,2.6667,0.1082,3.74,0.028935,Haworth,35.2,False,Background,
-85.125,250.375,5,1.8,0.398,13.76,0.028932,de_Gerlache,102.5,False,Watch,
-85.875,236.625,3,2.0,0.3311,11.45,0.028927,de_Gerlache,88.8,False,Watch,
-86.375,217.125,9,2.0,0.3311,11.45,0.028911,de_Gerlache,90.8,False,Watch,
-85.375,50.875,3,2.0,0.3311,11.46,0.028905,Nobile,8.9,True,Watch,confirmed within Nobile PSR boundary
-89.125,101.875,5,2.4,0.1974,6.83,0.028899,Shackleton,18.3,False,Background,
-89.625,55.375,3,1.6667,0.4426,15.32,0.028889,Shackleton,12.9,False,Watch,
-86.625,72.875,3,2.3333,0.2197,7.6,0.028886,Faustini,24.2,False,Background,
-89.625,323.625,4,2.5,0.1639,5.68,0.028879,Shackleton,21.2,False,Background,
-85.875,231.625,5,2.2,0.2643,9.16,0.028838,de_Gerlache,92.5,False,Background,
-88.125,32.625,4,2.25,0.2475,8.58,0.028835,Haworth,46.7,False,Background,
-88.125,60.375,3,2.0,0.3311,11.49,0.028813,Faustini,39.3,False,Watch,
-85.625,67.375,4,2.25,0.2475,8.59,0.028811,Nobile,36.1,True,Background,confirmed within Nobile PSR boundary
-86.375,300.625,3,2.3333,0.2197,7.62,0.028811,Cabeus,56.7,False,Background,
-88.625,93.875,5,2.4,0.1974,6.85,0.028805,Shackleton,34.1,False,Background,
-86.875,239.625,5,2.2,0.2643,9.18,0.028798,de_Gerlache,58.6,False,Background,
-85.625,48.625,4,2.25,0.2475,8.6,0.028797,Nobile,18.0,True,Background,confirmed within Nobile PSR boundary
-85.875,343.125,4,2.5,0.1639,5.69,0.028797,Haworth,52.7,False,Background,
-87.875,312.125,3,1.6667,0.4426,15.38,0.028775,de_Gerlache,41.5,False,Watch,
-88.875,328.375,5,2.0,0.3311,11.51,0.028773,de_Gerlache,42.6,False,Watch,
-87.875,13.625,3,2.0,0.3311,11.51,0.028767,Haworth,25.5,False,Watch,
-85.625,240.125,5,2.0,0.3311,11.52,0.028742,de_Gerlache,93.6,False,Watch,
-88.125,250.625,3,2.3333,0.2197,7.65,0.02872,de_Gerlache,20.9,False,Background,
-85.125,320.625,8,2.375,0.2057,7.17,0.028713,Cabeus,14.0,True,Background,confirmed within Cabeus PSR boundary
-86.875,212.375,4,2.0,0.3311,11.53,0.028712,de_Gerlache,81.8,False,Watch,
-88.875,352.125,6,1.3333,0.5541,19.32,0.028677,Shackleton,42.0,False,Watch,
-86.625,199.625,3,2.3333,0.2197,7.66,0.028662,Sverdrup,75.5,False,Background,
-87.375,311.125,3,1.6667,0.4426,15.45,0.028646,de_Gerlache,51.4,False,Watch,
-86.125,238.875,6,2.0,0.3311,11.56,0.028646,de_Gerlache,80.0,False,Watch,
-86.125,102.375,3,2.3333,0.2197,7.67,0.028638,Faustini,46.5,False,Background,
-86.375,92.875,3,2.0,0.3311,11.57,0.02863,Faustini,29.8,False,Watch,
-88.875,147.375,9,2.2222,0.2568,8.97,0.028629,Shackleton,24.8,False,Background,
-89.125,154.875,5,2.4,0.1974,6.9,0.028604,Shackleton,18.0,False,Background,
-88.875,211.875,10,1.7,0.4315,15.09,0.028598,Shackleton,34.3,False,Watch,
-87.625,60.875,4,1.5,0.4984,17.43,0.028597,Faustini,33.0,False,Watch,
-87.625,194.625,4,2.0,0.3311,11.58,0.028592,Sverdrup,48.8,False,Watch,
-86.375,39.625,6,2.0,0.3311,11.59,0.028574,Nobile,47.5,False,Watch,
-88.375,80.375,5,1.6,0.4649,16.3,0.028528,Faustini,35.8,False,Watch,
-89.375,184.125,3,2.3333,0.2197,7.7,0.028524,Shackleton,15.5,False,Background,
-89.375,161.875,7,1.7143,0.4267,14.96,0.028515,Shackleton,11.8,False,Watch,
-89.625,114.125,3,1.3333,0.5541,19.46,0.028476,Shackleton,3.2,True,Watch,confirmed within Shackleton PSR — strong suppression
-85.875,20.375,4,2.25,0.2475,8.7,0.028467,Haworth,64.4,False,Background,
-86.625,55.625,4,2.25,0.2475,8.7,0.028461,Nobile,44.0,False,Background,
-86.625,159.875,4,2.5,0.1639,5.76,0.028458,Sverdrup,42.9,False,Background,
-89.625,291.125,3,1.6667,0.4426,15.56,0.02844,Shackleton,21.1,False,Watch,
-86.625,224.625,3,2.0,0.3311,11.64,0.02844,de_Gerlache,77.6,False,Watch,
-87.625,201.125,3,2.0,0.3311,11.65,0.028437,Sverdrup,55.6,False,Watch,
-87.125,208.625,6,2.3333,0.2197,7.73,0.028429,Sverdrup,73.4,False,Background,
-85.375,60.875,3,1.6667,0.4426,15.57,0.02842,Nobile,19.3,True,Watch,confirmed within Nobile PSR boundary
-89.125,355.875,6,2.1667,0.2754,9.69,0.028408,Shackleton,34.2,False,Background,
-85.375,329.125,3,1.6667,0.4426,15.59,0.028401,Cabeus,36.6,True,Watch,confirmed within Cabeus PSR boundary
-87.625,232.125,6,2.1667,0.2754,9.7,0.028395,de_Gerlache,46.4,False,Background,
-86.875,276.875,3,2.6667,0.1082,3.81,0.028395,de_Gerlache,44.5,False,Background,
-85.125,309.125,4,2.5,0.1639,5.77,0.028392,Cabeus,19.4,True,Background,confirmed within Cabeus PSR boundary
-89.625,189.625,3,1.6667,0.4426,15.6,0.028377,Shackleton,10.8,False,Watch,
-88.625,37.125,8,1.75,0.4148,14.62,0.028368,Shackleton,43.3,False,Watch,
-86.375,159.375,3,2.3333,0.2197,7.75,0.02835,Sverdrup,50.2,False,Background,
-85.875,103.125,3,2.3333,0.2197,7.75,0.028348,Faustini,53.6,False,Background,
-85.875,227.125,4,2.5,0.1639,5.79,0.028327,de_Gerlache,96.1,False,Background,
-87.875,72.125,4,2.25,0.2475,8.75,0.028304,Faustini,25.0,False,Background,
-87.625,354.625,5,2.6,0.1305,4.62,0.028261,Haworth,4.8,True,Background,confirmed within Haworth PSR boundary
-88.375,137.125,11,2.4545,0.1791,6.34,0.028246,Sverdrup,18.5,False,Background,
-88.375,171.875,3,2.3333,0.2197,7.78,0.028221,Sverdrup,21.6,False,Background,
-86.125,32.375,5,1.6,0.4649,16.48,0.028207,Nobile,56.0,False,Watch,
-89.125,41.125,4,2.5,0.1639,5.81,0.028205,Shackleton,28.1,False,Background,
-85.125,46.375,6,2.0,0.3311,11.76,0.028166,Nobile,18.4,True,Watch,confirmed within Nobile PSR boundary
-87.875,2.625,3,2.0,0.3311,11.76,0.028164,Haworth,15.2,True,Watch,confirmed within Haworth PSR boundary
-89.125,222.625,4,1.75,0.4148,14.73,0.028151,Shackleton,28.9,False,Watch,
-87.625,328.375,3,2.3333,0.2197,7.8,0.028148,Haworth,35.0,False,Background,
-86.125,57.125,5,2.0,0.3311,11.77,0.028138,Nobile,29.8,True,Watch,confirmed within Nobile PSR boundary
-86.375,233.125,6,2.5,0.1639,5.83,0.028132,de_Gerlache,77.3,False,Background,
-88.125,147.625,4,2.0,0.3311,11.77,0.028126,Sverdrup,6.3,True,Watch,confirmed within Sverdrup PSR boundary
-87.625,89.125,3,1.6667,0.4426,15.74,0.028122,Faustini,15.2,True,Watch,confirmed within Faustini PSR boundary
-86.375,56.625,4,2.0,0.3311,11.78,0.02811,Nobile,36.9,False,Watch,
-88.625,107.875,3,2.3333,0.2197,7.82,0.028107,Shackleton,32.6,False,Background,
-89.125,227.125,3,1.6667,0.4426,15.75,0.028102,Shackleton,29.6,False,Watch,
-87.625,177.875,3,2.0,0.3311,11.78,0.028102,Sverdrup,31.2,False,Watch,
-86.375,288.375,4,2.5,0.1639,5.84,0.028078,de_Gerlache,63.0,False,Background,
-89.125,192.625,7,2.1429,0.2834,10.1,0.028068,Shackleton,23.8,False,Background,
-85.625,130.625,3,2.6667,0.1082,3.86,0.028033,Sverdrup,79.7,False,Background,
-85.625,242.375,4,1.75,0.4148,14.8,0.028028,de_Gerlache,92.1,False,Watch,
-86.375,153.875,3,2.3333,0.2197,7.84,0.028017,Sverdrup,49.3,False,Background,
-87.875,45.875,3,2.6667,0.1082,3.86,0.028016,Faustini,51.6,False,Background,
-86.875,169.125,3,2.6667,0.1082,3.86,0.028014,Sverdrup,40.5,False,Background,
-87.875,330.625,3,2.0,0.3311,11.82,0.028006,Haworth,32.5,False,Watch,
-88.875,118.875,4,2.0,0.3311,11.82,0.028004,Shackleton,24.3,False,Watch,
-87.375,90.875,3,2.0,0.3311,11.83,0.027993,Faustini,12.1,True,Watch,confirmed within Faustini PSR boundary
-85.125,59.375,3,2.3333,0.2197,7.85,0.027981,Nobile,15.1,True,Background,confirmed within Nobile PSR boundary
-89.125,316.625,3,2.6667,0.1082,3.87,0.027935,Shackleton,36.5,False,Background,
-86.375,100.875,3,2.3333,0.2197,7.87,0.027917,Faustini,38.7,False,Background,
-87.375,192.375,4,2.5,0.1639,5.87,0.027914,Sverdrup,51.0,False,Background,
-85.125,237.875,5,1.4,0.5318,19.06,0.027908,de_Gerlache,109.6,False,Watch,
-89.625,68.125,3,1.6667,0.4426,15.87,0.027886,Shackleton,11.0,False,Watch,
-87.375,78.875,3,2.3333,0.2197,7.88,0.027885,Faustini,8.2,True,Background,confirmed within Faustini PSR boundary
-88.375,250.125,3,2.0,0.3311,11.88,0.027884,de_Gerlache,19.0,False,Watch,
-86.375,152.375,6,2.1667,0.2754,9.89,0.027853,Sverdrup,49.3,False,Background,
-85.625,174.375,10,2.5,0.1639,5.89,0.027849,Sverdrup,79.7,False,Background,
-89.125,123.375,3,2.3333,0.2197,7.89,0.027844,Shackleton,16.6,False,Background,
-88.875,232.625,3,2.0,0.3311,11.89,0.027842,de_Gerlache,32.5,False,Watch,
-85.375,81.125,3,2.0,0.3311,11.9,0.027831,Faustini,55.5,False,Watch,
-88.875,24.875,7,2.1429,0.2834,10.18,0.027831,Shackleton,37.9,False,Background,
-87.875,225.875,6,2.0,0.3311,11.91,0.027813,de_Gerlache,46.8,False,Watch,
-86.875,181.875,3,2.6667,0.1082,3.89,0.027794,Sverdrup,51.4,False,Background,
-88.875,177.625,4,2.25,0.2475,8.91,0.027791,Shackleton,28.4,False,Background,
-87.125,305.625,3,2.3333,0.2197,7.91,0.027775,de_Gerlache,53.0,False,Background,
-89.125,0.375,7,2.4286,0.1878,6.76,0.027768,Shackleton,33.7,False,Background,
-86.125,87.125,3,1.6667,0.4426,15.94,0.027765,Faustini,33.3,False,Watch,
-85.875,57.625,3,2.0,0.3311,11.93,0.027751,Nobile,23.2,True,Watch,confirmed within Nobile PSR boundary
-85.625,323.625,5,2.6,0.1305,4.7,0.027748,Cabeus,29.1,True,Background,confirmed within Cabeus PSR boundary
-89.125,325.125,3,2.3333,0.2197,7.92,0.027731,Shackleton,36.3,False,Background,
-85.875,92.875,3,2.0,0.3311,11.95,0.027709,Faustini,43.7,False,Watch,
-85.875,190.875,4,2.5,0.1639,5.92,0.027702,Sverdrup,86.2,False,Background,
-86.625,128.875,7,2.2857,0.2356,8.51,0.027693,Sverdrup,52.7,False,Background,
-88.375,355.625,3,2.3333,0.2197,7.93,0.02769,Haworth,27.4,False,Background,
-85.125,296.125,4,2.5,0.1639,5.93,0.027669,Cabeus,52.6,False,Background,
-87.625,140.375,3,2.3333,0.2197,7.94,0.027666,Sverdrup,18.0,False,Background,
-86.875,233.125,3,2.3333,0.2197,7.94,0.027661,de_Gerlache,63.8,False,Background,
-88.625,178.125,7,2.0,0.3311,11.97,0.027658,Sverdrup,29.3,False,Watch,
-88.375,129.125,6,1.8333,0.3869,13.99,0.027655,Sverdrup,24.9,False,Watch,
-88.125,223.625,4,2.0,0.3311,11.98,0.027649,de_Gerlache,44.4,False,Watch,
-86.375,56.375,3,2.0,0.3311,11.98,0.027648,Nobile,36.8,False,Watch,
-85.625,285.625,4,2.0,0.3311,11.98,0.027641,Cabeus,78.1,False,Watch,
-85.875,180.625,9,2.3333,0.2197,7.95,0.02764,Sverdrup,77.1,False,Background,
-86.375,214.625,5,2.6,0.1305,4.72,0.027635,de_Gerlache,93.0,False,Background,
-87.625,231.375,6,2.0,0.3311,11.98,0.027634,de_Gerlache,47.1,False,Watch,
-87.625,87.375,3,1.6667,0.4426,16.02,0.027623,Faustini,14.1,True,Watch,confirmed within Faustini PSR boundary
-86.375,243.125,4,2.0,0.3311,11.99,0.027621,de_Gerlache,70.0,False,Watch,
-85.875,60.375,3,2.3333,0.2197,7.95,0.027616,Nobile,26.5,True,Background,confirmed within Nobile PSR boundary
-88.875,171.125,4,2.25,0.2475,8.96,0.027614,Shackleton,27.5,False,Background,
-89.125,320.125,5,2.6,0.1305,4.73,0.027608,Shackleton,36.4,False,Background,
-88.375,35.125,9,2.2222,0.2568,9.3,0.027606,Haworth,50.0,False,Background,
-86.125,226.375,8,2.625,0.1221,4.42,0.027606,de_Gerlache,89.7,False,Background,
-86.125,235.625,5,2.0,0.3311,12.0,0.027604,de_Gerlache,82.4,False,Watch,
-89.625,310.625,3,2.3333,0.2197,7.96,0.02759,Shackleton,21.4,False,Background,
-87.125,1.375,3,2.0,0.3311,12.01,0.02758,Haworth,13.6,True,Watch,confirmed within Haworth PSR boundary
-87.625,68.375,4,2.0,0.3311,12.01,0.02758,Faustini,24.0,False,Watch,
-89.125,325.625,4,2.25,0.2475,8.98,0.027577,Shackleton,36.3,False,Background,
-88.375,175.875,3,2.3333,0.2197,7.97,0.027577,Sverdrup,24.9,False,Background,
-85.375,312.625,4,2.5,0.1639,5.95,0.027547,Cabeus,16.8,True,Background,confirmed within Cabeus PSR boundary
-89.625,219.875,4,1.75,0.4148,15.06,0.027537,Shackleton,15.2,False,Watch,
-85.875,308.625,3,1.6667,0.4426,16.08,0.02752,Cabeus,34.5,True,Watch,confirmed within Cabeus PSR boundary
-87.125,236.125,4,2.5,0.1639,5.96,0.02752,de_Gerlache,54.9,False,Background,
-86.125,143.125,3,2.3333,0.2197,7.98,0.027514,Sverdrup,58.5,False,Background,
-85.125,153.625,5,2.2,0.2643,9.61,0.027509,Sverdrup,87.2,False,Background,
-86.875,61.875,3,1.6667,0.4426,16.11,0.027483,Faustini,34.7,False,Watch,
-87.625,229.625,4,2.0,0.3311,12.05,0.027479,de_Gerlache,48.6,False,Watch,
-87.125,284.125,3,2.6667,0.1082,3.94,0.027477,de_Gerlache,39.1,False,Background,
-86.375,31.875,7,1.8571,0.3789,13.79,0.027474,Nobile,59.8,False,Watch,
-87.875,69.375,4,2.0,0.3311,12.08,0.027422,Faustini,27.2,False,Watch,
-85.875,168.125,3,2.6667,0.1082,3.95,0.027416,Sverdrup,68.6,False,Background,
-87.375,212.875,3,2.6667,0.1082,3.95,0.0274,de_Gerlache,69.0,False,Background,
-88.625,322.625,4,2.25,0.2475,9.04,0.027378,de_Gerlache,40.3,False,Background,
-85.375,163.125,4,1.75,0.4148,15.15,0.027376,Sverdrup,81.4,False,Watch,
-86.125,200.125,3,2.3333,0.2197,8.03,0.027367,Sverdrup,88.7,False,Background,
-89.125,2.875,4,2.0,0.3311,12.1,0.027366,Shackleton,33.5,False,Watch,
-87.875,321.375,5,2.2,0.2643,9.66,0.027363,Haworth,42.8,False,Background,
-88.625,7.375,3,2.0,0.3311,12.11,0.027347,Haworth,37.0,False,Watch,
-88.875,170.375,4,2.25,0.2475,9.06,0.027327,Shackleton,27.3,False,Background,
-87.125,61.875,4,2.5,0.1639,6.01,0.027294,Faustini,32.0,False,Background,
-87.125,247.625,3,2.3333,0.2197,8.05,0.027285,de_Gerlache,46.1,False,Background,
-88.375,295.375,4,2.0,0.3311,12.15,0.027244,de_Gerlache,20.3,False,Watch,
-88.125,289.125,5,1.8,0.398,14.62,0.027229,de_Gerlache,17.1,False,Watch,
-85.375,270.125,3,2.6667,0.1082,3.98,0.027211,de_Gerlache,89.6,False,Background,
-87.875,54.625,3,2.3333,0.2197,8.07,0.02721,Faustini,41.9,False,Background,
-85.625,198.375,6,2.5,0.1639,6.03,0.027203,Sverdrup,100.4,False,Background,
-87.625,356.875,3,2.6667,0.1082,3.98,0.027194,Haworth,5.1,True,Background,confirmed within Haworth PSR boundary
-87.375,44.375,5,1.6,0.4649,17.1,0.02719,Faustini,55.0,False,Watch,
-87.625,321.125,3,2.3333,0.2197,8.08,0.027181,Haworth,44.0,False,Background,
-86.375,240.625,5,2.4,0.1974,7.27,0.027158,de_Gerlache,71.7,False,Background,
-87.625,146.375,4,2.25,0.2475,9.13,0.027113,Sverdrup,13.4,True,Background,confirmed within Sverdrup PSR boundary
-85.125,59.125,7,2.4286,0.1878,6.93,0.027105,Nobile,14.4,True,Background,confirmed within Nobile PSR boundary
-89.375,74.125,3,2.0,0.3311,12.22,0.027104,Shackleton,15.6,False,Watch,
-87.125,42.125,4,1.0,0.6656,24.57,0.027092,Faustini,60.5,False,Watch,
-87.375,95.375,3,2.0,0.3311,12.23,0.027085,Faustini,18.2,True,Watch,confirmed within Faustini PSR boundary
-86.875,247.625,3,2.3333,0.2197,8.11,0.027077,de_Gerlache,52.9,False,Background,
-87.125,270.125,3,2.0,0.3311,12.23,0.02707,de_Gerlache,36.6,False,Watch,
-85.125,170.125,5,2.4,0.1974,7.29,0.027063,Sverdrup,91.9,False,Background,
-89.375,168.375,7,2.0,0.3311,12.25,0.02704,Shackleton,12.8,False,Watch,
-87.875,347.125,4,2.0,0.3311,12.25,0.027038,Haworth,15.9,True,Watch,confirmed within Haworth PSR boundary
-87.875,168.125,3,2.3333,0.2197,8.13,0.027034,Sverdrup,17.4,False,Background,
-87.125,219.125,8,2.625,0.1221,4.52,0.027028,de_Gerlache,69.5,False,Background,
-86.375,63.375,4,2.0,0.3311,12.25,0.027025,Faustini,41.7,False,Watch,
-89.125,359.875,8,2.5,0.1639,6.07,0.027019,Shackleton,33.8,False,Background,
-86.625,227.875,4,2.25,0.2475,9.16,0.027018,de_Gerlache,74.8,False,Background,
-85.125,267.875,3,2.0,0.3311,12.26,0.027016,de_Gerlache,97.4,False,Watch,
-89.625,183.875,5,1.4,0.5318,19.69,0.027015,Shackleton,9.8,True,Watch,confirmed within Shackleton PSR — strong suppression
-86.875,217.125,8,2.625,0.1221,4.52,0.026998,de_Gerlache,77.6,False,Background,
-85.875,79.625,4,2.0,0.3311,12.27,0.026992,Faustini,40.7,False,Watch,
-88.375,222.625,9,2.1111,0.294,10.89,0.026989,de_Gerlache,41.8,False,Background,
-87.375,48.375,3,1.6667,0.4426,16.4,0.026982,Faustini,49.5,False,Watch,
-86.125,196.125,4,2.5,0.1639,6.08,0.026971,Sverdrup,84.6,False,Background,
-86.375,306.375,3,2.0,0.3311,12.28,0.026963,Cabeus,49.8,False,Watch,
-89.375,357.375,8,2.375,0.2057,7.63,0.026952,Shackleton,26.7,False,Background,
-87.625,261.875,3,2.3333,0.2197,8.15,0.026951,de_Gerlache,23.9,False,Background,
-86.875,31.875,5,2.2,0.2643,9.81,0.026944,Haworth,56.4,False,Background,
-87.625,4.625,5,2.6,0.1305,4.84,0.026938,Haworth,12.9,True,Background,confirmed within Haworth PSR boundary
-85.375,77.125,5,2.2,0.2643,9.81,0.026937,Faustini,56.6,False,Background,
-88.875,1.125,3,2.3333,0.2197,8.16,0.026922,Shackleton,41.1,False,Background,
-89.375,197.125,5,2.0,0.3311,12.31,0.026909,Shackleton,17.8,False,Watch,
-88.625,96.875,3,2.3333,0.2197,8.16,0.026906,Shackleton,33.7,False,Background,
-88.125,313.125,3,2.3333,0.2197,8.17,0.026899,de_Gerlache,38.2,False,Background,
-88.625,216.875,17,2.2941,0.2328,8.66,0.026888,Shackleton,42.4,False,Background,
-85.375,162.125,6,2.1667,0.2754,10.24,0.026885,Sverdrup,81.1,False,Background,
-85.125,188.625,4,2.25,0.2475,9.21,0.026876,Sverdrup,105.1,False,Background,
-88.125,356.375,3,2.0,0.3311,12.33,0.026854,Haworth,19.9,True,Watch,confirmed within Haworth PSR boundary
-86.375,138.375,4,2.5,0.1639,6.11,0.026839,Sverdrup,53.2,False,Background,
-86.875,76.125,3,2.0,0.3311,12.34,0.026836,Faustini,14.9,True,Watch,confirmed within Faustini PSR boundary
-89.125,204.875,4,2.0,0.3311,12.34,0.026832,Shackleton,25.9,False,Watch,
-88.625,38.875,4,1.75,0.4148,15.46,0.02683,Shackleton,43.0,False,Watch,
-87.125,35.875,4,2.5,0.1639,6.11,0.02682,Haworth,57.6,False,Background,
-87.875,53.625,3,2.6667,0.1082,4.03,0.026816,Faustini,43.0,False,Background,
-86.375,219.125,6,2.3333,0.2197,8.19,0.026814,de_Gerlache,89.0,False,Background,
-86.375,145.875,4,2.5,0.1639,6.12,0.026789,Sverdrup,50.2,False,Background,
-87.625,80.375,3,2.0,0.3311,12.37,0.026773,Faustini,13.5,True,Watch,confirmed within Faustini PSR boundary
-87.125,336.625,3,1.6667,0.4426,16.53,0.026772,Haworth,28.6,False,Watch,
-87.875,119.375,3,2.0,0.3311,12.38,0.026754,Sverdrup,35.8,False,Watch,
-88.875,29.625,7,2.0,0.3311,12.38,0.026749,Shackleton,37.2,False,Watch,
-86.125,214.125,5,2.4,0.1974,7.39,0.026725,de_Gerlache,100.2,False,Background,
-87.875,100.875,3,2.3333,0.2197,8.23,0.026707,Faustini,30.5,False,Background,
-86.625,56.625,3,2.3333,0.2197,8.23,0.026698,Nobile,44.3,False,Background,
-88.125,71.375,4,1.75,0.4148,15.54,0.026682,Faustini,31.5,False,Watch,
-86.875,84.875,3,2.0,0.3311,12.41,0.026682,Faustini,10.2,True,Watch,confirmed within Faustini PSR boundary
-86.125,240.875,3,1.6667,0.4426,16.6,0.026669,de_Gerlache,78.6,False,Watch,
-88.625,70.875,4,2.0,0.3311,12.42,0.026666,Shackleton,37.5,False,Watch,
-86.625,181.375,3,2.3333,0.2197,8.24,0.026663,Sverdrup,57.3,False,Background,
-87.875,183.625,4,2.25,0.2475,9.29,0.026648,Sverdrup,33.8,False,Background,
-87.125,189.375,4,2.5,0.1639,6.16,0.026631,Sverdrup,53.1,False,Background,
-88.375,314.625,7,2.2857,0.2356,8.85,0.026616,de_Gerlache,36.3,False,Background,
-85.875,352.875,3,1.6667,0.4426,16.63,0.026614,Haworth,48.5,False,Watch,
-87.125,242.875,3,2.6667,0.1082,4.07,0.026612,de_Gerlache,49.5,False,Background,
-87.875,218.875,3,2.0,0.3311,12.44,0.02661,de_Gerlache,52.9,False,Watch,
-88.125,304.375,5,1.8,0.398,14.96,0.026609,de_Gerlache,30.5,False,Watch,
-85.375,114.625,3,2.6667,0.1082,4.07,0.026576,Faustini,80.9,False,Background,
-86.125,81.375,4,2.0,0.3311,12.46,0.026572,Faustini,32.8,False,Watch,
-88.875,327.875,9,2.1111,0.294,11.07,0.02656,de_Gerlache,42.3,False,Background,
-88.625,335.875,3,2.3333,0.2197,8.27,0.026552,Haworth,39.9,False,Background,
-86.625,63.875,4,2.25,0.2475,9.32,0.026547,Faustini,35.9,False,Background,
-87.875,92.875,3,2.3333,0.2197,8.28,0.026542,Faustini,23.9,False,Background,
-85.125,230.875,6,2.1667,0.2754,10.39,0.026502,de_Gerlache,114.6,False,Background,
-86.625,325.875,4,1.75,0.4148,15.65,0.026501,Haworth,51.8,False,Watch,
-87.125,33.625,4,2.25,0.2475,9.35,0.026475,Haworth,54.6,False,Background,
-87.625,229.875,4,2.0,0.3311,12.51,0.026466,de_Gerlache,48.4,False,Watch,
-85.375,18.125,4,2.25,0.2475,9.35,0.026462,Haworth,75.6,False,Background,
-88.125,184.875,3,2.3333,0.2197,8.3,0.026458,Sverdrup,33.0,False,Background,
-87.125,131.125,3,2.3333,0.2197,8.3,0.026457,Sverdrup,37.8,False,Background,
-86.125,160.125,3,2.3333,0.2197,8.3,0.026456,Sverdrup,58.0,False,Background,
-87.125,117.875,4,2.25,0.2475,9.36,0.026455,Sverdrup,50.8,False,Background,
-85.875,55.875,5,2.6,0.1305,4.93,0.026455,Nobile,21.8,True,Background,confirmed within Nobile PSR boundary
-85.875,61.625,5,2.6,0.1305,4.94,0.026423,Nobile,28.4,True,Background,confirmed within Nobile PSR boundary
-87.375,53.125,3,2.0,0.3311,12.55,0.026387,Faustini,43.0,False,Watch,
-88.625,61.375,3,1.6667,0.4426,16.79,0.026362,Shackleton,39.1,False,Watch,
-86.625,58.375,4,2.5,0.1639,6.22,0.026358,Faustini,43.8,False,Background,
-87.875,258.875,3,2.3333,0.2197,8.33,0.026357,de_Gerlache,19.0,False,Background,
-86.375,139.625,5,2.4,0.1974,7.49,0.026343,Sverdrup,52.6,False,Background,
-86.875,160.875,3,2.3333,0.2197,8.34,0.026325,Sverdrup,35.9,False,Background,
-87.375,118.375,3,2.3333,0.2197,8.35,0.026321,Sverdrup,45.0,False,Background,
-86.875,204.125,4,2.25,0.2475,9.41,0.026315,Sverdrup,74.3,False,Background,
-86.625,351.375,3,2.0,0.3311,12.61,0.026258,Haworth,26.3,False,Watch,
-86.125,67.625,3,2.3333,0.2197,8.37,0.026251,Faustini,42.4,False,Background,
-88.125,219.625,3,2.3333,0.2197,8.37,0.026251,de_Gerlache,47.8,False,Background,
-86.375,54.125,6,1.6667,0.4426,16.87,0.026233,Nobile,36.3,True,Watch,confirmed within Nobile PSR boundary
-88.375,212.875,9,2.7778,0.071,2.71,0.026216,Shackleton,49.1,False,Background,
-85.375,68.125,3,2.3333,0.2197,8.38,0.026212,Nobile,36.8,False,Background,
-89.875,46.625,3,2.0,0.3311,12.64,0.026192,Shackleton,10.3,True,Watch,confirmed within Shackleton PSR boundary
-86.375,341.625,6,2.1667,0.2754,10.54,0.026129,Haworth,39.8,False,Background,
-89.125,32.875,4,2.25,0.2475,9.48,0.026119,Shackleton,29.4,False,Background,
-88.125,126.375,4,2.5,0.1639,6.28,0.026101,Sverdrup,26.8,False,Background,
-86.125,269.125,3,2.3333,0.2197,8.42,0.0261,de_Gerlache,67.0,False,Background,
-86.125,146.875,3,2.3333,0.2197,8.42,0.026098,Sverdrup,57.5,False,Background,
-85.125,257.875,4,2.75,0.0803,3.08,0.026096,de_Gerlache,99.5,False,Background,
-87.875,230.625,8,2.0,0.3311,12.69,0.026086,de_Gerlache,42.7,False,Watch,
-86.375,234.875,5,2.0,0.3311,12.7,0.026075,de_Gerlache,76.0,False,Watch,
-89.125,167.875,6,2.3333,0.2197,8.43,0.02606,Shackleton,19.7,False,Background,
-88.375,184.125,3,2.3333,0.2197,8.43,0.026051,Sverdrup,31.9,False,Background,
-87.875,346.875,3,2.0,0.3311,12.71,0.026049,Haworth,16.1,True,Watch,confirmed within Haworth PSR boundary
-85.125,92.375,5,2.6,0.1305,5.02,0.026021,Faustini,65.4,False,Background,
-89.625,120.875,4,2.0,0.3311,12.73,0.026017,Shackleton,2.1,True,Watch,confirmed within Shackleton PSR boundary
-89.375,105.375,3,1.3333,0.5541,21.32,0.025989,Shackleton,10.6,False,Watch,
-89.625,249.125,3,2.0,0.3311,12.75,0.025977,Shackleton,18.5,False,Watch,
-87.625,261.125,3,2.3333,0.2197,8.46,0.025974,de_Gerlache,24.3,False,Background,
-86.875,180.125,4,2.75,0.0803,3.1,0.025954,Sverdrup,49.7,False,Background,
-88.375,84.875,6,2.1667,0.2754,10.61,0.025951,Faustini,35.7,False,Background,
-85.125,57.125,5,2.4,0.1974,7.61,0.02595,Nobile,9.4,True,Background,confirmed within Nobile PSR boundary
-89.625,248.875,3,2.0,0.3311,12.77,0.025941,Shackleton,18.5,False,Watch,
-87.625,81.125,3,2.0,0.3311,12.77,0.02594,Faustini,13.2,True,Watch,confirmed within Faustini PSR boundary
-85.625,210.375,3,2.3333,0.2197,8.47,0.025938,Sverdrup,112.8,False,Background,
-86.125,95.625,3,2.3333,0.2197,8.47,0.025931,Faustini,39.1,False,Background,
-89.625,28.875,3,2.3333,0.2197,8.48,0.025919,Shackleton,16.5,False,Background,
-87.875,263.375,3,2.3333,0.2197,8.48,0.025915,de_Gerlache,16.3,False,Background,
-86.375,59.125,5,2.0,0.3311,12.78,0.025911,Nobile,38.3,False,Watch,
-88.875,23.875,4,2.25,0.2475,9.57,0.025878,Shackleton,38.0,False,Background,
-88.875,137.375,10,2.2,0.2643,10.22,0.025855,Shackleton,24.2,False,Background,
-86.375,238.625,3,2.6667,0.1082,4.2,0.025788,de_Gerlache,73.1,False,Background,
-87.375,59.875,5,2.0,0.3311,12.84,0.025785,Faustini,33.7,False,Watch,
-89.125,166.375,5,2.4,0.1974,7.66,0.025775,Shackleton,19.5,False,Background,
-86.125,221.875,7,2.4286,0.1878,7.29,0.025774,de_Gerlache,93.5,False,Background,
-87.625,83.625,3,2.0,0.3311,12.85,0.025771,Faustini,12.9,True,Watch,confirmed within Faustini PSR boundary
-87.625,48.875,3,2.0,0.3311,12.85,0.025763,Faustini,48.0,False,Watch,
-89.375,240.875,3,2.0,0.3311,12.86,0.025754,Shackleton,24.4,False,Watch,
-88.625,311.125,4,2.0,0.3311,12.86,0.02575,de_Gerlache,32.0,False,Watch,
-89.125,20.125,8,2.5,0.1639,6.37,0.02574,Shackleton,31.3,False,Background,
-85.875,307.625,3,1.6667,0.4426,17.22,0.025711,Cabeus,35.9,True,Watch,confirmed within Cabeus PSR boundary
-89.125,2.375,3,2.0,0.3311,12.89,0.025697,Shackleton,33.5,False,Watch,
-89.125,145.125,3,2.0,0.3311,12.9,0.025666,Shackleton,17.1,False,Watch,
-88.625,120.125,4,1.75,0.4148,16.16,0.025663,Shackleton,31.9,False,Watch,
-89.125,111.125,4,2.5,0.1639,6.39,0.025663,Shackleton,17.3,False,Background,
-87.125,136.125,4,2.5,0.1639,6.39,0.025658,Sverdrup,33.7,False,Background,
-85.625,45.625,4,2.5,0.1639,6.39,0.025652,Nobile,23.4,True,Background,confirmed within Nobile PSR boundary
-85.125,152.625,4,2.25,0.2475,9.65,0.025647,Sverdrup,87.2,False,Background,
-87.125,250.125,3,2.3333,0.2197,8.57,0.025644,de_Gerlache,44.4,False,Background,
-88.625,357.375,6,2.3333,0.2197,8.57,0.025631,Haworth,35.1,False,Background,
-86.875,231.875,4,2.5,0.1639,6.4,0.025628,de_Gerlache,64.9,False,Background,
-85.625,269.375,4,2.75,0.0803,3.14,0.025623,de_Gerlache,82.1,False,Background,
-87.375,84.875,4,2.75,0.0803,3.14,0.025616,Faustini,5.8,True,Background,confirmed within Faustini PSR boundary
-89.625,10.625,3,2.3333,0.2197,8.58,0.025613,Shackleton,18.4,False,Background,
-89.625,324.125,7,2.5714,0.14,5.47,0.025602,Shackleton,21.2,False,Background,
-86.125,352.875,4,2.0,0.3311,12.94,0.025599,Haworth,41.0,False,Watch,
-85.375,190.375,3,2.6667,0.1082,4.23,0.025589,Sverdrup,99.6,False,Background,
-88.625,70.625,4,2.0,0.3311,12.95,0.025562,Shackleton,37.5,False,Watch,
-86.875,97.125,4,2.25,0.2475,9.69,0.025559,Faustini,23.8,False,Background,
-89.375,333.375,3,2.6667,0.1082,4.23,0.025557,Shackleton,28.4,False,Background,
-87.125,216.125,9,2.5556,0.1454,5.69,0.025541,de_Gerlache,72.2,False,Background,
-85.125,228.625,4,2.5,0.1639,6.43,0.025514,de_Gerlache,116.3,False,Background,
-88.375,344.125,3,1.6667,0.4426,17.35,0.025513,Haworth,30.0,False,Watch,
-89.375,347.625,5,2.6,0.1305,5.12,0.025509,Shackleton,27.5,False,Background,
-85.125,119.125,3,2.6667,0.1082,4.24,0.025507,Faustini,93.4,False,Background,
-87.625,193.375,3,2.3333,0.2197,8.62,0.025476,Sverdrup,47.5,False,Background,
-87.875,33.625,9,2.2222,0.2568,10.09,0.025447,Haworth,47.7,False,Background,
-86.875,220.875,4,2.5,0.1639,6.44,0.025444,de_Gerlache,74.3,False,Background,
-88.625,243.375,4,1.75,0.4148,16.31,0.025433,de_Gerlache,24.4,False,Watch,
-85.375,83.625,3,2.3333,0.2197,8.64,0.025432,Faustini,55.3,False,Background,
-86.375,61.375,6,2.0,0.3311,13.02,0.025427,Nobile,40.2,False,Watch,
-88.125,168.625,3,2.6667,0.1082,4.26,0.025426,Sverdrup,16.9,False,Background,
-86.375,240.125,4,2.5,0.1639,6.45,0.02542,de_Gerlache,72.1,False,Background,
-85.875,227.625,5,2.6,0.1305,5.13,0.025417,de_Gerlache,95.7,False,Background,
-86.625,238.625,4,2.5,0.1639,6.46,0.025397,de_Gerlache,66.2,False,Background,
-88.125,34.125,39,2.5385,0.1511,5.95,0.025389,Haworth,48.1,False,Background,
-86.375,215.625,10,2.5,0.1639,6.46,0.025367,de_Gerlache,92.1,False,Background,
-87.875,95.125,3,2.3333,0.2197,8.66,0.025363,Faustini,25.6,False,Background,
-88.125,144.625,4,2.25,0.2475,9.76,0.025356,Sverdrup,8.9,True,Background,confirmed within Sverdrup PSR boundary
-85.625,151.125,3,2.0,0.3311,13.07,0.025334,Sverdrup,72.1,False,Watch,
-87.875,176.875,5,2.2,0.2643,10.44,0.02532,Sverdrup,26.7,False,Background,
-88.875,94.625,4,2.25,0.2475,9.78,0.025317,Shackleton,26.5,False,Background,
-85.875,177.375,5,2.6,0.1305,5.15,0.025314,Sverdrup,74.6,False,Background,
-86.625,39.875,5,2.2,0.2643,10.45,0.025296,Nobile,52.6,False,Background,
-86.625,218.125,6,2.5,0.1639,6.48,0.025285,de_Gerlache,83.2,False,Background,
-86.875,345.125,3,2.0,0.3311,13.1,0.025282,Haworth,23.6,True,Watch,confirmed within Haworth PSR boundary
-87.625,280.625,3,2.3333,0.2197,8.69,0.025269,de_Gerlache,23.2,False,Background,
-86.375,245.375,3,2.0,0.3311,13.11,0.025267,de_Gerlache,68.5,False,Watch,
-88.625,32.625,11,1.8182,0.392,15.52,0.025262,Shackleton,44.0,False,Watch,
-86.375,201.625,5,2.4,0.1974,7.82,0.025249,Sverdrup,83.9,False,Background,
-87.875,71.375,3,2.3333,0.2197,8.7,0.025242,Faustini,25.6,False,Background,
-87.875,231.625,4,2.0,0.3311,13.12,0.02524,de_Gerlache,41.8,False,Watch,
-89.625,15.375,4,2.5,0.1639,6.5,0.02523,Shackleton,18.0,False,Background,
-88.125,359.125,4,1.5,0.4984,19.77,0.025202,Haworth,20.3,True,Watch,confirmed within Haworth PSR boundary
-86.875,14.875,3,2.0,0.3311,13.14,0.025194,Haworth,34.1,False,Watch,
-86.125,270.625,3,2.3333,0.2197,8.72,0.025192,de_Gerlache,66.9,False,Background,
-87.125,81.625,3,2.6667,0.1082,4.29,0.025192,Faustini,3.3,True,Background,confirmed within Faustini PSR boundary
-89.125,45.625,3,2.6667,0.1082,4.3,0.025166,Shackleton,27.3,False,Background,
-89.625,25.875,3,2.3333,0.2197,8.73,0.025158,Shackleton,16.8,False,Background,
-88.125,77.875,3,2.3333,0.2197,8.73,0.025158,Faustini,28.8,False,Background,
-89.375,306.375,4,2.5,0.1639,6.52,0.025149,Shackleton,28.9,False,Background,
-86.875,233.375,3,2.3333,0.2197,8.74,0.025145,de_Gerlache,63.6,False,Background,
-86.125,165.125,3,2.6667,0.1082,4.3,0.025142,Sverdrup,59.8,False,Background,
-86.125,203.125,3,2.3333,0.2197,8.75,0.025112,Sverdrup,91.9,False,Background,
-87.125,348.125,4,1.75,0.4148,16.54,0.025072,Haworth,14.7,True,Watch,confirmed within Haworth PSR boundary
-86.875,73.875,4,2.0,0.3311,13.21,0.025071,Faustini,17.7,True,Watch,confirmed within Faustini PSR boundary
-85.875,60.125,5,2.4,0.1974,7.88,0.025048,Nobile,26.2,True,Background,confirmed within Nobile PSR boundary
-88.125,158.125,3,2.3333,0.2197,8.77,0.025047,Sverdrup,6.9,True,Background,confirmed within Sverdrup PSR boundary
-86.875,63.125,3,2.3333,0.2197,8.77,0.025037,Faustini,32.8,False,Background,
-89.125,170.375,10,2.3,0.2308,9.22,0.025022,Shackleton,20.1,False,Background,
-87.875,299.875,5,2.4,0.1974,7.89,0.025001,de_Gerlache,30.8,False,Background,
-87.875,177.625,4,2.25,0.2475,9.91,0.024982,Sverdrup,27.5,False,Background,
-89.375,321.875,3,2.6667,0.1082,4.33,0.024976,Shackleton,28.8,False,Background,
-86.125,204.875,6,2.3333,0.2197,8.8,0.02495,Sverdrup,93.7,False,Background,
-87.125,63.125,4,2.5,0.1639,6.57,0.024945,Faustini,30.1,False,Background,
-86.125,331.375,4,2.5,0.1639,6.57,0.024938,Cabeus,51.7,False,Background,
-86.125,93.375,3,2.0,0.3311,13.28,0.024929,Faustini,37.1,False,Watch,
-87.375,296.625,4,2.25,0.2475,9.94,0.02491,de_Gerlache,39.6,False,Background,
-89.375,325.875,3,2.6667,0.1082,4.34,0.024906,Shackleton,28.7,False,Background,
-86.375,57.875,5,1.8,0.398,15.99,0.024892,Nobile,37.5,False,Watch,
-89.125,216.875,4,1.75,0.4148,16.67,0.024885,Shackleton,27.9,False,Watch,
-89.375,103.625,4,1.5,0.4984,20.03,0.024882,Shackleton,10.9,False,Watch,
-89.625,133.875,5,2.0,0.3311,13.32,0.024856,Shackleton,1.6,True,Watch,confirmed within Shackleton PSR boundary
-86.875,82.875,3,2.0,0.3311,13.33,0.024849,Faustini,9.9,True,Watch,confirmed within Faustini PSR boundary
-87.625,66.125,3,2.0,0.3311,13.33,0.024848,Faustini,26.6,False,Watch,
-88.875,203.375,5,2.2,0.2643,10.64,0.024829,Shackleton,32.8,False,Background,
-86.375,56.875,3,2.0,0.3311,13.34,0.024816,Nobile,37.0,False,Watch,
-85.625,200.375,3,2.3333,0.2197,8.85,0.024811,Sverdrup,102.4,False,Background,
-85.625,157.625,8,2.5,0.1639,6.61,0.024811,Sverdrup,72.5,False,Background,
-88.625,352.375,3,2.0,0.3311,13.37,0.024772,Haworth,35.1,False,Watch,
-88.875,138.125,8,2.125,0.2893,11.68,0.024768,Shackleton,24.3,False,Background,
-86.125,162.875,8,2.375,0.2057,8.31,0.024763,Sverdrup,58.9,False,Background,
-89.125,183.875,6,2.5,0.1639,6.62,0.024755,Shackleton,22.3,False,Background,
-86.375,196.125,3,2.6667,0.1082,4.38,0.024716,Sverdrup,78.1,False,Background,
-85.375,76.875,7,2.1429,0.2834,11.47,0.024714,Faustini,56.7,False,Background,
-85.125,148.625,5,2.6,0.1305,5.28,0.024714,Sverdrup,87.4,False,Background,
-88.875,314.125,9,2.4444,0.1825,7.39,0.024709,de_Gerlache,34.1,False,Background,
-88.375,188.375,3,2.3333,0.2197,8.9,0.024693,Sverdrup,35.5,False,Background,
-85.375,262.375,3,2.6667,0.1082,4.39,0.024666,de_Gerlache,90.7,False,Background,
-88.875,33.375,8,2.0,0.3311,13.43,0.024651,Shackleton,36.6,False,Watch,
-88.375,144.125,4,2.25,0.2475,10.05,0.024623,Sverdrup,13.9,True,Background,confirmed within Sverdrup PSR boundary
-87.125,221.375,3,2.6667,0.1082,4.4,0.02461,de_Gerlache,67.6,False,Background,
-88.875,202.375,8,2.25,0.2475,10.08,0.024564,Shackleton,32.6,False,Background,
-89.625,213.375,9,2.2222,0.2568,10.46,0.024557,Shackleton,14.3,False,Background,
-88.125,225.625,6,2.1667,0.2754,11.22,0.024552,de_Gerlache,42.7,False,Background,
-86.875,178.125,8,2.625,0.1221,4.98,0.024541,Sverdrup,47.9,False,Background,
-85.375,203.125,4,2.75,0.0803,3.27,0.024538,Sverdrup,112.0,False,Background,
-85.125,77.625,6,2.3333,0.2197,8.95,0.024534,Nobile,61.3,False,Background,
-89.375,132.625,4,1.25,0.582,23.72,0.024532,Shackleton,9.0,True,Watch,confirmed within Shackleton PSR — strong suppression
-89.375,210.125,4,2.25,0.2475,10.09,0.024528,Shackleton,19.9,False,Background,
-86.875,347.875,3,2.0,0.3311,13.5,0.024521,Haworth,21.2,True,Watch,confirmed within Haworth PSR boundary
-88.875,137.625,11,2.1818,0.2703,11.03,0.024516,Shackleton,24.3,False,Background,
-88.875,196.875,3,2.3333,0.2197,8.96,0.024516,Shackleton,31.6,False,Background,
-86.125,73.375,3,1.6667,0.4426,18.06,0.024503,Faustini,36.9,False,Watch,
-85.625,223.625,5,2.6,0.1305,5.33,0.024503,de_Gerlache,106.0,False,Background,
-86.125,69.875,4,2.0,0.3311,13.52,0.024498,Faustini,40.0,False,Watch,
-87.375,85.875,3,2.6667,0.1082,4.42,0.024496,Faustini,6.5,True,Background,confirmed within Faustini PSR boundary
-85.125,162.875,4,1.75,0.4148,16.95,0.024472,Sverdrup,88.8,False,Watch,
-85.125,49.625,4,2.25,0.2475,10.12,0.024471,Nobile,10.1,True,Background,confirmed within Nobile PSR boundary
-85.875,181.375,5,2.4,0.1974,8.07,0.024465,Sverdrup,77.7,False,Background,
-85.125,285.375,4,2.25,0.2475,10.12,0.024453,Cabeus,80.1,False,Background,
-89.125,14.375,8,2.5,0.1639,6.72,0.024383,Shackleton,32.1,False,Background,
-85.875,251.875,5,1.8,0.398,16.33,0.024381,de_Gerlache,79.5,False,Watch,
-87.625,130.375,3,2.3333,0.2197,9.01,0.024379,Sverdrup,27.8,False,Background,
-88.875,218.875,6,2.1667,0.2754,11.3,0.024371,Shackleton,35.5,False,Background,
-89.375,100.125,4,1.75,0.4148,17.02,0.024367,Shackleton,11.3,False,Watch,
-86.125,215.875,4,2.25,0.2475,10.16,0.02436,de_Gerlache,98.7,False,Background,
-87.125,45.375,3,2.3333,0.2197,9.02,0.024358,Faustini,55.9,False,Background,
-86.875,233.875,5,2.4,0.1974,8.11,0.02434,de_Gerlache,63.2,False,Background,
-87.375,222.625,4,2.75,0.0803,3.3,0.024308,de_Gerlache,60.4,False,Background,
-86.875,240.375,3,2.3333,0.2197,9.04,0.024305,de_Gerlache,58.1,False,Background,
-86.125,356.875,3,1.6667,0.4426,18.22,0.024291,Haworth,40.9,False,Watch,
-87.875,122.125,5,2.4,0.1974,8.14,0.024263,Sverdrup,33.0,False,Background,
-85.875,348.625,5,2.2,0.2643,10.9,0.024249,Haworth,49.7,False,Background,
-86.375,73.875,3,2.3333,0.2197,9.06,0.024245,Faustini,29.6,False,Background,
-85.875,301.375,3,2.6667,0.1082,4.46,0.024243,Cabeus,46.1,True,Background,confirmed within Cabeus PSR boundary
-89.625,317.625,5,2.4,0.1974,8.14,0.024237,Shackleton,21.3,False,Background,
-88.875,100.375,3,2.0,0.3311,13.67,0.024233,Shackleton,25.8,False,Watch,
-88.375,347.125,3,2.0,0.3311,13.68,0.024209,Haworth,28.8,False,Watch,
-89.375,309.625,4,2.5,0.1639,6.77,0.024207,Shackleton,29.0,False,Background,
-89.375,321.625,3,2.6667,0.1082,4.47,0.024198,Shackleton,28.8,False,Background,
-85.125,201.875,4,2.25,0.2475,10.24,0.024181,Sverdrup,117.7,False,Background,
-86.875,334.875,3,2.3333,0.2197,9.09,0.024171,Haworth,35.2,False,Background,
-88.625,209.875,7,2.4286,0.1878,7.77,0.02417,Shackleton,41.2,False,Background,
-88.625,347.375,3,1.6667,0.4426,18.32,0.024155,Haworth,35.9,False,Watch,
-88.875,215.625,3,2.0,0.3311,13.72,0.024138,Shackleton,34.9,False,Watch,
-89.125,163.875,4,2.25,0.2475,10.26,0.024135,Shackleton,19.1,False,Background,
-87.625,289.125,3,2.0,0.3311,13.72,0.024132,de_Gerlache,27.9,False,Watch,
-85.875,31.875,5,2.0,0.3311,13.73,0.024126,Nobile,55.0,False,Watch,
-89.625,213.625,5,2.2,0.2643,10.96,0.024123,Shackleton,14.4,False,Background,
-89.125,115.375,3,2.3333,0.2197,9.11,0.024116,Shackleton,17.0,False,Background,
-87.125,252.875,3,2.3333,0.2197,9.11,0.024113,de_Gerlache,42.7,False,Background,
-89.375,189.125,12,2.25,0.2475,10.28,0.024076,Shackleton,16.4,False,Background,
-89.375,359.875,3,2.3333,0.2197,9.13,0.024054,Shackleton,26.5,False,Background,
-89.625,118.625,3,2.0,0.3311,13.77,0.024049,Shackleton,2.4,True,Watch,confirmed within Shackleton PSR boundary
-87.625,142.375,5,2.4,0.1974,8.21,0.024049,Sverdrup,16.3,True,Background,confirmed within Sverdrup PSR boundary
-87.375,128.125,4,2.5,0.1639,6.82,0.024049,Sverdrup,34.9,False,Background,
-89.375,204.375,3,2.3333,0.2197,9.15,0.024021,Shackleton,19.0,False,Background,
-87.875,264.375,3,2.3333,0.2197,9.15,0.024005,de_Gerlache,15.8,True,Background,confirmed within de_Gerlache PSR boundary
-89.125,207.875,5,2.2,0.2643,11.01,0.023993,Shackleton,26.4,False,Background,
-85.375,238.375,5,2.2,0.2643,11.03,0.023966,de_Gerlache,102.0,False,Background,
-87.125,119.375,3,2.3333,0.2197,9.17,0.023946,Sverdrup,49.2,False,Background,
-89.125,148.875,3,2.3333,0.2197,9.18,0.023927,Shackleton,17.4,False,Background,
-88.875,153.875,4,2.25,0.2475,10.35,0.023909,Shackleton,25.3,False,Background,
-85.125,233.875,3,1.6667,0.4426,18.52,0.023902,de_Gerlache,112.4,False,Watch,
-89.125,174.625,5,2.4,0.1974,8.26,0.023897,Shackleton,20.7,False,Background,
-89.125,160.875,5,2.4,0.1974,8.26,0.02389,Shackleton,18.7,False,Background,
-87.125,233.375,8,2.375,0.2057,8.61,0.023888,de_Gerlache,57.2,False,Background,
-89.375,164.125,4,2.0,0.3311,13.87,0.023873,Shackleton,12.1,False,Watch,
-86.125,167.375,4,2.75,0.0803,3.37,0.023848,Sverdrup,60.9,False,Background,
-87.375,231.875,7,2.2857,0.2356,9.88,0.023845,de_Gerlache,52.3,False,Background,
-87.125,311.625,8,2.125,0.2893,12.14,0.02384,de_Gerlache,58.0,False,Background,
-85.125,303.875,3,2.0,0.3311,13.9,0.023825,Cabeus,32.6,True,Watch,confirmed within Cabeus PSR boundary
-88.125,86.625,4,2.5,0.1639,6.88,0.023823,Faustini,28.3,False,Background,
-87.625,49.875,3,2.0,0.3311,13.9,0.023821,Faustini,46.7,False,Watch,
-86.875,214.625,5,2.4,0.1974,8.3,0.02379,de_Gerlache,79.8,False,Background,
-85.375,254.375,3,2.6667,0.1082,4.55,0.02379,de_Gerlache,93.3,False,Background,
-88.375,305.125,5,2.0,0.3311,13.93,0.023774,de_Gerlache,28.5,False,Watch,
-87.875,228.125,6,1.8333,0.3869,16.28,0.02377,de_Gerlache,44.9,False,Watch,
-87.125,327.875,5,2.4,0.1974,8.32,0.02373,Haworth,40.2,False,Background,
-86.125,48.875,4,1.5,0.4984,21.01,0.023721,Nobile,30.6,True,Watch,confirmed within Nobile PSR boundary
-86.375,69.625,3,2.3333,0.2197,9.26,0.023713,Faustini,33.9,False,Background,
-86.625,354.625,3,1.6667,0.4426,18.71,0.023663,Haworth,25.6,False,Watch,
-87.125,341.875,6,2.1667,0.2754,11.64,0.023662,Haworth,21.8,True,Background,confirmed within Haworth PSR boundary
-88.875,90.875,4,2.5,0.1639,6.93,0.023656,Shackleton,27.0,False,Background,
-89.125,183.125,6,2.5,0.1639,6.93,0.023651,Shackleton,22.1,False,Background,
-88.625,51.125,4,2.25,0.2475,10.47,0.023648,Shackleton,40.9,False,Background,
-88.625,206.875,5,2.2,0.2643,11.18,0.02364,Shackleton,40.7,False,Background,
-85.875,148.875,4,2.25,0.2475,10.47,0.023637,Sverdrup,64.7,False,Background,
-89.125,103.375,3,2.6667,0.1082,4.58,0.023633,Shackleton,18.1,False,Background,
-86.625,354.375,4,1.75,0.4148,17.56,0.023625,Haworth,25.7,False,Watch,
-86.875,135.625,10,2.4,0.1974,8.36,0.023621,Sverdrup,40.7,False,Background,
-87.875,91.125,3,2.3333,0.2197,9.3,0.023611,Faustini,22.8,False,Background,
-88.375,276.125,3,2.6667,0.1082,4.58,0.02361,de_Gerlache,3.8,True,Background,confirmed within de_Gerlache PSR boundary
-86.625,280.625,3,2.6667,0.1082,4.58,0.023602,de_Gerlache,52.8,False,Background,
-87.875,219.625,6,2.1667,0.2754,11.67,0.0236,de_Gerlache,52.3,False,Background,
-85.625,82.375,4,2.5,0.1639,6.95,0.023595,Faustini,47.8,False,Background,
-85.625,96.625,4,2.5,0.1639,6.95,0.023572,Faustini,53.8,False,Background,
-88.125,167.625,4,2.5,0.1639,6.96,0.023571,Sverdrup,15.9,True,Background,confirmed within Sverdrup PSR boundary
-87.125,135.125,6,2.5,0.1639,6.96,0.023566,Sverdrup,34.4,False,Background,
-87.125,249.125,3,2.3333,0.2197,9.33,0.023549,de_Gerlache,45.1,False,Background,
-89.375,133.625,3,1.3333,0.5541,23.56,0.023515,Shackleton,9.0,True,Watch,confirmed within Shackleton PSR — strong suppression
-85.125,35.125,4,2.5,0.1639,6.98,0.023489,Nobile,47.0,False,Background,
-86.875,67.875,4,2.5,0.1639,6.99,0.023458,Faustini,25.9,False,Background,
-88.875,26.125,8,2.25,0.2475,10.56,0.023451,Shackleton,37.7,False,Background,
-86.625,213.625,5,2.2,0.2643,11.28,0.02342,de_Gerlache,87.2,False,Background,
-87.875,356.125,3,2.6667,0.1082,4.62,0.023404,Haworth,12.3,True,Background,confirmed within Haworth PSR boundary
-88.125,227.875,7,2.2857,0.2356,10.07,0.02339,de_Gerlache,40.8,False,Background,
-88.625,211.375,14,2.5,0.1639,7.01,0.023383,Shackleton,41.5,False,Background,
-85.875,199.625,4,2.5,0.1639,7.01,0.023383,Sverdrup,94.9,False,Background,
-85.875,56.125,5,2.6,0.1305,5.58,0.02338,Nobile,21.9,True,Background,confirmed within Nobile PSR boundary
-86.125,236.625,6,2.1667,0.2754,11.79,0.023356,de_Gerlache,81.7,False,Background,
-89.375,343.875,4,2.5,0.1639,7.02,0.023353,Shackleton,27.8,False,Background,
-88.625,172.625,5,2.2,0.2643,11.32,0.02334,Sverdrup,25.8,False,Background,
-86.125,189.625,4,2.75,0.0803,3.44,0.023339,Sverdrup,78.2,False,Background,
-89.375,340.875,4,2.5,0.1639,7.02,0.023337,Shackleton,28.0,False,Background,
-87.875,177.875,4,2.25,0.2475,10.61,0.02332,Sverdrup,27.7,False,Background,
-87.625,130.125,6,2.3333,0.2197,9.42,0.023319,Sverdrup,28.0,False,Background,
-86.625,351.875,5,2.0,0.3311,14.21,0.023307,Haworth,26.2,False,Watch,
-88.875,139.625,5,2.2,0.2643,11.34,0.023305,Shackleton,24.3,False,Background,
-87.875,354.375,3,2.6667,0.1082,4.64,0.023302,Haworth,12.3,True,Background,confirmed within Haworth PSR boundary
-87.375,216.875,7,2.7143,0.0923,3.96,0.023299,de_Gerlache,65.5,False,Background,
-85.875,328.375,7,2.2857,0.2356,10.11,0.023298,Cabeus,42.1,True,Background,confirmed within Cabeus PSR boundary
-87.125,296.875,4,2.25,0.2475,10.63,0.023293,de_Gerlache,46.4,False,Background,
-85.875,86.375,4,2.25,0.2475,10.63,0.023279,Faustini,40.6,False,Background,
-87.375,354.125,3,2.6667,0.1082,4.65,0.023277,Haworth,3.3,True,Background,confirmed within Haworth PSR boundary
-88.875,208.125,12,1.8333,0.3869,16.62,0.023274,Shackleton,33.6,False,Watch,
-86.125,74.875,4,2.25,0.2475,10.64,0.023273,Faustini,35.7,False,Background,
-86.125,219.375,5,2.0,0.3311,14.23,0.023266,de_Gerlache,95.6,False,Watch,
-87.625,232.875,7,2.2857,0.2356,10.13,0.023266,de_Gerlache,45.7,False,Background,
-85.125,1.625,5,2.4,0.1974,8.48,0.023264,Haworth,72.1,False,Background,
-85.125,33.375,10,2.3,0.2308,9.93,0.023257,Nobile,51.4,False,Background,
-86.125,34.625,3,2.0,0.3311,14.24,0.023255,Nobile,51.7,False,Watch,
-88.875,139.875,8,2.25,0.2475,10.65,0.023242,Shackleton,24.3,False,Background,
-87.875,78.625,3,2.3333,0.2197,9.45,0.023241,Faustini,21.3,True,Background,confirmed within Faustini PSR boundary
-89.625,192.875,3,2.0,0.3311,14.25,0.023234,Shackleton,11.3,False,Watch,
-88.375,33.125,9,2.1111,0.294,12.66,0.023225,Haworth,48.4,False,Background,
-85.125,213.875,9,2.5556,0.1454,6.26,0.023218,de_Gerlache,128.5,False,Background,
-88.625,316.375,5,2.4,0.1974,8.5,0.02321,de_Gerlache,35.8,False,Background,
-89.875,281.375,3,2.0,0.3311,14.27,0.023209,Shackleton,13.5,False,Watch,
-86.375,160.625,4,2.25,0.2475,10.67,0.023203,Sverdrup,50.6,False,Background,
-86.125,222.875,5,2.4,0.1974,8.51,0.023203,de_Gerlache,92.6,False,Background,
-89.375,173.375,4,2.25,0.2475,10.67,0.023201,Shackleton,13.6,False,Background,
-86.875,38.625,4,2.25,0.2475,10.67,0.023197,Nobile,59.8,False,Background,
-87.375,35.625,4,2.25,0.2475,10.68,0.023181,Haworth,53.9,False,Background,
-85.625,20.625,6,1.8333,0.3869,16.69,0.023178,Haworth,71.3,False,Watch,
-88.625,181.375,3,2.6667,0.1082,4.67,0.023175,Sverdrup,31.4,False,Background,
-86.625,231.875,6,2.5,0.1639,7.08,0.023158,de_Gerlache,71.5,False,Background,
-85.625,215.125,5,2.4,0.1974,8.53,0.023152,de_Gerlache,113.2,False,Background,
-88.375,177.625,5,2.4,0.1974,8.53,0.023147,Sverdrup,26.4,False,Background,
-85.875,127.125,3,2.6667,0.1082,4.68,0.02314,Sverdrup,74.9,False,Background,
-86.875,23.375,4,2.5,0.1639,7.09,0.023124,Haworth,45.1,False,Background,
-89.625,199.375,5,2.2,0.2643,11.44,0.023106,Shackleton,12.3,False,Background,
-89.625,235.375,4,2.5,0.1639,7.1,0.023106,Shackleton,17.1,False,Background,
-87.125,354.125,6,2.3333,0.2197,9.51,0.023104,Haworth,10.6,True,Background,confirmed within Haworth PSR boundary
-87.875,131.875,6,2.5,0.1639,7.1,0.023101,Sverdrup,22.7,False,Background,
-87.125,227.625,3,2.6667,0.1082,4.68,0.023101,de_Gerlache,62.1,False,Background,
-87.125,10.375,4,2.0,0.3311,14.34,0.023092,Haworth,23.8,True,Watch,confirmed within Haworth PSR boundary
-86.625,344.875,4,2.5,0.1639,7.1,0.023088,Haworth,30.3,False,Background,
-89.375,157.375,6,2.0,0.3311,14.35,0.023075,Shackleton,11.1,False,Watch,
-88.875,71.625,5,2.6,0.1305,5.66,0.023053,Shackleton,30.0,False,Background,
-86.125,176.875,3,2.6667,0.1082,4.69,0.023047,Sverdrup,67.1,False,Background,
-87.875,204.125,3,1.6667,0.4426,19.23,0.023019,Sverdrup,54.6,False,Watch,
-88.875,201.375,4,2.25,0.2475,10.76,0.023009,Shackleton,32.4,False,Background,
-85.875,230.625,5,2.4,0.1974,8.58,0.023001,de_Gerlache,93.3,False,Background,
-85.125,234.375,5,1.6,0.4649,20.22,0.022999,de_Gerlache,112.1,False,Watch,
-89.125,347.375,6,2.1667,0.2754,11.99,0.022978,Shackleton,35.0,False,Background,
-85.375,225.625,3,2.6667,0.1082,4.71,0.022976,de_Gerlache,111.5,False,Background,
-86.625,239.125,7,2.2857,0.2356,10.26,0.022971,de_Gerlache,65.8,False,Background,
-86.625,165.375,3,2.6667,0.1082,4.71,0.022955,Sverdrup,45.3,False,Background,
-85.625,355.375,5,1.8,0.398,17.34,0.022949,Haworth,55.9,False,Watch,
-88.375,307.875,5,2.2,0.2643,11.52,0.022932,de_Gerlache,30.8,False,Background,
-87.875,311.625,3,2.0,0.3311,14.45,0.02291,de_Gerlache,41.1,False,Watch,
-89.125,100.375,3,2.3333,0.2197,9.6,0.022891,Shackleton,18.4,False,Background,
-85.875,241.875,5,1.8,0.398,17.39,0.02289,de_Gerlache,85.2,False,Watch,
-89.375,324.125,3,2.6667,0.1082,4.73,0.022879,Shackleton,28.7,False,Background,
-88.625,321.125,4,2.5,0.1639,7.17,0.022874,de_Gerlache,39.2,False,Background,
-87.375,103.375,3,2.0,0.3311,14.48,0.022872,Faustini,29.2,False,Watch,
-86.625,225.125,3,2.3333,0.2197,9.62,0.022845,de_Gerlache,77.2,False,Background,
-88.125,48.625,4,2.5,0.1639,7.18,0.022844,Faustini,50.0,False,Background,
-86.625,265.875,3,2.6667,0.1082,4.74,0.02284,de_Gerlache,52.3,False,Background,
-88.125,358.625,3,1.6667,0.4426,19.39,0.022831,Haworth,20.2,True,Watch,confirmed within Haworth PSR boundary
-88.375,41.875,4,2.5,0.1639,7.19,0.022814,Shackleton,49.9,False,Background,
-86.875,321.375,3,2.0,0.3311,14.53,0.022795,Haworth,52.9,False,Watch,
-88.125,227.625,7,2.2857,0.2356,10.34,0.022792,de_Gerlache,41.0,False,Background,
-86.125,247.125,3,1.6667,0.4426,19.43,0.022786,de_Gerlache,74.7,False,Watch,
-86.875,355.375,5,2.0,0.3311,14.54,0.022773,Haworth,18.0,True,Watch,confirmed within Haworth PSR boundary
-85.625,4.875,3,1.3333,0.5541,24.34,0.022763,Haworth,58.4,False,Watch,
-87.875,79.625,3,2.0,0.3311,14.55,0.022758,Faustini,21.0,True,Watch,confirmed within Faustini PSR boundary
-89.125,24.375,4,2.25,0.2475,10.89,0.022739,Shackleton,30.7,False,Background,
-86.375,162.375,4,2.25,0.2475,10.89,0.022736,Sverdrup,51.2,False,Background,
-86.875,133.625,3,2.3333,0.2197,9.69,0.022681,Sverdrup,42.2,False,Background,
-88.875,41.375,5,2.0,0.3311,14.61,0.022667,Shackleton,35.2,False,Watch,
-85.125,294.375,3,2.0,0.3311,14.61,0.022664,Cabeus,57.1,False,Watch,
-88.125,78.875,4,2.5,0.1639,7.23,0.022661,Faustini,28.5,False,Background,
-85.125,7.375,5,2.6,0.1305,5.76,0.022657,Haworth,74.5,False,Background,
-88.125,276.375,4,2.25,0.2475,10.93,0.022651,de_Gerlache,7.4,True,Background,confirmed within de_Gerlache PSR boundary
-89.625,254.125,3,1.6667,0.4426,19.55,0.022636,Shackleton,18.9,False,Watch,
-87.875,62.375,3,2.0,0.3311,14.63,0.02263,Faustini,33.7,False,Watch,
-86.625,29.125,3,2.0,0.3311,14.64,0.022627,Haworth,57.5,False,Watch,
-89.125,158.125,4,2.5,0.1639,7.25,0.022622,Shackleton,18.4,False,Background,
-87.625,60.375,4,1.75,0.4148,18.34,0.022619,Faustini,33.6,False,Watch,
-86.125,160.625,4,2.25,0.2475,10.95,0.022609,Sverdrup,58.1,False,Background,
-88.875,76.375,3,2.6667,0.1082,4.79,0.022601,Shackleton,29.2,False,Background,
-89.375,161.375,8,2.0,0.3311,14.66,0.022583,Shackleton,11.7,False,Watch,
-89.125,266.875,3,2.3333,0.2197,9.73,0.022576,de_Gerlache,24.3,False,Background,
-85.875,331.625,3,2.0,0.3311,14.69,0.022549,Cabeus,48.0,True,Watch,confirmed within Cabeus PSR boundary
-87.625,232.625,6,2.3333,0.2197,9.75,0.022534,de_Gerlache,46.0,False,Background,
-85.375,310.875,6,2.1667,0.2754,12.22,0.022529,Cabeus,19.5,True,Background,confirmed within Cabeus PSR boundary
-85.375,4.375,5,1.6,0.4649,20.64,0.02252,Haworth,65.6,False,Watch,
-85.125,354.625,4,2.5,0.1639,7.28,0.022519,Haworth,71.1,False,Background,
-89.125,336.625,4,2.5,0.1639,7.28,0.022519,Shackleton,35.7,False,Background,
-89.125,333.875,5,2.6,0.1305,5.8,0.022517,Shackleton,35.9,False,Background,
-88.375,81.875,5,1.8,0.398,17.68,0.022509,Faustini,35.7,False,Watch,
-85.625,57.875,3,2.3333,0.2197,9.76,0.022508,Nobile,17.1,True,Background,confirmed within Nobile PSR boundary
-85.375,229.625,6,2.1667,0.2754,12.24,0.022504,de_Gerlache,108.3,False,Background,
-86.375,2.625,4,2.5,0.1639,7.29,0.022503,Haworth,35.2,False,Background,
-87.875,355.625,3,2.6667,0.1082,4.81,0.022498,Haworth,12.3,True,Background,confirmed within Haworth PSR boundary
-85.125,50.125,3,2.3333,0.2197,9.77,0.022481,Nobile,8.9,True,Background,confirmed within Nobile PSR boundary
-86.875,37.375,4,2.5,0.1639,7.29,0.02248,Nobile,61.1,False,Background,
-87.375,245.375,3,2.6667,0.1082,4.82,0.022466,de_Gerlache,41.2,False,Background,
-86.625,219.625,3,2.6667,0.1082,4.82,0.02246,de_Gerlache,81.9,False,Background,
-88.875,160.125,4,2.0,0.3311,14.78,0.022411,Shackleton,26.0,False,Watch,
-86.625,176.125,4,2.75,0.0803,3.59,0.02238,Sverdrup,52.7,False,Background,
-87.375,56.875,5,2.0,0.3311,14.8,0.022377,Faustini,37.9,False,Watch,
-85.625,283.125,3,2.3333,0.2197,9.82,0.022377,de_Gerlache,83.5,False,Background,
-89.375,173.875,7,2.2857,0.2356,10.53,0.022367,Shackleton,13.7,False,Background,
-89.125,223.375,5,2.0,0.3311,14.81,0.022355,Shackleton,29.0,False,Watch,
-87.375,137.125,5,2.6,0.1305,5.84,0.022354,Sverdrup,26.5,False,Background,
-85.375,56.375,4,2.5,0.1639,7.34,0.022345,Nobile,9.2,True,Background,confirmed within Nobile PSR boundary
-88.125,57.625,3,2.6667,0.1082,4.84,0.022345,Faustini,41.7,False,Background,
-86.625,352.875,3,2.0,0.3311,14.83,0.022323,Haworth,25.9,False,Watch,
-87.625,175.875,3,2.3333,0.2197,9.85,0.022298,Sverdrup,29.1,False,Background,
-86.125,244.625,3,1.6667,0.4426,19.86,0.022287,de_Gerlache,76.2,False,Watch,
-89.625,118.125,3,2.0,0.3311,14.86,0.022282,Shackleton,2.5,True,Watch,confirmed within Shackleton PSR boundary
-86.125,218.375,4,2.5,0.1639,7.36,0.022272,de_Gerlache,96.5,False,Background,
-86.375,144.875,5,2.6,0.1305,5.86,0.022272,Sverdrup,50.5,False,Background,
-85.875,142.125,5,2.6,0.1305,5.86,0.022255,Sverdrup,66.3,False,Background,
-88.875,2.625,4,2.5,0.1639,7.37,0.022253,Shackleton,40.9,False,Background,
-87.625,31.125,5,1.8,0.398,17.9,0.022241,Haworth,45.9,False,Watch,
-85.375,215.125,5,2.6,0.1305,5.87,0.02224,de_Gerlache,120.3,False,Background,
-86.375,81.875,3,2.3333,0.2197,9.88,0.022236,Faustini,25.1,False,Background,
-89.125,190.125,5,2.4,0.1974,8.88,0.022234,Shackleton,23.3,False,Background,
-88.625,86.125,4,2.5,0.1639,7.38,0.022226,Shackleton,35.1,False,Background,
-86.625,172.875,5,2.8,0.0636,2.86,0.022223,Sverdrup,50.1,False,Background,
-85.375,264.625,4,2.5,0.1639,7.38,0.022217,de_Gerlache,90.3,False,Background,
-86.125,328.375,3,2.3333,0.2197,9.89,0.022215,Cabeus,47.1,True,Background,confirmed within Cabeus PSR boundary
-86.375,307.125,4,2.5,0.1639,7.38,0.022208,Cabeus,49.1,False,Background,
-85.125,356.375,5,2.4,0.1974,8.89,0.022207,Haworth,71.1,False,Background,
-87.375,75.375,4,1.75,0.4148,18.69,0.022196,Faustini,12.5,True,Watch,confirmed within Faustini PSR boundary
-86.375,148.375,3,2.6667,0.1082,4.88,0.022186,Sverdrup,49.6,False,Background,
-88.625,126.375,4,2.25,0.2475,11.16,0.02218,Sverdrup,29.6,False,Background,
-85.875,21.875,6,2.5,0.1639,7.4,0.022157,Haworth,66.0,False,Background,
-86.375,339.875,4,2.25,0.2475,11.18,0.022149,Haworth,41.4,False,Background,
-87.625,91.125,3,2.0,0.3311,14.95,0.022147,Faustini,16.8,True,Watch,confirmed within Faustini PSR boundary
-88.125,222.125,7,2.0,0.3311,14.96,0.022142,de_Gerlache,45.7,False,Watch,
-88.625,322.375,7,2.4286,0.1878,8.49,0.022135,de_Gerlache,40.1,False,Background,
-87.125,96.625,3,2.0,0.3311,14.96,0.022129,Faustini,20.2,True,Watch,confirmed within Faustini PSR boundary
-87.625,78.125,3,2.0,0.3311,14.97,0.022119,Faustini,14.7,True,Watch,confirmed within Faustini PSR boundary
-89.375,115.875,4,1.5,0.4984,22.55,0.022098,Shackleton,9.5,True,Watch,confirmed within Shackleton PSR boundary
-86.625,82.125,3,2.0,0.3311,14.99,0.022092,Faustini,17.5,True,Watch,confirmed within Faustini PSR boundary
-88.375,293.875,3,2.0,0.3311,14.99,0.022091,de_Gerlache,19.0,False,Watch,
-86.875,188.875,3,2.6667,0.1082,4.9,0.022064,Sverdrup,58.3,False,Background,
-85.875,313.875,5,2.6,0.1305,5.92,0.022048,Cabeus,30.0,True,Background,confirmed within Cabeus PSR boundary
-85.125,169.375,4,2.5,0.1639,7.44,0.022042,Sverdrup,91.5,False,Background,
-87.875,298.875,4,2.5,0.1639,7.44,0.022039,de_Gerlache,29.9,False,Background,
-88.875,138.625,5,2.2,0.2643,12.0,0.022023,Shackleton,24.3,False,Background,
-85.125,319.125,5,2.4,0.1974,8.97,0.022017,Cabeus,10.7,True,Background,confirmed within Cabeus PSR boundary
-85.625,275.125,3,2.6667,0.1082,4.92,0.022009,de_Gerlache,82.1,False,Background,
-89.375,150.125,5,1.8,0.398,18.09,0.022004,Shackleton,10.2,True,Watch,confirmed within Shackleton PSR boundary
-88.375,225.625,3,2.6667,0.1082,4.92,0.021991,de_Gerlache,39.4,False,Background,
-89.625,291.625,3,2.0,0.3311,15.06,0.021984,Shackleton,21.1,False,Watch,
-85.375,253.125,3,2.3333,0.2197,10.0,0.021973,de_Gerlache,93.8,False,Background,
-88.375,109.375,4,2.5,0.1639,7.46,0.021968,Shackleton,40.0,False,Background,
-86.375,140.625,4,2.5,0.1639,7.47,0.021954,Sverdrup,52.1,False,Background,
-85.375,259.375,4,2.5,0.1639,7.47,0.021937,de_Gerlache,91.5,False,Background,
-88.625,164.125,3,2.3333,0.2197,10.01,0.021935,Sverdrup,21.5,False,Background,
-86.375,14.875,4,2.25,0.2475,11.29,0.021921,Haworth,45.5,False,Background,
-87.875,310.125,4,2.25,0.2475,11.3,0.021911,de_Gerlache,39.8,False,Background,
-87.875,334.875,3,2.6667,0.1082,4.94,0.02191,Haworth,27.8,False,Background,
-85.625,139.875,5,2.6,0.1305,5.96,0.021905,Sverdrup,74.7,False,Background,
-85.125,347.375,10,2.4,0.1974,9.01,0.021904,Haworth,72.6,False,Background,
-87.875,229.125,6,2.1667,0.2754,12.57,0.021902,de_Gerlache,44.0,False,Background,
-87.625,124.125,5,2.4,0.1974,9.01,0.0219,Sverdrup,34.3,False,Background,
-89.625,287.625,4,2.0,0.3311,15.12,0.021895,Shackleton,21.0,False,Watch,
-89.125,335.125,8,2.5,0.1639,7.49,0.021885,Shackleton,35.8,False,Background,
-87.125,311.375,4,2.25,0.2475,11.32,0.021876,de_Gerlache,57.8,False,Background,
-88.625,213.375,9,2.5556,0.1454,6.65,0.021874,Shackleton,41.8,False,Background,
-89.375,188.875,6,2.3333,0.2197,10.04,0.021871,Shackleton,16.3,False,Background,
-89.375,97.625,3,2.0,0.3311,15.14,0.021869,Shackleton,11.7,False,Watch,
-85.125,3.875,7,2.5714,0.14,6.41,0.021844,Haworth,72.9,False,Background,
-88.125,180.125,4,2.5,0.1639,7.51,0.021831,Sverdrup,28.3,False,Background,
-89.625,12.875,4,2.5,0.1639,7.51,0.021831,Shackleton,18.2,False,Background,
-85.375,6.625,4,2.0,0.3311,15.17,0.021829,Haworth,66.7,False,Watch,
-87.875,1.875,3,2.3333,0.2197,10.07,0.021825,Haworth,14.7,True,Background,confirmed within Haworth PSR boundary
-88.625,221.625,5,2.4,0.1974,9.05,0.021816,de_Gerlache,40.1,False,Background,
-86.625,312.875,4,2.25,0.2475,11.35,0.021814,Cabeus,52.8,False,Background,
-88.125,228.125,3,2.3333,0.2197,10.08,0.021799,de_Gerlache,40.6,False,Background,
-88.125,126.875,3,2.6667,0.1082,4.96,0.021797,Sverdrup,26.3,False,Background,
-86.875,137.125,10,2.7,0.0971,4.45,0.021796,Sverdrup,39.7,False,Background,
-88.875,202.125,6,2.3333,0.2197,10.09,0.021769,Shackleton,32.6,False,Background,
-86.125,39.375,4,2.0,0.3311,15.22,0.02176,Nobile,43.2,False,Watch,
-85.125,125.125,4,2.75,0.0803,3.69,0.021753,Sverdrup,98.0,False,Background,
-85.125,316.625,8,2.5,0.1639,7.54,0.021744,Cabeus,7.0,True,Background,confirmed within Cabeus PSR boundary
-85.625,169.875,7,2.5714,0.14,6.45,0.021707,Sverdrup,76.9,False,Background,
-88.625,100.125,5,2.4,0.1974,9.1,0.0217,Shackleton,33.3,False,Background,
-89.625,36.125,3,2.3333,0.2197,10.13,0.021687,Shackleton,15.6,False,Background,
-89.125,323.375,3,2.6667,0.1082,4.99,0.021679,Shackleton,36.3,False,Background,
-88.875,326.625,6,2.3333,0.2197,10.14,0.02167,de_Gerlache,41.6,False,Background,
-85.625,64.125,4,2.25,0.2475,11.42,0.021668,Nobile,29.0,True,Background,confirmed within Nobile PSR boundary
-87.125,314.125,3,2.0,0.3311,15.29,0.021656,Haworth,58.5,False,Watch,
-86.625,340.125,7,2.2857,0.2356,10.88,0.021654,Haworth,34.7,False,Background,
-85.125,282.875,4,2.25,0.2475,11.43,0.021652,Cabeus,86.4,False,Background,
-87.625,89.375,3,2.0,0.3311,15.3,0.021637,Faustini,15.4,True,Watch,confirmed within Faustini PSR boundary
-88.875,359.375,4,2.5,0.1639,7.58,0.021627,Shackleton,41.3,False,Background,
-86.875,227.375,7,2.5714,0.14,6.48,0.021622,de_Gerlache,68.7,False,Background,
-88.125,290.625,3,2.0,0.3311,15.33,0.021607,de_Gerlache,18.4,False,Watch,
-88.375,143.875,3,2.3333,0.2197,10.17,0.021606,Sverdrup,14.0,True,Background,confirmed within Sverdrup PSR boundary
-87.375,108.125,3,2.3333,0.2197,10.18,0.021588,Faustini,35.8,False,Background,
-89.125,187.875,10,2.5,0.1639,7.6,0.021582,Shackleton,22.9,False,Background,
-87.875,299.375,4,2.5,0.1639,7.6,0.021565,de_Gerlache,30.3,False,Background,
-89.625,24.125,4,2.5,0.1639,7.61,0.021534,Shackleton,17.0,False,Background,
-87.875,237.875,3,2.3333,0.2197,10.21,0.021514,de_Gerlache,36.3,False,Background,
-86.125,153.625,4,2.5,0.1639,7.62,0.021505,Sverdrup,56.9,False,Background,
-88.375,332.125,3,2.6667,0.1082,5.03,0.021505,Haworth,36.9,False,Background,
-89.125,135.375,10,2.6,0.1305,6.07,0.021497,Shackleton,16.6,False,Background,
-85.875,73.375,3,1.6667,0.4426,20.59,0.021493,Faustini,43.9,False,Watch,
-87.125,241.125,3,2.6667,0.1082,5.04,0.021484,de_Gerlache,50.9,False,Background,
-87.125,45.625,3,2.3333,0.2197,10.23,0.021482,Faustini,55.5,False,Background,
-88.875,350.125,5,1.8,0.398,18.53,0.021475,Shackleton,42.2,False,Watch,
-85.875,149.875,4,1.75,0.4148,19.33,0.021457,Sverdrup,64.6,False,Watch,
-89.125,209.375,3,2.3333,0.2197,10.24,0.021456,Shackleton,26.7,False,Background,
-85.375,55.375,4,2.75,0.0803,3.75,0.021445,Nobile,7.5,True,Background,confirmed within Nobile PSR boundary
-86.375,219.375,4,2.5,0.1639,7.65,0.021431,de_Gerlache,88.8,False,Background,
-88.625,170.375,3,2.3333,0.2197,10.26,0.021414,Sverdrup,24.6,False,Background,
-89.625,258.375,3,1.6667,0.4426,20.68,0.021407,Shackleton,19.3,False,Watch,
-87.375,231.125,3,2.3333,0.2197,10.26,0.021404,de_Gerlache,53.0,False,Background,
-86.375,309.375,3,2.3333,0.2197,10.26,0.021404,Cabeus,47.2,True,Background,confirmed within Cabeus PSR boundary
-86.375,300.375,4,2.5,0.1639,7.67,0.021368,Cabeus,57.0,False,Background,
-85.875,39.625,3,2.0,0.3311,15.52,0.02134,Nobile,38.9,False,Watch,
-88.625,275.375,3,2.6667,0.1082,5.07,0.021323,de_Gerlache,9.3,True,Background,confirmed within de_Gerlache PSR boundary
-85.125,58.125,7,2.4286,0.1878,8.81,0.021309,Nobile,11.9,True,Background,confirmed within Nobile PSR boundary
-89.375,331.875,3,2.6667,0.1082,5.08,0.021299,Shackleton,28.5,False,Background,
-86.625,70.875,3,2.6667,0.1082,5.08,0.02129,Faustini,26.6,False,Background,
-89.125,10.125,4,2.5,0.1639,7.7,0.021288,Shackleton,32.6,False,Background,
-88.625,83.625,3,2.6667,0.1082,5.08,0.021281,Shackleton,35.5,False,Background,
-86.375,28.875,4,1.5,0.4984,23.43,0.021273,Haworth,62.5,False,Watch,
-87.625,14.375,3,2.3333,0.2197,10.33,0.021265,Haworth,25.0,True,Background,confirmed within Haworth PSR boundary
-85.875,45.875,3,2.0,0.3311,15.57,0.021263,Nobile,27.7,True,Watch,confirmed within Nobile PSR boundary
-88.125,95.875,3,2.3333,0.2197,10.33,0.02126,Faustini,31.9,False,Background,
-89.375,144.875,3,1.6667,0.4426,20.84,0.021243,Shackleton,9.7,True,Watch,confirmed within Shackleton PSR boundary
-87.875,63.125,3,2.0,0.3311,15.59,0.02124,Faustini,33.0,False,Watch,
-88.875,311.375,4,2.5,0.1639,7.73,0.021202,de_Gerlache,32.5,False,Background,
-89.375,185.875,11,2.4545,0.1791,8.45,0.021196,Shackleton,15.8,False,Background,
-87.375,235.125,6,2.3333,0.2197,10.37,0.021193,de_Gerlache,49.5,False,Background,
-88.375,82.875,4,1.75,0.4148,19.6,0.021164,Faustini,35.6,False,Watch,
-85.375,309.875,5,2.0,0.3311,15.65,0.021164,Cabeus,21.3,True,Watch,confirmed within Cabeus PSR boundary
-86.375,194.875,4,2.75,0.0803,3.8,0.021146,Sverdrup,76.9,False,Background,
-89.375,127.375,4,1.5,0.4984,23.57,0.021145,Shackleton,9.0,True,Watch,confirmed within Shackleton PSR boundary
-87.375,131.875,3,2.6667,0.1082,5.12,0.021145,Sverdrup,31.3,False,Background,
-89.125,210.125,5,2.2,0.2643,12.5,0.021135,Shackleton,26.8,False,Background,
-87.625,340.875,4,1.75,0.4148,19.63,0.021133,Haworth,19.3,True,Watch,confirmed within Haworth PSR boundary
-87.875,30.875,3,2.0,0.3311,15.67,0.02113,Haworth,44.6,False,Watch,
-87.125,183.375,3,2.6667,0.1082,5.12,0.021117,Sverdrup,46.9,False,Background,
-86.375,257.875,3,2.6667,0.1082,5.12,0.021115,de_Gerlache,62.1,False,Background,
-86.625,336.375,3,2.3333,0.2197,10.41,0.021095,Haworth,38.8,False,Background,
-88.125,275.875,3,2.3333,0.2197,10.42,0.02109,de_Gerlache,7.2,True,Background,confirmed within de_Gerlache PSR boundary
-87.125,168.125,3,2.3333,0.2197,10.42,0.021089,Sverdrup,33.1,False,Background,
-88.875,23.375,3,2.3333,0.2197,10.42,0.021082,Shackleton,38.1,False,Background,
-85.625,248.875,3,2.0,0.3311,15.71,0.021079,de_Gerlache,88.4,False,Watch,
-87.375,33.125,10,2.2,0.2643,12.54,0.021077,Haworth,50.7,False,Background,
-88.625,207.625,6,2.3333,0.2197,10.42,0.021073,Shackleton,40.8,False,Background,
-88.875,204.875,11,2.1818,0.2703,12.84,0.021063,Shackleton,33.0,False,Background,
-85.375,167.875,10,2.5,0.1639,7.79,0.021042,Sverdrup,83.3,False,Background,
-87.625,76.125,4,2.25,0.2475,11.77,0.021038,Faustini,16.1,True,Background,confirmed within Faustini PSR boundary
-88.875,331.125,4,2.25,0.2475,11.77,0.02103,Shackleton,43.6,False,Background,
-85.875,313.125,4,2.75,0.0803,3.82,0.021015,Cabeus,30.4,True,Background,confirmed within Cabeus PSR boundary
-88.125,228.375,5,2.4,0.1974,9.39,0.021011,de_Gerlache,40.4,False,Background,
-85.625,305.125,3,2.0,0.3311,15.77,0.021004,Cabeus,34.9,True,Watch,confirmed within Cabeus PSR boundary
-86.125,237.625,5,2.4,0.1974,9.4,0.021002,de_Gerlache,80.9,False,Background,
-89.625,129.375,3,2.3333,0.2197,10.46,0.020994,Shackleton,1.4,True,Background,confirmed within Shackleton PSR boundary
-85.875,63.625,6,2.5,0.1639,7.81,0.020991,Nobile,31.8,True,Background,confirmed within Nobile PSR boundary
-85.125,150.375,5,2.6,0.1305,6.22,0.020977,Sverdrup,87.3,False,Background,
-87.375,172.125,4,2.25,0.2475,11.81,0.020964,Sverdrup,30.3,False,Background,
-87.375,340.375,4,2.0,0.3311,15.8,0.020957,Haworth,20.5,True,Watch,confirmed within Haworth PSR boundary
-88.875,102.375,3,2.6667,0.1082,5.16,0.020951,Shackleton,25.6,False,Background,
-85.375,315.625,4,2.25,0.2475,11.82,0.02095,Cabeus,14.4,True,Background,confirmed within Cabeus PSR boundary
-89.125,161.875,6,2.5,0.1639,7.83,0.020948,Shackleton,18.9,False,Background,
-86.625,3.625,5,2.0,0.3311,15.81,0.020946,Haworth,28.6,False,Watch,
-88.125,51.875,4,2.75,0.0803,3.84,0.020942,Faustini,46.9,False,Background,
-86.375,182.375,3,2.3333,0.2197,10.49,0.020936,Sverdrup,64.8,False,Background,
-85.125,285.625,3,2.3333,0.2197,10.49,0.020933,Cabeus,79.4,False,Background,
-86.125,110.875,4,2.25,0.2475,11.83,0.020932,Faustini,57.7,False,Background,
-87.125,72.875,4,2.25,0.2475,11.84,0.020916,Faustini,15.7,True,Background,confirmed within Faustini PSR boundary
-87.375,12.125,3,2.0,0.3311,15.83,0.020915,Haworth,23.0,True,Watch,confirmed within Haworth PSR boundary
-87.625,72.625,4,2.25,0.2475,11.84,0.020915,Faustini,19.4,True,Background,confirmed within Faustini PSR boundary
-88.875,328.125,4,2.25,0.2475,11.84,0.020909,de_Gerlache,42.4,False,Background,
-86.375,62.625,5,2.2,0.2643,12.64,0.020905,Nobile,41.4,False,Background,
-86.125,35.125,4,2.25,0.2475,11.84,0.020904,Nobile,50.7,False,Background,
-87.125,57.375,3,2.3333,0.2197,10.51,0.020897,Faustini,38.6,False,Background,
-85.875,74.375,4,2.25,0.2475,11.85,0.020892,Faustini,43.2,False,Background,
-88.875,31.375,5,2.4,0.1974,9.46,0.020866,Shackleton,36.9,False,Background,
-89.125,356.625,6,2.3333,0.2197,10.53,0.020864,Shackleton,34.1,False,Background,
-85.125,238.125,3,2.0,0.3311,15.88,0.020858,de_Gerlache,109.5,False,Watch,
-89.625,241.875,3,2.6667,0.1082,5.19,0.020845,Shackleton,17.8,False,Background,
-89.625,256.875,4,1.75,0.4148,19.92,0.020817,Shackleton,19.2,False,Watch,
-88.375,64.125,3,2.0,0.3311,15.91,0.020814,Faustini,41.6,False,Watch,
-88.625,123.875,4,2.25,0.2475,11.89,0.020813,Sverdrup,31.3,False,Background,
-85.375,259.625,4,2.5,0.1639,7.88,0.0208,de_Gerlache,91.4,False,Background,
-88.625,169.625,3,2.3333,0.2197,10.57,0.020789,Sverdrup,24.2,False,Background,
-89.125,201.875,10,2.2,0.2643,12.71,0.020787,Shackleton,25.4,False,Background,
-89.125,147.625,3,2.3333,0.2197,10.57,0.020783,Shackleton,17.3,False,Background,
-85.375,10.125,8,2.375,0.2057,9.9,0.020779,Haworth,68.9,False,Background,
-87.875,69.875,3,2.3333,0.2197,10.58,0.02077,Faustini,26.8,False,Background,
-85.375,274.625,4,2.5,0.1639,7.9,0.020762,de_Gerlache,89.7,False,Background,
-87.375,132.125,8,2.625,0.1221,5.88,0.020762,Sverdrup,31.0,False,Background,
-87.875,108.375,3,2.3333,0.2197,10.58,0.02076,Faustini,38.1,False,Background,
-85.625,76.125,5,2.2,0.2643,12.73,0.020752,Faustini,49.5,False,Background,
-85.625,295.375,5,2.4,0.1974,9.52,0.020738,Cabeus,55.7,False,Background,
-86.625,359.125,4,2.0,0.3311,15.98,0.020729,Haworth,26.3,False,Watch,
-85.875,13.875,4,2.25,0.2475,11.96,0.020704,Haworth,57.7,False,Background,
-87.625,133.875,7,2.4286,0.1878,9.07,0.020702,Sverdrup,24.2,False,Background,
-87.125,221.875,3,2.6667,0.1082,5.23,0.020701,de_Gerlache,67.1,False,Background,
-88.625,71.625,3,2.3333,0.2197,10.61,0.020698,Shackleton,37.3,False,Background,
-89.625,201.875,6,2.1667,0.2754,13.31,0.020693,Shackleton,12.7,False,Background,
-86.625,37.625,4,2.25,0.2475,11.98,0.020664,Nobile,55.3,False,Background,
-85.625,85.625,3,2.3333,0.2197,10.63,0.02066,Faustini,48.0,False,Background,
-85.375,184.875,5,2.2,0.2643,12.79,0.020657,Sverdrup,94.8,False,Background,
-85.875,310.375,3,2.0,0.3311,16.05,0.020633,Cabeus,32.6,True,Watch,confirmed within Cabeus PSR boundary
-87.125,47.125,5,2.4,0.1974,9.58,0.020608,Faustini,53.4,False,Background,
-86.625,236.125,4,2.5,0.1639,7.96,0.020599,de_Gerlache,68.1,False,Background,
-88.125,198.375,3,1.6667,0.4426,21.5,0.020591,Sverdrup,45.9,False,Watch,
-89.125,140.625,6,2.3333,0.2197,10.67,0.020591,Shackleton,16.8,False,Background,
-86.125,77.125,5,1.8,0.398,19.33,0.02059,Faustini,34.3,False,Watch,
-86.125,327.125,6,2.3333,0.2197,10.67,0.020589,Cabeus,45.4,True,Background,confirmed within Cabeus PSR boundary
-88.375,137.875,6,2.5,0.1639,7.97,0.020576,Sverdrup,18.0,False,Background,
-89.125,165.125,9,2.5556,0.1454,7.07,0.02056,Shackleton,19.3,False,Background,
-87.625,42.875,4,2.25,0.2475,12.05,0.020548,Faustini,55.5,False,Background,
-86.875,234.375,4,2.5,0.1639,7.98,0.020546,de_Gerlache,62.8,False,Background,
-89.375,50.625,3,2.6667,0.1082,5.27,0.020536,Shackleton,19.6,False,Background,
-86.625,41.375,6,2.5,0.1639,7.98,0.020534,Nobile,50.9,False,Background,
-88.625,37.625,12,2.0833,0.3033,14.78,0.020517,Shackleton,43.2,False,Watch,
-86.625,345.875,3,2.3333,0.2197,10.71,0.020514,Haworth,29.5,False,Background,
-88.375,218.625,6,2.8333,0.0525,2.56,0.020513,de_Gerlache,44.9,False,Background,
-86.875,184.625,3,2.6667,0.1082,5.28,0.02049,Sverdrup,54.1,False,Background,
-86.875,135.375,4,2.5,0.1639,8.0,0.020486,Sverdrup,40.9,False,Background,
-86.375,187.375,3,2.6667,0.1082,5.28,0.020479,Sverdrup,69.4,False,Background,
-88.625,169.375,3,2.3333,0.2197,10.73,0.020477,Sverdrup,24.0,False,Background,
-87.875,173.375,3,2.6667,0.1082,5.28,0.020474,Sverdrup,23.0,False,Background,
-87.625,34.375,4,2.0,0.3311,16.18,0.020462,Haworth,49.9,False,Watch,
-89.125,296.375,3,2.3333,0.2197,10.75,0.020442,de_Gerlache,28.6,False,Background,
-87.375,233.125,4,2.25,0.2475,12.12,0.020425,de_Gerlache,51.2,False,Background,
-86.875,47.125,3,2.3333,0.2197,10.76,0.020418,Nobile,53.1,False,Background,
-85.375,5.125,9,1.7778,0.4055,19.86,0.020417,Haworth,65.9,False,Watch,
-85.375,218.625,6,2.5,0.1639,8.03,0.020414,de_Gerlache,117.3,False,Background,
-89.375,186.375,12,2.5,0.1639,8.04,0.020396,Shackleton,15.9,False,Background,
-86.375,4.375,3,2.3333,0.2197,10.77,0.020392,Haworth,36.2,False,Background,
-88.875,201.625,8,2.375,0.2057,10.09,0.020392,Shackleton,32.5,False,Background,
-86.625,62.625,4,2.25,0.2475,12.14,0.020384,Faustini,37.6,False,Background,
-88.125,303.375,3,2.0,0.3311,16.25,0.020376,de_Gerlache,29.7,False,Watch,
-86.375,210.375,4,2.25,0.2475,12.15,0.020375,Sverdrup,93.1,False,Background,
-86.125,16.125,5,2.4,0.1974,9.69,0.020372,Haworth,53.3,False,Background,
-86.625,31.625,10,1.9,0.3646,17.92,0.020349,Haworth,60.8,False,Watch,
-88.625,134.375,3,2.3333,0.2197,10.8,0.020348,Sverdrup,24.7,False,Background,
-87.625,74.125,4,2.25,0.2475,12.17,0.020347,Faustini,17.9,True,Background,confirmed within Faustini PSR boundary
-88.125,207.625,4,2.5,0.1639,8.06,0.020344,Sverdrup,54.5,False,Background,
-88.875,181.875,4,2.75,0.0803,3.95,0.020342,Shackleton,29.1,False,Background,
-89.125,323.875,6,2.6667,0.1082,5.32,0.020336,Shackleton,36.3,False,Background,
-88.375,353.625,4,2.75,0.0803,3.95,0.020324,Haworth,27.5,False,Background,
-86.875,94.875,3,2.3333,0.2197,10.81,0.020321,Faustini,20.7,True,Background,confirmed within Faustini PSR boundary
-85.875,237.125,4,2.25,0.2475,12.19,0.020313,de_Gerlache,88.4,False,Background,
-85.125,73.875,5,2.4,0.1974,9.72,0.020303,Nobile,51.9,False,Background,
-87.875,268.125,3,2.3333,0.2197,10.83,0.020278,de_Gerlache,14.3,True,Background,confirmed within de_Gerlache PSR boundary
-87.625,215.875,11,2.4545,0.1791,8.84,0.020272,de_Gerlache,60.7,False,Background,
-89.625,340.375,3,2.6667,0.1082,5.34,0.020267,Shackleton,20.6,False,Background,
-85.125,69.375,3,2.0,0.3311,16.36,0.020247,Nobile,40.5,False,Watch,
-89.625,131.375,4,2.25,0.2475,12.23,0.020236,Shackleton,1.4,True,Background,confirmed within Shackleton PSR boundary
-88.625,272.875,3,2.6667,0.1082,5.35,0.020227,de_Gerlache,9.0,True,Background,confirmed within de_Gerlache PSR boundary
-88.125,277.875,3,2.3333,0.2197,10.86,0.020225,de_Gerlache,8.3,True,Background,confirmed within de_Gerlache PSR boundary
-86.375,177.625,7,2.7143,0.0923,4.57,0.02021,Sverdrup,60.7,False,Background,
-86.875,341.125,3,2.3333,0.2197,10.87,0.020203,Haworth,27.7,False,Background,
-87.125,215.875,10,2.6,0.1305,6.46,0.020197,de_Gerlache,72.4,False,Background,
-89.125,311.625,6,2.6667,0.1082,5.36,0.020188,de_Gerlache,34.6,False,Background,
-87.875,199.125,3,1.6667,0.4426,21.93,0.020187,Sverdrup,49.6,False,Watch,
-85.875,233.375,4,2.25,0.2475,12.26,0.020183,de_Gerlache,91.2,False,Background,
-86.125,315.375,9,2.7778,0.071,3.52,0.02018,Cabeus,37.2,True,Background,confirmed within Cabeus PSR boundary
-87.375,68.375,3,2.6667,0.1082,5.36,0.020173,Faustini,21.9,False,Background,
-86.875,230.375,3,2.6667,0.1082,5.37,0.020147,de_Gerlache,66.1,False,Background,
-86.875,70.625,3,2.6667,0.1082,5.37,0.020139,Faustini,22.0,False,Background,
-87.125,352.125,4,2.25,0.2475,12.3,0.020119,Haworth,11.4,True,Background,confirmed within Haworth PSR boundary
-85.625,79.875,3,2.6667,0.1082,5.38,0.020097,Faustini,48.2,False,Background,
-88.875,325.875,5,2.4,0.1974,9.83,0.02008,de_Gerlache,41.1,False,Background,
-87.625,62.125,3,2.0,0.3311,16.5,0.020071,Faustini,31.4,False,Watch,
-87.875,64.625,4,2.25,0.2475,12.34,0.020068,Faustini,31.5,False,Background,
-88.125,83.875,5,2.6,0.1305,6.5,0.020066,Faustini,28.1,False,Background,
-86.375,86.625,3,2.3333,0.2197,10.95,0.020063,Faustini,25.7,False,Background,
-87.375,74.625,3,2.0,0.3311,16.51,0.020057,Faustini,13.5,True,Watch,confirmed within Faustini PSR boundary
-85.625,159.625,6,2.6667,0.1082,5.39,0.020057,Sverdrup,72.9,False,Background,
-87.625,228.625,3,2.3333,0.2197,10.96,0.02005,de_Gerlache,49.5,False,Background,
-86.125,83.625,3,2.0,0.3311,16.52,0.020049,Faustini,32.6,False,Watch,
-87.125,60.375,3,2.6667,0.1082,5.4,0.020043,Faustini,34.2,False,Background,
-88.875,200.375,6,2.3333,0.2197,10.96,0.020036,Shackleton,32.3,False,Background,
-87.125,7.625,3,2.0,0.3311,16.53,0.020033,Haworth,20.4,True,Watch,confirmed within Haworth PSR boundary
-87.625,32.375,3,2.0,0.3311,16.54,0.020025,Haworth,47.4,False,Watch,
-87.125,215.625,14,2.7143,0.0923,4.61,0.020018,de_Gerlache,72.6,False,Background,
-86.125,182.625,4,2.75,0.0803,4.01,0.020016,Sverdrup,71.8,False,Background,
-86.125,78.625,4,2.25,0.2475,12.37,0.02001,Faustini,33.6,False,Background,
-88.875,49.625,3,2.0,0.3311,16.55,0.020006,Shackleton,33.8,False,Watch,
-86.375,318.125,5,2.6,0.1305,6.53,0.019997,Cabeus,45.0,True,Background,confirmed within Cabeus PSR boundary
-87.875,178.125,3,2.3333,0.2197,10.99,0.019995,Sverdrup,28.0,False,Background,
-89.125,18.875,5,2.6,0.1305,6.53,0.01999,Shackleton,31.5,False,Background,
-85.625,106.125,4,2.5,0.1639,8.2,0.019989,Faustini,63.6,False,Background,
-87.125,73.625,6,2.0,0.3311,16.57,0.019984,Faustini,14.6,True,Watch,confirmed within Faustini PSR boundary
-89.125,346.125,12,2.4167,0.1918,9.6,0.019984,Shackleton,35.1,False,Background,
-86.125,6.625,3,2.0,0.3311,16.58,0.019974,Haworth,44.9,False,Watch,
-87.125,216.625,12,2.5833,0.1361,6.82,0.019946,de_Gerlache,71.7,False,Background,
-85.375,57.875,3,2.6667,0.1082,5.44,0.01989,Nobile,12.4,True,Background,confirmed within Nobile PSR boundary
-85.375,182.375,4,2.5,0.1639,8.24,0.019888,Sverdrup,92.7,False,Background,
-87.625,223.375,4,2.75,0.0803,4.04,0.019866,de_Gerlache,54.1,False,Background,
-87.375,208.625,4,2.75,0.0803,4.05,0.019856,Sverdrup,68.1,False,Background,
-85.625,17.875,5,2.4,0.1974,9.94,0.019849,Haworth,68.4,False,Background,
-86.125,178.625,9,2.6667,0.1082,5.45,0.019846,Sverdrup,68.5,False,Background,
-86.625,33.875,5,2.2,0.2643,13.32,0.019844,Nobile,60.5,False,Background,
-87.875,108.875,3,2.3333,0.2197,11.07,0.019843,Faustini,38.7,False,Background,
-85.625,204.375,4,2.5,0.1639,8.26,0.019842,Sverdrup,106.5,False,Background,
-85.125,9.375,3,2.6667,0.1082,5.45,0.01984,Haworth,75.7,False,Background,
-85.625,238.625,4,2.0,0.3311,16.71,0.019818,de_Gerlache,94.6,False,Watch,
-88.125,82.125,4,2.5,0.1639,8.27,0.019818,Faustini,28.1,False,Background,
-89.125,202.625,8,2.25,0.2475,12.5,0.019801,Shackleton,25.5,False,Background,
-88.625,125.875,3,2.3333,0.2197,11.1,0.019796,Sverdrup,29.9,False,Background,
-87.625,82.125,4,2.25,0.2475,12.52,0.019775,Faustini,13.0,True,Background,confirmed within Faustini PSR boundary
-89.125,308.625,4,2.5,0.1639,8.29,0.019771,de_Gerlache,33.3,False,Background,
-85.875,325.125,3,2.3333,0.2197,11.13,0.019739,Cabeus,36.9,True,Background,confirmed within Cabeus PSR boundary
-86.375,322.875,4,2.0,0.3311,16.78,0.019736,Cabeus,47.4,True,Watch,confirmed within Cabeus PSR boundary
-86.125,257.625,3,2.6667,0.1082,5.48,0.019734,de_Gerlache,69.6,False,Background,
-88.625,57.375,5,2.0,0.3311,16.79,0.019722,Shackleton,39.8,False,Watch,
-88.625,352.625,4,2.25,0.2475,12.55,0.019721,Haworth,35.1,False,Background,
-88.625,42.125,4,2.25,0.2475,12.55,0.019717,Shackleton,42.4,False,Background,
-88.625,312.375,3,2.3333,0.2197,11.14,0.019716,de_Gerlache,32.9,False,Background,
-86.875,145.125,3,2.6667,0.1082,5.49,0.019716,Sverdrup,35.5,False,Background,
-87.125,45.125,4,2.5,0.1639,8.32,0.019706,Faustini,56.2,False,Background,
-86.125,89.625,3,2.3333,0.2197,11.15,0.019695,Faustini,34.4,False,Background,
-87.375,155.375,5,2.8,0.0636,3.23,0.019695,Sverdrup,19.3,False,Background,
-88.875,216.125,5,2.2,0.2643,13.42,0.019691,Shackleton,35.0,False,Background,
-86.125,249.875,3,2.0,0.3311,16.82,0.019687,de_Gerlache,73.1,False,Watch,
-89.625,120.125,4,2.25,0.2475,12.57,0.019686,Shackleton,2.2,True,Background,confirmed within Shackleton PSR boundary
-89.125,168.625,10,2.5,0.1639,8.33,0.019682,Shackleton,19.8,False,Background,
-85.875,42.625,4,1.5,0.4984,25.32,0.01968,Nobile,33.2,True,Watch,confirmed within Nobile PSR boundary
-88.125,354.125,3,2.3333,0.2197,11.17,0.019673,Haworth,19.9,True,Background,confirmed within Haworth PSR boundary
-85.875,27.625,3,2.0,0.3311,16.85,0.019655,Nobile,64.1,False,Watch,
-87.375,359.375,3,2.6667,0.1082,5.51,0.01964,Haworth,6.2,True,Background,confirmed within Haworth PSR boundary
-85.125,70.375,5,2.2,0.2643,13.46,0.019635,Nobile,43.0,False,Background,
-88.375,317.375,9,2.5556,0.1454,7.41,0.01962,de_Gerlache,38.5,False,Background,
-85.125,196.125,3,2.6667,0.1082,5.52,0.019599,Sverdrup,112.0,False,Background,
-89.125,35.375,5,2.6,0.1305,6.66,0.019591,Shackleton,29.0,False,Background,
-86.625,269.875,3,2.6667,0.1082,5.52,0.019584,de_Gerlache,51.8,False,Background,
-87.375,195.625,4,2.5,0.1639,8.37,0.019581,Sverdrup,54.5,False,Background,
-88.375,222.375,7,2.4286,0.1878,9.6,0.019572,de_Gerlache,42.0,False,Background,
-87.875,0.125,5,2.4,0.1974,10.09,0.019564,Haworth,13.6,True,Background,confirmed within Haworth PSR boundary
-89.125,187.625,7,2.5714,0.14,7.16,0.019552,Shackleton,22.9,False,Background,
-88.125,127.625,3,2.6667,0.1082,5.55,0.019513,Sverdrup,25.6,False,Background,
-87.375,212.125,7,2.7143,0.0923,4.73,0.019502,de_Gerlache,69.7,False,Background,
-86.625,346.375,4,2.5,0.1639,8.41,0.019498,Haworth,29.1,False,Background,
-86.625,52.875,4,2.0,0.3311,16.99,0.019494,Nobile,43.8,False,Watch,
-88.375,71.125,3,2.3333,0.2197,11.27,0.019486,Faustini,38.2,False,Background,
-85.875,340.375,4,2.25,0.2475,12.71,0.01947,Haworth,54.7,False,Background,
-89.375,348.875,4,2.75,0.0803,4.13,0.019455,Shackleton,27.4,False,Background,
-85.625,272.875,3,2.6667,0.1082,5.57,0.019433,de_Gerlache,82.0,False,Background,
-85.625,7.875,5,2.2,0.2643,13.6,0.019432,Haworth,60.1,False,Background,
-88.875,77.625,3,2.6667,0.1082,5.58,0.019392,Shackleton,29.0,False,Background,
-87.875,8.875,3,2.0,0.3311,17.09,0.019381,Haworth,20.6,True,Watch,confirmed within Haworth PSR boundary
-85.625,58.625,3,2.3333,0.2197,11.33,0.019381,Nobile,18.3,True,Background,confirmed within Nobile PSR boundary
-89.375,242.375,4,2.25,0.2475,12.78,0.019377,Shackleton,24.6,False,Background,
-88.375,126.625,3,2.3333,0.2197,11.34,0.019367,Sverdrup,27.0,False,Background,
-88.625,2.875,3,2.0,0.3311,17.1,0.019363,Haworth,35.8,False,Watch,
-88.125,261.375,4,1.75,0.4148,21.42,0.019362,de_Gerlache,11.7,True,Watch,confirmed within de_Gerlache PSR boundary
-89.375,192.875,4,2.25,0.2475,12.79,0.01936,Shackleton,17.0,False,Background,
-86.875,231.375,3,2.6667,0.1082,5.59,0.01936,de_Gerlache,65.3,False,Background,
-88.875,155.125,3,2.3333,0.2197,11.35,0.01935,Shackleton,25.5,False,Background,
-88.125,96.625,3,2.3333,0.2197,11.36,0.019338,Faustini,32.4,False,Background,
-87.625,10.125,3,2.3333,0.2197,11.36,0.019333,Haworth,19.7,True,Background,confirmed within Haworth PSR boundary
-88.875,204.375,4,2.25,0.2475,12.81,0.019327,Shackleton,33.0,False,Background,
-89.125,307.375,8,2.5,0.1639,8.48,0.019322,de_Gerlache,32.8,False,Background,
-87.875,34.875,8,2.5,0.1639,8.49,0.01932,Haworth,49.1,False,Background,
-86.375,233.875,5,2.6,0.1305,6.75,0.01932,de_Gerlache,76.7,False,Background,
-86.625,214.625,5,2.6,0.1305,6.76,0.019317,de_Gerlache,86.3,False,Background,
-85.125,70.125,4,2.25,0.2475,12.82,0.019315,Nobile,42.4,False,Background,
-88.875,222.375,3,2.3333,0.2197,11.37,0.019315,Shackleton,36.0,False,Background,
-88.375,256.625,3,2.3333,0.2197,11.37,0.019315,de_Gerlache,13.4,True,Background,confirmed within de_Gerlache PSR boundary
-86.375,230.375,4,2.5,0.1639,8.49,0.019311,de_Gerlache,79.5,False,Background,
-87.875,312.875,7,2.1429,0.2834,14.67,0.01931,de_Gerlache,42.2,False,Background,
-85.125,116.625,4,2.75,0.0803,4.17,0.019286,Faustini,90.0,False,Background,
-89.125,206.875,7,2.2857,0.2356,12.22,0.01928,Shackleton,26.2,False,Background,
-86.875,6.375,3,2.0,0.3311,17.18,0.019278,Haworth,24.4,True,Watch,confirmed within Haworth PSR boundary
-85.875,302.625,5,2.6,0.1305,6.77,0.019268,Cabeus,43.8,True,Background,confirmed within Cabeus PSR boundary
-89.375,17.125,3,2.3333,0.2197,11.4,0.019267,Shackleton,24.6,False,Background,
-88.125,64.625,4,2.25,0.2475,12.85,0.019264,Faustini,35.9,False,Background,
-85.375,345.625,5,2.4,0.1974,10.25,0.01925,Haworth,65.9,False,Background,
-85.375,21.125,3,2.0,0.3311,17.2,0.019248,Haworth,78.6,False,Watch,
-87.125,343.125,4,2.25,0.2475,12.87,0.019233,Haworth,20.3,True,Background,confirmed within Haworth PSR boundary
-87.875,186.375,3,2.6667,0.1082,5.63,0.019233,Sverdrup,36.6,False,Background,
-86.375,200.375,6,2.6667,0.1082,5.63,0.019226,Sverdrup,82.6,False,Background,
-87.375,227.375,3,2.6667,0.1082,5.63,0.019214,de_Gerlache,56.2,False,Background,
-87.875,178.875,4,2.25,0.2475,12.89,0.019211,Sverdrup,28.8,False,Background,
-85.375,325.375,3,2.6667,0.1082,5.63,0.019211,Cabeus,28.0,True,Background,confirmed within Cabeus PSR boundary
-87.875,180.625,5,2.2,0.2643,13.76,0.01921,Sverdrup,30.6,False,Background,
-89.125,13.875,7,2.5714,0.14,7.29,0.019206,Shackleton,32.1,False,Background,
-88.375,224.125,12,2.5833,0.1361,7.09,0.019201,de_Gerlache,40.6,False,Background,
-88.875,59.125,4,2.25,0.2475,12.91,0.019179,Shackleton,32.2,False,Background,
-88.125,175.625,4,2.75,0.0803,4.19,0.019173,Sverdrup,23.8,False,Background,
-89.125,189.375,4,2.5,0.1639,8.55,0.019164,Shackleton,23.2,False,Background,
-86.875,317.875,3,2.3333,0.2197,11.46,0.019163,Haworth,57.6,False,Background,
-88.625,141.625,6,2.5,0.1639,8.56,0.019158,Sverdrup,21.2,False,Background,
-86.125,84.375,4,2.0,0.3311,17.29,0.019154,Faustini,32.7,False,Watch,
-89.625,300.125,5,2.2,0.2643,13.8,0.019148,Shackleton,21.3,False,Background,
-86.875,227.625,3,2.6667,0.1082,5.65,0.019145,de_Gerlache,68.4,False,Background,
-85.125,25.625,3,2.6667,0.1082,5.66,0.019118,Nobile,70.8,False,Background,
-88.625,123.125,4,2.25,0.2475,12.95,0.019116,Shackleton,31.8,False,Background,
-88.125,245.875,3,2.3333,0.2197,11.49,0.019116,de_Gerlache,25.0,False,Background,
-85.375,286.125,5,2.2,0.2643,13.83,0.019108,Cabeus,77.2,False,Background,
-89.625,248.125,3,2.3333,0.2197,11.51,0.019093,Shackleton,18.4,False,Background,
-87.875,256.875,3,2.3333,0.2197,11.51,0.01909,de_Gerlache,20.4,False,Background,
-87.375,1.625,4,2.75,0.0803,4.21,0.019085,Haworth,9.0,True,Background,confirmed within Haworth PSR boundary
-85.625,335.625,3,2.3333,0.2197,11.51,0.019081,Cabeus,53.5,False,Background,
-88.625,347.125,3,2.0,0.3311,17.36,0.01908,Haworth,35.9,False,Watch,
-88.875,52.625,3,2.0,0.3311,17.36,0.019077,Shackleton,33.3,False,Watch,
-87.625,173.875,4,2.25,0.2475,12.99,0.019055,Sverdrup,27.0,False,Background,
-85.875,53.375,6,2.6667,0.1082,5.68,0.019054,Nobile,21.1,True,Background,confirmed within Nobile PSR boundary
-88.625,195.375,3,2.0,0.3311,17.39,0.019046,Shackleton,38.7,False,Watch,
-86.125,229.625,4,2.75,0.0803,4.22,0.019045,de_Gerlache,87.1,False,Background,
-86.375,318.375,5,2.6,0.1305,6.86,0.019035,Cabeus,45.1,True,Background,confirmed within Cabeus PSR boundary
-87.625,119.625,3,2.6667,0.1082,5.68,0.019034,Sverdrup,39.1,False,Background,
-88.875,98.125,3,2.3333,0.2197,11.55,0.019024,Shackleton,26.1,False,Background,
-89.375,120.875,5,1.6,0.4649,24.44,0.019022,Shackleton,9.2,True,Watch,confirmed within Shackleton PSR boundary
-87.125,75.625,4,1.75,0.4148,21.81,0.019015,Faustini,11.7,True,Watch,confirmed within Faustini PSR boundary
-89.625,198.125,5,2.4,0.1974,10.39,0.018996,Shackleton,12.1,False,Background,
-89.375,136.625,3,1.6667,0.4426,23.32,0.018984,Shackleton,9.1,True,Watch,confirmed within Shackleton PSR boundary
-88.875,26.375,3,2.3333,0.2197,11.57,0.018978,Shackleton,37.7,False,Background,
-86.125,34.875,4,2.25,0.2475,13.04,0.018976,Nobile,51.2,False,Background,
-85.875,74.125,4,2.25,0.2475,13.05,0.018975,Faustini,43.4,False,Background,
-87.625,52.625,3,2.0,0.3311,17.46,0.018972,Faustini,43.3,False,Watch,
-85.625,59.625,4,2.25,0.2475,13.05,0.018966,Nobile,20.0,True,Background,confirmed within Nobile PSR boundary
-87.875,10.375,3,2.0,0.3311,17.47,0.018959,Haworth,22.1,True,Watch,confirmed within Haworth PSR boundary
-89.375,182.125,9,2.5556,0.1454,7.68,0.018926,Shackleton,15.1,False,Background,
-87.125,43.375,4,1.75,0.4148,21.93,0.018909,Faustini,58.7,False,Watch,
-86.375,225.875,4,2.5,0.1639,8.68,0.018879,de_Gerlache,83.3,False,Background,
-88.625,225.875,3,2.6667,0.1082,5.73,0.018871,de_Gerlache,37.1,False,Background,
-89.625,351.875,4,2.5,0.1639,8.69,0.018866,Shackleton,19.9,False,Background,
-88.125,95.375,4,2.5,0.1639,8.69,0.018866,Faustini,31.7,False,Background,
-86.625,212.875,4,2.5,0.1639,8.69,0.018857,de_Gerlache,87.9,False,Background,
-89.375,46.875,3,2.6667,0.1082,5.74,0.018857,Shackleton,20.3,False,Background,
-89.625,133.375,4,2.25,0.2475,13.13,0.018852,Shackleton,1.5,True,Background,confirmed within Shackleton PSR boundary
-85.875,10.625,3,2.3333,0.2197,11.66,0.018847,Haworth,54.9,False,Background,
-85.125,231.125,3,2.3333,0.2197,11.66,0.018836,de_Gerlache,114.4,False,Background,
-85.375,42.125,8,2.0,0.3311,17.59,0.018829,Nobile,29.0,True,Watch,confirmed within Nobile PSR boundary
-88.125,114.375,5,2.8,0.0636,3.38,0.018812,Sverdrup,38.5,False,Background,
-86.875,217.875,6,2.6667,0.1082,5.75,0.018805,de_Gerlache,76.9,False,Background,
-88.625,212.375,9,2.5556,0.1454,7.73,0.0188,Shackleton,41.7,False,Background,
-85.375,49.875,6,2.5,0.1639,8.73,0.018789,Nobile,10.9,True,Background,confirmed within Nobile PSR boundary
-88.625,28.875,4,2.0,0.3311,17.65,0.018766,Shackleton,44.6,False,Watch,
-87.875,320.125,5,2.0,0.3311,17.66,0.018754,Haworth,44.3,False,Watch,
-86.125,259.125,3,2.6667,0.1082,5.77,0.018751,de_Gerlache,69.1,False,Background,
-86.125,243.875,3,2.0,0.3311,17.67,0.018745,de_Gerlache,76.7,False,Watch,
-86.125,53.625,6,2.1667,0.2754,14.69,0.018745,Nobile,28.7,True,Background,confirmed within Nobile PSR boundary
-88.625,215.375,12,2.5833,0.1361,7.26,0.018745,Shackleton,42.2,False,Background,
-89.375,358.875,4,2.5,0.1639,8.75,0.018734,Shackleton,26.6,False,Background,
-88.375,161.625,4,2.5,0.1639,8.75,0.018733,Sverdrup,14.3,True,Background,confirmed within Sverdrup PSR boundary
-89.375,111.625,4,1.75,0.4148,22.14,0.018731,Shackleton,9.9,True,Watch,confirmed within Shackleton PSR boundary
-85.125,240.125,5,2.6,0.1305,6.97,0.018721,de_Gerlache,108.2,False,Background,
-87.125,133.375,3,2.6667,0.1082,5.78,0.01872,Sverdrup,35.9,False,Background,
-85.625,230.125,5,2.4,0.1974,10.55,0.018715,de_Gerlache,100.8,False,Background,
-87.875,251.375,3,2.6667,0.1082,5.78,0.018712,de_Gerlache,24.7,False,Background,
-89.125,82.625,3,2.6667,0.1082,5.78,0.018708,Shackleton,21.0,False,Background,
-86.375,239.875,3,2.6667,0.1082,5.78,0.018708,de_Gerlache,72.2,False,Background,
-87.625,54.625,3,2.0,0.3311,17.7,0.018707,Faustini,40.7,False,Watch,
-88.625,217.375,16,2.5625,0.143,7.65,0.018707,Shackleton,42.5,False,Background,
-85.625,233.875,4,2.25,0.2475,13.24,0.018703,de_Gerlache,97.9,False,Background,
-88.625,219.625,7,2.5714,0.14,7.49,0.018703,de_Gerlache,41.5,False,Background,
-89.375,6.625,5,2.4,0.1974,10.56,0.018684,Shackleton,25.8,False,Background,
-89.125,189.125,12,2.5,0.1639,8.78,0.018674,Shackleton,23.1,False,Background,
-87.375,72.625,3,2.3333,0.2197,11.77,0.018668,Faustini,16.1,True,Background,confirmed within Faustini PSR boundary
-87.875,15.125,3,2.3333,0.2197,11.77,0.018664,Haworth,27.1,False,Background,
-87.625,53.625,4,2.0,0.3311,17.75,0.018659,Faustini,42.0,False,Watch,
-87.125,205.375,6,2.5,0.1639,8.79,0.018658,Sverdrup,70.0,False,Background,
-88.375,223.125,9,2.3333,0.2197,11.77,0.018657,de_Gerlache,41.4,False,Background,
-89.125,46.125,4,2.75,0.0803,4.31,0.018648,Shackleton,27.3,False,Background,
-86.875,209.125,3,2.3333,0.2197,11.79,0.018637,Sverdrup,79.6,False,Background,
-87.375,347.875,5,2.2,0.2643,14.18,0.018635,Haworth,10.6,True,Background,confirmed within Haworth PSR boundary
-89.625,157.875,3,1.3333,0.5541,29.74,0.01863,Shackleton,5.4,True,Watch,confirmed within Shackleton PSR — strong suppression
-89.125,78.875,3,2.6667,0.1082,5.81,0.018617,Shackleton,21.6,False,Background,
-87.875,110.125,3,2.3333,0.2197,11.8,0.018614,Faustini,40.0,False,Background,
-87.625,230.875,5,2.4,0.1974,10.62,0.018585,de_Gerlache,47.5,False,Background,
-86.375,36.375,5,2.4,0.1974,10.64,0.018554,Nobile,52.3,False,Background,
-85.625,241.375,3,2.3333,0.2197,11.84,0.018553,de_Gerlache,92.7,False,Background,
-87.625,191.875,4,2.5,0.1639,8.84,0.018546,Sverdrup,45.9,False,Background,
-85.125,293.375,7,2.5714,0.14,7.56,0.018519,Cabeus,59.6,False,Background,
-88.625,179.625,3,2.6667,0.1082,5.84,0.018512,Sverdrup,30.3,False,Background,
-85.125,284.125,3,2.3333,0.2197,11.88,0.018489,Cabeus,83.2,False,Background,
-85.875,4.125,6,2.1667,0.2754,14.9,0.01848,Haworth,50.6,False,Background,
-89.625,134.875,4,2.25,0.2475,13.41,0.018462,Shackleton,1.7,True,Background,confirmed within Shackleton PSR boundary
-85.125,177.125,4,1.5,0.4984,27.0,0.018457,Sverdrup,96.1,False,Watch,
-85.125,18.875,3,2.0,0.3311,17.95,0.01845,Haworth,83.3,False,Watch,
-85.625,304.625,3,2.0,0.3311,17.95,0.018449,Cabeus,35.9,True,Watch,confirmed within Cabeus PSR boundary
-85.375,109.375,5,2.6,0.1305,7.08,0.01844,Faustini,74.1,False,Background,
-88.125,199.875,3,2.0,0.3311,17.97,0.018428,Sverdrup,47.3,False,Watch,
-87.875,49.875,4,2.75,0.0803,4.36,0.018427,Faustini,47.1,False,Background,
-87.875,25.125,3,2.3333,0.2197,11.93,0.018418,Haworth,38.2,False,Background,
-86.625,295.125,3,2.3333,0.2197,11.93,0.018407,de_Gerlache,59.2,False,Background,
-85.375,73.875,3,2.3333,0.2197,11.94,0.018399,Nobile,50.9,False,Background,
-88.875,137.875,11,2.3636,0.2095,11.39,0.018394,Shackleton,24.3,False,Background,
-86.875,48.875,4,2.25,0.2475,13.46,0.018385,Nobile,52.3,False,Background,
-87.125,185.125,3,2.6667,0.1082,5.89,0.018381,Sverdrup,48.7,False,Background,
-85.875,30.375,9,2.2222,0.2568,13.98,0.018378,Nobile,58.2,False,Background,
-85.875,39.375,7,2.1429,0.2834,15.42,0.018377,Nobile,39.4,False,Background,
-89.125,324.125,3,2.6667,0.1082,5.89,0.018369,Shackleton,36.3,False,Background,
-89.375,340.625,10,2.6,0.1305,7.11,0.018353,Shackleton,28.0,False,Background,
-88.875,260.125,4,2.0,0.3311,18.06,0.018341,de_Gerlache,18.6,False,Watch,
-88.125,215.375,3,2.6667,0.1082,5.9,0.018331,de_Gerlache,51.3,False,Background,
-86.375,126.125,3,2.6667,0.1082,5.9,0.018324,Sverdrup,61.8,False,Background,
-86.375,327.875,3,2.3333,0.2197,11.99,0.018318,Cabeus,52.2,False,Background,
-87.375,115.125,3,2.0,0.3311,18.08,0.018311,Faustini,45.4,False,Watch,
-89.375,219.375,3,2.3333,0.2197,12.0,0.018311,Shackleton,21.4,False,Background,
-88.625,223.625,3,2.6667,0.1082,5.91,0.018307,de_Gerlache,38.7,False,Background,
-85.375,222.875,5,2.8,0.0636,3.48,0.018304,de_Gerlache,113.7,False,Background,
-85.625,289.625,4,2.5,0.1639,8.96,0.018295,Cabeus,68.9,False,Background,
-87.625,214.375,21,2.619,0.1241,6.78,0.018295,de_Gerlache,62.0,False,Background,
-85.125,160.125,10,2.4,0.1974,10.79,0.018294,Sverdrup,88.1,False,Background,
-87.625,116.625,3,2.0,0.3311,18.12,0.018278,Sverdrup,42.3,False,Watch,
-87.375,238.875,3,2.3333,0.2197,12.02,0.018276,de_Gerlache,46.4,False,Background,
-88.875,222.625,5,2.4,0.1974,10.8,0.018271,Shackleton,36.1,False,Background,
-89.125,351.125,6,2.1667,0.2754,15.08,0.018266,Shackleton,34.7,False,Background,
-86.125,7.125,3,2.0,0.3311,18.13,0.018262,Haworth,45.2,False,Watch,
-89.375,7.375,10,2.5,0.1639,8.99,0.018245,Shackleton,25.7,False,Background,
-87.875,3.625,4,2.25,0.2475,13.58,0.018225,Haworth,15.9,True,Background,confirmed within Haworth PSR boundary
-86.875,347.125,5,2.2,0.2643,14.5,0.018224,Haworth,21.8,True,Background,confirmed within Haworth PSR boundary
-85.125,218.625,3,2.6667,0.1082,5.94,0.018221,de_Gerlache,124.4,False,Background,
-87.125,133.125,3,2.6667,0.1082,5.94,0.018209,Sverdrup,36.1,False,Background,
-87.875,70.625,4,2.5,0.1639,9.01,0.018205,Faustini,26.1,False,Background,
-85.125,58.375,4,2.5,0.1639,9.01,0.018203,Nobile,12.5,True,Background,confirmed within Nobile PSR boundary
-88.375,81.125,4,2.25,0.2475,13.61,0.018188,Faustini,35.7,False,Background,
-88.125,228.625,6,2.5,0.1639,9.02,0.018166,de_Gerlache,40.1,False,Background,
-86.375,164.125,3,2.6667,0.1082,5.96,0.018146,Sverdrup,52.0,False,Background,
-86.875,313.125,5,2.4,0.1974,10.89,0.018131,Cabeus,60.2,False,Background,
-88.375,68.625,4,2.25,0.2475,13.66,0.018122,Faustini,39.2,False,Background,
-88.375,110.375,3,2.6667,0.1082,5.97,0.01811,Shackleton,40.0,False,Background,
-85.875,206.375,8,2.625,0.1221,6.75,0.018104,Sverdrup,101.9,False,Background,
-86.125,247.375,3,2.0,0.3311,18.31,0.01809,de_Gerlache,74.5,False,Watch,
-88.875,325.625,8,2.5,0.1639,9.06,0.018086,de_Gerlache,41.0,False,Background,
-86.625,328.875,4,2.25,0.2475,13.7,0.01807,Haworth,48.0,False,Background,
-86.875,7.625,4,2.25,0.2475,13.7,0.018069,Haworth,25.7,False,Background,
-86.375,345.625,4,2.75,0.0803,4.45,0.018057,Haworth,36.7,False,Background,
-87.125,54.875,4,2.75,0.0803,4.45,0.01805,Faustini,42.2,False,Background,
-87.625,233.375,7,2.4286,0.1878,10.41,0.018042,de_Gerlache,45.3,False,Background,
-86.375,236.625,4,2.5,0.1639,9.09,0.018042,de_Gerlache,74.6,False,Background,
-87.375,25.875,5,2.6,0.1305,7.24,0.018035,Haworth,41.3,False,Background,
-88.625,214.125,7,2.5714,0.14,7.77,0.018031,Shackleton,42.0,False,Background,
-86.625,70.125,3,2.6667,0.1082,6.0,0.018025,Faustini,27.5,False,Background,
-89.625,111.125,3,1.6667,0.4426,24.6,0.017993,Shackleton,3.7,True,Watch,confirmed within Shackleton PSR boundary
-88.875,100.875,3,2.3333,0.2197,12.21,0.017991,Shackleton,25.8,False,Background,
-89.625,161.625,3,1.3333,0.5541,30.81,0.017987,Shackleton,6.1,True,Watch,confirmed within Shackleton PSR — strong suppression
-86.375,332.125,3,2.3333,0.2197,12.22,0.017969,Haworth,49.7,False,Background,
-86.125,259.875,3,2.6667,0.1082,6.03,0.01795,de_Gerlache,68.8,False,Background,
-85.375,341.375,4,2.25,0.2475,13.8,0.017944,Cabeus,66.2,False,Background,
-85.875,346.125,3,2.6667,0.1082,6.03,0.017939,Haworth,50.9,False,Background,
-87.375,59.375,3,2.3333,0.2197,12.25,0.017935,Faustini,34.4,False,Background,
-85.125,35.875,5,2.4,0.1974,11.01,0.017925,Nobile,45.1,False,Background,
-89.375,121.375,3,1.6667,0.4426,24.7,0.01792,Shackleton,9.2,True,Watch,confirmed within Shackleton PSR boundary
-86.375,174.875,6,2.8333,0.0525,2.93,0.017915,Sverdrup,58.6,False,Background,
-89.125,145.375,3,2.3333,0.2197,12.26,0.017913,Shackleton,17.1,False,Background,
-87.625,182.125,6,2.5,0.1639,9.15,0.017908,Sverdrup,35.6,False,Background,
-89.125,22.125,10,2.6,0.1305,7.29,0.017902,Shackleton,31.0,False,Background,
-88.625,217.125,14,2.5714,0.14,7.82,0.0179,Shackleton,42.5,False,Background,
-89.375,358.625,4,2.5,0.1639,9.16,0.01789,Shackleton,26.6,False,Background,
-87.375,234.625,5,2.4,0.1974,11.04,0.017884,de_Gerlache,49.9,False,Background,
-89.625,43.125,3,2.3333,0.2197,12.29,0.01788,Shackleton,14.7,False,Background,
-87.875,170.375,4,2.75,0.0803,4.49,0.017877,Sverdrup,19.8,False,Background,
-85.125,270.375,3,2.6667,0.1082,6.05,0.017876,de_Gerlache,97.2,False,Background,
-86.375,319.875,5,2.6,0.1305,7.3,0.017875,Cabeus,45.6,True,Background,confirmed within Cabeus PSR boundary
-89.125,25.375,10,2.3,0.2308,12.92,0.017868,Shackleton,30.6,False,Background,
-89.375,217.875,3,2.3333,0.2197,12.3,0.017863,Shackleton,21.2,False,Background,
-87.625,83.125,3,2.3333,0.2197,12.3,0.017856,Faustini,12.9,True,Background,confirmed within Faustini PSR boundary
-89.375,355.375,6,2.6667,0.1082,6.07,0.017834,Shackleton,26.9,False,Background,
-85.875,67.875,3,2.0,0.3311,18.59,0.017816,Nobile,39.8,False,Watch,
-86.125,252.375,3,2.3333,0.2197,12.33,0.017812,de_Gerlache,71.8,False,Background,
-88.125,245.125,3,2.3333,0.2197,12.33,0.01781,de_Gerlache,25.7,False,Background,
-86.625,192.875,3,2.6667,0.1082,6.08,0.01779,Sverdrup,68.5,False,Background,
-86.125,36.625,5,2.4,0.1974,11.1,0.017778,Nobile,48.0,False,Background,
-87.625,187.625,3,2.6667,0.1082,6.09,0.017777,Sverdrup,41.5,False,Background,
-88.875,211.125,14,2.1429,0.2834,15.95,0.017763,Shackleton,34.1,False,Background,
-88.375,32.625,10,2.3,0.2308,13.0,0.017752,Haworth,47.9,False,Background,
-87.625,344.625,3,2.3333,0.2197,12.38,0.017741,Haworth,14.6,True,Background,confirmed within Haworth PSR boundary
-88.875,29.125,7,2.2857,0.2356,13.28,0.017738,Shackleton,37.2,False,Background,
-87.125,37.125,4,2.5,0.1639,9.25,0.01773,Haworth,59.3,False,Background,
-89.375,345.125,5,2.6,0.1305,7.36,0.01773,Shackleton,27.7,False,Background,
-87.375,198.875,3,2.6667,0.1082,6.1,0.017725,Sverdrup,57.9,False,Background,
-86.125,304.125,3,2.6667,0.1082,6.11,0.017723,Cabeus,46.4,True,Background,confirmed within Cabeus PSR boundary
-86.375,235.375,5,2.6,0.1305,7.36,0.017721,de_Gerlache,75.6,False,Background,
-86.375,284.875,3,2.3333,0.2197,12.4,0.017716,de_Gerlache,61.6,False,Background,
-88.875,241.625,3,2.3333,0.2197,12.4,0.017715,de_Gerlache,27.3,False,Background,
-85.625,356.375,6,2.1667,0.2754,15.56,0.017704,Haworth,56.0,False,Background,
-87.125,49.625,3,2.6667,0.1082,6.11,0.017695,Faustini,49.8,False,Background,
-85.375,86.375,3,2.6667,0.1082,6.12,0.017682,Faustini,55.7,False,Background,
-85.875,99.375,4,2.5,0.1639,9.28,0.017667,Faustini,49.5,False,Background,
-86.875,255.625,3,2.6667,0.1082,6.12,0.017666,de_Gerlache,48.3,False,Background,
-87.875,224.125,4,2.5,0.1639,9.28,0.01766,de_Gerlache,48.4,False,Background,
-89.625,74.375,3,2.0,0.3311,18.76,0.01765,Shackleton,10.0,True,Watch,confirmed within Shackleton PSR boundary
-88.125,171.125,4,2.75,0.0803,4.55,0.01765,Sverdrup,19.4,False,Background,
-85.125,229.125,5,2.6,0.1305,7.4,0.017626,de_Gerlache,115.9,False,Background,
-86.625,80.125,5,2.2,0.2643,15.0,0.017613,Faustini,18.2,True,Background,confirmed within Faustini PSR boundary
-87.375,57.875,5,2.4,0.1974,11.21,0.017613,Faustini,36.5,False,Background,
-85.625,337.625,4,2.5,0.1639,9.31,0.017604,Cabeus,58.0,False,Background,
-87.125,216.875,7,2.7143,0.0923,5.24,0.017593,de_Gerlache,71.5,False,Background,
-87.875,123.625,6,2.5,0.1639,9.32,0.017588,Sverdrup,31.4,False,Background,
-88.125,177.375,3,2.6667,0.1082,6.16,0.017575,Sverdrup,25.6,False,Background,
-87.625,12.875,4,2.0,0.3311,18.84,0.017573,Haworth,23.1,True,Watch,confirmed within Haworth PSR boundary
-85.125,297.375,4,2.5,0.1639,9.33,0.017565,Cabeus,49.3,False,Background,
-87.625,44.375,3,2.3333,0.2197,12.51,0.017553,Faustini,53.6,False,Background,
-86.875,68.125,3,2.6667,0.1082,6.17,0.01755,Faustini,25.6,False,Background,
-85.625,216.875,9,2.7778,0.071,4.05,0.017549,de_Gerlache,111.7,False,Background,
-88.375,168.875,3,2.6667,0.1082,6.17,0.017538,Sverdrup,19.3,False,Background,
-86.125,288.625,4,2.25,0.2475,14.14,0.017509,de_Gerlache,70.5,False,Background,
-87.875,176.125,4,2.5,0.1639,9.37,0.017492,Sverdrup,25.9,False,Background,
-85.875,28.875,6,2.1667,0.2754,15.77,0.017461,Nobile,61.4,False,Background,
-86.375,71.625,5,2.4,0.1974,11.31,0.017446,Faustini,31.8,False,Background,
-89.375,327.375,4,2.75,0.0803,4.61,0.017425,Shackleton,28.6,False,Background,
-85.375,350.875,6,2.5,0.1639,9.41,0.017418,Haworth,64.0,False,Background,
-89.125,197.125,14,2.3571,0.2117,12.16,0.017415,Shackleton,24.5,False,Background,
-85.375,330.125,3,2.3333,0.2197,12.62,0.017411,Cabeus,38.9,True,Background,confirmed within Cabeus PSR boundary
-86.375,228.875,3,2.6667,0.1082,6.23,0.017381,de_Gerlache,80.8,False,Background,
-87.375,98.125,3,2.0,0.3311,19.06,0.017377,Faustini,21.9,False,Watch,
-85.375,308.625,3,2.3333,0.2197,12.64,0.017377,Cabeus,23.8,True,Background,confirmed within Cabeus PSR boundary
-88.625,173.125,5,2.4,0.1974,11.38,0.017345,Sverdrup,26.1,False,Background,
-85.375,68.375,6,2.5,0.1639,9.46,0.017338,Nobile,37.4,False,Background,
-86.625,54.375,3,2.3333,0.2197,12.68,0.017323,Nobile,43.9,False,Background,
-85.875,35.625,5,2.2,0.2643,15.28,0.017294,Nobile,47.0,False,Background,
-86.375,336.375,4,2.25,0.2475,14.32,0.017289,Haworth,44.9,False,Background,
-88.125,355.375,5,2.4,0.1974,11.42,0.017289,Haworth,19.9,True,Background,confirmed within Haworth PSR boundary
-86.375,179.375,4,2.75,0.0803,4.65,0.01728,Sverdrup,62.2,False,Background,
-86.375,276.125,4,2.75,0.0803,4.65,0.017272,de_Gerlache,59.5,False,Background,
-87.875,313.875,16,2.1875,0.2684,15.56,0.017258,de_Gerlache,43.1,False,Background,
-85.625,203.375,3,2.6667,0.1082,6.28,0.017239,Sverdrup,105.5,False,Background,
-86.875,83.375,3,2.3333,0.2197,12.74,0.017238,Faustini,9.9,True,Background,confirmed within Faustini PSR boundary
-87.375,225.125,3,2.6667,0.1082,6.28,0.017238,de_Gerlache,58.2,False,Background,
-85.875,77.875,5,2.4,0.1974,11.45,0.017236,Faustini,41.3,False,Background,
-88.875,350.625,4,2.0,0.3311,19.22,0.017232,Shackleton,42.2,False,Watch,
-85.625,114.375,5,2.8,0.0636,3.7,0.017209,Faustini,74.3,False,Background,
-85.625,120.375,3,2.6667,0.1082,6.29,0.017203,Faustini,82.7,False,Background,
-87.125,202.125,4,2.5,0.1639,9.53,0.017201,Sverdrup,66.5,False,Background,
-86.125,32.875,5,2.2,0.2643,15.36,0.0172,Nobile,55.0,False,Background,
-85.375,26.125,5,2.4,0.1974,11.48,0.017197,Nobile,68.0,False,Background,
-85.875,260.875,3,2.6667,0.1082,6.31,0.017159,de_Gerlache,76.0,False,Background,
-88.375,70.375,4,2.5,0.1639,9.56,0.01715,Faustini,38.5,False,Background,
-89.125,31.625,3,2.6667,0.1082,6.31,0.017149,Shackleton,29.6,False,Background,
-85.125,155.875,3,2.3333,0.2197,12.81,0.017147,Sverdrup,87.4,False,Background,
-87.625,119.875,6,2.6667,0.1082,6.31,0.017135,Sverdrup,38.8,False,Background,
-88.125,212.375,12,2.75,0.0803,4.69,0.017135,de_Gerlache,53.7,False,Background,
-87.625,139.375,3,2.6667,0.1082,6.32,0.017131,Sverdrup,18.9,False,Background,
-87.375,217.125,5,2.8,0.0636,3.71,0.017122,de_Gerlache,65.3,False,Background,
-88.625,312.875,11,2.4545,0.1791,10.46,0.017119,de_Gerlache,33.3,False,Background,
-85.125,311.625,3,2.6667,0.1082,6.32,0.017117,Cabeus,13.4,True,Background,confirmed within Cabeus PSR boundary
-85.125,298.875,4,2.5,0.1639,9.58,0.017114,Cabeus,45.5,True,Background,confirmed within Cabeus PSR boundary
-86.375,355.125,4,2.5,0.1639,9.58,0.017113,Haworth,33.2,False,Background,
-88.375,307.375,6,2.3333,0.2197,12.84,0.017112,de_Gerlache,30.4,False,Background,
-86.875,58.375,3,2.6667,0.1082,6.33,0.017105,Faustini,39.9,False,Background,
-87.625,34.625,6,2.1667,0.2754,16.1,0.017104,Haworth,50.2,False,Background,
-88.375,31.375,3,2.3333,0.2197,12.84,0.017104,Haworth,46.9,False,Background,
-87.875,34.625,13,2.5385,0.1511,8.83,0.017102,Haworth,48.8,False,Background,
-87.125,314.875,4,2.25,0.2475,14.48,0.017099,Haworth,57.5,False,Background,
-89.125,142.875,5,2.2,0.2643,15.46,0.017091,Shackleton,17.0,False,Background,
-88.375,79.125,4,2.0,0.3311,19.38,0.017085,Faustini,35.9,False,Watch,
-87.875,32.125,3,2.3333,0.2197,12.87,0.017071,Haworth,46.0,False,Background,
-89.875,311.875,3,2.3333,0.2197,12.88,0.017056,Shackleton,13.8,False,Background,
-88.125,225.875,7,2.4286,0.1878,11.02,0.01705,de_Gerlache,42.5,False,Background,
-86.625,75.125,3,2.6667,0.1082,6.35,0.017043,Faustini,21.9,False,Background,
-89.125,87.875,3,2.6667,0.1082,6.35,0.01704,Shackleton,20.2,False,Background,
-87.875,186.875,3,2.6667,0.1082,6.35,0.01703,Sverdrup,37.1,False,Background,
-87.125,85.625,3,2.6667,0.1082,6.35,0.01703,Faustini,4.2,True,Background,confirmed within Faustini PSR boundary
-86.125,93.625,3,2.3333,0.2197,12.9,0.017029,Faustini,37.3,False,Background,
-87.875,84.375,5,2.6,0.1305,7.66,0.017028,Faustini,20.5,True,Background,confirmed within Faustini PSR boundary
-85.375,247.125,4,2.0,0.3311,19.47,0.017008,de_Gerlache,96.7,False,Watch,
-87.375,225.375,3,2.6667,0.1082,6.36,0.017007,de_Gerlache,58.0,False,Background,
-89.125,164.125,4,2.5,0.1639,9.65,0.016991,Shackleton,19.2,False,Background,
-89.375,126.375,5,1.8,0.398,23.44,0.016977,Shackleton,9.0,True,Watch,confirmed within Shackleton PSR boundary
-89.375,164.875,6,2.3333,0.2197,12.94,0.016977,Shackleton,12.3,False,Background,
-88.625,211.625,8,2.625,0.1221,7.2,0.016973,Shackleton,41.5,False,Background,
-87.375,213.625,5,2.8,0.0636,3.75,0.016949,de_Gerlache,68.4,False,Background,
-89.375,155.375,5,2.2,0.2643,15.6,0.016944,Shackleton,10.9,False,Background,
-88.625,205.375,3,2.3333,0.2197,12.97,0.016935,Shackleton,40.4,False,Background,
-85.625,259.875,4,2.75,0.0803,4.74,0.016933,de_Gerlache,83.8,False,Background,
-87.625,82.625,3,2.3333,0.2197,12.98,0.016919,Faustini,12.9,True,Background,confirmed within Faustini PSR boundary
-86.625,324.875,5,2.2,0.2643,15.62,0.016915,Haworth,53.1,False,Background,
-85.875,224.875,3,2.6667,0.1082,6.4,0.016909,de_Gerlache,97.9,False,Background,
-88.625,141.875,9,2.5556,0.1454,8.6,0.016907,Sverdrup,21.1,False,Background,
-86.375,311.875,3,2.6667,0.1082,6.41,0.016889,Cabeus,45.7,True,Background,confirmed within Cabeus PSR boundary
-89.375,354.125,3,2.6667,0.1082,6.41,0.016884,Shackleton,27.0,False,Background,
-86.875,73.625,3,2.3333,0.2197,13.01,0.016881,Faustini,18.0,True,Background,confirmed within Faustini PSR boundary
-88.875,87.875,3,2.6667,0.1082,6.41,0.016879,Shackleton,27.4,False,Background,
-88.125,318.625,7,2.7143,0.0923,5.47,0.016877,de_Gerlache,42.9,False,Background,
-89.625,173.625,3,1.6667,0.4426,26.25,0.01686,Shackleton,8.1,True,Watch,confirmed within Shackleton PSR boundary
-88.625,358.625,4,2.5,0.1639,9.73,0.016857,Haworth,35.2,False,Background,
-87.875,33.125,7,2.4286,0.1878,11.14,0.016853,Haworth,47.2,False,Background,
-89.125,149.875,5,2.6,0.1305,7.75,0.016835,Shackleton,17.5,False,Background,
-86.625,15.375,4,2.0,0.3311,19.67,0.016831,Haworth,40.1,False,Watch,
-88.125,315.625,4,2.75,0.0803,4.78,0.016817,de_Gerlache,40.3,False,Background,
-87.375,59.125,5,2.4,0.1974,11.74,0.016811,Faustini,34.8,False,Background,
-87.625,136.625,4,2.25,0.2475,14.73,0.016809,Sverdrup,21.5,False,Background,
-85.375,12.125,4,2.5,0.1639,9.75,0.016808,Haworth,70.4,False,Background,
-86.625,277.875,3,2.6667,0.1082,6.44,0.016806,de_Gerlache,52.2,False,Background,
-86.125,207.375,4,2.5,0.1639,9.76,0.016791,Sverdrup,96.3,False,Background,
-87.625,105.625,3,2.6667,0.1082,6.45,0.016787,Faustini,33.0,False,Background,
-88.125,93.375,3,2.6667,0.1082,6.45,0.016783,Faustini,30.6,False,Background,
-89.625,128.625,4,2.5,0.1639,9.77,0.016774,Shackleton,1.4,True,Background,confirmed within Shackleton PSR boundary
-89.625,208.625,3,2.3333,0.2197,13.1,0.016771,Shackleton,13.7,False,Background,
-89.375,3.375,3,2.3333,0.2197,13.1,0.016771,Shackleton,26.1,False,Background,
-85.875,319.625,3,2.6667,0.1082,6.46,0.016757,Cabeus,30.8,True,Background,confirmed within Cabeus PSR boundary
-86.125,70.125,3,2.3333,0.2197,13.13,0.016728,Faustini,39.8,False,Background,
-85.625,0.625,4,2.0,0.3311,19.81,0.016715,Haworth,56.7,False,Watch,
-89.125,220.125,4,2.25,0.2475,14.81,0.016709,Shackleton,28.5,False,Background,
-86.625,61.875,5,2.4,0.1974,11.81,0.016706,Faustini,38.7,False,Background,
-88.875,70.875,3,2.6667,0.1082,6.48,0.016694,Shackleton,30.1,False,Background,
-85.125,248.125,4,2.25,0.2475,14.83,0.016691,de_Gerlache,103.6,False,Background,
-88.125,313.375,4,2.5,0.1639,9.84,0.016663,de_Gerlache,38.4,False,Background,
-85.125,72.625,5,2.6,0.1305,7.83,0.016659,Nobile,48.7,False,Background,
-89.375,102.625,3,2.0,0.3311,19.89,0.016651,Shackleton,11.0,False,Watch,
-87.125,56.625,3,2.6667,0.1082,6.5,0.016647,Faustini,39.7,False,Background,
-89.375,159.625,4,2.25,0.2475,14.88,0.016641,Shackleton,11.5,False,Background,
-85.875,4.625,3,2.0,0.3311,19.91,0.016636,Haworth,50.9,False,Watch,
-86.875,221.125,3,2.6667,0.1082,6.51,0.016608,de_Gerlache,74.1,False,Background,
-85.125,216.375,8,2.75,0.0803,4.84,0.016602,de_Gerlache,126.3,False,Background,
-87.375,88.625,4,2.75,0.0803,4.84,0.016599,Faustini,9.4,True,Background,confirmed within Faustini PSR boundary
-87.625,188.875,3,2.6667,0.1082,6.52,0.016598,Sverdrup,42.8,False,Background,
-88.125,215.125,7,2.7143,0.0923,5.56,0.016591,de_Gerlache,51.5,False,Background,
-88.875,203.625,9,2.4444,0.1825,11.0,0.01659,Shackleton,32.8,False,Background,
-86.375,329.875,4,2.5,0.1639,9.88,0.016586,Haworth,52.3,False,Background,
-86.125,106.875,3,2.6667,0.1082,6.53,0.016576,Faustini,52.3,False,Background,
-86.625,235.125,5,2.8,0.0636,3.84,0.016568,de_Gerlache,68.9,False,Background,
-85.625,251.375,4,2.25,0.2475,14.94,0.016566,de_Gerlache,87.1,False,Background,
-89.375,146.625,4,2.0,0.3311,20.03,0.016536,Shackleton,9.8,True,Watch,confirmed within Shackleton PSR boundary
-88.375,44.125,7,2.7143,0.0923,5.58,0.016535,Shackleton,49.5,False,Background,
-86.125,288.875,4,2.25,0.2475,14.97,0.016531,de_Gerlache,70.6,False,Background,
-85.125,328.375,3,2.3333,0.2197,13.29,0.016528,Cabeus,33.3,True,Background,confirmed within Cabeus PSR boundary
-89.125,204.375,5,2.4,0.1974,11.95,0.016523,Shackleton,25.8,False,Background,
-87.625,222.125,4,2.75,0.0803,4.86,0.016519,de_Gerlache,55.2,False,Background,
-85.375,95.125,3,2.6667,0.1082,6.55,0.016517,Faustini,59.8,False,Background,
-85.625,339.125,5,2.2,0.2643,16.0,0.016515,Cabeus,61.4,False,Background,
-85.125,75.375,7,2.1429,0.2834,17.17,0.016508,Nobile,55.7,False,Background,
-87.625,154.875,3,2.6667,0.1082,6.56,0.016503,Sverdrup,11.7,True,Background,confirmed within Sverdrup PSR boundary
-86.625,38.125,8,2.5,0.1639,9.94,0.0165,Nobile,54.7,False,Background,
-89.625,238.875,3,2.6667,0.1082,6.56,0.016496,Shackleton,17.5,False,Background,
-85.375,16.875,5,2.4,0.1974,11.98,0.01648,Haworth,74.4,False,Background,
-85.625,105.125,4,2.75,0.0803,4.88,0.016477,Faustini,62.5,False,Background,
-85.375,166.125,3,2.3333,0.2197,13.35,0.01646,Sverdrup,82.5,False,Background,
-86.875,99.875,3,2.6667,0.1082,6.58,0.016451,Faustini,27.7,False,Background,
-88.375,238.875,3,2.6667,0.1082,6.58,0.016448,de_Gerlache,28.5,False,Background,
-85.625,118.625,5,2.8,0.0636,3.87,0.016439,Faustini,80.2,False,Background,
-87.625,77.125,3,2.3333,0.2197,13.37,0.016436,Faustini,15.4,True,Background,confirmed within Faustini PSR boundary
-87.875,62.625,4,2.25,0.2475,15.07,0.016431,Faustini,33.5,False,Background,
-88.125,65.125,3,2.3333,0.2197,13.37,0.016431,Faustini,35.6,False,Background,
-87.375,231.375,6,2.5,0.1639,9.99,0.016418,de_Gerlache,52.7,False,Background,
-85.625,211.125,5,2.6,0.1305,7.95,0.016414,Sverdrup,113.6,False,Background,
-88.625,105.375,4,2.75,0.0803,4.9,0.016399,Shackleton,32.8,False,Background,
-87.875,75.125,4,2.5,0.1639,10.0,0.016397,Faustini,23.0,False,Background,
-88.125,214.125,21,2.7143,0.0923,5.63,0.016392,de_Gerlache,52.3,False,Background,
-87.875,179.125,3,2.3333,0.2197,13.42,0.01637,Sverdrup,29.0,False,Background,
-85.125,239.375,5,2.4,0.1974,12.06,0.016369,de_Gerlache,108.7,False,Background,
-88.875,43.125,3,2.3333,0.2197,13.42,0.016368,Shackleton,34.9,False,Background,
-89.125,170.125,13,2.5385,0.1511,9.23,0.016363,Shackleton,20.0,False,Background,
-85.875,213.625,3,2.6667,0.1082,6.61,0.016357,de_Gerlache,107.5,False,Background,
-86.875,35.625,5,2.6,0.1305,7.98,0.016352,Haworth,61.4,False,Background,
-85.625,241.875,5,2.4,0.1974,12.07,0.016348,de_Gerlache,92.4,False,Background,
-85.875,19.125,3,2.3333,0.2197,13.44,0.01634,Haworth,63.0,False,Background,
-88.625,352.125,3,2.3333,0.2197,13.45,0.016334,Haworth,35.2,False,Background,
-88.375,221.125,7,2.8571,0.0445,2.72,0.016334,de_Gerlache,42.9,False,Background,
-88.875,156.375,4,2.25,0.2475,15.16,0.016332,Shackleton,25.6,False,Background,
-85.125,301.375,3,2.3333,0.2197,13.46,0.016326,Cabeus,39.0,True,Background,confirmed within Cabeus PSR boundary
-89.375,309.125,3,2.6667,0.1082,6.63,0.016308,Shackleton,29.0,False,Background,
-86.125,28.625,8,2.625,0.1221,7.49,0.016307,Nobile,63.3,False,Background,
-89.375,183.125,8,2.625,0.1221,7.49,0.016301,Shackleton,15.3,False,Background,
-87.125,9.125,4,2.25,0.2475,15.2,0.01629,Haworth,22.2,True,Background,confirmed within Haworth PSR boundary
-86.875,82.625,3,2.3333,0.2197,13.48,0.01629,Faustini,9.9,True,Background,confirmed within Faustini PSR boundary
-87.625,143.625,4,2.5,0.1639,10.07,0.016282,Sverdrup,15.3,True,Background,confirmed within Sverdrup PSR boundary
-87.875,229.625,7,2.4286,0.1878,11.54,0.016275,de_Gerlache,43.5,False,Background,
-86.875,134.375,5,2.4,0.1974,12.13,0.016274,Sverdrup,41.6,False,Background,
-87.875,223.875,7,2.5714,0.14,8.61,0.01627,de_Gerlache,48.6,False,Background,
-87.125,64.375,4,2.5,0.1639,10.09,0.016253,Faustini,28.3,False,Background,
-85.375,357.375,9,2.5556,0.1454,8.95,0.016233,Haworth,63.6,False,Background,
-89.375,56.875,3,2.6667,0.1082,6.67,0.016214,Shackleton,18.6,False,Background,
-89.125,2.125,8,2.375,0.2057,12.7,0.016203,Shackleton,33.6,False,Background,
-88.875,253.625,3,2.3333,0.2197,13.56,0.016197,de_Gerlache,21.2,False,Background,
-85.875,358.125,5,2.0,0.3311,20.45,0.016191,Haworth,48.6,False,Watch,
-88.625,49.125,3,2.3333,0.2197,13.57,0.016191,Shackleton,41.2,False,Background,
-87.625,217.125,4,2.5,0.1639,10.13,0.016184,de_Gerlache,59.6,False,Background,
-89.375,313.625,3,2.6667,0.1082,6.69,0.016179,Shackleton,28.9,False,Background,
-88.125,52.625,4,2.75,0.0803,4.97,0.016173,Faustini,46.2,False,Background,
-85.625,34.875,5,2.2,0.2643,16.35,0.016166,Nobile,47.1,False,Background,
-86.625,3.125,4,2.25,0.2475,15.32,0.016161,Haworth,28.3,False,Background,
-86.625,341.125,4,2.5,0.1639,10.14,0.01616,Haworth,33.7,False,Background,
-89.375,160.875,7,2.2857,0.2356,14.58,0.016157,Shackleton,11.6,False,Background,
-87.875,224.875,3,2.3333,0.2197,13.6,0.016152,de_Gerlache,47.7,False,Background,
-86.125,41.375,4,2.25,0.2475,15.33,0.016146,Nobile,39.9,False,Background,
-85.875,43.875,4,2.0,0.3311,20.52,0.016142,Nobile,31.0,True,Watch,confirmed within Nobile PSR boundary
-89.375,31.625,5,2.6,0.1305,8.08,0.016141,Shackleton,22.6,False,Background,
-87.125,74.375,3,2.0,0.3311,20.52,0.016138,Faustini,13.5,True,Watch,confirmed within Faustini PSR boundary
-89.375,12.875,3,2.6667,0.1082,6.71,0.016134,Shackleton,25.1,False,Background,
-85.625,49.875,5,2.6,0.1305,8.1,0.016119,Nobile,16.1,True,Background,confirmed within Nobile PSR boundary
-85.375,297.375,3,2.3333,0.2197,13.63,0.016115,Cabeus,49.7,False,Background,
-87.375,102.125,3,2.3333,0.2197,13.64,0.016109,Faustini,27.5,False,Background,
-86.375,161.625,5,2.4,0.1974,12.28,0.016079,Sverdrup,51.0,False,Background,
-85.625,1.875,5,1.8,0.398,24.76,0.016076,Haworth,57.1,False,Watch,
-86.125,5.125,4,2.0,0.3311,20.6,0.016074,Haworth,43.9,False,Watch,
-87.375,234.125,4,2.5,0.1639,10.2,0.016067,de_Gerlache,50.4,False,Background,
-89.375,169.625,7,2.4286,0.1878,11.71,0.016044,Shackleton,13.0,False,Background,
-89.125,24.875,5,2.4,0.1974,12.31,0.016037,Shackleton,30.6,False,Background,
-86.625,330.125,3,2.6667,0.1082,6.75,0.016036,Haworth,46.4,False,Background,
-85.875,82.875,4,2.25,0.2475,15.44,0.016034,Faustini,40.2,False,Background,
-87.625,225.125,7,2.7143,0.0923,5.76,0.016024,de_Gerlache,52.6,False,Background,
-89.125,331.375,5,2.6,0.1305,8.15,0.016012,Shackleton,36.0,False,Background,
-86.875,192.625,3,2.3333,0.2197,13.72,0.016006,Sverdrup,62.2,False,Background,
-87.125,36.375,3,2.6667,0.1082,6.76,0.016005,Haworth,58.3,False,Background,
-87.625,28.125,3,2.3333,0.2197,13.74,0.015993,Haworth,42.2,False,Background,
-85.125,176.125,5,2.0,0.3311,20.73,0.015977,Sverdrup,95.4,False,Watch,
-86.625,344.125,3,2.6667,0.1082,6.77,0.015977,Haworth,30.9,False,Background,
-87.625,27.625,3,2.3333,0.2197,13.75,0.015971,Haworth,41.6,False,Background,
-85.625,93.625,4,2.5,0.1639,10.27,0.015962,Faustini,51.5,False,Background,
-87.125,231.875,3,2.6667,0.1082,6.78,0.01596,de_Gerlache,58.4,False,Background,
-87.375,310.625,4,2.25,0.2475,15.51,0.015956,de_Gerlache,51.0,False,Background,
-86.125,245.875,3,2.0,0.3311,20.76,0.015948,de_Gerlache,75.4,False,Watch,
-87.125,159.375,3,2.6667,0.1082,6.78,0.015947,Sverdrup,27.9,False,Background,
-86.875,161.125,3,2.6667,0.1082,6.79,0.015946,Sverdrup,36.0,False,Background,
-87.125,309.125,4,2.5,0.1639,10.28,0.015941,de_Gerlache,55.9,False,Background,
-85.375,3.625,5,2.0,0.3311,20.78,0.015937,Haworth,65.3,False,Watch,
-87.625,132.125,4,2.75,0.0803,5.04,0.015934,Sverdrup,26.0,False,Background,
-86.875,145.375,7,2.7143,0.0923,5.79,0.015932,Sverdrup,35.4,False,Background,
-85.625,347.625,4,2.25,0.2475,15.54,0.015931,Haworth,57.6,False,Background,
-86.125,104.125,3,2.6667,0.1082,6.79,0.015926,Faustini,48.7,False,Background,
-85.375,208.125,10,2.7,0.0971,6.1,0.015916,Sverdrup,117.2,False,Background,
-86.875,202.625,5,2.6,0.1305,8.21,0.015893,Sverdrup,72.7,False,Background,
-85.625,2.625,4,1.75,0.4148,26.13,0.01587,Haworth,57.4,False,Watch,
-88.875,351.625,12,2.0833,0.3033,19.11,0.01587,Shackleton,42.1,False,Watch,
-87.125,253.875,3,2.6667,0.1082,6.82,0.015863,de_Gerlache,42.1,False,Background,
-85.625,139.125,5,2.4,0.1974,12.44,0.015861,Sverdrup,75.0,False,Background,
-86.125,58.625,5,2.6,0.1305,8.23,0.015852,Nobile,30.9,True,Background,confirmed within Nobile PSR boundary
-86.625,104.125,3,2.6667,0.1082,6.83,0.015852,Faustini,38.0,False,Background,
-85.375,227.375,3,2.6667,0.1082,6.83,0.015848,de_Gerlache,110.1,False,Background,
-87.125,180.375,4,2.75,0.0803,5.07,0.015845,Sverdrup,43.9,False,Background,
-88.125,183.375,3,2.6667,0.1082,6.83,0.01584,Sverdrup,31.5,False,Background,
-88.625,37.875,7,2.2857,0.2356,14.89,0.01582,Shackleton,43.1,False,Background,
-86.625,16.625,6,2.5,0.1639,10.37,0.015805,Haworth,41.6,False,Background,
-88.625,40.375,6,2.3333,0.2197,13.9,0.015802,Shackleton,42.7,False,Background,
-87.875,213.625,15,2.4,0.1974,12.49,0.015802,de_Gerlache,57.4,False,Background,
-86.625,164.875,4,2.75,0.0803,5.09,0.015789,Sverdrup,45.0,False,Background,
-89.125,141.375,3,2.3333,0.2197,13.92,0.015786,Shackleton,16.9,False,Background,
-85.375,300.125,6,2.6667,0.1082,6.86,0.015775,Cabeus,43.1,True,Background,confirmed within Cabeus PSR boundary
-87.875,37.125,4,2.75,0.0803,5.09,0.015774,Haworth,51.6,False,Background,
-85.375,187.125,4,2.25,0.2475,15.7,0.015767,Sverdrup,96.7,False,Background,
-87.375,94.375,3,2.3333,0.2197,13.95,0.015748,Faustini,16.8,True,Background,confirmed within Faustini PSR boundary
-85.125,214.625,4,2.75,0.0803,5.1,0.015746,de_Gerlache,127.8,False,Background,
-86.375,70.125,3,2.6667,0.1082,6.87,0.01574,Faustini,33.4,False,Background,
-87.625,56.375,4,2.25,0.2475,15.73,0.015739,Faustini,38.6,False,Background,
-85.875,64.625,6,2.6667,0.1082,6.88,0.015734,Nobile,33.6,True,Background,confirmed within Nobile PSR boundary
-85.625,219.875,9,2.7778,0.071,4.52,0.015732,de_Gerlache,109.2,False,Background,
-85.625,239.375,7,2.4286,0.1878,11.94,0.015729,de_Gerlache,94.1,False,Background,
-87.375,189.625,3,2.6667,0.1082,6.89,0.015706,Sverdrup,48.1,False,Background,
-89.125,78.375,3,2.6667,0.1082,6.89,0.015705,Shackleton,21.7,False,Background,
-89.625,258.875,4,2.0,0.3311,21.09,0.015702,Shackleton,19.3,False,Watch,
-85.625,198.125,4,2.75,0.0803,5.12,0.0157,Sverdrup,100.1,False,Background,
-86.875,48.625,5,2.4,0.1974,12.57,0.015698,Nobile,52.4,False,Background,
-85.375,230.375,6,2.1667,0.2754,17.56,0.015681,de_Gerlache,107.8,False,Background,
-86.125,287.125,3,2.3333,0.2197,14.01,0.015674,de_Gerlache,69.9,False,Background,
-87.625,222.875,4,2.75,0.0803,5.13,0.015651,de_Gerlache,54.6,False,Background,
-88.875,42.625,3,2.3333,0.2197,14.04,0.01565,Shackleton,35.0,False,Background,
-86.125,322.375,4,2.25,0.2475,15.83,0.015641,Cabeus,40.1,True,Background,confirmed within Cabeus PSR boundary
-89.125,200.125,8,2.375,0.2057,13.16,0.015635,Shackleton,25.1,False,Background,
-89.125,329.875,5,2.4,0.1974,12.62,0.015634,Shackleton,36.1,False,Background,
-87.625,310.875,3,1.6667,0.4426,28.33,0.015623,de_Gerlache,45.5,False,Watch,
-87.625,180.125,5,2.6,0.1305,8.35,0.015621,Sverdrup,33.5,False,Background,
-89.625,140.625,3,2.3333,0.2197,14.07,0.015614,Shackleton,2.5,True,Background,confirmed within Shackleton PSR boundary
-85.375,30.875,5,2.6,0.1305,8.36,0.015613,Nobile,56.5,False,Background,
-89.625,218.125,3,2.3333,0.2197,14.07,0.015609,Shackleton,15.0,False,Background,
-86.125,219.125,5,2.4,0.1974,12.65,0.015609,de_Gerlache,95.9,False,Background,
-85.125,19.875,5,2.0,0.3311,21.22,0.015607,Haworth,84.3,False,Watch,
-87.625,173.125,4,2.25,0.2475,15.86,0.015607,Sverdrup,26.2,False,Background,
-87.875,202.625,3,2.0,0.3311,21.23,0.015599,Sverdrup,53.1,False,Watch,
-85.625,0.875,5,2.0,0.3311,21.23,0.015596,Haworth,56.8,False,Watch,
-85.625,238.375,6,2.1667,0.2754,17.66,0.015595,de_Gerlache,94.7,False,Background,
-87.625,233.125,4,2.5,0.1639,10.51,0.015592,de_Gerlache,45.5,False,Background,
-88.125,252.375,3,2.6667,0.1082,6.94,0.015591,de_Gerlache,19.3,False,Background,
-85.875,97.375,4,2.25,0.2475,15.88,0.015585,Faustini,47.5,False,Background,
-87.375,215.875,9,2.7778,0.071,4.56,0.01558,de_Gerlache,66.4,False,Background,
-89.625,246.625,3,2.6667,0.1082,6.95,0.015578,Shackleton,18.3,False,Background,
-89.375,165.625,10,2.4,0.1974,12.67,0.015577,Shackleton,12.4,False,Background,
-87.875,351.875,4,2.75,0.0803,5.16,0.015576,Haworth,13.0,True,Background,confirmed within Haworth PSR boundary
-85.625,228.375,6,2.6667,0.1082,6.95,0.015569,de_Gerlache,102.2,False,Background,
-87.125,292.375,3,2.6667,0.1082,6.95,0.015569,de_Gerlache,43.4,False,Background,
-87.625,280.125,3,2.6667,0.1082,6.95,0.015558,de_Gerlache,23.0,False,Background,
-87.375,32.875,4,2.5,0.1639,10.54,0.015555,Haworth,50.4,False,Background,
-86.625,2.375,8,2.25,0.2475,15.92,0.015546,Haworth,27.8,False,Background,
-86.125,119.375,3,2.6667,0.1082,6.96,0.015545,Faustini,70.0,False,Background,
-86.375,58.125,3,2.3333,0.2197,14.14,0.01554,Nobile,37.6,False,Background,
-86.375,72.375,3,2.3333,0.2197,14.15,0.015529,Faustini,31.0,False,Background,
-85.375,3.875,4,2.0,0.3311,21.35,0.015513,Haworth,65.4,False,Watch,
-85.625,277.125,3,2.6667,0.1082,6.98,0.0155,de_Gerlache,82.4,False,Background,
-85.375,326.375,4,2.75,0.0803,5.18,0.015495,Cabeus,30.2,True,Background,confirmed within Cabeus PSR boundary
-86.375,225.125,9,2.6667,0.1082,6.99,0.015471,de_Gerlache,83.9,False,Background,
-87.125,345.625,5,2.2,0.2643,17.09,0.015464,Haworth,17.3,True,Background,confirmed within Haworth PSR boundary
-85.625,233.375,5,2.4,0.1974,12.77,0.015456,de_Gerlache,98.3,False,Background,
-85.375,298.875,3,2.3333,0.2197,14.22,0.015449,Cabeus,46.1,True,Background,confirmed within Cabeus PSR boundary
-87.625,269.125,3,2.6667,0.1082,7.01,0.015442,de_Gerlache,21.6,False,Background,
-89.125,14.125,3,2.6667,0.1082,7.01,0.015441,Shackleton,32.1,False,Background,
-85.875,7.625,3,2.0,0.3311,21.46,0.01543,Haworth,52.7,False,Watch,
-86.625,62.375,4,2.5,0.1639,10.63,0.015422,Faustini,38.0,False,Background,
-85.875,329.625,6,2.3333,0.2197,14.25,0.015421,Cabeus,44.3,True,Background,confirmed within Cabeus PSR boundary
-88.125,220.875,3,2.3333,0.2197,14.25,0.015413,de_Gerlache,46.7,False,Background,
-85.875,37.375,5,2.2,0.2643,17.15,0.015406,Nobile,43.4,False,Background,
-86.625,294.875,4,2.5,0.1639,10.64,0.015403,de_Gerlache,59.1,False,Background,
-85.125,334.625,4,2.5,0.1639,10.65,0.0154,Cabeus,49.3,False,Background,
-88.375,309.625,4,2.5,0.1639,10.65,0.015398,de_Gerlache,32.2,False,Background,
-87.625,70.625,4,2.75,0.0803,5.22,0.015395,Faustini,21.5,True,Background,confirmed within Faustini PSR boundary
-87.625,234.125,4,2.5,0.1639,10.65,0.01539,de_Gerlache,44.7,False,Background,
-87.875,228.875,6,2.3333,0.2197,14.27,0.015389,de_Gerlache,44.2,False,Background,
-88.875,202.875,8,2.5,0.1639,10.66,0.015382,Shackleton,32.7,False,Background,
-88.375,306.125,3,2.3333,0.2197,14.29,0.015371,de_Gerlache,29.3,False,Background,
-87.125,321.125,6,2.5,0.1639,10.68,0.015354,Haworth,49.2,False,Background,
-89.375,341.125,3,2.6667,0.1082,7.05,0.015353,Shackleton,28.0,False,Background,
-85.875,161.875,6,2.6667,0.1082,7.05,0.01535,Sverdrup,66.0,False,Background,
-88.125,339.125,3,2.6667,0.1082,7.05,0.01535,Haworth,27.2,False,Background,
-87.625,20.625,3,2.6667,0.1082,7.05,0.015344,Haworth,32.9,False,Background,
-87.125,49.375,3,2.6667,0.1082,7.05,0.015343,Faustini,50.2,False,Background,
-86.625,60.375,4,2.5,0.1639,10.69,0.015339,Faustini,40.9,False,Background,
-86.125,46.625,3,2.0,0.3311,21.6,0.01533,Nobile,32.7,True,Watch,confirmed within Nobile PSR boundary
-89.125,352.125,3,2.3333,0.2197,14.33,0.015326,Shackleton,34.6,False,Background,
-87.375,345.375,5,2.0,0.3311,21.65,0.015296,Haworth,13.9,True,Watch,confirmed within Haworth PSR boundary
-89.375,169.375,7,2.4286,0.1878,12.28,0.015295,Shackleton,13.0,False,Background,
-86.125,56.125,4,2.5,0.1639,10.72,0.015292,Nobile,29.3,True,Background,confirmed within Nobile PSR boundary
-86.375,219.875,5,2.6,0.1305,8.54,0.015289,de_Gerlache,88.4,False,Background,
-89.625,304.875,4,2.5,0.1639,10.73,0.015285,Shackleton,21.4,False,Background,
-86.625,248.375,4,2.75,0.0803,5.26,0.015272,de_Gerlache,59.5,False,Background,
-86.875,130.375,7,2.2857,0.2356,15.43,0.015265,Sverdrup,44.8,False,Background,
-85.875,238.625,7,2.4286,0.1878,12.31,0.015263,de_Gerlache,87.4,False,Background,
-89.625,145.625,3,2.0,0.3311,21.7,0.015257,Shackleton,3.3,True,Watch,confirmed within Shackleton PSR boundary
-86.125,70.875,4,2.5,0.1639,10.75,0.01525,Faustini,39.1,False,Background,
-89.125,17.375,7,2.7143,0.0923,6.05,0.015243,Shackleton,31.7,False,Background,
-89.625,192.125,3,2.3333,0.2197,14.41,0.015242,Shackleton,11.2,False,Background,
-86.125,218.625,10,2.6,0.1305,8.56,0.015238,de_Gerlache,96.3,False,Background,
-89.375,195.125,5,2.4,0.1974,12.96,0.015233,Shackleton,17.4,False,Background,
-85.875,348.125,4,2.5,0.1639,10.77,0.015229,Haworth,49.9,False,Background,
-88.625,214.375,14,2.6429,0.1162,7.63,0.015229,Shackleton,42.0,False,Background,
-86.875,87.125,3,2.3333,0.2197,14.43,0.015228,Faustini,11.6,True,Background,confirmed within Faustini PSR boundary
-86.375,1.875,5,2.6,0.1305,8.58,0.015202,Haworth,34.8,False,Background,
-86.625,311.875,8,2.5,0.1639,10.79,0.015188,Cabeus,53.1,False,Background,
-88.375,341.375,3,2.3333,0.2197,14.47,0.015184,Haworth,31.2,False,Background,
-86.875,352.875,3,2.3333,0.2197,14.47,0.015179,Haworth,18.4,True,Background,confirmed within Haworth PSR boundary
-87.375,180.625,4,2.75,0.0803,5.29,0.015171,Sverdrup,38.7,False,Background,
-87.375,232.625,4,2.5,0.1639,10.81,0.015168,de_Gerlache,51.7,False,Background,
-88.125,4.375,3,2.0,0.3311,21.84,0.015161,Haworth,22.4,True,Watch,confirmed within Haworth PSR boundary
-89.125,309.375,3,2.6667,0.1082,7.14,0.015161,de_Gerlache,33.7,False,Background,
-89.375,343.125,3,2.6667,0.1082,7.14,0.015154,Shackleton,27.8,False,Background,
-88.375,74.375,3,2.0,0.3311,21.87,0.015144,Faustini,37.0,False,Watch,
-88.625,94.875,3,2.6667,0.1082,7.16,0.015117,Shackleton,33.9,False,Background,
-85.625,190.375,4,2.75,0.0803,5.32,0.015113,Sverdrup,92.6,False,Background,
-86.875,272.125,3,2.6667,0.1082,7.16,0.01511,de_Gerlache,44.1,False,Background,
-86.375,341.875,4,2.5,0.1639,10.86,0.015101,Haworth,39.6,False,Background,
-86.625,308.625,4,2.75,0.0803,5.32,0.015091,Cabeus,54.8,False,Background,
-89.625,197.875,4,2.5,0.1639,10.86,0.01509,Shackleton,12.1,False,Background,
-88.625,303.375,4,2.5,0.1639,10.87,0.015088,de_Gerlache,26.4,False,Background,
-86.375,236.875,5,2.6,0.1305,8.65,0.015085,de_Gerlache,74.4,False,Background,
-88.625,42.375,7,2.4286,0.1878,12.45,0.015084,Shackleton,42.4,False,Background,
-86.875,234.625,5,2.6,0.1305,8.65,0.015082,de_Gerlache,62.6,False,Background,
-86.625,12.625,5,2.6,0.1305,8.65,0.015078,Haworth,37.0,False,Background,
-89.125,135.625,8,2.75,0.0803,5.33,0.015068,Shackleton,16.6,False,Background,
-86.625,235.875,3,2.6667,0.1082,7.18,0.015062,de_Gerlache,68.3,False,Background,
-86.125,216.625,6,2.5,0.1639,10.89,0.015054,de_Gerlache,98.0,False,Background,
-85.125,227.125,11,2.8182,0.0575,3.82,0.015047,de_Gerlache,117.5,False,Background,
-89.625,274.625,3,2.3333,0.2197,14.62,0.015028,Shackleton,20.4,False,Background,
-85.375,61.625,3,2.3333,0.2197,14.62,0.015024,Nobile,21.0,True,Background,confirmed within Nobile PSR boundary
-85.125,61.125,3,2.6667,0.1082,7.2,0.015018,Nobile,19.5,True,Background,confirmed within Nobile PSR boundary
-87.375,312.125,5,2.4,0.1974,13.15,0.015009,de_Gerlache,52.3,False,Background,
-85.125,297.625,5,2.6,0.1305,8.69,0.015009,Cabeus,48.7,True,Background,confirmed within Cabeus PSR boundary
-86.125,158.125,7,2.7143,0.0923,6.15,0.015009,Sverdrup,57.5,False,Background,
-86.125,119.625,4,2.75,0.0803,5.36,0.014994,Faustini,70.3,False,Background,
-86.125,342.375,4,2.75,0.0803,5.36,0.014989,Haworth,46.1,False,Background,
-85.625,234.625,8,2.5,0.1639,10.94,0.014982,de_Gerlache,97.4,False,Background,
-89.375,160.125,3,2.3333,0.2197,14.67,0.014979,Shackleton,11.5,False,Background,
-86.125,314.125,4,2.75,0.0803,5.36,0.014974,Cabeus,37.4,True,Background,confirmed within Cabeus PSR boundary
-89.125,8.125,3,2.6667,0.1082,7.23,0.01496,Shackleton,32.9,False,Background,
-88.625,29.625,3,2.3333,0.2197,14.69,0.014956,Shackleton,44.5,False,Background,
-87.375,51.375,4,2.25,0.2475,16.58,0.014929,Faustini,45.4,False,Background,
-85.375,145.875,3,2.0,0.3311,22.18,0.014928,Sverdrup,80.3,False,Watch,
-88.125,182.125,4,2.5,0.1639,10.99,0.014921,Sverdrup,30.3,False,Background,
-87.375,318.125,3,2.3333,0.2197,14.73,0.014911,Haworth,49.9,False,Background,
-86.375,209.125,8,2.5,0.1639,11.0,0.014906,Sverdrup,91.8,False,Background,
-87.875,242.125,3,2.6667,0.1082,7.26,0.014899,de_Gerlache,32.5,False,Background,
-85.125,190.625,3,2.6667,0.1082,7.26,0.014898,Sverdrup,106.9,False,Background,
-86.875,20.625,3,2.6667,0.1082,7.26,0.014898,Haworth,41.5,False,Background,
-86.625,232.875,3,2.6667,0.1082,7.27,0.014888,de_Gerlache,70.7,False,Background,
-87.125,252.625,3,2.6667,0.1082,7.27,0.014879,de_Gerlache,42.8,False,Background,
-86.875,33.125,5,2.6,0.1305,8.77,0.014877,Haworth,58.1,False,Background,
-89.625,220.375,3,2.3333,0.2197,14.77,0.014871,Shackleton,15.3,False,Background,
-85.625,350.375,3,2.3333,0.2197,14.78,0.014862,Haworth,56.6,False,Background,
-86.875,76.875,3,2.3333,0.2197,14.78,0.014861,Faustini,14.0,True,Background,confirmed within Faustini PSR boundary
-88.375,164.125,3,2.6667,0.1082,7.29,0.01485,Sverdrup,15.9,True,Background,confirmed within Sverdrup PSR boundary
-85.875,41.375,3,2.0,0.3311,22.3,0.014849,Nobile,35.5,True,Watch,confirmed within Nobile PSR boundary
-87.875,185.125,4,2.75,0.0803,5.41,0.014845,Sverdrup,35.3,False,Background,
-86.625,320.375,4,2.5,0.1639,11.05,0.014835,Cabeus,53.2,False,Background,
-86.375,97.875,3,2.6667,0.1082,7.29,0.014835,Faustini,35.1,False,Background,
-85.375,218.375,6,2.6667,0.1082,7.29,0.014833,de_Gerlache,117.5,False,Background,
-85.125,270.625,4,2.75,0.0803,5.42,0.014825,de_Gerlache,97.2,False,Background,
-89.125,217.125,4,2.25,0.2475,16.72,0.014807,Shackleton,28.0,False,Background,
-86.375,300.125,3,2.6667,0.1082,7.31,0.014804,Cabeus,57.4,False,Background,
-89.375,139.875,5,2.0,0.3311,22.39,0.014792,Shackleton,9.3,True,Watch,confirmed within Shackleton PSR boundary
-88.375,99.625,4,2.75,0.0803,5.43,0.014788,Faustini,40.1,False,Background,
-87.875,211.875,7,2.4286,0.1878,12.7,0.014786,de_Gerlache,58.9,False,Background,
-85.625,135.375,8,2.75,0.0803,5.43,0.014786,Sverdrup,76.8,False,Background,
-86.875,87.375,3,2.3333,0.2197,14.87,0.014778,Faustini,11.8,True,Background,confirmed within Faustini PSR boundary
-85.875,252.875,4,2.5,0.1639,11.14,0.014712,de_Gerlache,79.0,False,Background,
-88.875,149.875,4,2.75,0.0803,5.46,0.014705,Shackleton,25.0,False,Background,
-87.125,67.125,3,2.6667,0.1082,7.36,0.014692,Faustini,24.2,False,Background,
-88.125,67.875,3,2.3333,0.2197,14.95,0.01469,Faustini,33.6,False,Background,
-87.875,77.125,3,2.6667,0.1082,7.37,0.014688,Faustini,21.9,False,Background,
-86.875,55.125,4,2.5,0.1639,11.16,0.014684,Faustini,44.7,False,Background,
-89.625,321.375,3,2.6667,0.1082,7.37,0.014683,Shackleton,21.3,False,Background,
-88.875,131.125,5,2.6,0.1305,8.89,0.014681,Shackleton,24.1,False,Background,
-86.125,296.375,3,2.6667,0.1082,7.38,0.014668,Cabeus,59.1,False,Background,
-89.375,304.125,3,2.6667,0.1082,7.38,0.014664,Shackleton,28.9,False,Background,
-86.875,19.125,3,2.6667,0.1082,7.38,0.014662,Haworth,39.5,False,Background,
-87.625,11.375,3,2.3333,0.2197,14.99,0.014655,Haworth,21.3,True,Background,confirmed within Haworth PSR boundary
-88.125,224.875,10,2.5,0.1639,11.2,0.014642,de_Gerlache,43.4,False,Background,
-87.875,217.375,3,2.3333,0.2197,15.01,0.014635,de_Gerlache,54.2,False,Background,
-87.125,316.875,8,2.5,0.1639,11.21,0.01463,Haworth,54.9,False,Background,
-86.375,49.375,4,2.0,0.3311,22.64,0.014628,Nobile,37.4,False,Watch,
-89.625,337.875,4,2.75,0.0803,5.49,0.014626,Shackleton,20.7,False,Background,
-86.125,96.375,3,2.6667,0.1082,7.4,0.014623,Faustini,39.8,False,Background,
-88.875,93.875,3,2.6667,0.1082,7.4,0.014619,Shackleton,26.6,False,Background,
-88.125,71.625,3,2.3333,0.2197,15.04,0.014606,Faustini,31.4,False,Background,
-87.125,31.125,3,2.6667,0.1082,7.41,0.014599,Haworth,51.3,False,Background,
-88.375,2.375,4,2.25,0.2475,16.96,0.014593,Haworth,28.5,False,Background,
-89.375,150.375,5,2.2,0.2643,18.12,0.014588,Shackleton,10.2,True,Background,confirmed within Shackleton PSR boundary
-87.625,90.875,3,2.3333,0.2197,15.11,0.014535,Faustini,16.6,True,Background,confirmed within Faustini PSR boundary
-87.625,153.375,3,2.6667,0.1082,7.44,0.014534,Sverdrup,11.4,True,Background,confirmed within Sverdrup PSR boundary
-89.625,219.125,3,2.3333,0.2197,15.12,0.014532,Shackleton,15.1,False,Background,
-86.375,84.875,6,2.6667,0.1082,7.45,0.014526,Faustini,25.2,False,Background,
-86.125,162.125,3,2.6667,0.1082,7.45,0.014524,Sverdrup,58.6,False,Background,
-86.625,0.125,6,2.3333,0.2197,15.13,0.014521,Haworth,26.7,False,Background,
-85.125,243.375,7,2.4286,0.1878,12.94,0.014518,de_Gerlache,106.2,False,Background,
-89.375,159.125,3,2.3333,0.2197,15.13,0.014517,Shackleton,11.4,False,Background,
-85.875,189.875,4,2.75,0.0803,5.53,0.014515,Sverdrup,85.2,False,Background,
-85.875,241.125,6,2.3333,0.2197,15.15,0.014503,de_Gerlache,85.7,False,Background,
-85.125,68.875,4,2.5,0.1639,11.31,0.014501,Nobile,39.2,False,Background,
-88.375,65.125,3,2.3333,0.2197,15.15,0.0145,Faustini,41.0,False,Background,
-87.375,76.875,3,2.3333,0.2197,15.15,0.014499,Faustini,10.6,True,Background,confirmed within Faustini PSR boundary
-87.625,219.625,7,2.7143,0.0923,6.37,0.014496,de_Gerlache,57.4,False,Background,
-87.625,70.125,4,2.75,0.0803,5.54,0.014494,Faustini,22.0,False,Background,
-85.625,205.125,7,2.5714,0.14,9.66,0.014491,Sverdrup,107.3,False,Background,
-87.375,63.875,3,2.6667,0.1082,7.47,0.014479,Faustini,28.2,False,Background,
-88.375,135.375,3,2.6667,0.1082,7.47,0.014479,Sverdrup,19.9,False,Background,
-85.625,41.875,3,2.0,0.3311,22.92,0.014447,Nobile,31.3,True,Watch,confirmed within Nobile PSR boundary
-87.625,51.875,4,2.25,0.2475,17.14,0.01444,Faustini,44.2,False,Background,
-85.125,245.125,3,2.3333,0.2197,15.21,0.014439,de_Gerlache,105.2,False,Background,
-85.375,241.375,7,2.7143,0.0923,6.39,0.014438,de_Gerlache,100.1,False,Background,
-85.625,144.125,3,2.6667,0.1082,7.5,0.014434,Sverdrup,73.2,False,Background,
-89.625,56.125,3,2.3333,0.2197,15.22,0.014433,Shackleton,12.8,False,Background,
-87.375,326.625,6,2.5,0.1639,11.36,0.014433,Haworth,38.8,False,Background,
-86.375,57.375,3,2.3333,0.2197,15.23,0.014422,Nobile,37.2,False,Background,
-87.375,47.625,5,2.4,0.1974,13.69,0.014413,Faustini,50.6,False,Background,
-87.875,81.875,4,2.5,0.1639,11.38,0.014403,Faustini,20.5,True,Background,confirmed within Faustini PSR boundary
-87.875,215.125,14,2.4286,0.1878,13.04,0.014401,de_Gerlache,56.1,False,Background,
-86.875,79.625,4,2.25,0.2475,17.19,0.014397,Faustini,11.4,True,Background,confirmed within Faustini PSR boundary
-85.625,21.875,4,2.25,0.2475,17.21,0.014387,Haworth,72.6,False,Background,
-85.625,345.875,8,2.625,0.1221,8.49,0.01438,Haworth,58.4,False,Background,
-87.375,203.375,4,2.75,0.0803,5.59,0.01437,Sverdrup,62.6,False,Background,
-87.125,100.875,3,2.3333,0.2197,15.29,0.014368,Faustini,26.4,False,Background,
-85.875,292.125,4,2.5,0.1639,11.41,0.014363,Cabeus,64.6,False,Background,
-87.875,26.875,3,2.0,0.3311,23.07,0.014356,Haworth,40.1,False,Watch,
-89.875,339.875,3,2.3333,0.2197,15.3,0.014356,Shackleton,13.4,False,Background,
-86.875,1.125,4,2.25,0.2475,17.25,0.014348,Haworth,20.0,True,Background,confirmed within Haworth PSR boundary
-87.375,66.375,3,2.6667,0.1082,7.54,0.014345,Faustini,24.7,False,Background,
-87.125,59.125,3,2.6667,0.1082,7.55,0.014337,Faustini,36.0,False,Background,
-87.375,342.875,3,2.3333,0.2197,15.34,0.014323,Haworth,17.2,True,Background,confirmed within Haworth PSR boundary
-86.875,233.625,5,2.6,0.1305,9.11,0.014322,de_Gerlache,63.4,False,Background,
-88.875,305.875,3,2.3333,0.2197,15.34,0.014321,de_Gerlache,29.3,False,Background,
-89.625,327.125,4,2.75,0.0803,5.61,0.014314,Shackleton,21.1,False,Background,
-86.625,80.375,3,2.3333,0.2197,15.35,0.014309,Faustini,18.1,True,Background,confirmed within Faustini PSR boundary
-85.625,21.625,3,2.3333,0.2197,15.36,0.014305,Haworth,72.3,False,Background,
-85.125,69.875,3,2.3333,0.2197,15.36,0.014301,Nobile,41.8,False,Background,
-86.375,326.125,4,2.5,0.1639,11.46,0.0143,Cabeus,50.3,False,Background,
-87.375,61.125,3,2.6667,0.1082,7.57,0.0143,Faustini,32.0,False,Background,
-87.875,100.375,3,2.6667,0.1082,7.57,0.014297,Faustini,30.1,False,Background,
-88.625,38.375,6,2.3333,0.2197,15.38,0.014282,Shackleton,43.1,False,Background,
-88.375,211.125,8,2.875,0.0385,2.7,0.014278,Shackleton,48.8,False,Background,
-87.375,230.125,6,2.6667,0.1082,7.58,0.014271,de_Gerlache,53.8,False,Background,
-87.625,46.875,4,2.5,0.1639,11.49,0.014266,Faustini,50.5,False,Background,
-87.125,250.375,3,2.6667,0.1082,7.59,0.014254,de_Gerlache,44.2,False,Background,
-89.875,110.625,3,1.6667,0.4426,31.07,0.014247,Shackleton,6.5,True,Watch,confirmed within Shackleton PSR boundary
-88.625,55.125,3,2.3333,0.2197,15.42,0.014242,Shackleton,40.2,False,Background,
-85.375,53.375,3,2.6667,0.1082,7.6,0.014234,Nobile,5.9,True,Background,confirmed within Nobile PSR boundary
-85.375,330.625,5,2.4,0.1974,13.87,0.014233,Cabeus,40.1,True,Background,confirmed within Cabeus PSR boundary
-89.375,248.625,3,2.3333,0.2197,15.44,0.014232,Shackleton,25.4,False,Background,
-89.625,154.625,4,1.75,0.4148,29.16,0.014225,Shackleton,4.8,True,Watch,confirmed within Shackleton PSR boundary
-89.625,154.375,4,1.75,0.4148,29.17,0.014217,Shackleton,4.8,True,Watch,confirmed within Shackleton PSR boundary
-85.125,61.625,5,2.6,0.1305,9.18,0.014209,Nobile,20.8,True,Background,confirmed within Nobile PSR boundary
-86.625,49.625,4,2.0,0.3311,23.31,0.014207,Nobile,44.6,False,Watch,
-86.875,345.875,3,2.3333,0.2197,15.46,0.014205,Haworth,22.9,True,Background,confirmed within Haworth PSR boundary
-87.875,66.375,6,2.3333,0.2197,15.49,0.014185,Faustini,29.8,False,Background,
-88.125,179.875,6,2.6667,0.1082,7.63,0.01418,Sverdrup,28.0,False,Background,
-88.625,320.875,7,2.7143,0.0923,6.51,0.014179,de_Gerlache,39.0,False,Background,
-89.375,128.625,4,2.0,0.3311,23.36,0.014176,Shackleton,8.9,True,Watch,confirmed within Shackleton PSR boundary
-85.625,237.875,5,2.2,0.2643,18.65,0.014171,de_Gerlache,95.1,False,Background,
-85.125,336.875,5,2.6,0.1305,9.21,0.014164,Cabeus,55.1,False,Background,
-85.625,167.625,4,2.5,0.1639,11.59,0.014146,Sverdrup,75.8,False,Background,
-89.375,133.125,8,2.0,0.3311,23.42,0.014139,Shackleton,9.0,True,Watch,confirmed within Shackleton PSR boundary
-87.625,34.125,7,2.2857,0.2356,16.67,0.01413,Haworth,49.6,False,Background,
-89.375,163.375,5,2.4,0.1974,13.98,0.014123,Shackleton,12.0,False,Background,
-87.375,130.375,3,2.6667,0.1082,7.66,0.014116,Sverdrup,32.7,False,Background,
-88.875,146.125,7,2.5714,0.14,9.92,0.014114,Shackleton,24.7,False,Background,
-88.875,216.625,7,2.4286,0.1878,13.31,0.014113,Shackleton,35.1,False,Background,
-85.375,267.125,3,2.6667,0.1082,7.67,0.014107,de_Gerlache,89.9,False,Background,
-85.875,300.875,3,2.6667,0.1082,7.67,0.014106,Cabeus,47.0,True,Background,confirmed within Cabeus PSR boundary
-87.375,45.375,3,2.3333,0.2197,15.58,0.014103,Faustini,53.6,False,Background,
-89.375,99.125,3,2.3333,0.2197,15.6,0.014077,Shackleton,11.5,False,Background,
-87.875,301.375,3,2.6667,0.1082,7.69,0.014066,de_Gerlache,32.1,False,Background,
-88.125,226.375,13,2.5385,0.1511,10.76,0.014046,de_Gerlache,42.1,False,Background,
-85.625,253.875,4,2.75,0.0803,5.72,0.014032,de_Gerlache,86.0,False,Background,
-87.625,90.125,3,2.3333,0.2197,15.66,0.014027,Faustini,15.9,True,Background,confirmed within Faustini PSR boundary
-87.625,32.625,3,2.3333,0.2197,15.66,0.014026,Haworth,47.8,False,Background,
-87.625,311.375,6,1.8333,0.3869,27.59,0.014022,de_Gerlache,45.9,False,Watch,
-89.125,182.125,6,2.6667,0.1082,7.72,0.014021,Shackleton,22.0,False,Background,
-89.375,126.625,4,2.0,0.3311,23.62,0.01402,Shackleton,9.0,True,Watch,confirmed within Shackleton PSR boundary
-89.375,136.125,4,2.0,0.3311,23.64,0.014009,Shackleton,9.1,True,Watch,confirmed within Shackleton PSR boundary
-85.875,220.125,10,2.7,0.0971,6.93,0.014,de_Gerlache,101.9,False,Background,
-85.875,272.375,4,2.75,0.0803,5.74,0.014,de_Gerlache,74.4,False,Background,
-89.625,188.375,3,2.3333,0.2197,15.69,0.013997,Shackleton,10.6,False,Background,
-86.625,19.625,5,2.6,0.1305,9.32,0.013994,Haworth,45.2,False,Background,
-86.875,359.125,6,2.3333,0.2197,15.72,0.013976,Haworth,18.9,True,Background,confirmed within Haworth PSR boundary
-86.125,153.375,3,2.6667,0.1082,7.75,0.013953,Sverdrup,56.9,False,Background,
-89.625,319.375,3,2.6667,0.1082,7.76,0.013951,Shackleton,21.3,False,Background,
-88.875,51.375,4,2.25,0.2475,17.75,0.01395,Shackleton,33.5,False,Background,
-89.125,159.875,7,2.5714,0.14,10.05,0.01394,Shackleton,18.6,False,Background,
-85.625,243.875,5,2.2,0.2643,18.97,0.013928,de_Gerlache,91.2,False,Background,
-88.625,208.375,5,2.6,0.1305,9.37,0.013921,Shackleton,41.0,False,Background,
-86.375,44.375,6,1.8333,0.3869,27.8,0.013919,Nobile,41.5,False,Watch,
-85.875,359.625,5,2.2,0.2643,19.0,0.013907,Haworth,48.9,False,Background,
-87.375,200.125,4,2.75,0.0803,5.78,0.013904,Sverdrup,59.2,False,Background,
-87.125,41.875,4,2.0,0.3311,23.84,0.013893,Faustini,60.8,False,Watch,
-89.125,26.875,5,2.4,0.1974,14.21,0.013893,Shackleton,30.3,False,Background,
-85.375,333.375,4,2.5,0.1639,11.8,0.013891,Cabeus,46.7,True,Background,confirmed within Cabeus PSR boundary
-85.875,312.125,5,2.8,0.0636,4.58,0.01389,Cabeus,31.0,True,Background,confirmed within Cabeus PSR boundary
-86.625,230.375,6,2.6667,0.1082,7.79,0.013882,de_Gerlache,72.7,False,Background,
-88.375,42.875,3,2.6667,0.1082,7.8,0.013873,Shackleton,49.7,False,Background,
-88.625,299.125,3,2.3333,0.2197,15.84,0.013871,de_Gerlache,23.3,False,Background,
-87.625,332.875,4,2.25,0.2475,17.86,0.013861,Haworth,29.3,False,Background,
-86.625,209.125,3,2.6667,0.1082,7.81,0.013853,Sverdrup,85.6,False,Background,
-88.875,40.375,3,2.3333,0.2197,15.88,0.013836,Shackleton,35.4,False,Background,
-88.375,65.625,3,2.3333,0.2197,15.88,0.013835,Faustini,40.8,False,Background,
-85.875,106.875,3,2.6667,0.1082,7.82,0.013834,Faustini,58.2,False,Background,
-87.875,313.125,8,2.375,0.2057,14.87,0.013833,de_Gerlache,42.4,False,Background,
-85.625,194.375,4,2.75,0.0803,5.81,0.013827,Sverdrup,96.4,False,Background,
-88.375,42.375,3,2.6667,0.1082,7.83,0.013817,Shackleton,49.8,False,Background,
-87.375,60.875,3,2.6667,0.1082,7.83,0.01381,Faustini,32.3,False,Background,
-85.375,6.375,5,2.4,0.1974,14.29,0.013809,Haworth,66.6,False,Background,
-87.875,316.875,7,2.4286,0.1878,13.6,0.013808,de_Gerlache,45.7,False,Background,
-88.625,33.625,8,2.375,0.2057,14.91,0.013799,Shackleton,43.9,False,Background,
-85.625,55.375,6,2.6667,0.1082,7.84,0.013795,Nobile,14.2,True,Background,confirmed within Nobile PSR boundary
-87.375,329.625,4,2.5,0.1639,11.89,0.013787,Haworth,34.9,False,Background,
-87.875,121.625,7,2.5714,0.14,10.16,0.013785,Sverdrup,33.5,False,Background,
-87.125,54.375,4,2.75,0.0803,5.83,0.013785,Faustini,42.9,False,Background,
-87.375,45.625,3,2.3333,0.2197,15.94,0.013784,Faustini,53.3,False,Background,
-87.875,225.125,5,2.4,0.1974,14.32,0.013784,de_Gerlache,47.5,False,Background,
-85.625,213.375,5,2.6,0.1305,9.47,0.013781,de_Gerlache,114.7,False,Background,
-85.875,12.625,4,2.75,0.0803,5.83,0.013777,Haworth,56.6,False,Background,
-86.125,70.625,4,2.5,0.1639,11.9,0.013773,Faustini,39.3,False,Background,
-85.125,93.375,5,2.8,0.0636,4.62,0.013773,Faustini,66.0,False,Background,
-85.375,188.625,4,2.5,0.1639,11.92,0.013757,Sverdrup,98.0,False,Background,
-85.625,42.375,6,2.1667,0.2754,20.07,0.013723,Nobile,30.2,True,Background,confirmed within Nobile PSR boundary
-86.125,357.125,4,2.25,0.2475,18.04,0.013721,Haworth,40.9,False,Background,
-86.875,77.125,3,2.3333,0.2197,16.02,0.013711,Faustini,13.7,True,Background,confirmed within Faustini PSR boundary
-89.125,340.125,6,2.6667,0.1082,7.89,0.013711,Shackleton,35.5,False,Background,
-89.125,227.375,3,2.3333,0.2197,16.03,0.013702,Shackleton,29.6,False,Background,
-86.125,72.375,3,2.3333,0.2197,16.05,0.01369,Faustini,37.7,False,Background,
-88.875,142.875,8,2.5,0.1639,11.98,0.01369,Shackleton,24.5,False,Background,
-85.875,340.875,4,2.5,0.1639,11.98,0.013685,Haworth,54.3,False,Background,
-87.125,28.125,5,2.8,0.0636,4.65,0.013684,Haworth,47.3,False,Background,
-86.125,340.625,8,2.5,0.1639,11.99,0.013678,Haworth,47.5,False,Background,
-85.375,352.875,5,2.4,0.1974,14.44,0.01367,Haworth,63.7,False,Background,
-86.375,83.125,3,2.6667,0.1082,7.92,0.013654,Faustini,25.0,False,Background,
-87.875,40.625,3,2.6667,0.1082,7.93,0.013653,Haworth,55.5,False,Background,
-88.375,358.875,4,2.5,0.1639,12.01,0.01365,Haworth,27.7,False,Background,
-86.625,222.875,3,2.6667,0.1082,7.95,0.013616,de_Gerlache,79.1,False,Background,
-87.875,36.875,4,2.75,0.0803,5.9,0.013608,Haworth,51.4,False,Background,
-87.375,318.375,6,2.3333,0.2197,16.14,0.013607,Haworth,49.6,False,Background,
-87.125,234.125,4,2.75,0.0803,5.91,0.013598,de_Gerlache,56.5,False,Background,
-89.375,234.875,3,2.6667,0.1082,7.96,0.013596,Shackleton,23.7,False,Background,
-85.875,142.375,4,2.75,0.0803,5.91,0.01359,Sverdrup,66.2,False,Background,
-89.375,64.625,3,2.6667,0.1082,7.96,0.013585,Shackleton,17.3,False,Background,
-87.625,5.875,4,2.75,0.0803,5.92,0.013577,Haworth,14.4,True,Background,confirmed within Haworth PSR boundary
-89.375,11.125,5,2.8,0.0636,4.69,0.013572,Shackleton,25.3,False,Background,
-85.875,350.625,5,2.4,0.1974,14.56,0.013559,Haworth,49.0,False,Background,
-88.125,22.875,3,2.3333,0.2197,16.2,0.013558,Haworth,37.2,False,Background,
-87.625,234.625,5,2.6,0.1305,9.63,0.013555,de_Gerlache,44.2,False,Background,
-89.125,200.875,21,2.4762,0.1719,12.7,0.013541,Shackleton,25.2,False,Background,
-87.375,75.125,4,2.25,0.2475,18.29,0.013532,Faustini,12.8,True,Background,confirmed within Faustini PSR boundary
-86.625,226.875,3,2.6667,0.1082,8.01,0.013513,de_Gerlache,75.7,False,Background,
-89.125,96.875,3,2.6667,0.1082,8.01,0.01351,Shackleton,18.9,False,Background,
-87.875,59.375,4,2.5,0.1639,12.14,0.013504,Faustini,36.8,False,Background,
-85.625,216.625,5,2.8,0.0636,4.71,0.013499,de_Gerlache,111.9,False,Background,
-89.125,98.125,3,2.6667,0.1082,8.02,0.013498,Shackleton,18.7,False,Background,
-89.125,227.875,3,2.3333,0.2197,16.29,0.013487,Shackleton,29.7,False,Background,
-87.625,335.875,3,2.3333,0.2197,16.29,0.013483,Haworth,25.5,False,Background,
-85.625,251.125,3,2.3333,0.2197,16.3,0.013476,de_Gerlache,87.2,False,Background,
-85.875,304.125,6,2.6667,0.1082,8.04,0.013464,Cabeus,41.2,True,Background,confirmed within Cabeus PSR boundary
-87.125,44.125,4,2.5,0.1639,12.18,0.013463,Faustini,57.6,False,Background,
-88.875,217.875,6,2.5,0.1639,12.19,0.013452,Shackleton,35.3,False,Background,
-89.375,206.125,5,2.6,0.1305,9.7,0.013452,Shackleton,19.3,False,Background,
-86.375,51.375,4,2.0,0.3311,24.64,0.013439,Nobile,36.5,False,Watch,
-88.625,220.625,5,2.6,0.1305,9.71,0.013439,de_Gerlache,40.8,False,Background,
-89.125,207.125,4,2.5,0.1639,12.21,0.013421,Shackleton,26.3,False,Background,
-86.625,317.375,4,2.5,0.1639,12.21,0.013421,Cabeus,52.4,False,Background,
-87.875,336.125,3,2.6667,0.1082,8.07,0.013408,Haworth,26.5,False,Background,
-86.125,357.875,4,2.25,0.2475,18.47,0.013403,Haworth,41.0,False,Background,
-87.375,185.625,4,2.75,0.0803,6.0,0.013388,Sverdrup,43.9,False,Background,
-85.375,346.125,5,2.4,0.1974,14.76,0.013376,Haworth,65.7,False,Background,
-86.125,236.375,4,2.5,0.1639,12.26,0.013375,de_Gerlache,81.8,False,Background,
-88.875,353.625,8,2.25,0.2475,18.52,0.013367,Shackleton,41.9,False,Background,
-87.375,71.125,4,2.5,0.1639,12.27,0.013365,Faustini,18.2,True,Background,confirmed within Faustini PSR boundary
-85.875,350.375,5,2.4,0.1974,14.77,0.013359,Haworth,49.1,False,Background,
-87.875,173.625,4,2.75,0.0803,6.01,0.013355,Sverdrup,23.2,False,Background,
-89.375,176.125,5,2.6,0.1305,9.78,0.013346,Shackleton,14.1,False,Background,
-88.125,347.625,3,2.3333,0.2197,16.47,0.013336,Haworth,21.8,True,Background,confirmed within Haworth PSR boundary
-88.375,115.625,4,2.75,0.0803,6.02,0.013336,Sverdrup,36.4,False,Background,
-87.625,23.625,3,2.6667,0.1082,8.11,0.013333,Haworth,36.6,False,Background,
-89.875,37.375,3,2.3333,0.2197,16.48,0.01333,Shackleton,10.8,False,Background,
-89.125,174.875,14,2.6429,0.1162,8.71,0.01333,Shackleton,20.8,False,Background,
-85.125,215.875,5,2.8,0.0636,4.77,0.013323,de_Gerlache,126.8,False,Background,
-88.375,359.375,6,2.5,0.1639,12.31,0.013315,Haworth,27.8,False,Background,
-88.625,350.125,3,2.3333,0.2197,16.5,0.01331,Haworth,35.4,False,Background,
-88.875,212.875,7,2.4286,0.1878,14.12,0.013305,Shackleton,34.4,False,Background,
-89.375,331.375,4,2.75,0.0803,6.04,0.01329,Shackleton,28.5,False,Background,
-85.375,161.375,3,2.6667,0.1082,8.14,0.013285,Sverdrup,80.9,False,Background,
-88.375,330.125,3,2.6667,0.1082,8.15,0.013278,Haworth,38.4,False,Background,
-89.625,99.875,4,1.75,0.4148,31.26,0.013269,Shackleton,5.6,True,Watch,confirmed within Shackleton PSR boundary
-88.375,62.875,3,2.3333,0.2197,16.57,0.013255,Faustini,42.3,False,Background,
-85.625,202.375,6,2.6667,0.1082,8.16,0.013252,Sverdrup,104.4,False,Background,
-88.125,1.875,4,2.25,0.2475,18.7,0.013239,Haworth,21.2,True,Background,confirmed within Haworth PSR boundary
-86.625,123.875,4,2.5,0.1639,12.39,0.013234,Sverdrup,57.1,False,Background,
-87.875,60.375,4,2.5,0.1639,12.39,0.013227,Faustini,35.8,False,Background,
-87.875,135.625,5,2.8,0.0636,4.81,0.013225,Sverdrup,18.7,False,Background,
-86.625,238.875,6,2.6667,0.1082,8.19,0.013214,de_Gerlache,66.0,False,Background,
-86.625,78.375,3,2.6667,0.1082,8.19,0.013212,Faustini,19.2,True,Background,confirmed within Faustini PSR boundary
-87.375,70.875,4,2.5,0.1639,12.41,0.013206,Faustini,18.5,True,Background,confirmed within Faustini PSR boundary
-89.625,297.125,6,2.6667,0.1082,8.2,0.013192,Shackleton,21.3,False,Background,
-87.875,155.625,3,2.6667,0.1082,8.21,0.01318,Sverdrup,5.1,True,Background,confirmed within Sverdrup PSR boundary
-87.375,26.125,3,2.6667,0.1082,8.21,0.013178,Haworth,41.6,False,Background,
-86.625,163.875,3,2.6667,0.1082,8.21,0.013175,Sverdrup,44.5,False,Background,
-85.375,335.625,9,2.4444,0.1825,13.86,0.013171,Cabeus,52.2,False,Background,
-86.375,163.875,4,2.75,0.0803,6.1,0.013165,Sverdrup,51.9,False,Background,
-85.875,135.875,4,2.75,0.0803,6.11,0.01315,Sverdrup,69.2,False,Background,
-85.375,157.625,3,2.6667,0.1082,8.23,0.01314,Sverdrup,80.0,False,Background,
-89.125,194.125,8,2.625,0.1221,9.3,0.013127,Shackleton,24.0,False,Background,
-88.875,199.375,5,2.6,0.1305,9.95,0.01312,Shackleton,32.1,False,Background,
-89.125,195.875,7,2.5714,0.14,10.68,0.013118,Shackleton,24.3,False,Background,
-89.125,133.125,4,2.75,0.0803,6.12,0.013117,Shackleton,16.6,False,Background,
-89.375,353.875,4,2.75,0.0803,6.13,0.013113,Shackleton,27.0,False,Background,
-86.625,132.125,3,2.6667,0.1082,8.25,0.013111,Sverdrup,50.1,False,Background,
-86.875,210.625,7,2.5714,0.14,10.69,0.013104,Sverdrup,81.2,False,Background,
-89.125,191.375,11,2.6364,0.1183,9.03,0.013103,Shackleton,23.5,False,Background,
-85.625,68.875,6,2.6667,0.1082,8.26,0.0131,Nobile,39.5,False,Background,
-87.375,284.375,3,2.6667,0.1082,8.27,0.013089,de_Gerlache,32.0,False,Background,
-89.125,326.125,5,2.6,0.1305,9.98,0.013074,Shackleton,36.2,False,Background,
-88.375,265.625,4,2.75,0.0803,6.15,0.01307,de_Gerlache,5.7,True,Background,confirmed within de_Gerlache PSR boundary
-86.125,218.875,5,2.6,0.1305,9.99,0.013067,de_Gerlache,96.1,False,Background,
-86.625,198.375,4,2.75,0.0803,6.16,0.013034,Sverdrup,74.2,False,Background,
-86.625,128.625,3,2.6667,0.1082,8.3,0.013032,Sverdrup,52.9,False,Background,
-85.375,45.375,3,2.3333,0.2197,16.88,0.013016,Nobile,21.2,True,Background,confirmed within Nobile PSR boundary
-89.625,289.875,5,2.4,0.1974,15.18,0.013,Shackleton,21.1,False,Background,
-86.625,302.125,3,2.6667,0.1082,8.33,0.012996,Cabeus,60.5,False,Background,
-89.625,160.875,5,1.8,0.398,30.66,0.012983,Shackleton,5.9,True,Watch,confirmed within Shackleton PSR boundary
-85.125,193.875,7,2.7143,0.0923,7.11,0.01297,Sverdrup,109.9,False,Background,
-88.125,0.125,4,2.25,0.2475,19.1,0.012961,Haworth,20.6,True,Background,confirmed within Haworth PSR boundary
-86.125,66.625,3,2.6667,0.1082,8.36,0.012944,Nobile,41.4,False,Background,
-86.125,44.375,6,2.0,0.3311,25.59,0.012942,Nobile,35.5,True,Watch,confirmed within Nobile PSR boundary
-87.375,129.875,3,2.6667,0.1082,8.37,0.01293,Sverdrup,33.2,False,Background,
-88.375,344.875,3,2.3333,0.2197,17.01,0.012912,Haworth,29.6,False,Background,
-86.875,35.125,3,2.6667,0.1082,8.39,0.012896,Haworth,60.8,False,Background,
-88.375,170.375,4,2.75,0.0803,6.24,0.012883,Sverdrup,20.4,False,Background,
-87.625,36.125,5,2.4,0.1974,15.35,0.012857,Haworth,52.0,False,Background,
-86.625,215.375,9,2.8889,0.0339,2.64,0.012852,de_Gerlache,85.6,False,Background,
-88.625,177.875,4,2.5,0.1639,12.76,0.01285,Sverdrup,29.1,False,Background,
-87.375,160.125,3,2.6667,0.1082,8.43,0.012836,Sverdrup,21.1,False,Background,
-86.375,96.625,3,2.6667,0.1082,8.44,0.012819,Faustini,33.6,False,Background,
-89.375,325.625,5,2.8,0.0636,4.96,0.012817,Shackleton,28.7,False,Background,
-86.875,73.375,4,2.5,0.1639,12.8,0.012807,Faustini,18.3,True,Background,confirmed within Faustini PSR boundary
-89.625,71.875,3,2.3333,0.2197,17.16,0.012802,Shackleton,10.4,True,Background,confirmed within Shackleton PSR boundary
-86.375,35.875,4,2.25,0.2475,19.35,0.012793,Nobile,53.1,False,Background,
-85.625,314.375,5,2.6,0.1305,10.2,0.012793,Cabeus,22.4,True,Background,confirmed within Cabeus PSR boundary
-89.375,145.375,5,2.2,0.2643,20.67,0.012783,Shackleton,9.7,True,Background,confirmed within Shackleton PSR boundary
-89.625,267.375,3,2.3333,0.2197,17.2,0.012775,Shackleton,20.0,False,Background,
-86.625,56.125,5,2.6,0.1305,10.22,0.012773,Nobile,44.2,False,Background,
-85.875,351.375,4,2.5,0.1639,12.84,0.012764,Haworth,48.8,False,Background,
-85.875,344.625,5,2.6,0.1305,10.23,0.012762,Haworth,51.7,False,Background,
-87.125,72.625,4,2.5,0.1639,12.86,0.012746,Faustini,16.1,True,Background,confirmed within Faustini PSR boundary
-86.875,11.625,3,2.6667,0.1082,8.5,0.012729,Haworth,30.2,False,Background,
-86.875,79.125,3,2.3333,0.2197,17.27,0.012722,Faustini,11.8,True,Background,confirmed within Faustini PSR boundary
-85.125,260.125,5,2.8,0.0636,5.0,0.012714,de_Gerlache,98.8,False,Background,
-88.125,49.875,6,2.8333,0.0525,4.13,0.012706,Faustini,48.8,False,Background,
-87.875,227.875,8,2.375,0.2057,16.21,0.012692,de_Gerlache,45.1,False,Background,
-88.625,218.375,6,2.6667,0.1082,8.54,0.012669,de_Gerlache,42.4,False,Background,
-86.625,78.625,3,2.6667,0.1082,8.54,0.012665,Faustini,19.0,True,Background,confirmed within Faustini PSR boundary
-88.625,162.375,3,2.6667,0.1082,8.55,0.012654,Sverdrup,20.8,False,Background,
-88.125,256.125,3,2.6667,0.1082,8.56,0.012643,de_Gerlache,16.1,False,Background,
-86.375,295.375,3,2.6667,0.1082,8.56,0.012642,Cabeus,64.6,False,Background,
-86.375,79.375,3,2.6667,0.1082,8.56,0.012641,Faustini,25.9,False,Background,
-87.375,342.375,3,2.3333,0.2197,17.39,0.012635,Haworth,17.9,True,Background,confirmed within Haworth PSR boundary
-89.625,29.125,3,2.6667,0.1082,8.56,0.012633,Shackleton,16.4,False,Background,
-85.875,337.125,5,2.6,0.1305,10.33,0.012631,Haworth,57.4,False,Background,
-87.375,141.875,5,2.8,0.0636,5.04,0.012627,Sverdrup,22.9,False,Background,
-88.125,314.375,21,2.7143,0.0923,7.31,0.012621,de_Gerlache,39.3,False,Background,
-86.625,4.625,6,2.6667,0.1082,8.57,0.012619,Haworth,29.4,False,Background,
-85.375,309.125,4,2.5,0.1639,12.99,0.012616,Cabeus,22.8,True,Background,confirmed within Cabeus PSR boundary
-85.375,109.125,3,2.6667,0.1082,8.6,0.012583,Faustini,73.8,False,Background,
-85.875,184.125,4,2.75,0.0803,6.38,0.012583,Sverdrup,80.0,False,Background,
-85.625,315.625,5,2.8,0.0636,5.06,0.01257,Cabeus,22.0,True,Background,confirmed within Cabeus PSR boundary
-87.125,349.625,5,2.4,0.1974,15.71,0.012565,Haworth,13.3,True,Background,confirmed within Haworth PSR boundary
-89.125,355.125,5,2.6,0.1305,10.39,0.012563,Shackleton,34.3,False,Background,
-85.125,246.625,3,2.0,0.3311,26.4,0.012544,de_Gerlache,104.4,False,Watch,
-86.875,1.375,6,2.3333,0.2197,17.54,0.012526,Haworth,20.2,True,Background,confirmed within Haworth PSR boundary
-85.125,174.625,4,2.75,0.0803,6.42,0.012506,Sverdrup,94.4,False,Background,
-85.875,281.125,4,2.75,0.0803,6.42,0.012505,de_Gerlache,75.5,False,Background,
-86.875,90.375,3,2.3333,0.2197,17.57,0.012503,Faustini,14.9,True,Background,confirmed within Faustini PSR boundary
-87.125,214.125,5,2.8,0.0636,5.09,0.012493,de_Gerlache,74.0,False,Background,
-88.375,166.625,3,2.6667,0.1082,8.67,0.01248,Sverdrup,17.6,False,Background,
-86.125,115.125,4,2.75,0.0803,6.44,0.012464,Faustini,63.8,False,Background,
-88.625,345.625,3,2.3333,0.2197,17.63,0.012461,Haworth,36.3,False,Background,
-85.625,164.375,9,2.3333,0.2197,17.63,0.012458,Sverdrup,74.4,False,Background,
-86.125,10.125,4,2.5,0.1639,13.16,0.012458,Haworth,47.5,False,Background,
-89.125,17.875,4,2.75,0.0803,6.45,0.012458,Shackleton,31.6,False,Background,
-85.625,78.625,6,2.6667,0.1082,8.69,0.012454,Faustini,48.5,False,Background,
-87.625,183.625,4,2.75,0.0803,6.47,0.012414,Sverdrup,37.2,False,Background,
-85.625,232.875,6,2.5,0.1639,13.21,0.012407,de_Gerlache,98.7,False,Background,
-88.875,261.875,3,2.3333,0.2197,17.74,0.012385,de_Gerlache,18.1,False,Background,
-89.125,218.875,5,2.4,0.1974,15.95,0.012378,Shackleton,28.3,False,Background,
-86.875,218.375,5,2.8,0.0636,5.14,0.012365,de_Gerlache,76.5,False,Background,
-87.625,54.125,3,2.3333,0.2197,17.78,0.012357,Faustini,41.4,False,Background,
-89.625,260.125,4,2.25,0.2475,20.04,0.012354,Shackleton,19.4,False,Background,
-85.375,51.625,3,2.3333,0.2197,17.78,0.012353,Nobile,7.6,True,Background,confirmed within Nobile PSR boundary
-85.625,145.625,9,2.7778,0.071,5.75,0.012351,Sverdrup,72.8,False,Background,
-87.375,292.625,4,2.75,0.0803,6.51,0.012335,de_Gerlache,36.8,False,Background,
-86.375,317.625,4,2.75,0.0803,6.51,0.012332,Cabeus,44.9,True,Background,confirmed within Cabeus PSR boundary
-85.375,41.375,4,2.25,0.2475,20.08,0.012329,Nobile,30.9,True,Background,confirmed within Nobile PSR boundary
-85.875,313.625,5,2.8,0.0636,5.16,0.012329,Cabeus,30.1,True,Background,confirmed within Cabeus PSR boundary
-87.375,76.125,3,2.3333,0.2197,17.83,0.01232,Faustini,11.5,True,Background,confirmed within Faustini PSR boundary
-87.375,1.875,5,2.8,0.0636,5.17,0.012313,Haworth,9.4,True,Background,confirmed within Haworth PSR boundary
-86.875,136.625,5,2.8,0.0636,5.17,0.012311,Sverdrup,40.0,False,Background,
-87.125,92.375,3,2.3333,0.2197,17.86,0.012302,Faustini,13.9,True,Background,confirmed within Faustini PSR boundary
-87.125,330.875,5,2.6,0.1305,10.61,0.012299,Haworth,36.2,False,Background,
-86.375,52.625,7,2.2857,0.2356,19.17,0.012292,Nobile,36.3,True,Background,confirmed within Nobile PSR boundary
-86.875,303.125,3,2.6667,0.1082,8.81,0.012283,de_Gerlache,57.7,False,Background,
-85.375,139.375,5,2.8,0.0636,5.18,0.01227,Sverdrup,82.3,False,Background,
-86.625,144.875,6,2.8333,0.0525,4.28,0.012269,Sverdrup,43.0,False,Background,
-85.125,199.875,4,2.75,0.0803,6.55,0.012268,Sverdrup,115.7,False,Background,
-86.375,216.125,8,2.625,0.1221,9.96,0.012266,de_Gerlache,91.7,False,Background,
-89.375,166.375,9,2.5556,0.1454,11.86,0.012252,Shackleton,12.5,False,Background,
-87.875,159.375,3,2.6667,0.1082,8.83,0.012251,Sverdrup,8.4,True,Background,confirmed within Sverdrup PSR boundary
-87.375,135.375,8,2.75,0.0803,6.56,0.012251,Sverdrup,28.1,False,Background,
-88.875,38.625,5,2.4,0.1974,16.12,0.012244,Shackleton,35.7,False,Background,
-88.875,314.375,11,2.7273,0.0879,7.19,0.012233,de_Gerlache,34.3,False,Background,
-88.875,323.125,6,2.5,0.1639,13.4,0.012232,de_Gerlache,39.5,False,Background,
-89.625,26.375,3,2.6667,0.1082,8.85,0.012228,Shackleton,16.8,False,Background,
-89.125,346.875,7,2.5714,0.14,11.45,0.012227,Shackleton,35.0,False,Background,
-86.375,308.625,7,2.5714,0.14,11.46,0.012223,Cabeus,47.8,True,Background,confirmed within Cabeus PSR boundary
-89.375,359.125,6,2.6667,0.1082,8.86,0.012217,Shackleton,26.5,False,Background,
-86.125,60.375,4,2.75,0.0803,6.6,0.012171,Nobile,32.6,True,Background,confirmed within Nobile PSR boundary
-86.375,55.375,4,2.5,0.1639,13.47,0.012169,Nobile,36.5,True,Background,confirmed within Nobile PSR boundary
-86.875,37.125,3,2.6667,0.1082,8.9,0.012163,Nobile,61.4,False,Background,
-85.125,240.875,5,2.6,0.1305,10.73,0.012158,de_Gerlache,107.7,False,Background,
-85.125,185.125,4,2.5,0.1639,13.49,0.012155,Sverdrup,102.1,False,Background,
-87.375,103.875,4,2.5,0.1639,13.49,0.012152,Faustini,29.9,False,Background,
-85.625,4.125,9,2.2222,0.2568,21.14,0.012148,Haworth,58.0,False,Background,
-89.125,182.625,7,2.7143,0.0923,7.6,0.012138,Shackleton,22.0,False,Background,
-86.625,230.125,3,2.6667,0.1082,8.92,0.012136,de_Gerlache,72.9,False,Background,
-89.875,130.625,3,2.0,0.3311,27.33,0.012119,Shackleton,6.2,True,Watch,confirmed within Shackleton PSR boundary
-85.125,147.625,6,2.8333,0.0525,4.33,0.012116,Sverdrup,87.6,False,Background,
-86.125,260.125,4,2.75,0.0803,6.63,0.012109,de_Gerlache,68.7,False,Background,
-85.875,357.625,4,2.25,0.2475,20.49,0.012083,Haworth,48.5,False,Background,
-89.375,190.375,5,2.6,0.1305,10.8,0.012083,Shackleton,16.6,False,Background,
-85.875,58.125,3,2.6667,0.1082,8.95,0.012083,Nobile,23.7,True,Background,confirmed within Nobile PSR boundary
-86.125,73.125,3,2.3333,0.2197,18.19,0.01208,Faustini,37.1,False,Background,
-86.375,326.875,3,2.6667,0.1082,8.96,0.012079,Cabeus,51.1,False,Background,
-88.375,56.125,4,2.75,0.0803,6.66,0.01206,Faustini,46.8,False,Background,
-85.625,216.375,5,2.8,0.0636,5.28,0.012044,de_Gerlache,112.1,False,Background,
-88.125,303.625,5,2.4,0.1974,16.4,0.012035,de_Gerlache,29.9,False,Background,
-86.625,241.375,3,2.6667,0.1082,9.0,0.012027,de_Gerlache,64.2,False,Background,
-87.875,57.625,3,2.6667,0.1082,9.0,0.012027,Faustini,38.7,False,Background,
-86.375,220.375,7,2.7143,0.0923,7.67,0.012027,de_Gerlache,88.0,False,Background,
-85.375,99.375,3,2.6667,0.1082,9.0,0.012021,Faustini,63.2,False,Background,
-86.875,212.875,3,2.6667,0.1082,9.0,0.012016,de_Gerlache,81.4,False,Background,
-89.125,177.375,4,2.75,0.0803,6.69,0.012013,Shackleton,21.2,False,Background,
-87.375,32.625,3,2.6667,0.1082,9.01,0.012002,Haworth,50.0,False,Background,
-86.625,261.375,3,2.6667,0.1082,9.03,0.011986,de_Gerlache,53.4,False,Background,
-85.625,168.875,9,2.6667,0.1082,9.04,0.01197,Sverdrup,76.4,False,Background,
-86.875,308.375,4,2.75,0.0803,6.71,0.01197,de_Gerlache,61.8,False,Background,
-89.625,86.375,4,2.0,0.3311,27.67,0.011967,Shackleton,8.0,True,Watch,confirmed within Shackleton PSR boundary
-87.875,179.375,4,2.5,0.1639,13.71,0.011958,Sverdrup,29.3,False,Background,
-89.375,23.375,3,2.6667,0.1082,9.05,0.011955,Shackleton,23.8,False,Background,
-87.625,182.625,3,2.6667,0.1082,9.06,0.011949,Sverdrup,36.2,False,Background,
-86.375,64.625,5,2.6,0.1305,10.92,0.011946,Faustini,40.0,False,Background,
-88.375,312.875,3,2.6667,0.1082,9.07,0.011935,de_Gerlache,34.9,False,Background,
-85.125,27.875,4,2.75,0.0803,6.73,0.011933,Nobile,65.2,False,Background,
-88.125,157.125,3,2.6667,0.1082,9.07,0.011927,Sverdrup,6.1,True,Background,confirmed within Sverdrup PSR boundary
-86.875,101.625,3,2.6667,0.1082,9.07,0.011925,Faustini,30.3,False,Background,
-85.375,108.125,4,2.75,0.0803,6.75,0.011903,Faustini,72.6,False,Background,
-85.125,173.375,5,2.8,0.0636,5.36,0.011877,Sverdrup,93.7,False,Background,
-85.875,149.625,5,2.4,0.1974,16.65,0.011858,Sverdrup,64.6,False,Background,
-85.125,303.125,3,2.6667,0.1082,9.13,0.011857,Cabeus,34.5,True,Background,confirmed within Cabeus PSR boundary
-87.375,252.125,3,2.3333,0.2197,18.54,0.011851,de_Gerlache,36.3,False,Background,
-88.875,175.625,8,2.625,0.1221,10.31,0.011843,Shackleton,28.1,False,Background,
-87.125,313.625,4,2.5,0.1639,13.84,0.011841,Haworth,59.1,False,Background,
-85.125,348.625,5,2.6,0.1305,11.02,0.01184,Haworth,72.2,False,Background,
-87.875,273.625,3,2.6667,0.1082,9.14,0.01184,de_Gerlache,13.9,True,Background,confirmed within de_Gerlache PSR boundary
-86.875,201.375,3,2.6667,0.1082,9.14,0.011833,Sverdrup,71.4,False,Background,
-88.375,303.375,4,2.5,0.1639,13.86,0.011828,de_Gerlache,27.0,False,Background,
-87.125,6.375,3,2.3333,0.2197,18.58,0.011825,Haworth,18.9,True,Background,confirmed within Haworth PSR boundary
-88.875,324.875,7,2.5714,0.14,11.86,0.011812,de_Gerlache,40.5,False,Background,
-88.375,305.375,6,2.5,0.1639,13.89,0.011804,de_Gerlache,28.7,False,Background,
-88.875,349.875,3,2.3333,0.2197,18.62,0.011798,Shackleton,42.2,False,Background,
-85.125,345.125,5,2.6,0.1305,11.06,0.011798,Haworth,73.6,False,Background,
-88.625,131.625,5,2.6,0.1305,11.07,0.011793,Sverdrup,26.3,False,Background,
-87.125,217.625,5,2.8,0.0636,5.39,0.011792,de_Gerlache,70.9,False,Background,
-88.125,259.125,3,2.3333,0.2197,18.64,0.011786,de_Gerlache,13.6,True,Background,confirmed within de_Gerlache PSR boundary
-87.875,217.875,6,2.5,0.1639,13.93,0.011767,de_Gerlache,53.8,False,Background,
-89.125,33.125,3,2.6667,0.1082,9.2,0.011765,Shackleton,29.4,False,Background,
-85.375,311.625,4,2.75,0.0803,6.83,0.011765,Cabeus,18.3,True,Background,confirmed within Cabeus PSR boundary
-86.625,154.375,4,2.75,0.0803,6.84,0.011741,Sverdrup,41.8,False,Background,
-87.625,55.625,5,2.4,0.1974,16.87,0.0117,Faustini,39.5,False,Background,
-87.875,357.625,4,2.75,0.0803,6.87,0.011696,Haworth,12.6,True,Background,confirmed within Haworth PSR boundary
-85.625,355.625,5,2.4,0.1974,16.88,0.011693,Haworth,55.9,False,Background,
-85.375,148.375,4,2.75,0.0803,6.87,0.011689,Sverdrup,79.9,False,Background,
-86.875,121.625,4,2.5,0.1639,14.03,0.011687,Sverdrup,52.8,False,Background,
-87.875,218.125,4,2.5,0.1639,14.04,0.011674,de_Gerlache,53.6,False,Background,
-86.875,141.875,4,2.75,0.0803,6.88,0.011674,Sverdrup,36.9,False,Background,
-89.375,175.125,3,2.6667,0.1082,9.27,0.011673,Shackleton,13.9,False,Background,
-85.875,216.125,4,2.75,0.0803,6.88,0.011668,de_Gerlache,105.4,False,Background,
-86.125,332.375,5,2.6,0.1305,11.19,0.011659,Cabeus,53.4,False,Background,
-88.625,35.875,12,2.4167,0.1918,16.45,0.011656,Shackleton,43.5,False,Background,
-85.875,250.375,4,2.25,0.2475,21.25,0.011647,de_Gerlache,80.2,False,Background,
-86.125,246.125,4,2.25,0.2475,21.26,0.011644,de_Gerlache,75.3,False,Background,
-85.875,70.375,6,2.6667,0.1082,9.3,0.011639,Nobile,44.8,False,Background,
-88.125,98.125,4,2.75,0.0803,6.9,0.011635,Faustini,33.3,False,Background,
-86.125,236.875,5,2.6,0.1305,11.23,0.011616,de_Gerlache,81.5,False,Background,
-85.875,40.875,7,2.2857,0.2356,20.29,0.01161,Nobile,36.5,True,Background,confirmed within Nobile PSR boundary
-87.375,159.125,4,2.75,0.0803,6.92,0.011609,Sverdrup,20.6,False,Background,
-85.875,96.375,4,2.5,0.1639,14.13,0.011605,Faustini,46.6,False,Background,
-87.875,33.875,8,2.625,0.1221,10.54,0.011585,Haworth,48.0,False,Background,
-85.125,307.125,3,2.6667,0.1082,9.35,0.011576,Cabeus,24.3,True,Background,confirmed within Cabeus PSR boundary
-86.125,313.625,8,2.75,0.0803,6.94,0.011571,Cabeus,37.6,True,Background,confirmed within Cabeus PSR boundary
-88.875,348.625,3,2.3333,0.2197,18.99,0.011568,Shackleton,42.3,False,Background,
-89.375,3.875,6,2.5,0.1639,14.18,0.011564,Shackleton,26.1,False,Background,
-86.625,213.875,5,2.6,0.1305,11.3,0.011547,de_Gerlache,87.0,False,Background,
-87.125,339.375,3,2.6667,0.1082,9.37,0.011545,Haworth,25.0,True,Background,confirmed within Haworth PSR boundary
-87.875,164.375,4,2.75,0.0803,6.96,0.011538,Sverdrup,13.5,True,Background,confirmed within Sverdrup PSR boundary
-85.375,278.875,4,2.75,0.0803,6.97,0.011521,de_Gerlache,90.2,False,Background,
-85.875,8.375,3,2.3333,0.2197,19.07,0.01152,Haworth,53.2,False,Background,
-85.375,32.625,5,2.6,0.1305,11.34,0.011504,Nobile,52.2,False,Background,
-89.375,168.625,7,2.5714,0.14,12.18,0.011502,Shackleton,12.9,False,Background,
-89.625,127.375,3,2.6667,0.1082,9.42,0.011485,Shackleton,1.4,True,Background,confirmed within Shackleton PSR boundary
-89.375,298.625,5,2.6,0.1305,11.36,0.011483,Shackleton,28.8,False,Background,
-87.875,180.375,4,2.5,0.1639,14.29,0.011474,Sverdrup,30.3,False,Background,
-85.375,252.125,5,2.6,0.1305,11.38,0.011465,de_Gerlache,94.2,False,Background,
-88.125,312.375,4,2.75,0.0803,7.01,0.011465,de_Gerlache,37.5,False,Background,
-86.125,209.625,3,2.6667,0.1082,9.45,0.011455,Sverdrup,98.7,False,Background,
-87.375,266.125,3,2.6667,0.1082,9.45,0.011453,de_Gerlache,29.7,False,Background,
-85.125,250.625,4,2.5,0.1639,14.35,0.011426,de_Gerlache,102.3,False,Background,
-85.375,49.625,8,2.75,0.0803,7.04,0.011412,Nobile,11.4,True,Background,confirmed within Nobile PSR boundary
-89.125,309.625,8,2.75,0.0803,7.04,0.011411,de_Gerlache,33.8,False,Background,
-87.875,238.625,3,2.6667,0.1082,9.49,0.011402,de_Gerlache,35.6,False,Background,
-86.125,205.125,3,2.6667,0.1082,9.5,0.01139,Sverdrup,94.0,False,Background,
-85.375,27.875,3,2.6667,0.1082,9.5,0.011388,Nobile,63.8,False,Background,
-86.875,226.125,3,2.6667,0.1082,9.5,0.011387,de_Gerlache,69.7,False,Background,
-86.125,74.625,5,2.6,0.1305,11.47,0.011376,Faustini,35.9,False,Background,
-88.125,332.625,3,2.6667,0.1082,9.52,0.011367,Haworth,32.7,False,Background,
-88.125,0.875,3,2.3333,0.2197,19.33,0.011362,Haworth,20.9,True,Background,confirmed within Haworth PSR boundary
-87.625,126.125,4,2.75,0.0803,7.07,0.011357,Sverdrup,32.2,False,Background,
-89.625,226.375,4,2.5,0.1639,14.44,0.011354,Shackleton,16.0,False,Background,
-85.625,76.375,5,2.6,0.1305,11.51,0.011334,Faustini,49.4,False,Background,
-87.125,123.125,4,2.75,0.0803,7.09,0.011325,Sverdrup,45.4,False,Background,
-89.125,3.125,5,2.6,0.1305,11.55,0.011297,Shackleton,33.4,False,Background,
-88.125,259.875,3,2.3333,0.2197,19.45,0.011295,de_Gerlache,12.9,True,Background,confirmed within de_Gerlache PSR boundary
-86.625,51.375,4,2.25,0.2475,21.94,0.011284,Nobile,44.1,False,Background,
-87.375,283.375,3,2.6667,0.1082,9.59,0.011282,de_Gerlache,31.6,False,Background,
-88.125,223.875,5,2.6,0.1305,11.57,0.011277,de_Gerlache,44.2,False,Background,
-89.375,9.375,5,2.8,0.0636,5.65,0.011257,Shackleton,25.5,False,Background,
-86.625,33.375,6,2.5,0.1639,14.58,0.011244,Nobile,61.2,False,Background,
-86.625,136.125,5,2.8,0.0636,5.66,0.011238,Sverdrup,47.3,False,Background,
-86.625,82.875,4,2.5,0.1639,14.61,0.011217,Faustini,17.4,True,Background,confirmed within Faustini PSR boundary
-85.125,234.125,3,2.3333,0.2197,19.6,0.01121,de_Gerlache,112.2,False,Background,
-89.125,13.625,4,2.75,0.0803,7.17,0.011198,Shackleton,32.2,False,Background,
-88.875,340.125,3,2.3333,0.2197,19.63,0.011193,Shackleton,43.0,False,Background,
-87.625,86.625,4,2.5,0.1639,14.67,0.011178,Faustini,13.7,True,Background,confirmed within Faustini PSR boundary
-88.375,143.375,3,2.6667,0.1082,9.69,0.011171,Sverdrup,14.3,True,Background,confirmed within Sverdrup PSR boundary
-86.875,312.375,3,2.6667,0.1082,9.69,0.011168,Cabeus,60.4,False,Background,
-87.375,115.375,5,2.4,0.1974,17.68,0.011162,Faustini,45.8,False,Background,
-87.375,42.125,5,2.4,0.1974,17.69,0.011161,Faustini,58.0,False,Background,
-87.375,51.625,5,2.4,0.1974,17.7,0.011151,Faustini,45.1,False,Background,
-85.375,216.375,8,2.75,0.0803,7.21,0.011136,de_Gerlache,119.2,False,Background,
-89.125,338.625,8,2.75,0.0803,7.22,0.011129,Shackleton,35.6,False,Background,
-85.375,267.625,3,2.6667,0.1082,9.73,0.011122,de_Gerlache,89.8,False,Background,
-86.625,33.125,4,2.5,0.1639,14.76,0.011108,Nobile,61.6,False,Background,
-88.375,129.375,4,2.5,0.1639,14.78,0.011092,Sverdrup,24.7,False,Background,
-85.125,188.125,5,2.4,0.1974,17.82,0.011079,Sverdrup,104.7,False,Background,
-89.125,134.375,10,2.8,0.0636,5.75,0.011064,Shackleton,16.6,False,Background,
-86.625,27.375,3,2.6667,0.1082,9.78,0.011062,Haworth,55.2,False,Background,
-87.375,134.875,5,2.8,0.0636,5.76,0.011049,Sverdrup,28.5,False,Background,
-86.625,112.875,3,2.6667,0.1082,9.79,0.011047,Faustini,50.7,False,Background,
-85.875,220.625,4,2.75,0.0803,7.29,0.011025,de_Gerlache,101.5,False,Background,
-85.875,134.875,5,2.8,0.0636,5.77,0.011019,Sverdrup,69.7,False,Background,
-88.875,218.375,5,2.6,0.1305,11.85,0.011016,Shackleton,35.4,False,Background,
-85.625,181.625,8,2.375,0.2057,18.68,0.011013,Sverdrup,85.0,False,Background,
-87.125,330.625,3,2.6667,0.1082,9.83,0.011005,Haworth,36.5,False,Background,
-85.125,232.875,6,2.3333,0.2197,19.97,0.010999,de_Gerlache,113.1,False,Background,
-85.375,221.375,11,2.8182,0.0575,5.23,0.010995,de_Gerlache,115.0,False,Background,
-85.375,214.625,5,2.8,0.0636,5.79,0.010994,de_Gerlache,120.7,False,Background,
-85.625,38.625,4,2.25,0.2475,22.56,0.010974,Nobile,38.5,False,Background,
-88.875,346.375,3,2.3333,0.2197,20.02,0.010972,Shackleton,42.5,False,Background,
-87.375,198.625,4,2.75,0.0803,7.32,0.010968,Sverdrup,57.6,False,Background,
-88.125,124.625,4,2.75,0.0803,7.33,0.010955,Sverdrup,28.5,False,Background,
-89.375,231.625,5,2.6,0.1305,11.91,0.010954,Shackleton,23.2,False,Background,
-89.125,222.875,6,2.5,0.1639,14.98,0.010946,Shackleton,28.9,False,Background,
-89.625,211.875,3,2.6667,0.1082,9.89,0.010939,Shackleton,14.1,False,Background,
-87.625,18.625,3,2.6667,0.1082,9.89,0.010937,Haworth,30.4,False,Background,
-87.625,159.875,4,2.75,0.0803,7.35,0.010925,Sverdrup,14.2,True,Background,confirmed within Sverdrup PSR boundary
-85.875,242.125,5,2.4,0.1974,18.07,0.010922,de_Gerlache,85.0,False,Background,
-89.375,115.625,4,2.25,0.2475,22.67,0.010919,Shackleton,9.5,True,Background,confirmed within Shackleton PSR boundary
-86.625,17.875,5,2.8,0.0636,5.83,0.010915,Haworth,43.1,False,Background,
-85.375,187.625,5,2.2,0.2643,24.22,0.010909,Sverdrup,97.1,False,Background,
-86.375,17.625,3,2.6667,0.1082,9.92,0.010909,Haworth,48.6,False,Background,
-88.625,87.375,4,2.75,0.0803,7.36,0.010909,Shackleton,34.9,False,Background,
-85.375,287.375,3,2.6667,0.1082,9.92,0.010907,Cabeus,74.1,False,Background,
-88.875,134.125,8,2.75,0.0803,7.37,0.010904,Shackleton,24.2,False,Background,
-86.625,13.875,5,2.6,0.1305,11.98,0.010889,Haworth,38.4,False,Background,
-87.875,248.375,4,2.75,0.0803,7.38,0.010888,de_Gerlache,27.2,False,Background,
-88.375,358.375,6,2.6667,0.1082,9.95,0.01087,Haworth,27.6,False,Background,
-86.625,30.125,5,2.4,0.1974,18.19,0.01085,Haworth,58.8,False,Background,
-88.125,167.375,4,2.75,0.0803,7.41,0.010841,Sverdrup,15.7,True,Background,confirmed within Sverdrup PSR boundary
-87.375,117.125,5,2.6,0.1305,12.04,0.010838,Sverdrup,46.3,False,Background,
-88.375,73.625,5,2.4,0.1974,18.23,0.010828,Faustini,37.2,False,Background,
-86.375,135.375,3,2.6667,0.1082,10.01,0.010811,Sverdrup,54.9,False,Background,
-87.625,40.625,5,2.6,0.1305,12.08,0.010807,Haworth,57.4,False,Background,
-88.625,131.125,3,2.6667,0.1082,10.02,0.010802,Sverdrup,26.6,False,Background,
-88.875,240.375,3,2.6667,0.1082,10.02,0.010801,de_Gerlache,28.0,False,Background,
-86.625,59.625,4,2.75,0.0803,7.44,0.010799,Faustini,41.9,False,Background,
-88.375,210.375,10,2.9,0.0302,2.79,0.010796,Shackleton,48.7,False,Background,
-89.125,349.625,12,2.5,0.1639,15.19,0.01079,Shackleton,34.8,False,Background,
-87.375,355.875,7,2.8571,0.0445,4.12,0.01079,Haworth,3.0,True,Background,confirmed within Haworth PSR boundary
-87.375,275.875,3,2.6667,0.1082,10.04,0.010779,de_Gerlache,29.3,False,Background,
-88.125,300.625,3,2.6667,0.1082,10.05,0.010766,de_Gerlache,27.2,False,Background,
-88.875,206.375,11,2.4545,0.1791,16.64,0.010764,Shackleton,33.3,False,Background,
-87.875,221.125,3,2.6667,0.1082,10.06,0.01076,de_Gerlache,51.0,False,Background,
-86.375,338.875,3,2.6667,0.1082,10.06,0.010756,Haworth,42.3,False,Background,
-87.125,197.875,3,2.6667,0.1082,10.07,0.01075,Sverdrup,62.0,False,Background,
-87.125,326.625,4,2.75,0.0803,7.48,0.010741,Haworth,41.9,False,Background,
-89.125,163.125,3,2.6667,0.1082,10.09,0.010719,Shackleton,19.0,False,Background,
-88.375,355.875,4,2.75,0.0803,7.5,0.010715,Haworth,27.4,False,Background,
-85.875,268.875,4,2.75,0.0803,7.5,0.010713,de_Gerlache,74.6,False,Background,
-86.625,306.875,3,2.6667,0.1082,10.1,0.010709,Cabeus,56.0,False,Background,
-86.125,82.875,4,2.5,0.1639,15.32,0.010698,Faustini,32.6,False,Background,
-88.125,221.375,4,2.5,0.1639,15.33,0.010692,de_Gerlache,46.3,False,Background,
-88.125,223.375,5,2.6,0.1305,12.21,0.01069,de_Gerlache,44.6,False,Background,
-87.125,181.625,5,2.8,0.0636,5.96,0.010668,Sverdrup,45.2,False,Background,
-89.625,165.875,3,2.0,0.3311,31.05,0.010665,Shackleton,6.8,True,Watch,confirmed within Shackleton PSR boundary
-85.625,242.875,4,2.5,0.1639,15.38,0.01066,de_Gerlache,91.8,False,Background,
-86.875,225.375,3,2.6667,0.1082,10.15,0.01066,de_Gerlache,70.4,False,Background,
-89.375,303.875,4,2.75,0.0803,7.56,0.010629,Shackleton,28.9,False,Background,
-86.375,76.875,4,2.75,0.0803,7.57,0.010615,Faustini,27.2,False,Background,
-89.375,54.375,5,2.8,0.0636,5.99,0.010613,Shackleton,19.0,False,Background,
-88.375,236.625,3,2.6667,0.1082,10.2,0.010605,de_Gerlache,30.4,False,Background,
-87.375,317.375,3,2.6667,0.1082,10.23,0.010581,Haworth,50.9,False,Background,
-86.375,43.125,6,2.5,0.1639,15.5,0.010579,Nobile,42.9,False,Background,
-86.125,145.375,4,2.75,0.0803,7.61,0.01056,Sverdrup,57.8,False,Background,
-89.625,162.375,3,2.0,0.3311,31.38,0.010552,Shackleton,6.2,True,Watch,confirmed within Shackleton PSR boundary
-87.625,50.875,4,2.5,0.1639,15.54,0.010548,Faustini,45.5,False,Background,
-86.625,117.375,4,2.75,0.0803,7.62,0.010547,Faustini,57.4,False,Background,
-86.125,54.875,5,2.6,0.1305,12.41,0.010517,Nobile,28.8,True,Background,confirmed within Nobile PSR boundary
-89.375,354.625,5,2.8,0.0636,6.05,0.010511,Shackleton,27.0,False,Background,
-86.625,118.625,4,2.75,0.0803,7.65,0.010507,Faustini,59.2,False,Background,
-87.625,86.875,4,2.5,0.1639,15.62,0.010496,Faustini,13.8,True,Background,confirmed within Faustini PSR boundary
-87.375,224.875,5,2.8,0.0636,6.07,0.010487,de_Gerlache,58.4,False,Background,
-86.875,59.625,4,2.5,0.1639,15.65,0.010478,Faustini,38.0,False,Background,
-89.125,199.625,5,2.6,0.1305,12.46,0.010474,Shackleton,25.0,False,Background,
-86.375,144.375,5,2.8,0.0636,6.08,0.010455,Sverdrup,50.6,False,Background,
-85.125,37.875,6,2.6667,0.1082,10.35,0.010453,Nobile,40.0,False,Background,
-89.625,290.875,4,2.5,0.1639,15.69,0.010452,Shackleton,21.1,False,Background,
-88.625,175.875,7,2.5714,0.14,13.4,0.01045,Sverdrup,27.8,False,Background,
-86.375,133.375,3,2.6667,0.1082,10.36,0.010441,Sverdrup,56.2,False,Background,
-85.375,105.375,5,2.8,0.0636,6.09,0.010441,Faustini,69.4,False,Background,
-85.375,349.125,3,2.6667,0.1082,10.36,0.01044,Haworth,64.5,False,Background,
-87.625,65.625,5,2.6,0.1305,12.5,0.010437,Faustini,27.2,False,Background,
-86.375,71.375,3,2.6667,0.1082,10.38,0.010425,Faustini,32.0,False,Background,
-88.375,61.625,4,2.5,0.1639,15.73,0.010422,Faustini,43.1,False,Background,
-86.375,32.875,4,2.5,0.1639,15.74,0.010414,Nobile,58.1,False,Background,
-86.375,286.625,3,2.3333,0.2197,21.1,0.010411,de_Gerlache,62.2,False,Background,
-85.375,26.625,3,2.6667,0.1082,10.4,0.010407,Nobile,66.8,False,Background,
-85.375,334.375,8,2.625,0.1221,11.74,0.010402,Cabeus,49.1,False,Background,
-85.875,243.375,4,2.5,0.1639,15.76,0.010401,de_Gerlache,84.2,False,Background,
-87.375,184.875,4,2.75,0.0803,7.72,0.0104,Sverdrup,43.1,False,Background,
-85.125,51.875,3,2.6667,0.1082,10.41,0.010397,Nobile,4.6,True,Background,confirmed within Nobile PSR boundary
-86.375,246.375,3,2.6667,0.1082,10.41,0.010396,de_Gerlache,67.9,False,Background,
-86.375,47.625,5,2.4,0.1974,19.02,0.010378,Nobile,38.5,False,Background,
-85.125,337.625,3,2.6667,0.1082,10.43,0.01037,Cabeus,57.1,False,Background,
-87.125,310.875,3,2.6667,0.1082,10.45,0.010358,de_Gerlache,57.3,False,Background,
-85.875,15.625,3,2.6667,0.1082,10.45,0.010357,Haworth,59.4,False,Background,
-89.375,182.375,4,2.75,0.0803,7.76,0.010356,Shackleton,15.2,False,Background,
-89.375,108.625,3,2.3333,0.2197,21.24,0.01034,Shackleton,10.2,True,Background,confirmed within Shackleton PSR boundary
-87.625,230.625,8,2.625,0.1221,11.82,0.01033,de_Gerlache,47.7,False,Background,
-85.125,168.625,4,2.75,0.0803,7.78,0.010325,Sverdrup,91.1,False,Background,
-86.375,83.375,4,2.75,0.0803,7.8,0.010298,Faustini,25.0,False,Background,
-85.875,51.875,8,2.625,0.1221,11.9,0.010261,Nobile,21.4,True,Background,confirmed within Nobile PSR boundary
-88.375,356.375,4,2.75,0.0803,7.83,0.010258,Haworth,27.5,False,Background,
-89.625,144.875,6,2.3333,0.2197,21.42,0.010254,Shackleton,3.2,True,Background,confirmed within Shackleton PSR boundary
-88.375,173.875,4,2.75,0.0803,7.84,0.010248,Sverdrup,23.2,False,Background,
-86.125,349.125,3,2.6667,0.1082,10.56,0.010242,Haworth,42.1,False,Background,
-85.125,351.125,3,2.6667,0.1082,10.56,0.010242,Haworth,71.5,False,Background,
-89.125,162.125,8,2.75,0.0803,7.86,0.010214,Shackleton,18.9,False,Background,
-89.625,145.375,3,2.3333,0.2197,21.52,0.010207,Shackleton,3.3,True,Background,confirmed within Shackleton PSR boundary
-85.625,353.125,7,2.4286,0.1878,18.41,0.010201,Haworth,56.1,False,Background,
-85.375,169.625,4,2.75,0.0803,7.88,0.0102,Sverdrup,84.2,False,Background,
-88.125,63.375,4,2.5,0.1639,16.09,0.010191,Faustini,36.9,False,Background,
-87.125,338.875,3,2.6667,0.1082,10.63,0.010177,Haworth,25.6,False,Background,
-85.375,191.375,7,2.8571,0.0445,4.38,0.010167,Sverdrup,100.5,False,Background,
-86.875,4.125,3,2.3333,0.2197,21.61,0.010164,Haworth,22.3,True,Background,confirmed within Haworth PSR boundary
-86.375,21.375,3,2.6667,0.1082,10.65,0.010164,Haworth,53.0,False,Background,
-88.625,34.625,6,2.5,0.1639,16.14,0.010157,Shackleton,43.7,False,Background,
-88.875,322.625,12,2.5833,0.1361,13.4,0.010152,de_Gerlache,39.2,False,Background,
-86.375,313.625,9,2.7778,0.071,7.0,0.010149,Cabeus,45.1,True,Background,confirmed within Cabeus PSR boundary
-87.375,105.125,3,2.6667,0.1082,10.66,0.010148,Faustini,31.6,False,Background,
-88.375,34.875,12,2.6667,0.1082,10.68,0.010131,Haworth,49.8,False,Background,
-85.875,1.875,4,2.5,0.1639,16.2,0.010118,Haworth,49.6,False,Background,
-85.375,146.625,9,2.4444,0.1825,18.04,0.010117,Sverdrup,80.2,False,Background,
-89.125,1.375,3,2.6667,0.1082,10.7,0.010117,Shackleton,33.6,False,Background,
-88.375,354.625,4,2.75,0.0803,7.94,0.010116,Haworth,27.5,False,Background,
-86.875,59.875,4,2.5,0.1639,16.22,0.010106,Faustini,37.6,False,Background,
-89.375,21.375,3,2.6667,0.1082,10.71,0.010106,Shackleton,24.0,False,Background,
-87.625,120.375,6,2.8333,0.0525,5.2,0.010098,Sverdrup,38.3,False,Background,
-89.375,6.375,9,2.6667,0.1082,10.73,0.01008,Shackleton,25.8,False,Background,
-85.375,218.875,4,2.75,0.0803,7.97,0.01008,de_Gerlache,117.1,False,Background,
-88.125,89.125,3,2.6667,0.1082,10.74,0.010078,Faustini,28.9,False,Background,
-86.625,223.375,4,2.75,0.0803,7.98,0.01007,de_Gerlache,78.7,False,Background,
-89.625,134.625,5,2.6,0.1305,12.97,0.010063,Shackleton,1.7,True,Background,confirmed within Shackleton PSR boundary
-86.375,178.625,7,2.8571,0.0445,4.43,0.010047,Sverdrup,61.6,False,Background,
-86.625,136.625,5,2.8,0.0636,6.34,0.01004,Sverdrup,47.0,False,Background,
-88.875,251.875,4,2.5,0.1639,16.33,0.010036,de_Gerlache,22.0,False,Background,
-89.625,229.375,3,2.6667,0.1082,10.79,0.010032,Shackleton,16.4,False,Background,
-88.625,304.125,3,2.6667,0.1082,10.8,0.01002,de_Gerlache,26.9,False,Background,
-85.625,147.375,4,2.5,0.1639,16.36,0.010019,Sverdrup,72.5,False,Background,
-88.125,305.625,3,2.6667,0.1082,10.8,0.010014,de_Gerlache,31.6,False,Background,
-85.375,144.875,4,2.5,0.1639,16.38,0.010009,Sverdrup,80.5,False,Background,
-88.375,41.625,5,2.8,0.0636,6.36,0.010005,Shackleton,49.9,False,Background,
-86.125,52.125,6,2.5,0.1639,16.39,0.010001,Nobile,28.8,True,Background,confirmed within Nobile PSR boundary
-85.875,71.625,7,2.5714,0.14,14.0,0.010001,Faustini,45.3,False,Background,
-85.125,232.625,8,2.375,0.2057,20.58,0.009998,de_Gerlache,113.3,False,Background,
-89.375,307.625,5,2.8,0.0636,6.36,0.009998,Shackleton,29.0,False,Background,
-88.375,136.375,19,2.7895,0.0671,6.71,0.009997,Sverdrup,19.1,False,Background,
-85.875,94.125,3,2.6667,0.1082,10.83,0.009987,Faustini,44.7,False,Background,
-87.875,166.625,5,2.8,0.0636,6.37,0.009985,Sverdrup,15.8,True,Background,confirmed within Sverdrup PSR boundary
-89.375,297.125,8,2.75,0.0803,8.05,0.009984,Shackleton,28.8,False,Background,
-89.375,153.875,6,2.5,0.1639,16.43,0.009976,Shackleton,10.7,False,Background,
-88.875,213.375,7,2.5714,0.14,14.07,0.009951,Shackleton,34.5,False,Background,
-87.875,122.625,4,2.75,0.0803,8.07,0.009951,Sverdrup,32.4,False,Background,
-87.625,226.875,6,2.6667,0.1082,10.89,0.009939,de_Gerlache,51.0,False,Background,
-88.125,240.125,3,2.6667,0.1082,10.89,0.009937,de_Gerlache,30.1,False,Background,
-87.625,216.125,7,2.7143,0.0923,9.29,0.009935,de_Gerlache,60.5,False,Background,
-85.875,311.375,5,2.8,0.0636,6.41,0.009925,Cabeus,31.6,True,Background,confirmed within Cabeus PSR boundary
-87.625,308.125,3,2.6667,0.1082,10.92,0.009907,de_Gerlache,43.1,False,Background,
-86.375,3.375,7,2.7143,0.0923,9.32,0.0099,Haworth,35.6,False,Background,
-85.625,219.125,5,2.8,0.0636,6.43,0.0099,de_Gerlache,109.8,False,Background,
-88.625,308.625,3,2.6667,0.1082,10.93,0.009895,de_Gerlache,30.2,False,Background,
-88.875,219.375,6,2.6667,0.1082,10.95,0.009879,Shackleton,35.5,False,Background,
-88.125,33.625,11,2.8182,0.0575,5.83,0.009872,Haworth,47.7,False,Background,
-85.875,339.375,4,2.5,0.1639,16.62,0.009861,Haworth,55.5,False,Background,
-85.375,20.875,4,2.5,0.1639,16.63,0.009858,Haworth,78.3,False,Background,
-89.125,26.125,5,2.6,0.1305,13.24,0.009853,Shackleton,30.4,False,Background,
-86.625,312.125,3,2.6667,0.1082,11.02,0.009822,Cabeus,53.0,False,Background,
-87.375,49.625,4,2.5,0.1639,16.7,0.009814,Faustini,47.8,False,Background,
-87.875,80.375,3,2.6667,0.1082,11.03,0.009813,Faustini,20.8,True,Background,confirmed within Faustini PSR boundary
-85.875,36.375,6,2.5,0.1639,16.73,0.0098,Nobile,45.5,False,Background,
-89.375,185.375,4,2.75,0.0803,8.2,0.009793,Shackleton,15.7,False,Background,
-87.625,204.625,3,2.6667,0.1082,11.05,0.009792,Sverdrup,59.2,False,Background,
-87.625,227.125,6,2.6667,0.1082,11.05,0.009791,de_Gerlache,50.8,False,Background,
-86.625,311.625,3,2.6667,0.1082,11.06,0.009783,Cabeus,53.2,False,Background,
-86.125,200.625,4,2.75,0.0803,8.21,0.009781,Sverdrup,89.3,False,Background,
-85.375,24.875,7,2.4286,0.1878,19.22,0.009774,Nobile,71.0,False,Background,
-86.125,231.125,7,2.8571,0.0445,4.55,0.009772,de_Gerlache,85.9,False,Background,
-85.625,289.875,4,2.75,0.0803,8.23,0.009766,Cabeus,68.3,False,Background,
-86.125,69.625,5,2.6,0.1305,13.37,0.009762,Faustini,40.3,False,Background,
-85.375,255.875,5,2.8,0.0636,6.52,0.009762,de_Gerlache,92.7,False,Background,
-89.375,288.625,3,2.6667,0.1082,11.09,0.009758,Shackleton,28.5,False,Background,
-87.375,69.625,4,2.75,0.0803,8.24,0.009752,Faustini,20.2,True,Background,confirmed within Faustini PSR boundary
-85.875,105.875,4,2.75,0.0803,8.24,0.009748,Faustini,57.0,False,Background,
-89.125,340.625,4,2.75,0.0803,8.24,0.009746,Shackleton,35.5,False,Background,
-85.625,42.625,6,2.5,0.1639,16.84,0.009737,Nobile,29.7,True,Background,confirmed within Nobile PSR boundary
-88.375,140.375,15,2.8,0.0636,6.53,0.009735,Sverdrup,16.2,True,Background,confirmed within Sverdrup PSR boundary
-87.375,259.625,3,2.6667,0.1082,11.13,0.009724,de_Gerlache,32.0,False,Background,
-88.625,35.125,14,2.5,0.1639,16.88,0.009713,Shackleton,43.6,False,Background,
-87.875,124.125,3,2.6667,0.1082,11.14,0.009713,Sverdrup,30.9,False,Background,
-88.125,122.875,5,2.8,0.0636,6.56,0.009699,Sverdrup,30.3,False,Background,
-88.875,172.125,8,2.75,0.0803,8.28,0.009698,Shackleton,27.6,False,Background,
-86.375,69.125,4,2.75,0.0803,8.28,0.009697,Faustini,34.5,False,Background,
-88.125,73.125,3,2.6667,0.1082,11.16,0.009695,Faustini,30.6,False,Background,
-85.375,340.875,5,2.6,0.1305,13.48,0.009683,Cabeus,65.0,False,Background,
-85.625,162.375,4,2.75,0.0803,8.3,0.009683,Sverdrup,73.7,False,Background,
-86.125,22.125,3,2.6667,0.1082,11.18,0.00968,Haworth,60.0,False,Background,
-86.875,14.375,3,2.6667,0.1082,11.19,0.009669,Haworth,33.5,False,Background,
-85.375,332.125,4,2.75,0.0803,8.31,0.009669,Cabeus,43.7,True,Background,confirmed within Cabeus PSR boundary
-89.375,140.375,6,2.3333,0.2197,22.75,0.009657,Shackleton,9.3,True,Background,confirmed within Shackleton PSR boundary
-85.625,77.625,5,2.6,0.1305,13.52,0.009652,Faustini,48.9,False,Background,
-87.375,174.125,3,2.6667,0.1082,11.22,0.00964,Sverdrup,32.2,False,Background,
-88.625,124.625,3,2.6667,0.1082,11.23,0.009636,Sverdrup,30.8,False,Background,
-87.125,334.625,3,2.6667,0.1082,11.24,0.00963,Haworth,31.2,False,Background,
-88.875,207.125,19,2.5263,0.1551,16.11,0.009628,Shackleton,33.4,False,Background,
-86.375,4.875,3,2.6667,0.1082,11.24,0.009626,Haworth,36.5,False,Background,
-88.125,212.125,7,2.8571,0.0445,4.63,0.009613,de_Gerlache,53.9,False,Background,
-86.125,122.625,5,2.8,0.0636,6.62,0.009605,Sverdrup,71.6,False,Background,
-86.625,127.125,7,2.5714,0.14,14.59,0.0096,Sverdrup,54.2,False,Background,
-86.875,210.375,3,2.6667,0.1082,11.29,0.009585,Sverdrup,80.9,False,Background,
-86.125,12.375,3,2.6667,0.1082,11.29,0.00958,Haworth,49.5,False,Background,
-87.875,246.375,3,2.6667,0.1082,11.3,0.009577,de_Gerlache,28.9,False,Background,
-89.625,284.125,3,2.6667,0.1082,11.3,0.009577,Shackleton,20.9,False,Background,
-88.625,168.375,3,2.6667,0.1082,11.3,0.009574,Sverdrup,23.5,False,Background,
-86.125,323.875,3,2.6667,0.1082,11.31,0.00957,Cabeus,41.5,True,Background,confirmed within Cabeus PSR boundary
-89.125,328.375,5,2.6,0.1305,13.64,0.009565,Shackleton,36.1,False,Background,
-86.625,49.875,6,2.3333,0.2197,22.98,0.009559,Nobile,44.5,False,Background,
-86.125,71.875,4,2.5,0.1639,17.16,0.009555,Faustini,38.1,False,Background,
-89.125,19.125,5,2.8,0.0636,6.66,0.009553,Shackleton,31.4,False,Background,
-89.375,202.875,4,2.75,0.0803,8.41,0.00955,Shackleton,18.7,False,Background,
-85.375,72.125,3,2.6667,0.1082,11.34,0.009541,Nobile,46.6,False,Background,
-89.375,160.625,7,2.5714,0.14,14.68,0.00954,Shackleton,11.6,False,Background,
-89.375,167.375,3,2.6667,0.1082,11.34,0.009538,Shackleton,12.7,False,Background,
-86.625,316.625,5,2.6,0.1305,13.69,0.009531,Cabeus,52.3,False,Background,
-85.625,152.875,3,2.6667,0.1082,11.37,0.00952,Sverdrup,72.0,False,Background,
-85.375,342.875,4,2.75,0.0803,8.44,0.009514,Haworth,67.4,False,Background,
-86.625,137.125,7,2.8571,0.0445,4.68,0.009508,Sverdrup,46.7,False,Background,
-89.375,239.125,3,2.6667,0.1082,11.39,0.009498,Shackleton,24.2,False,Background,
-88.875,213.875,7,2.5714,0.14,14.75,0.009493,Shackleton,34.6,False,Background,
-89.625,313.375,4,2.75,0.0803,8.46,0.009493,Shackleton,21.4,False,Background,
-88.375,356.875,4,2.75,0.0803,8.47,0.009488,Haworth,27.5,False,Background,
-85.625,359.625,4,2.5,0.1639,17.28,0.009487,Haworth,56.5,False,Background,
-87.875,348.375,4,2.75,0.0803,8.47,0.009485,Haworth,15.0,True,Background,confirmed within Haworth PSR boundary
-86.125,213.875,4,2.75,0.0803,8.47,0.00948,de_Gerlache,100.4,False,Background,
-89.375,153.125,6,2.5,0.1639,17.32,0.009466,Shackleton,10.6,False,Background,
-85.875,44.125,9,2.4444,0.1825,19.29,0.009464,Nobile,30.6,True,Background,confirmed within Nobile PSR boundary
-86.375,136.625,4,2.75,0.0803,8.49,0.009463,Sverdrup,54.2,False,Background,
-87.875,81.375,3,2.6667,0.1082,11.43,0.009462,Faustini,20.6,True,Background,confirmed within Faustini PSR boundary
-88.625,211.125,5,2.8,0.0636,6.74,0.009439,Shackleton,41.4,False,Background,
-85.625,280.375,4,2.75,0.0803,8.53,0.009418,de_Gerlache,82.9,False,Background,
-89.375,179.125,4,2.75,0.0803,8.54,0.00941,Shackleton,14.6,False,Background,
-86.875,111.875,4,2.75,0.0803,8.54,0.00941,Faustini,45.4,False,Background,
-86.625,240.125,4,2.75,0.0803,8.56,0.009385,de_Gerlache,65.1,False,Background,
-87.625,52.125,4,2.5,0.1639,17.47,0.009382,Faustini,43.9,False,Background,
-85.375,35.875,4,2.75,0.0803,8.56,0.009381,Nobile,44.3,False,Background,
-85.875,235.875,5,2.6,0.1305,13.93,0.009371,de_Gerlache,89.3,False,Background,
-89.375,134.125,3,2.3333,0.2197,23.45,0.009369,Shackleton,9.0,True,Background,confirmed within Shackleton PSR boundary
-86.125,142.375,4,2.75,0.0803,8.58,0.009368,Sverdrup,58.8,False,Background,
-89.375,130.625,3,2.3333,0.2197,23.46,0.009364,Shackleton,9.0,True,Background,confirmed within Shackleton PSR boundary
-86.625,5.875,5,2.6,0.1305,13.95,0.009356,Haworth,30.4,False,Background,
-86.875,110.625,4,2.75,0.0803,8.59,0.009356,Faustini,43.6,False,Background,
-86.875,63.875,4,2.75,0.0803,8.59,0.009349,Faustini,31.7,False,Background,
-85.625,178.375,4,2.5,0.1639,17.56,0.009338,Sverdrup,82.5,False,Background,
-87.375,72.875,3,2.6667,0.1082,11.6,0.009328,Faustini,15.8,True,Background,confirmed within Faustini PSR boundary
-89.375,108.125,5,2.4,0.1974,21.17,0.009324,Shackleton,10.3,True,Background,confirmed within Shackleton PSR boundary
-87.125,164.375,4,2.75,0.0803,8.62,0.009324,Sverdrup,30.5,False,Background,
-87.625,311.625,4,2.25,0.2475,26.57,0.009318,de_Gerlache,46.2,False,Background,
-86.375,80.875,4,2.75,0.0803,8.62,0.009316,Faustini,25.3,False,Background,
-88.375,172.625,5,2.8,0.0636,6.83,0.009311,Sverdrup,22.2,False,Background,
-88.125,147.375,3,2.6667,0.1082,11.62,0.009309,Sverdrup,6.5,True,Background,confirmed within Sverdrup PSR boundary
-88.375,132.125,3,2.6667,0.1082,11.63,0.009303,Sverdrup,22.4,False,Background,
-89.625,41.875,3,2.6667,0.1082,11.64,0.009295,Shackleton,14.8,False,Background,
-85.375,152.125,3,2.6667,0.1082,11.64,0.009294,Sverdrup,79.6,False,Background,
-85.125,52.875,4,2.75,0.0803,8.65,0.009285,Nobile,2.4,True,Background,confirmed within Nobile PSR boundary
-85.875,80.625,5,2.6,0.1305,14.06,0.009284,Faustini,40.5,False,Background,
-87.875,35.375,5,2.8,0.0636,6.88,0.009245,Haworth,49.7,False,Background,
-87.125,47.625,4,2.75,0.0803,8.69,0.009241,Faustini,52.7,False,Background,
-87.875,110.875,3,2.6667,0.1082,11.72,0.009236,Faustini,40.8,False,Background,
-86.375,23.875,3,2.6667,0.1082,11.72,0.009235,Haworth,56.1,False,Background,
-88.375,177.375,4,2.75,0.0803,8.7,0.00923,Sverdrup,26.1,False,Background,
-85.375,235.125,4,2.5,0.1639,17.77,0.009228,de_Gerlache,104.3,False,Background,
-89.125,185.625,10,2.8,0.0636,6.9,0.009217,Shackleton,22.5,False,Background,
-86.625,298.125,4,2.75,0.0803,8.73,0.009205,de_Gerlache,61.1,False,Background,
-85.625,291.375,4,2.75,0.0803,8.74,0.009196,Cabeus,64.9,False,Background,
-88.625,69.875,5,2.6,0.1305,14.19,0.009194,Shackleton,37.6,False,Background,
-88.875,153.125,4,2.75,0.0803,8.74,0.009194,Shackleton,25.3,False,Background,
-85.125,60.625,3,2.6667,0.1082,11.77,0.00919,Nobile,18.2,True,Background,confirmed within Nobile PSR boundary
-88.125,89.875,3,2.6667,0.1082,11.79,0.009175,Faustini,29.2,False,Background,
-86.625,57.375,5,2.8,0.0636,6.94,0.009165,Nobile,44.6,False,Background,
-86.875,297.625,3,2.6667,0.1082,11.82,0.009157,de_Gerlache,53.8,False,Background,
-89.375,150.875,6,2.5,0.1639,17.93,0.009142,Shackleton,10.3,True,Background,confirmed within Shackleton PSR boundary
-87.375,270.125,3,2.6667,0.1082,11.85,0.009133,de_Gerlache,29.0,False,Background,
-85.625,146.875,5,2.6,0.1305,14.29,0.009131,Sverdrup,72.6,False,Background,
-85.375,152.625,3,2.6667,0.1082,11.86,0.009122,Sverdrup,79.6,False,Background,
-87.875,134.875,3,2.6667,0.1082,11.87,0.009116,Sverdrup,19.5,False,Background,
-87.875,72.375,4,2.75,0.0803,8.81,0.009116,Faustini,24.8,False,Background,
-88.125,132.125,3,2.6667,0.1082,11.88,0.009108,Sverdrup,21.1,False,Background,
-88.875,133.375,4,2.75,0.0803,8.83,0.009101,Shackleton,24.1,False,Background,
-88.875,217.625,6,2.6667,0.1082,11.89,0.0091,Shackleton,35.2,False,Background,
-86.875,45.375,4,2.75,0.0803,8.83,0.009096,Nobile,54.1,False,Background,
-89.375,343.375,5,2.8,0.0636,7.0,0.009087,Shackleton,27.8,False,Background,
-88.875,354.375,6,2.5,0.1639,18.05,0.009082,Shackleton,41.8,False,Background,
-87.375,31.375,8,2.75,0.0803,8.86,0.009071,Haworth,48.4,False,Background,
-89.125,359.375,5,2.8,0.0636,7.02,0.00906,Shackleton,33.9,False,Background,
-87.625,47.125,3,2.6667,0.1082,11.96,0.00905,Faustini,50.2,False,Background,
-86.125,127.625,3,2.6667,0.1082,11.97,0.009039,Sverdrup,67.5,False,Background,
-85.125,319.375,4,2.75,0.0803,8.89,0.009036,Cabeus,11.2,True,Background,confirmed within Cabeus PSR boundary
-87.375,11.125,4,2.5,0.1639,18.17,0.009021,Haworth,21.7,True,Background,confirmed within Haworth PSR boundary
-85.625,238.125,4,2.5,0.1639,18.19,0.009011,de_Gerlache,94.9,False,Background,
-85.125,72.875,4,2.75,0.0803,8.91,0.009011,Nobile,49.4,False,Background,
-87.625,43.125,3,2.6667,0.1082,12.05,0.00898,Faustini,55.2,False,Background,
-89.375,198.125,3,2.6667,0.1082,12.06,0.00897,Shackleton,17.9,False,Background,
-89.125,349.875,12,2.5833,0.1361,15.18,0.008966,Shackleton,34.8,False,Background,
-89.625,123.375,3,2.6667,0.1082,12.07,0.008966,Shackleton,1.8,True,Background,confirmed within Shackleton PSR boundary
-87.125,119.625,4,2.75,0.0803,8.97,0.008951,Sverdrup,49.0,False,Background,
-86.875,183.875,5,2.8,0.0636,7.11,0.008951,Sverdrup,53.3,False,Background,
-87.625,181.125,4,2.75,0.0803,8.98,0.008946,Sverdrup,34.6,False,Background,
-88.125,67.375,5,2.6,0.1305,14.59,0.008945,Faustini,34.0,False,Background,
-87.125,138.625,5,2.8,0.0636,7.11,0.008942,Sverdrup,31.8,False,Background,
-88.875,117.125,3,2.6667,0.1082,12.1,0.008938,Shackleton,24.4,False,Background,
-86.875,84.375,3,2.6667,0.1082,12.12,0.008926,Faustini,10.0,True,Background,confirmed within Faustini PSR boundary
-86.125,30.625,5,2.6,0.1305,14.63,0.008922,Nobile,59.4,False,Background,
-85.125,64.375,4,2.75,0.0803,9.0,0.008922,Nobile,27.8,True,Background,confirmed within Nobile PSR boundary
-87.125,153.625,6,2.8333,0.0525,5.88,0.008921,Sverdrup,26.6,False,Background,
-88.125,214.375,39,2.8462,0.0482,5.41,0.008897,de_Gerlache,52.1,False,Background,
-85.375,240.125,4,2.75,0.0803,9.04,0.008881,de_Gerlache,100.9,False,Background,
-89.375,4.625,13,2.6154,0.1253,14.12,0.00888,Shackleton,26.0,False,Background,
-89.125,7.625,5,2.8,0.0636,7.16,0.00888,Shackleton,32.9,False,Background,
-87.625,47.875,3,2.6667,0.1082,12.2,0.008872,Faustini,49.2,False,Background,
-87.625,81.875,3,2.6667,0.1082,12.21,0.008862,Faustini,13.0,True,Background,confirmed within Faustini PSR boundary
-88.625,135.875,4,2.75,0.0803,9.06,0.008862,Sverdrup,23.9,False,Background,
-87.625,225.875,5,2.8,0.0636,7.18,0.008856,de_Gerlache,51.9,False,Background,
-85.625,225.625,5,2.8,0.0636,7.19,0.008842,de_Gerlache,104.4,False,Background,
-86.375,16.375,3,2.6667,0.1082,12.24,0.008841,Haworth,47.2,False,Background,
-88.875,212.375,5,2.6,0.1305,14.76,0.008839,Shackleton,34.3,False,Background,
-87.125,142.875,6,2.8333,0.0525,5.94,0.008835,Sverdrup,29.2,False,Background,
-86.125,146.125,5,2.8,0.0636,7.21,0.00882,Sverdrup,57.6,False,Background,
-85.375,338.875,8,2.625,0.1221,13.86,0.008813,Cabeus,60.1,False,Background,
-88.875,131.375,4,2.75,0.0803,9.13,0.008801,Shackleton,24.1,False,Background,
-85.125,185.875,4,2.5,0.1639,18.64,0.008795,Sverdrup,102.7,False,Background,
-85.625,340.125,5,2.6,0.1305,14.84,0.008792,Haworth,62.0,False,Background,
-87.625,42.625,3,2.6667,0.1082,12.31,0.00879,Faustini,55.8,False,Background,
-87.875,313.625,34,2.5882,0.1344,15.3,0.008788,de_Gerlache,42.9,False,Background,
-85.625,288.625,5,2.8,0.0636,7.24,0.008783,Cabeus,71.2,False,Background,
-86.125,98.625,4,2.75,0.0803,9.15,0.00878,Faustini,42.1,False,Background,
-86.375,2.125,5,2.8,0.0636,7.25,0.008777,Haworth,34.9,False,Background,
-85.125,162.125,3,2.6667,0.1082,12.34,0.008772,Sverdrup,88.6,False,Background,
-88.875,40.875,5,2.6,0.1305,14.9,0.008759,Shackleton,35.3,False,Background,
-86.625,14.125,3,2.6667,0.1082,12.37,0.008745,Haworth,38.6,False,Background,
-87.875,213.875,25,2.68,0.1037,11.89,0.008723,de_Gerlache,57.2,False,Background,
-89.625,152.875,4,2.25,0.2475,28.42,0.008711,Shackleton,4.5,True,Background,confirmed within Shackleton PSR boundary
-87.375,52.875,3,2.6667,0.1082,12.42,0.00871,Faustini,43.4,False,Background,
-87.125,351.625,3,2.6667,0.1082,12.43,0.008707,Haworth,11.7,True,Background,confirmed within Haworth PSR boundary
-86.375,45.875,5,2.2,0.2643,30.41,0.00869,Nobile,40.0,False,Background,
-86.375,143.625,10,2.8,0.0636,7.32,0.008689,Sverdrup,50.9,False,Background,
-87.375,170.125,3,2.6667,0.1082,12.46,0.008685,Sverdrup,28.5,False,Background,
-89.375,194.125,6,2.6667,0.1082,12.47,0.008676,Shackleton,17.2,False,Background,
-86.875,104.875,3,2.6667,0.1082,12.5,0.008655,Faustini,35.1,False,Background,
-87.375,183.125,5,2.8,0.0636,7.36,0.008645,Sverdrup,41.3,False,Background,
-85.375,217.375,5,2.8,0.0636,7.36,0.008645,de_Gerlache,118.4,False,Background,
-89.875,61.375,3,2.3333,0.2197,25.42,0.008641,Shackleton,9.3,True,Background,confirmed within Shackleton PSR boundary
-88.625,296.125,3,2.6667,0.1082,12.52,0.008639,de_Gerlache,21.2,False,Background,
-85.375,358.375,10,2.8,0.0636,7.37,0.008628,Haworth,63.8,False,Background,
-87.875,327.125,3,2.6667,0.1082,12.54,0.008626,Haworth,36.4,False,Background,
-86.625,223.875,4,2.75,0.0803,9.32,0.008615,de_Gerlache,78.2,False,Background,
-87.125,91.375,3,2.6667,0.1082,12.57,0.008609,Faustini,12.4,True,Background,confirmed within Faustini PSR boundary
-89.125,28.375,5,2.6,0.1305,15.17,0.0086,Shackleton,30.1,False,Background,
-88.375,119.375,3,2.6667,0.1082,12.58,0.008599,Sverdrup,33.2,False,Background,
-86.375,313.375,5,2.8,0.0636,7.4,0.008596,Cabeus,45.1,True,Background,confirmed within Cabeus PSR boundary
-89.125,197.375,6,2.6667,0.1082,12.6,0.008589,Shackleton,24.6,False,Background,
-88.125,213.625,12,2.8333,0.0525,6.11,0.008589,de_Gerlache,52.7,False,Background,
-89.625,293.125,3,2.6667,0.1082,12.61,0.008581,Shackleton,21.2,False,Background,
-85.875,209.375,7,2.8571,0.0445,5.19,0.008581,Sverdrup,105.0,False,Background,
-88.375,313.875,8,2.75,0.0803,9.36,0.008578,de_Gerlache,35.7,False,Background,
-87.875,302.625,5,2.8,0.0636,7.42,0.00857,de_Gerlache,33.2,False,Background,
-85.875,178.875,5,2.8,0.0636,7.42,0.00857,Sverdrup,75.7,False,Background,
-87.875,300.375,5,2.8,0.0636,7.42,0.008569,de_Gerlache,31.2,False,Background,
-88.125,59.875,4,2.75,0.0803,9.38,0.008565,Faustini,39.7,False,Background,
-88.875,313.375,5,2.8,0.0636,7.43,0.00856,de_Gerlache,33.7,False,Background,
-89.375,341.625,5,2.8,0.0636,7.45,0.008544,Shackleton,27.9,False,Background,
-85.375,34.625,4,2.75,0.0803,9.4,0.008542,Nobile,47.3,False,Background,
-87.875,230.375,3,2.6667,0.1082,12.67,0.008539,de_Gerlache,42.9,False,Background,
-88.875,21.625,4,2.75,0.0803,9.42,0.008524,Shackleton,38.4,False,Background,
-85.125,343.625,4,2.75,0.0803,9.44,0.008505,Cabeus,72.4,False,Background,
-85.125,55.875,4,2.75,0.0803,9.45,0.0085,Nobile,6.2,True,Background,confirmed within Nobile PSR boundary
-87.125,7.875,5,2.6,0.1305,15.39,0.008479,Haworth,20.7,True,Background,confirmed within Haworth PSR boundary
-89.375,175.625,8,2.75,0.0803,9.48,0.008475,Shackleton,14.0,False,Background,
-85.875,80.875,3,2.6667,0.1082,12.77,0.008474,Faustini,40.4,False,Background,
-85.375,177.125,5,2.4,0.1974,23.3,0.008472,Sverdrup,88.8,False,Background,
-87.375,64.375,4,2.75,0.0803,9.48,0.00847,Faustini,27.5,False,Background,
-87.375,54.875,3,2.6667,0.1082,12.79,0.008462,Faustini,40.6,False,Background,
-88.875,350.875,4,2.5,0.1639,19.4,0.008448,Shackleton,42.1,False,Background,
-89.625,273.375,5,2.6,0.1305,15.45,0.008446,Shackleton,20.3,False,Background,
-88.625,41.625,6,2.6667,0.1082,12.83,0.008435,Shackleton,42.5,False,Background,
-86.875,83.875,3,2.6667,0.1082,12.83,0.008431,Faustini,9.9,True,Background,confirmed within Faustini PSR boundary
-87.625,22.125,4,2.75,0.0803,9.53,0.008425,Haworth,34.8,False,Background,
-85.625,320.625,5,2.8,0.0636,7.56,0.008418,Cabeus,24.8,True,Background,confirmed within Cabeus PSR boundary
-88.625,314.625,15,2.6667,0.1082,12.85,0.008417,de_Gerlache,34.6,False,Background,
-89.125,180.375,5,2.8,0.0636,7.56,0.008416,Shackleton,21.7,False,Background,
-89.375,345.875,6,2.8333,0.0525,6.23,0.008416,Shackleton,27.7,False,Background,
-86.375,112.875,5,2.8,0.0636,7.56,0.008415,Faustini,55.3,False,Background,
-87.125,2.375,3,2.6667,0.1082,12.87,0.008408,Haworth,14.5,True,Background,confirmed within Haworth PSR boundary
-89.375,295.875,5,2.8,0.0636,7.57,0.008404,Shackleton,28.8,False,Background,
-88.125,358.875,4,2.5,0.1639,19.54,0.008389,Haworth,20.3,True,Background,confirmed within Haworth PSR boundary
-89.875,69.375,4,2.25,0.2475,29.51,0.008387,Shackleton,8.8,True,Background,confirmed within Shackleton PSR boundary
-87.125,267.875,3,2.6667,0.1082,12.91,0.008379,de_Gerlache,36.9,False,Background,
-85.375,195.375,3,2.6667,0.1082,12.92,0.008372,Sverdrup,104.3,False,Background,
-85.125,349.875,7,2.7143,0.0923,11.02,0.00837,Haworth,71.8,False,Background,
-85.125,169.125,5,2.8,0.0636,7.6,0.00837,Sverdrup,91.4,False,Background,
-87.875,67.875,3,2.6667,0.1082,12.93,0.008368,Faustini,28.5,False,Background,
-88.375,6.375,4,2.75,0.0803,9.6,0.008368,Haworth,29.9,False,Background,
-89.125,201.625,3,2.6667,0.1082,12.94,0.008363,Shackleton,25.3,False,Background,
-88.125,81.125,4,2.75,0.0803,9.61,0.008362,Faustini,28.2,False,Background,
-86.375,60.375,3,2.6667,0.1082,12.95,0.008355,Nobile,39.3,False,Background,
-85.375,246.125,4,2.5,0.1639,19.62,0.008354,de_Gerlache,97.2,False,Background,
-89.125,196.625,13,2.6923,0.0996,11.93,0.008352,Shackleton,24.5,False,Background,
-85.625,247.625,3,2.6667,0.1082,12.99,0.00833,de_Gerlache,89.0,False,Background,
-88.625,141.375,9,2.7778,0.071,8.54,0.008319,Sverdrup,21.3,False,Background,
-89.125,168.125,9,2.7778,0.071,8.54,0.008317,Shackleton,19.7,False,Background,
-87.125,69.875,4,2.75,0.0803,9.66,0.008315,Faustini,20.2,True,Background,confirmed within Faustini PSR boundary
-87.625,76.625,3,2.6667,0.1082,13.03,0.008306,Faustini,15.7,True,Background,confirmed within Faustini PSR boundary
-87.625,208.375,5,2.8,0.0636,7.66,0.0083,Sverdrup,63.0,False,Background,
-88.375,77.375,6,2.5,0.1639,19.78,0.008287,Faustini,36.2,False,Background,
-87.875,134.625,3,2.6667,0.1082,13.07,0.008281,Sverdrup,19.8,False,Background,
-86.125,294.375,4,2.75,0.0803,9.72,0.008265,Cabeus,62.7,False,Background,
-89.625,84.625,3,2.3333,0.2197,26.58,0.008264,Shackleton,8.3,True,Background,confirmed within Shackleton PSR boundary
-85.875,50.875,3,2.6667,0.1082,13.1,0.00826,Nobile,22.0,True,Background,confirmed within Nobile PSR boundary
-85.625,59.875,6,2.6667,0.1082,13.11,0.008256,Nobile,20.5,True,Background,confirmed within Nobile PSR boundary
-88.625,176.375,6,2.6667,0.1082,13.11,0.008254,Sverdrup,28.1,False,Background,
-88.875,114.375,3,2.6667,0.1082,13.12,0.008247,Shackleton,24.6,False,Background,
-86.375,206.375,3,2.6667,0.1082,13.13,0.00824,Sverdrup,88.9,False,Background,
-85.875,50.125,5,2.6,0.1305,15.84,0.008238,Nobile,22.6,True,Background,confirmed within Nobile PSR boundary
-89.375,8.875,6,2.8333,0.0525,6.37,0.008238,Shackleton,25.5,False,Background,
-88.875,201.875,4,2.75,0.0803,9.75,0.008235,Shackleton,32.5,False,Background,
-86.875,86.125,3,2.6667,0.1082,13.15,0.008225,Faustini,10.8,True,Background,confirmed within Faustini PSR boundary
-89.125,351.625,8,2.625,0.1221,14.85,0.008222,Shackleton,34.6,False,Background,
-85.625,183.875,6,2.5,0.1639,19.95,0.008216,Sverdrup,86.8,False,Background,
-86.125,331.125,5,2.8,0.0636,7.75,0.008212,Cabeus,51.3,False,Background,
-89.875,130.375,3,2.3333,0.2197,26.76,0.00821,Shackleton,6.2,True,Background,confirmed within Shackleton PSR boundary
-85.375,233.125,10,2.6,0.1305,15.92,0.008199,de_Gerlache,105.7,False,Background,
-87.625,334.375,4,2.5,0.1639,20.01,0.008194,Haworth,27.4,False,Background,
-87.875,176.375,4,2.75,0.0803,9.81,0.00819,Sverdrup,26.1,False,Background,
-85.625,1.625,5,2.4,0.1974,24.11,0.008187,Haworth,57.0,False,Background,
-87.875,83.875,5,2.8,0.0636,7.78,0.008175,Faustini,20.5,True,Background,confirmed within Faustini PSR boundary
-87.625,343.875,3,2.6667,0.1082,13.24,0.008174,Haworth,15.6,True,Background,confirmed within Haworth PSR boundary
-87.375,73.375,3,2.6667,0.1082,13.25,0.008167,Faustini,15.1,True,Background,confirmed within Faustini PSR boundary
-86.875,319.625,6,2.6667,0.1082,13.3,0.008135,Haworth,55.3,False,Background,
-85.125,304.875,4,2.75,0.0803,9.89,0.008124,Cabeus,30.1,True,Background,confirmed within Cabeus PSR boundary
-85.625,29.625,4,2.5,0.1639,20.21,0.008113,Nobile,59.2,False,Background,
-89.375,162.625,11,2.6364,0.1183,14.59,0.008113,Shackleton,11.9,False,Background,
-88.875,320.125,7,2.7143,0.0923,11.38,0.00811,de_Gerlache,37.7,False,Background,
-86.125,350.375,3,2.6667,0.1082,13.34,0.008109,Haworth,41.6,False,Background,
-87.375,120.625,3,2.6667,0.1082,13.34,0.008108,Sverdrup,42.6,False,Background,
-86.875,76.625,3,2.6667,0.1082,13.36,0.0081,Faustini,14.3,True,Background,confirmed within Faustini PSR boundary
-85.125,19.625,4,2.5,0.1639,20.27,0.008088,Haworth,84.0,False,Background,
-85.375,79.375,4,2.75,0.0803,9.93,0.008086,Faustini,55.8,False,Background,
-86.625,321.875,4,2.75,0.0803,9.95,0.008074,Cabeus,53.9,False,Background,
-88.625,139.375,7,2.7143,0.0923,11.43,0.008073,Sverdrup,22.2,False,Background,
-85.375,29.125,4,2.75,0.0803,9.95,0.00807,Nobile,60.7,False,Background,
-86.125,75.875,3,2.6667,0.1082,13.41,0.008067,Faustini,35.0,False,Background,
-86.625,3.875,3,2.6667,0.1082,13.42,0.008062,Haworth,28.8,False,Background,
-86.125,8.125,7,2.5714,0.14,17.45,0.008024,Haworth,45.9,False,Background,
-88.625,144.125,5,2.8,0.0636,7.93,0.008018,Sverdrup,20.3,False,Background,
-86.625,54.625,4,2.75,0.0803,10.03,0.008007,Nobile,43.9,False,Background,
-88.875,33.625,3,2.6667,0.1082,13.54,0.007992,Shackleton,36.5,False,Background,
-87.375,315.875,4,2.75,0.0803,10.05,0.007989,Haworth,52.8,False,Background,
-88.625,300.375,3,2.6667,0.1082,13.56,0.00798,de_Gerlache,24.2,False,Background,
-86.375,36.625,4,2.75,0.0803,10.07,0.00798,Nobile,52.0,False,Background,
-87.875,230.875,3,2.6667,0.1082,13.6,0.007955,de_Gerlache,42.4,False,Background,
-88.625,178.375,4,2.75,0.0803,10.1,0.007953,Sverdrup,29.4,False,Background,
-88.875,42.875,3,2.6667,0.1082,13.61,0.007951,Shackleton,35.0,False,Background,
-86.375,72.625,3,2.6667,0.1082,13.62,0.007943,Faustini,30.8,False,Background,
-88.375,77.875,4,2.5,0.1639,20.65,0.00794,Faustini,36.1,False,Background,
-89.375,116.875,7,2.4286,0.1878,23.67,0.007936,Shackleton,9.4,True,Background,confirmed within Shackleton PSR boundary
-86.125,11.875,4,2.75,0.0803,10.12,0.007936,Haworth,49.1,False,Background,
-85.875,218.375,8,2.875,0.0385,4.86,0.007935,de_Gerlache,103.4,False,Background,
-85.375,237.375,5,2.6,0.1305,16.48,0.007918,de_Gerlache,102.7,False,Background,
-88.625,219.875,5,2.8,0.0636,8.03,0.007918,de_Gerlache,41.4,False,Background,
-85.875,72.875,4,2.5,0.1639,20.72,0.007913,Faustini,44.3,False,Background,
-87.375,53.625,3,2.6667,0.1082,13.68,0.007907,Faustini,42.4,False,Background,
-85.625,296.875,3,2.6667,0.1082,13.68,0.007907,Cabeus,52.4,False,Background,
-86.875,81.375,3,2.6667,0.1082,13.71,0.007891,Faustini,10.3,True,Background,confirmed within Faustini PSR boundary
-85.625,40.875,7,2.4286,0.1878,23.81,0.007887,Nobile,33.5,True,Background,confirmed within Nobile PSR boundary
-89.625,212.625,4,2.75,0.0803,10.19,0.007881,Shackleton,14.2,False,Background,
-88.625,134.125,4,2.75,0.0803,10.2,0.007879,Sverdrup,24.8,False,Background,
-85.375,60.375,6,2.5,0.1639,20.81,0.007877,Nobile,18.1,True,Background,confirmed within Nobile PSR boundary
-85.875,240.625,3,2.6667,0.1082,13.74,0.007876,de_Gerlache,86.0,False,Background,
-87.875,337.625,4,2.75,0.0803,10.2,0.007876,Haworth,24.9,True,Background,confirmed within Haworth PSR boundary
-89.625,87.125,3,2.3333,0.2197,27.96,0.007857,Shackleton,7.8,True,Background,confirmed within Shackleton PSR boundary
-89.375,180.875,5,2.8,0.0636,8.11,0.007844,Shackleton,14.9,False,Background,
-85.875,28.375,5,2.6,0.1305,16.7,0.007813,Nobile,62.5,False,Background,
-88.875,145.875,4,2.75,0.0803,10.29,0.007803,Shackleton,24.7,False,Background,
-88.375,33.625,13,2.6923,0.0996,12.78,0.007794,Haworth,48.8,False,Background,
-89.125,272.875,3,2.6667,0.1082,13.9,0.007785,de_Gerlache,24.1,False,Background,
-89.625,108.625,3,2.3333,0.2197,28.25,0.007777,Shackleton,4.1,True,Background,confirmed within Shackleton PSR boundary
-86.375,55.875,3,2.6667,0.1082,13.93,0.007769,Nobile,36.6,False,Background,
-87.125,357.875,4,2.75,0.0803,10.43,0.007705,Haworth,11.1,True,Background,confirmed within Haworth PSR boundary
-89.375,189.375,4,2.75,0.0803,10.44,0.007696,Shackleton,16.4,False,Background,
-85.375,40.875,6,2.5,0.1639,21.3,0.007695,Nobile,32.1,True,Background,confirmed within Nobile PSR boundary
-86.875,75.125,4,2.75,0.0803,10.44,0.007693,Faustini,16.1,True,Background,confirmed within Faustini PSR boundary
-85.375,62.125,4,2.75,0.0803,10.45,0.007689,Nobile,22.2,True,Background,confirmed within Nobile PSR boundary
-85.625,25.375,3,2.6667,0.1082,14.07,0.007688,Nobile,69.0,False,Background,
-86.625,326.625,3,2.6667,0.1082,14.09,0.007681,Haworth,50.8,False,Background,
-85.875,324.375,7,2.7143,0.0923,12.02,0.007677,Cabeus,35.9,True,Background,confirmed within Cabeus PSR boundary
-89.375,149.875,7,2.5714,0.14,18.25,0.007673,Shackleton,10.2,True,Background,confirmed within Shackleton PSR boundary
-88.625,266.125,4,2.75,0.0803,10.47,0.007669,de_Gerlache,10.1,True,Background,confirmed within de_Gerlache PSR boundary
-89.625,139.375,3,2.6667,0.1082,14.13,0.00766,Shackleton,2.3,True,Background,confirmed within Shackleton PSR boundary
-87.375,162.625,4,2.75,0.0803,10.49,0.007656,Sverdrup,22.6,False,Background,
-88.625,220.125,5,2.8,0.0636,8.31,0.007656,de_Gerlache,41.2,False,Background,
-88.875,111.125,4,2.75,0.0803,10.5,0.007652,Shackleton,24.8,False,Background,
-85.125,355.375,5,2.8,0.0636,8.32,0.007645,Haworth,71.1,False,Background,
-88.875,148.875,7,2.8571,0.0445,5.84,0.007623,Shackleton,24.9,False,Background,
-85.125,60.375,3,2.6667,0.1082,14.21,0.007616,Nobile,17.6,True,Background,confirmed within Nobile PSR boundary
-89.375,21.625,4,2.75,0.0803,10.55,0.007611,Shackleton,24.0,False,Background,
-86.875,347.375,3,2.6667,0.1082,14.22,0.007607,Haworth,21.6,True,Background,confirmed within Haworth PSR boundary
-85.875,330.625,3,2.6667,0.1082,14.24,0.0076,Cabeus,46.1,True,Background,confirmed within Cabeus PSR boundary
-86.125,130.625,7,2.8571,0.0445,5.86,0.007592,Sverdrup,65.3,False,Background,
-86.125,238.125,4,2.75,0.0803,10.59,0.007589,de_Gerlache,80.6,False,Background,
-86.875,80.625,3,2.6667,0.1082,14.3,0.007569,Faustini,10.7,True,Background,confirmed within Faustini PSR boundary
-87.375,214.625,9,2.8889,0.0339,4.48,0.007567,de_Gerlache,67.5,False,Background,
-86.875,53.875,4,2.75,0.0803,10.62,0.007564,Faustini,46.5,False,Background,
-85.375,305.625,3,2.6667,0.1082,14.31,0.00756,Cabeus,30.2,True,Background,confirmed within Cabeus PSR boundary
-88.875,25.125,4,2.75,0.0803,10.63,0.007556,Shackleton,37.9,False,Background,
-88.875,319.875,4,2.75,0.0803,10.64,0.007547,de_Gerlache,37.6,False,Background,
-87.875,64.125,3,2.6667,0.1082,14.38,0.007522,Faustini,32.0,False,Background,
-87.875,344.375,3,2.6667,0.1082,14.39,0.00752,Haworth,18.2,True,Background,confirmed within Haworth PSR boundary
-85.875,249.375,4,2.5,0.1639,21.81,0.007518,de_Gerlache,80.7,False,Background,
-88.875,207.875,13,2.6154,0.1253,16.68,0.007515,Shackleton,33.6,False,Background,
-85.625,2.875,5,2.4,0.1974,26.27,0.007513,Haworth,57.5,False,Background,
-86.125,76.125,6,2.6667,0.1082,14.42,0.007503,Faustini,34.9,False,Background,
-89.125,221.125,3,2.6667,0.1082,14.43,0.007496,Shackleton,28.6,False,Background,
-87.375,77.125,3,2.6667,0.1082,14.46,0.007481,Faustini,10.3,True,Background,confirmed within Faustini PSR boundary
-86.875,316.375,4,2.75,0.0803,10.74,0.00748,Haworth,59.6,False,Background,
-85.625,16.625,7,2.7143,0.0923,12.34,0.007477,Haworth,67.2,False,Background,
-86.625,84.125,3,2.6667,0.1082,14.48,0.007472,Faustini,17.5,True,Background,confirmed within Faustini PSR boundary
-87.375,250.875,3,2.6667,0.1082,14.49,0.007467,de_Gerlache,37.2,False,Background,
-88.625,315.125,7,2.7143,0.0923,12.37,0.007462,de_Gerlache,34.9,False,Background,
-85.625,63.375,4,2.75,0.0803,10.77,0.007458,Nobile,27.4,True,Background,confirmed within Nobile PSR boundary
-87.375,296.375,5,2.8,0.0636,8.53,0.007455,de_Gerlache,39.5,False,Background,
-88.625,168.625,4,2.75,0.0803,10.78,0.007454,Sverdrup,23.6,False,Background,
-87.875,217.125,3,2.6667,0.1082,14.56,0.007432,de_Gerlache,54.4,False,Background,
-89.125,175.125,5,2.8,0.0636,8.57,0.007426,Shackleton,20.8,False,Background,
-87.625,282.625,3,2.6667,0.1082,14.58,0.007423,de_Gerlache,24.1,False,Background,
-86.125,51.125,3,2.6667,0.1082,14.58,0.007422,Nobile,29.2,True,Background,confirmed within Nobile PSR boundary
-87.875,325.875,4,2.75,0.0803,10.83,0.007419,Haworth,37.8,False,Background,
-87.875,209.875,3,2.6667,0.1082,14.59,0.007418,Sverdrup,60.1,False,Background,
-87.625,45.125,4,2.75,0.0803,10.84,0.007409,Faustini,52.7,False,Background,
-87.875,119.125,4,2.75,0.0803,10.86,0.0074,Sverdrup,36.1,False,Background,
-85.125,196.375,7,2.8571,0.0445,6.02,0.007393,Sverdrup,112.3,False,Background,
-88.625,39.875,6,2.6667,0.1082,14.65,0.007387,Shackleton,42.8,False,Background,
-88.375,291.625,3,2.6667,0.1082,14.65,0.007383,de_Gerlache,17.1,False,Background,
-85.625,356.625,3,2.6667,0.1082,14.65,0.007383,Haworth,56.0,False,Background,
-87.375,237.375,4,2.75,0.0803,10.89,0.007379,de_Gerlache,47.6,False,Background,
-85.625,140.875,7,2.8571,0.0445,6.03,0.007375,Sverdrup,74.3,False,Background,
-88.875,354.625,5,2.6,0.1305,17.7,0.007374,Shackleton,41.8,False,Background,
-87.625,177.125,4,2.75,0.0803,10.9,0.007373,Sverdrup,30.4,False,Background,
-88.875,154.375,4,2.75,0.0803,10.9,0.007372,Shackleton,25.4,False,Background,
-85.125,42.375,5,2.6,0.1305,17.7,0.007371,Nobile,28.6,True,Background,confirmed within Nobile PSR boundary
-87.375,111.625,3,2.6667,0.1082,14.69,0.007367,Faustini,40.6,False,Background,
-89.875,118.375,3,2.3333,0.2197,29.85,0.00736,Shackleton,6.3,True,Background,confirmed within Shackleton PSR boundary
-87.875,209.375,3,2.6667,0.1082,14.71,0.007357,Sverdrup,59.6,False,Background,
-89.375,18.125,4,2.75,0.0803,10.92,0.007355,Shackleton,24.4,False,Background,
-89.125,223.125,3,2.6667,0.1082,14.72,0.007352,Shackleton,28.9,False,Background,
-89.125,278.875,3,2.6667,0.1082,14.73,0.007346,de_Gerlache,24.5,False,Background,
-87.375,65.125,4,2.75,0.0803,10.97,0.007322,Faustini,26.4,False,Background,
-85.875,9.125,5,2.6,0.1305,17.82,0.007321,Haworth,53.8,False,Background,
-88.375,346.625,3,2.6667,0.1082,14.84,0.007289,Haworth,29.0,False,Background,
-87.625,35.875,6,2.6667,0.1082,14.85,0.007288,Haworth,51.7,False,Background,
-88.375,68.125,3,2.6667,0.1082,14.86,0.007279,Faustini,39.5,False,Background,
-87.375,70.375,4,2.75,0.0803,11.04,0.007275,Faustini,19.2,True,Background,confirmed within Faustini PSR boundary
-88.875,219.875,4,2.75,0.0803,11.05,0.007268,Shackleton,35.6,False,Background,
-88.375,346.375,3,2.6667,0.1082,14.9,0.007263,Haworth,29.1,False,Background,
-86.125,56.375,4,2.75,0.0803,11.06,0.007262,Nobile,29.4,True,Background,confirmed within Nobile PSR boundary
-85.125,218.375,9,2.8889,0.0339,4.67,0.007262,de_Gerlache,124.6,False,Background,
-86.125,239.625,3,2.6667,0.1082,14.91,0.007258,de_Gerlache,79.5,False,Background,
-86.375,330.125,5,2.8,0.0636,8.77,0.007255,Haworth,52.0,False,Background,
-88.625,248.125,3,2.6667,0.1082,14.96,0.007234,de_Gerlache,21.0,False,Background,
-85.875,219.625,5,2.8,0.0636,8.83,0.007207,de_Gerlache,102.3,False,Background,
-88.375,67.625,3,2.6667,0.1082,15.02,0.007204,Faustini,39.7,False,Background,
-86.125,82.625,3,2.6667,0.1082,15.02,0.007203,Faustini,32.6,False,Background,
-88.875,36.375,3,2.6667,0.1082,15.03,0.007198,Shackleton,36.1,False,Background,
-86.125,25.625,4,2.75,0.0803,11.19,0.007181,Haworth,64.2,False,Background,
-85.375,53.875,5,2.8,0.0636,8.86,0.007176,Nobile,6.0,True,Background,confirmed within Nobile PSR boundary
-86.625,46.375,6,2.5,0.1639,22.91,0.007157,Nobile,46.4,False,Background,
-88.375,321.875,5,2.8,0.0636,8.89,0.007153,de_Gerlache,42.1,False,Background,
-85.125,266.875,4,2.75,0.0803,11.23,0.007151,de_Gerlache,97.5,False,Background,
-89.125,169.875,5,2.8,0.0636,8.9,0.007146,Shackleton,20.0,False,Background,
-88.875,175.125,5,2.8,0.0636,8.9,0.007143,Shackleton,28.0,False,Background,
-85.625,23.375,6,2.5,0.1639,22.98,0.007133,Nobile,73.6,False,Background,
-86.125,357.625,5,2.6,0.1305,18.31,0.007128,Haworth,41.0,False,Background,
-87.125,352.375,4,2.75,0.0803,11.28,0.007122,Haworth,11.3,True,Background,confirmed within Haworth PSR boundary
-87.625,90.625,3,2.6667,0.1082,15.2,0.00712,Faustini,16.3,True,Background,confirmed within Faustini PSR boundary
-87.125,58.375,5,2.8,0.0636,8.93,0.00712,Faustini,37.1,False,Background,
-89.625,111.875,4,2.5,0.1639,23.04,0.007114,Shackleton,3.5,True,Background,confirmed within Shackleton PSR boundary
-89.875,113.875,3,2.3333,0.2197,30.98,0.007091,Shackleton,6.4,True,Background,confirmed within Shackleton PSR boundary
-85.625,242.625,6,2.6667,0.1082,15.26,0.007091,de_Gerlache,92.0,False,Background,
-85.125,49.125,4,2.75,0.0803,11.34,0.007085,Nobile,11.4,True,Background,confirmed within Nobile PSR boundary
-88.625,248.375,3,2.6667,0.1082,15.29,0.007078,de_Gerlache,20.8,False,Background,
-86.375,182.125,4,2.75,0.0803,11.35,0.007076,Sverdrup,64.6,False,Background,
-85.875,6.125,4,2.5,0.1639,23.18,0.007074,Haworth,51.8,False,Background,
-85.375,19.375,3,2.6667,0.1082,15.3,0.007072,Haworth,76.8,False,Background,
-86.125,217.125,11,2.7273,0.0879,12.45,0.007064,de_Gerlache,97.6,False,Background,
-89.625,298.375,4,2.75,0.0803,11.38,0.007062,Shackleton,21.3,False,Background,
-85.625,206.625,5,2.8,0.0636,9.01,0.00706,Sverdrup,108.8,False,Background,
-87.375,55.125,4,2.75,0.0803,11.38,0.007059,Faustini,40.3,False,Background,
-86.125,242.625,6,2.6667,0.1082,15.34,0.007055,de_Gerlache,77.5,False,Background,
-85.875,221.625,9,2.8889,0.0339,4.81,0.00705,de_Gerlache,100.6,False,Background,
-88.375,117.625,5,2.8,0.0636,9.03,0.007046,Sverdrup,34.7,False,Background,
-89.375,133.375,4,2.5,0.1639,23.28,0.007042,Shackleton,9.0,True,Background,confirmed within Shackleton PSR boundary
-85.875,148.125,5,2.8,0.0636,9.04,0.007035,Sverdrup,64.8,False,Background,
-85.625,74.875,4,2.75,0.0803,11.43,0.007026,Faustini,50.2,False,Background,
-86.125,44.125,4,2.5,0.1639,23.38,0.007012,Nobile,35.8,True,Background,confirmed within Nobile PSR boundary
-87.625,88.375,3,2.6667,0.1082,15.46,0.007,Faustini,14.7,True,Background,confirmed within Faustini PSR boundary
-85.875,186.625,8,2.875,0.0385,5.51,0.006995,Sverdrup,82.2,False,Background,
-88.375,302.375,4,2.75,0.0803,11.49,0.006992,de_Gerlache,26.2,False,Background,
-89.375,131.375,6,2.5,0.1639,23.46,0.006987,Shackleton,9.0,True,Background,confirmed within Shackleton PSR boundary
-85.625,77.125,3,2.6667,0.1082,15.5,0.006981,Faustini,49.1,False,Background,
-88.125,32.125,4,2.75,0.0803,11.51,0.006978,Haworth,46.2,False,Background,
-89.375,284.125,3,2.6667,0.1082,15.52,0.00697,Shackleton,28.3,False,Background,
-89.625,66.125,3,2.6667,0.1082,15.54,0.006964,Shackleton,11.3,False,Background,
-85.625,285.875,4,2.75,0.0803,11.54,0.006963,Cabeus,77.5,False,Background,
-85.875,231.375,5,2.8,0.0636,9.15,0.006953,de_Gerlache,92.7,False,Background,
-89.625,273.125,3,2.6667,0.1082,15.57,0.006947,Shackleton,20.3,False,Background,
-86.625,19.375,5,2.8,0.0636,9.16,0.006946,Haworth,44.9,False,Background,
-86.125,348.875,5,2.8,0.0636,9.16,0.006941,Haworth,42.2,False,Background,
-87.625,44.875,4,2.75,0.0803,11.58,0.006939,Faustini,53.0,False,Background,
-87.875,30.625,3,2.6667,0.1082,15.61,0.006933,Haworth,44.4,False,Background,
-88.625,354.375,5,2.8,0.0636,9.2,0.006917,Haworth,35.0,False,Background,
-88.375,66.875,3,2.6667,0.1082,15.69,0.006897,Faustini,40.1,False,Background,
-89.875,78.875,3,2.3333,0.2197,31.87,0.006893,Shackleton,8.1,True,Background,confirmed within Shackleton PSR boundary
-88.125,221.875,3,2.6667,0.1082,15.7,0.006893,de_Gerlache,45.9,False,Background,
-85.125,66.875,6,2.8333,0.0525,7.62,0.006885,Nobile,34.2,True,Background,confirmed within Nobile PSR boundary
-85.375,235.875,5,2.6,0.1305,19.0,0.006869,de_Gerlache,103.7,False,Background,
-87.875,10.625,3,2.6667,0.1082,15.76,0.006867,Haworth,22.4,True,Background,confirmed within Haworth PSR boundary
-87.375,135.125,7,2.8571,0.0445,6.49,0.00686,Sverdrup,28.3,False,Background,
-88.875,153.375,5,2.8,0.0636,9.28,0.006856,Shackleton,25.3,False,Background,
-88.875,158.125,3,2.6667,0.1082,15.79,0.006854,Shackleton,25.8,False,Background,
-85.875,327.625,4,2.75,0.0803,11.75,0.006834,Cabeus,40.8,True,Background,confirmed within Cabeus PSR boundary
-85.875,72.625,5,2.6,0.1305,19.11,0.006829,Faustini,44.5,False,Background,
-89.375,304.875,7,2.8571,0.0445,6.52,0.006825,Shackleton,28.9,False,Background,
-88.875,209.375,12,2.6667,0.1082,15.88,0.006815,Shackleton,33.8,False,Background,
-89.125,346.375,9,2.7778,0.071,10.44,0.006807,Shackleton,35.1,False,Background,
-87.625,317.625,3,2.6667,0.1082,15.91,0.006799,Haworth,48.3,False,Background,
-87.375,309.625,4,2.75,0.0803,11.82,0.006796,de_Gerlache,50.1,False,Background,
-86.125,55.125,4,2.75,0.0803,11.83,0.006793,Nobile,28.9,True,Background,confirmed within Nobile PSR boundary
-86.125,50.875,3,2.6667,0.1082,15.94,0.006789,Nobile,29.3,True,Background,confirmed within Nobile PSR boundary
-89.375,153.625,6,2.6667,0.1082,15.94,0.006789,Shackleton,10.6,False,Background,
-87.875,344.125,3,2.6667,0.1082,15.95,0.006784,Haworth,18.4,True,Background,confirmed within Haworth PSR boundary
-86.625,77.125,5,2.8,0.0636,9.38,0.006782,Faustini,20.1,True,Background,confirmed within Faustini PSR boundary
-89.625,194.875,4,2.75,0.0803,11.85,0.006779,Shackleton,11.6,False,Background,
-89.125,354.375,4,2.75,0.0803,11.86,0.006773,Shackleton,34.4,False,Background,
-86.125,72.625,3,2.6667,0.1082,15.98,0.006771,Faustini,37.5,False,Background,
-86.125,26.625,4,2.75,0.0803,11.9,0.006752,Haworth,65.5,False,Background,
-86.375,35.375,4,2.5,0.1639,24.3,0.006746,Nobile,53.9,False,Background,
-88.625,356.125,6,2.8333,0.0525,7.78,0.006746,Haworth,35.0,False,Background,
-85.125,329.125,3,2.6667,0.1082,16.04,0.006744,Cabeus,35.2,True,Background,confirmed within Cabeus PSR boundary
-85.875,233.125,4,2.75,0.0803,11.92,0.006739,de_Gerlache,91.4,False,Background,
-87.125,346.625,3,2.6667,0.1082,16.07,0.006733,Haworth,16.2,True,Background,confirmed within Haworth PSR boundary
-87.875,214.125,16,2.75,0.0803,11.95,0.006723,de_Gerlache,57.0,False,Background,
-86.125,40.875,3,2.6667,0.1082,16.1,0.006722,Nobile,40.7,False,Background,
-86.875,33.625,5,2.8,0.0636,9.47,0.006718,Haworth,58.8,False,Background,
-86.875,88.625,3,2.6667,0.1082,16.13,0.006707,Faustini,13.0,True,Background,confirmed within Faustini PSR boundary
-88.625,315.375,8,2.75,0.0803,12.01,0.006687,de_Gerlache,35.1,False,Background,
-85.375,11.125,5,2.8,0.0636,9.52,0.006681,Haworth,69.6,False,Background,
-88.125,179.125,5,2.8,0.0636,9.52,0.00668,Sverdrup,27.3,False,Background,
-89.625,251.125,3,2.6667,0.1082,16.21,0.006675,Shackleton,18.7,False,Background,
-87.375,342.625,3,2.6667,0.1082,16.22,0.006672,Haworth,17.5,True,Background,confirmed within Haworth PSR boundary
-86.375,51.125,4,2.5,0.1639,24.61,0.006662,Nobile,36.6,False,Background,
-87.375,73.625,3,2.6667,0.1082,16.25,0.006657,Faustini,14.8,True,Background,confirmed within Faustini PSR boundary
-87.875,211.625,4,2.75,0.0803,12.09,0.006646,de_Gerlache,59.1,False,Background,
-86.625,48.125,6,2.5,0.1639,24.7,0.006637,Nobile,45.3,False,Background,
-89.125,327.375,4,2.75,0.0803,12.11,0.006631,Shackleton,36.2,False,Background,
-85.375,289.125,3,2.6667,0.1082,16.32,0.006629,Cabeus,69.9,False,Background,
-89.125,358.125,5,2.8,0.0636,9.6,0.006629,Shackleton,34.0,False,Background,
-89.375,154.625,3,2.6667,0.1082,16.35,0.006619,Shackleton,10.8,False,Background,
-86.625,88.625,3,2.6667,0.1082,16.35,0.006617,Faustini,19.5,True,Background,confirmed within Faustini PSR boundary
-86.875,311.625,4,2.75,0.0803,12.16,0.006609,Cabeus,60.6,False,Background,
-89.625,115.875,3,2.6667,0.1082,16.39,0.006603,Shackleton,2.9,True,Background,confirmed within Shackleton PSR boundary
-85.125,240.375,6,2.8333,0.0525,7.95,0.006601,de_Gerlache,108.0,False,Background,
-87.875,231.125,7,2.7143,0.0923,13.99,0.006597,de_Gerlache,42.2,False,Background,
-88.875,198.375,5,2.8,0.0636,9.64,0.006597,Shackleton,31.9,False,Background,
-85.375,40.125,4,2.5,0.1639,24.88,0.006589,Nobile,33.9,True,Background,confirmed within Nobile PSR boundary
-88.375,316.625,12,2.8333,0.0525,7.96,0.006588,de_Gerlache,37.9,False,Background,
-86.125,333.625,7,2.7143,0.0923,14.02,0.006583,Haworth,54.2,False,Background,
-88.875,207.375,6,2.6667,0.1082,16.44,0.006582,Shackleton,33.5,False,Background,
-89.125,184.625,14,2.8571,0.0445,6.77,0.006574,Shackleton,22.4,False,Background,
-86.125,220.125,8,2.75,0.0803,12.23,0.006571,de_Gerlache,95.0,False,Background,
-86.125,92.125,3,2.6667,0.1082,16.5,0.006559,Faustini,36.1,False,Background,
-87.125,71.125,4,2.75,0.0803,12.27,0.006549,Faustini,18.3,True,Background,confirmed within Faustini PSR boundary
-88.875,39.625,3,2.6667,0.1082,16.53,0.006547,Shackleton,35.5,False,Background,
-89.125,210.875,3,2.6667,0.1082,16.53,0.006545,Shackleton,26.9,False,Background,
-88.625,174.125,4,2.75,0.0803,12.28,0.006543,Sverdrup,26.7,False,Background,
-89.625,131.875,4,2.75,0.0803,12.28,0.006541,Shackleton,1.4,True,Background,confirmed within Shackleton PSR boundary
-88.875,31.125,5,2.8,0.0636,9.74,0.00653,Shackleton,36.9,False,Background,
-86.375,63.625,4,2.75,0.0803,12.3,0.006529,Faustini,41.3,False,Background,
-85.375,318.875,4,2.75,0.0803,12.3,0.006529,Cabeus,16.2,True,Background,confirmed within Cabeus PSR boundary
-88.875,323.625,11,2.7273,0.0879,13.48,0.006523,de_Gerlache,39.8,False,Background,
-89.875,263.625,3,2.6667,0.1082,16.62,0.006511,Shackleton,12.9,False,Background,
-85.875,356.625,5,2.6,0.1305,20.06,0.006506,Haworth,48.4,False,Background,
-88.875,355.875,6,2.6667,0.1082,16.64,0.006501,Shackleton,41.6,False,Background,
-89.375,257.375,3,2.6667,0.1082,16.65,0.006497,Shackleton,26.3,False,Background,
-85.875,40.125,3,2.6667,0.1082,16.73,0.006469,Nobile,37.9,False,Background,
-86.875,43.625,5,2.8,0.0636,9.84,0.006466,Nobile,55.3,False,Background,
-88.625,138.625,12,2.75,0.0803,12.43,0.006465,Sverdrup,22.5,False,Background,
-87.625,40.375,4,2.75,0.0803,12.44,0.006457,Haworth,57.1,False,Background,
-85.625,224.625,8,2.875,0.0385,5.98,0.006444,de_Gerlache,105.2,False,Background,
-88.625,174.375,4,2.75,0.0803,12.48,0.006439,Sverdrup,26.9,False,Background,
-85.125,343.875,5,2.8,0.0636,9.9,0.006427,Cabeus,73.1,False,Background,
-87.625,311.875,4,2.5,0.1639,25.56,0.006415,de_Gerlache,46.4,False,Background,
-86.375,242.875,4,2.75,0.0803,12.52,0.006415,de_Gerlache,70.2,False,Background,
-88.375,246.125,3,2.6667,0.1082,16.91,0.006397,de_Gerlache,22.4,False,Background,
-85.875,66.875,4,2.75,0.0803,12.61,0.006371,Nobile,37.8,False,Background,
-86.125,85.625,3,2.6667,0.1082,16.99,0.006367,Faustini,32.9,False,Background,
-88.625,244.625,3,2.6667,0.1082,17.0,0.006366,de_Gerlache,23.5,False,Background,
-88.875,212.625,7,2.7143,0.0923,14.5,0.006365,Shackleton,34.4,False,Background,
-85.625,213.875,5,2.8,0.0636,10.0,0.006359,de_Gerlache,114.3,False,Background,
-86.125,47.625,7,2.5714,0.14,22.04,0.006353,Nobile,31.7,True,Background,confirmed within Nobile PSR boundary
-85.625,339.875,4,2.75,0.0803,12.65,0.006351,Haworth,62.2,False,Background,
-88.875,258.875,3,2.6667,0.1082,17.07,0.00634,de_Gerlache,19.1,False,Background,
-85.625,318.125,7,2.8571,0.0445,7.02,0.006339,Cabeus,22.6,True,Background,confirmed within Cabeus PSR boundary
-85.125,222.625,12,2.9167,0.0246,3.88,0.006337,de_Gerlache,121.1,False,Background,
-85.375,44.875,3,2.6667,0.1082,17.09,0.006331,Nobile,22.4,True,Background,confirmed within Nobile PSR boundary
-85.875,251.625,3,2.6667,0.1082,17.11,0.006323,de_Gerlache,79.6,False,Background,
-87.125,312.125,4,2.75,0.0803,12.71,0.006318,de_Gerlache,58.4,False,Background,
-85.625,35.625,3,2.6667,0.1082,17.24,0.006274,Nobile,45.3,False,Background,
-87.625,55.375,3,2.6667,0.1082,17.27,0.006267,Faustini,39.8,False,Background,
-85.875,57.125,4,2.75,0.0803,12.83,0.00626,Nobile,22.7,True,Background,confirmed within Nobile PSR boundary
-85.875,96.875,3,2.6667,0.1082,17.29,0.006258,Faustini,47.0,False,Background,
-88.375,32.875,16,2.75,0.0803,12.84,0.006258,Haworth,48.2,False,Background,
-86.125,84.125,3,2.6667,0.1082,17.36,0.006234,Faustini,32.6,False,Background,
-89.125,344.125,9,2.7778,0.071,11.41,0.006225,Shackleton,35.2,False,Background,
-86.375,28.625,5,2.6,0.1305,20.97,0.006222,Haworth,62.2,False,Background,
-87.125,2.625,4,2.75,0.0803,12.94,0.006208,Haworth,14.8,True,Background,confirmed within Haworth PSR boundary
-85.375,70.375,3,2.6667,0.1082,17.44,0.006206,Nobile,42.3,False,Background,
-86.125,80.125,4,2.75,0.0803,12.96,0.006198,Faustini,33.0,False,Background,
-86.125,76.625,3,2.6667,0.1082,17.47,0.006194,Faustini,34.6,False,Background,
-85.875,353.125,6,2.6667,0.1082,17.47,0.006193,Haworth,48.5,False,Background,
-87.375,328.125,6,2.8333,0.0525,8.48,0.006189,Haworth,36.9,False,Background,
-86.375,78.125,5,2.8,0.0636,10.29,0.006184,Faustini,26.5,False,Background,
-85.875,31.625,4,2.75,0.0803,12.99,0.006183,Nobile,55.5,False,Background,
-85.375,227.875,6,2.8333,0.0525,8.51,0.006166,de_Gerlache,109.7,False,Background,
-85.125,243.625,4,2.75,0.0803,13.03,0.006165,de_Gerlache,106.0,False,Background,
-88.625,175.125,4,2.75,0.0803,13.04,0.006161,Sverdrup,27.4,False,Background,
-86.375,72.875,4,2.75,0.0803,13.06,0.006153,Faustini,30.5,False,Background,
-87.625,54.375,6,2.6667,0.1082,17.6,0.006149,Faustini,41.1,False,Background,
-87.125,2.875,4,2.75,0.0803,13.07,0.006145,Haworth,15.0,True,Background,confirmed within Haworth PSR boundary
-86.875,7.375,4,2.75,0.0803,13.09,0.006139,Haworth,25.4,True,Background,confirmed within Haworth PSR boundary
-86.875,351.125,7,2.7143,0.0923,15.04,0.006136,Haworth,19.1,True,Background,confirmed within Haworth PSR boundary
-85.875,9.375,3,2.6667,0.1082,17.65,0.00613,Haworth,54.0,False,Background,
-88.875,355.125,3,2.6667,0.1082,17.68,0.00612,Shackleton,41.7,False,Background,
-89.125,161.125,6,2.8333,0.0525,8.59,0.006111,Shackleton,18.8,False,Background,
-85.875,322.625,5,2.8,0.0636,10.42,0.006104,Cabeus,33.6,True,Background,confirmed within Cabeus PSR boundary
-88.375,222.875,9,2.7778,0.071,11.67,0.006087,de_Gerlache,41.6,False,Background,
-87.125,39.125,3,2.6667,0.1082,17.79,0.006082,Haworth,61.9,False,Background,
-86.875,78.625,3,2.6667,0.1082,17.8,0.006077,Faustini,12.2,True,Background,confirmed within Faustini PSR boundary
-87.625,174.125,4,2.75,0.0803,13.25,0.006061,Sverdrup,27.3,False,Background,
-86.375,27.125,4,2.75,0.0803,13.29,0.006045,Haworth,60.3,False,Background,
-85.125,145.875,5,2.6,0.1305,21.66,0.006026,Sverdrup,87.9,False,Background,
-89.125,165.875,7,2.8571,0.0445,7.39,0.006021,Shackleton,19.4,False,Background,
-88.625,176.875,4,2.75,0.0803,13.35,0.006016,Sverdrup,28.5,False,Background,
-86.375,323.625,4,2.75,0.0803,13.38,0.006005,Cabeus,48.0,True,Background,confirmed within Cabeus PSR boundary
-88.375,128.875,4,2.75,0.0803,13.39,0.005999,Sverdrup,25.1,False,Background,
-88.625,142.375,6,2.8333,0.0525,8.75,0.005998,Sverdrup,20.9,False,Background,
-89.375,227.875,3,2.6667,0.1082,18.05,0.005995,Shackleton,22.7,False,Background,
-89.125,347.625,9,2.7778,0.071,11.86,0.005991,Shackleton,35.0,False,Background,
-85.375,36.375,9,2.7778,0.071,11.88,0.00598,Nobile,43.1,False,Background,
-88.625,349.375,3,2.6667,0.1082,18.12,0.005971,Haworth,35.5,False,Background,
-85.375,304.875,3,2.6667,0.1082,18.18,0.005952,Cabeus,31.9,True,Background,confirmed within Cabeus PSR boundary
-86.375,55.625,4,2.75,0.0803,13.5,0.00595,Nobile,36.5,False,Background,
-85.875,345.875,6,2.8333,0.0525,8.82,0.00595,Haworth,51.0,False,Background,
-86.125,43.625,3,2.6667,0.1082,18.19,0.005947,Nobile,36.5,True,Background,confirmed within Nobile PSR boundary
-85.625,43.625,5,2.8,0.0636,10.7,0.005947,Nobile,27.5,True,Background,confirmed within Nobile PSR boundary
-87.375,252.625,3,2.6667,0.1082,18.22,0.005938,de_Gerlache,36.0,False,Background,
-87.875,7.625,3,2.6667,0.1082,18.3,0.005912,Haworth,19.4,True,Background,confirmed within Haworth PSR boundary
-88.875,267.125,3,2.6667,0.1082,18.32,0.005908,de_Gerlache,16.9,False,Background,
-85.625,0.125,3,2.6667,0.1082,18.32,0.005907,Haworth,56.6,False,Background,
-88.375,213.625,13,2.9231,0.0224,3.81,0.005897,de_Gerlache,48.7,False,Background,
-89.125,19.875,8,2.875,0.0385,6.54,0.005894,Shackleton,31.3,False,Background,
-86.125,307.125,6,2.8333,0.0525,8.93,0.005873,Cabeus,42.6,True,Background,confirmed within Cabeus PSR boundary
-86.125,5.875,3,2.6667,0.1082,18.43,0.00587,Haworth,44.4,False,Background,
-88.875,27.875,4,2.75,0.0803,13.75,0.005842,Shackleton,37.4,False,Background,
-89.625,73.875,3,2.6667,0.1082,18.55,0.005832,Shackleton,10.0,True,Background,confirmed within Shackleton PSR boundary
-88.375,34.375,13,2.7692,0.0739,12.67,0.00583,Haworth,49.4,False,Background,
-85.125,207.125,5,2.8,0.0636,10.91,0.00583,Sverdrup,123.1,False,Background,
-87.625,264.625,4,2.75,0.0803,13.81,0.005815,de_Gerlache,22.7,False,Background,
-87.875,67.125,4,2.75,0.0803,13.84,0.005804,Faustini,29.1,False,Background,
-86.375,334.625,3,2.6667,0.1082,18.65,0.0058,Haworth,46.8,False,Background,
-87.625,67.875,4,2.75,0.0803,13.85,0.005799,Faustini,24.6,False,Background,
-85.875,204.625,4,2.75,0.0803,13.95,0.005759,Sverdrup,100.0,False,Background,
-88.875,148.125,7,2.8571,0.0445,7.74,0.005748,Shackleton,24.8,False,Background,
-88.875,200.125,5,2.8,0.0636,11.08,0.005741,Shackleton,32.2,False,Background,
-89.125,180.625,7,2.8571,0.0445,7.81,0.005698,Shackleton,21.7,False,Background,
-89.125,23.375,6,2.8333,0.0525,9.23,0.005681,Shackleton,30.8,False,Background,
-87.625,177.375,5,2.8,0.0636,11.21,0.005672,Sverdrup,30.6,False,Background,
-89.125,0.625,7,2.8571,0.0445,7.85,0.005668,Shackleton,33.7,False,Background,
-88.875,142.375,5,2.8,0.0636,11.22,0.005667,Shackleton,24.5,False,Background,
-87.375,216.125,10,2.9,0.0302,5.33,0.005659,de_Gerlache,66.2,False,Background,
-88.125,0.375,6,2.6667,0.1082,19.14,0.005654,Haworth,20.7,True,Background,confirmed within Haworth PSR boundary
-86.125,39.625,4,2.75,0.0803,14.22,0.005649,Nobile,42.7,False,Background,
-86.875,121.875,4,2.75,0.0803,14.22,0.005648,Sverdrup,52.6,False,Background,
-88.875,144.875,9,2.7778,0.071,12.63,0.005623,Shackleton,24.6,False,Background,
-87.125,190.875,4,2.75,0.0803,14.31,0.005612,Sverdrup,54.7,False,Background,
-86.375,41.125,5,2.8,0.0636,11.34,0.005609,Nobile,45.4,False,Background,
-85.875,40.625,3,2.6667,0.1082,19.3,0.005606,Nobile,37.0,False,Background,
-85.375,328.125,9,2.7778,0.071,12.7,0.005595,Cabeus,34.2,True,Background,confirmed within Cabeus PSR boundary
-89.375,250.625,3,2.6667,0.1082,19.35,0.00559,Shackleton,25.6,False,Background,
-85.125,47.125,4,2.75,0.0803,14.4,0.005578,Nobile,16.5,True,Background,confirmed within Nobile PSR boundary
-86.125,354.125,7,2.7143,0.0923,16.57,0.005569,Haworth,40.8,False,Background,
-86.875,349.875,4,2.75,0.0803,14.43,0.005567,Haworth,19.8,True,Background,confirmed within Haworth PSR boundary
-87.625,116.125,3,2.6667,0.1082,19.44,0.005565,Sverdrup,42.8,False,Background,
-85.625,24.625,6,2.6667,0.1082,19.44,0.005564,Nobile,70.7,False,Background,
-89.375,148.125,3,2.6667,0.1082,19.47,0.005557,Shackleton,10.0,True,Background,confirmed within Shackleton PSR boundary
-86.375,335.625,3,2.6667,0.1082,19.48,0.005556,Haworth,45.7,False,Background,
-87.875,219.875,5,2.8,0.0636,11.46,0.005553,de_Gerlache,52.1,False,Background,
-87.875,315.125,7,2.7143,0.0923,16.63,0.005548,de_Gerlache,44.2,False,Background,
-85.125,152.375,6,2.8333,0.0525,9.47,0.005537,Sverdrup,87.2,False,Background,
-86.125,351.625,5,2.8,0.0636,11.5,0.005532,Haworth,41.2,False,Background,
-87.125,313.125,5,2.8,0.0636,11.55,0.005506,de_Gerlache,59.3,False,Background,
-87.125,74.125,3,2.6667,0.1082,19.67,0.005501,Faustini,13.9,True,Background,confirmed within Faustini PSR boundary
-86.875,353.375,4,2.75,0.0803,14.6,0.005501,Haworth,18.3,True,Background,confirmed within Haworth PSR boundary
-89.625,138.375,4,2.75,0.0803,14.61,0.005497,Shackleton,2.1,True,Background,confirmed within Shackleton PSR boundary
-86.875,3.375,3,2.6667,0.1082,19.69,0.005495,Haworth,21.6,True,Background,confirmed within Haworth PSR boundary
-87.875,206.125,4,2.75,0.0803,14.64,0.005487,Sverdrup,56.5,False,Background,
-85.375,164.625,4,2.75,0.0803,14.67,0.005474,Sverdrup,81.9,False,Background,
-89.625,138.625,4,2.75,0.0803,14.72,0.005459,Shackleton,2.2,True,Background,confirmed within Shackleton PSR boundary
-89.125,204.125,10,2.8,0.0636,11.66,0.005456,Shackleton,25.8,False,Background,
-86.625,313.625,10,2.8,0.0636,11.66,0.005455,Cabeus,52.6,False,Background,
-85.625,349.375,5,2.8,0.0636,11.68,0.005446,Haworth,56.9,False,Background,
-86.625,314.625,5,2.8,0.0636,11.72,0.005429,Cabeus,52.4,False,Background,
-85.875,24.375,3,2.6667,0.1082,19.94,0.005427,Haworth,68.9,False,Background,
-89.375,158.625,4,2.75,0.0803,14.82,0.00542,Shackleton,11.3,False,Background,
-88.125,356.125,5,2.8,0.0636,11.74,0.005418,Haworth,19.9,True,Background,confirmed within Haworth PSR boundary
-88.625,173.625,5,2.8,0.0636,11.75,0.005415,Sverdrup,26.4,False,Background,
-89.375,4.375,8,2.75,0.0803,14.87,0.005401,Shackleton,26.0,False,Background,
-85.125,76.375,6,2.8333,0.0525,9.72,0.005396,Nobile,58.2,False,Background,
-85.875,338.375,5,2.8,0.0636,11.79,0.005393,Haworth,56.3,False,Background,
-85.625,342.375,5,2.8,0.0636,11.83,0.005376,Haworth,60.4,False,Background,
-85.875,219.375,6,2.8333,0.0525,9.77,0.005368,de_Gerlache,102.6,False,Background,
-87.375,56.375,5,2.8,0.0636,11.86,0.005364,Faustini,38.6,False,Background,
-89.125,219.625,4,2.75,0.0803,14.98,0.005363,Shackleton,28.4,False,Background,
-85.375,179.875,4,2.75,0.0803,15.01,0.005351,Sverdrup,90.8,False,Background,
-86.375,48.125,3,2.6667,0.1082,20.23,0.005347,Nobile,38.2,False,Background,
-85.375,288.875,4,2.75,0.0803,15.06,0.005333,Cabeus,70.5,False,Background,
-85.375,38.875,5,2.6,0.1305,24.48,0.00533,Nobile,37.0,False,Background,
-89.625,259.875,3,2.6667,0.1082,20.33,0.005323,Shackleton,19.4,False,Background,
-85.375,316.625,5,2.8,0.0636,11.98,0.005311,Cabeus,14.5,True,Background,confirmed within Cabeus PSR boundary
-86.125,239.125,5,2.8,0.0636,11.98,0.005309,de_Gerlache,79.9,False,Background,
-86.875,312.125,5,2.8,0.0636,11.99,0.005303,Cabeus,60.4,False,Background,
-89.625,101.875,4,2.5,0.1639,30.97,0.005293,Shackleton,5.3,True,Background,confirmed within Shackleton PSR boundary
-88.875,211.625,8,2.75,0.0803,15.21,0.00528,Shackleton,34.2,False,Background,
-87.375,249.625,3,2.6667,0.1082,20.51,0.005275,de_Gerlache,38.0,False,Background,
-88.125,357.875,4,2.75,0.0803,15.27,0.005261,Haworth,20.1,True,Background,confirmed within Haworth PSR boundary
-87.125,312.375,5,2.8,0.0636,12.12,0.00525,de_Gerlache,58.6,False,Background,
-89.625,117.875,4,2.75,0.0803,15.32,0.005243,Shackleton,2.6,True,Background,confirmed within Shackleton PSR boundary
-85.625,166.625,4,2.75,0.0803,15.32,0.005243,Sverdrup,75.3,False,Background,
-85.375,333.125,5,2.8,0.0636,12.13,0.005243,Cabeus,46.1,True,Background,confirmed within Cabeus PSR boundary
-89.125,226.625,4,2.75,0.0803,15.32,0.005242,Shackleton,29.5,False,Background,
-87.625,36.375,4,2.75,0.0803,15.32,0.005242,Haworth,52.3,False,Background,
-85.125,71.625,4,2.75,0.0803,15.37,0.005226,Nobile,46.2,False,Background,
-89.625,66.375,4,2.75,0.0803,15.4,0.005215,Shackleton,11.2,False,Background,
-88.875,155.375,5,2.8,0.0636,12.23,0.005202,Shackleton,25.5,False,Background,
-89.375,129.875,8,2.625,0.1221,23.51,0.005194,Shackleton,8.9,True,Background,confirmed within Shackleton PSR boundary
-85.875,83.125,4,2.75,0.0803,15.48,0.005189,Faustini,40.2,False,Background,
-85.625,230.625,4,2.75,0.0803,15.52,0.005175,de_Gerlache,100.4,False,Background,
-85.125,233.625,7,2.7143,0.0923,17.84,0.005171,de_Gerlache,112.6,False,Background,
-85.875,23.875,3,2.6667,0.1082,21.11,0.005126,Haworth,68.3,False,Background,
-85.875,25.625,3,2.6667,0.1082,21.15,0.005116,Nobile,68.5,False,Background,
-87.625,229.125,6,2.8333,0.0525,10.26,0.005113,de_Gerlache,49.1,False,Background,
-89.125,350.625,4,2.75,0.0803,15.74,0.005105,Shackleton,34.7,False,Background,
-87.625,42.375,5,2.8,0.0636,12.56,0.005065,Faustini,56.1,False,Background,
-85.125,237.125,6,2.6667,0.1082,21.42,0.005051,de_Gerlache,110.2,False,Background,
-88.625,218.625,14,2.8571,0.0445,8.84,0.005033,de_Gerlache,42.2,False,Background,
-87.375,313.875,5,2.8,0.0636,12.68,0.005016,de_Gerlache,53.8,False,Background,
-87.625,172.875,4,2.75,0.0803,16.08,0.004996,Sverdrup,26.0,False,Background,
-88.625,350.375,4,2.75,0.0803,16.09,0.004994,Haworth,35.4,False,Background,
-89.125,205.625,5,2.8,0.0636,12.78,0.004976,Shackleton,26.0,False,Background,
-89.125,198.875,10,2.8,0.0636,12.8,0.00497,Shackleton,24.8,False,Background,
-86.125,13.375,6,2.8333,0.0525,10.57,0.004962,Haworth,50.5,False,Background,
-87.375,73.875,4,2.75,0.0803,16.2,0.004959,Faustini,14.4,True,Background,confirmed within Faustini PSR boundary
-87.875,133.125,5,2.8,0.0636,12.86,0.004947,Sverdrup,21.4,False,Background,
-87.375,49.875,4,2.75,0.0803,16.28,0.004934,Faustini,47.5,False,Background,
-86.375,226.875,7,2.8571,0.0445,9.03,0.004928,de_Gerlache,82.4,False,Background,
-87.125,213.875,10,2.9,0.0302,6.15,0.004908,de_Gerlache,74.2,False,Background,
-87.125,75.375,3,2.6667,0.1082,22.06,0.004904,Faustini,12.0,True,Background,confirmed within Faustini PSR boundary
-88.875,209.875,12,2.75,0.0803,16.48,0.004875,Shackleton,33.9,False,Background,
-88.875,154.875,6,2.8333,0.0525,10.77,0.004872,Shackleton,25.4,False,Background,
-89.125,336.125,9,2.8889,0.0339,6.96,0.00487,Shackleton,35.8,False,Background,
-88.375,76.875,5,2.8,0.0636,13.08,0.004862,Faustini,36.3,False,Background,
-85.875,36.125,4,2.75,0.0803,16.57,0.004847,Nobile,46.0,False,Background,
-89.375,3.125,5,2.8,0.0636,13.15,0.004839,Shackleton,26.2,False,Background,
-88.125,62.875,4,2.75,0.0803,16.6,0.004838,Faustini,37.3,False,Background,
-88.875,210.125,8,2.75,0.0803,16.61,0.004837,Shackleton,34.0,False,Background,
-86.375,303.625,6,2.8333,0.0525,10.86,0.004829,Cabeus,52.8,False,Background,
-85.625,330.875,9,2.7778,0.071,14.72,0.004825,Cabeus,43.1,True,Background,confirmed within Cabeus PSR boundary
-88.875,351.125,7,2.7143,0.0923,19.15,0.004819,Shackleton,42.1,False,Background,
-88.625,40.875,5,2.8,0.0636,13.24,0.004804,Shackleton,42.6,False,Background,
-89.125,198.125,10,2.8,0.0636,13.27,0.004793,Shackleton,24.7,False,Background,
-86.125,48.625,3,2.6667,0.1082,22.58,0.004791,Nobile,30.8,True,Background,confirmed within Nobile PSR boundary
-85.375,238.125,5,2.8,0.0636,13.31,0.00478,de_Gerlache,102.2,False,Background,
-87.875,311.125,5,2.8,0.0636,13.36,0.004761,de_Gerlache,40.7,False,Background,
-85.375,307.625,7,2.8571,0.0445,9.38,0.004743,Cabeus,25.9,True,Background,confirmed within Cabeus PSR boundary
-85.875,346.875,8,2.875,0.0385,8.15,0.004726,Haworth,50.5,False,Background,
-88.875,206.125,13,2.7692,0.0739,15.65,0.004723,Shackleton,33.3,False,Background,
-88.125,62.625,4,2.75,0.0803,17.01,0.004722,Faustini,37.5,False,Background,
-89.625,249.375,5,2.8,0.0636,13.49,0.004717,Shackleton,18.5,False,Background,
-89.625,73.125,4,2.75,0.0803,17.08,0.004703,Shackleton,10.2,True,Background,confirmed within Shackleton PSR boundary
-88.125,224.125,6,2.8333,0.0525,11.17,0.004695,de_Gerlache,44.0,False,Background,
-88.125,222.625,5,2.8,0.0636,13.64,0.004664,de_Gerlache,45.3,False,Background,
-85.875,351.875,5,2.8,0.0636,13.67,0.004654,Haworth,48.7,False,Background,
-87.625,57.875,4,2.75,0.0803,17.27,0.004652,Faustini,36.7,False,Background,
-86.125,24.125,5,2.8,0.0636,13.71,0.00464,Haworth,62.4,False,Background,
-85.875,54.375,6,2.8333,0.0525,11.31,0.004638,Nobile,21.2,True,Background,confirmed within Nobile PSR boundary
-85.875,34.625,5,2.8,0.0636,13.77,0.00462,Nobile,49.1,False,Background,
-88.875,173.625,8,2.875,0.0385,8.34,0.004617,Shackleton,27.8,False,Background,
-85.625,6.625,3,2.6667,0.1082,23.6,0.004584,Haworth,59.4,False,Background,
-86.875,132.125,8,2.875,0.0385,8.46,0.004553,Sverdrup,43.4,False,Background,
-86.125,6.875,4,2.75,0.0803,17.66,0.00455,Haworth,45.0,False,Background,
-88.125,289.875,4,2.75,0.0803,17.71,0.004535,de_Gerlache,17.8,False,Background,
-87.375,254.875,3,2.6667,0.1082,23.88,0.004531,de_Gerlache,34.6,False,Background,
-88.875,31.875,6,2.8333,0.0525,11.59,0.004527,Shackleton,36.8,False,Background,
-85.875,26.375,4,2.75,0.0803,17.78,0.004518,Nobile,66.8,False,Background,
-87.625,335.625,4,2.75,0.0803,17.82,0.004509,Haworth,25.9,False,Background,
-87.875,214.375,23,2.8261,0.0549,12.24,0.004484,de_Gerlache,56.8,False,Background,
-89.625,82.125,3,2.6667,0.1082,24.18,0.004475,Shackleton,8.7,True,Background,confirmed within Shackleton PSR boundary
-85.875,34.875,5,2.8,0.0636,14.23,0.004471,Nobile,48.6,False,Background,
-85.625,40.375,3,2.6667,0.1082,24.22,0.004467,Nobile,34.6,True,Background,confirmed within Nobile PSR boundary
-88.875,321.375,11,2.8182,0.0575,12.89,0.004462,de_Gerlache,38.4,False,Background,
-89.375,151.375,4,2.75,0.0803,18.03,0.004456,Shackleton,10.4,True,Background,confirmed within Shackleton PSR boundary
-86.875,2.625,4,2.75,0.0803,18.08,0.004442,Haworth,21.1,True,Background,confirmed within Haworth PSR boundary
-86.125,135.375,10,2.9,0.0302,6.8,0.004434,Sverdrup,62.2,False,Background,
-85.375,80.625,5,2.8,0.0636,14.39,0.00442,Faustini,55.6,False,Background,
-88.875,208.625,13,2.7692,0.0739,16.82,0.004392,Shackleton,33.7,False,Background,
-85.875,22.875,4,2.75,0.0803,18.3,0.00439,Haworth,67.2,False,Background,
-86.625,34.375,5,2.8,0.0636,14.54,0.004376,Nobile,59.8,False,Background,
-86.625,30.375,4,2.75,0.0803,18.43,0.00436,Haworth,59.2,False,Background,
-86.125,358.625,4,2.75,0.0803,18.43,0.004359,Haworth,41.1,False,Background,
-89.125,222.375,5,2.8,0.0636,14.6,0.004357,Shackleton,28.8,False,Background,
-87.625,178.125,6,2.8333,0.0525,12.05,0.004355,Sverdrup,31.4,False,Background,
-88.875,173.375,8,2.875,0.0385,8.85,0.004355,Shackleton,27.8,False,Background,
-85.375,48.125,6,2.8333,0.0525,12.06,0.004349,Nobile,14.7,True,Background,confirmed within Nobile PSR boundary
-89.625,143.375,4,2.75,0.0803,18.5,0.004342,Shackleton,2.9,True,Background,confirmed within Shackleton PSR boundary
-88.875,205.875,19,2.7895,0.0671,15.48,0.004336,Shackleton,33.2,False,Background,
-86.125,73.625,4,2.75,0.0803,18.55,0.00433,Faustini,36.6,False,Background,
-86.375,34.875,9,2.6667,0.1082,25.08,0.004314,Nobile,54.8,False,Background,
-85.375,7.625,6,2.8333,0.0525,12.19,0.004304,Haworth,67.3,False,Background,
-89.375,162.375,5,2.8,0.0636,14.87,0.004278,Shackleton,11.9,False,Background,
-88.875,319.125,8,2.875,0.0385,9.01,0.004278,de_Gerlache,37.1,False,Background,
-88.875,201.125,7,2.8571,0.0445,10.44,0.004264,Shackleton,32.4,False,Background,
-89.375,149.375,4,2.75,0.0803,18.88,0.004256,Shackleton,10.1,True,Background,confirmed within Shackleton PSR boundary
-89.875,61.125,3,2.6667,0.1082,25.47,0.004248,Shackleton,9.3,True,Background,confirmed within Shackleton PSR boundary
-88.875,331.625,6,2.8333,0.0525,12.36,0.004246,Shackleton,43.5,False,Background,
-86.125,356.125,4,2.75,0.0803,18.98,0.004233,Haworth,40.8,False,Background,
-87.625,341.125,4,2.75,0.0803,19.11,0.004203,Haworth,19.0,True,Background,confirmed within Haworth PSR boundary
-88.625,30.875,5,2.8,0.0636,15.17,0.004194,Shackleton,44.3,False,Background,
-88.125,3.125,4,2.75,0.0803,19.16,0.004192,Haworth,21.8,True,Background,confirmed within Haworth PSR boundary
-89.375,159.875,5,2.8,0.0636,15.19,0.004188,Shackleton,11.5,False,Background,
-88.375,83.625,4,2.75,0.0803,19.2,0.004183,Faustini,35.6,False,Background,
-85.375,39.625,3,2.6667,0.1082,25.88,0.004181,Nobile,35.1,True,Background,confirmed within Nobile PSR boundary
-87.625,215.625,16,2.875,0.0385,9.26,0.004163,de_Gerlache,60.9,False,Background,
-88.625,36.375,5,2.8,0.0636,15.29,0.00416,Shackleton,43.4,False,Background,
-88.875,203.125,14,2.8571,0.0445,10.72,0.004152,Shackleton,32.7,False,Background,
-89.375,196.125,6,2.8333,0.0525,12.68,0.004138,Shackleton,17.6,False,Background,
-86.125,37.875,5,2.8,0.0636,15.42,0.004125,Nobile,45.7,False,Background,
-85.625,311.125,4,2.75,0.0803,19.54,0.004112,Cabeus,25.1,True,Background,confirmed within Cabeus PSR boundary
-85.125,164.625,5,2.8,0.0636,15.48,0.004109,Sverdrup,89.4,False,Background,
-85.375,51.125,6,2.8333,0.0525,12.8,0.004097,Nobile,8.4,True,Background,confirmed within Nobile PSR boundary
-85.625,310.125,5,2.8,0.0636,15.59,0.004079,Cabeus,26.4,True,Background,confirmed within Cabeus PSR boundary
-88.875,317.875,8,2.875,0.0385,9.49,0.004058,de_Gerlache,36.4,False,Background,
-88.625,66.375,4,2.75,0.0803,19.81,0.004056,Shackleton,38.2,False,Background,
-88.125,221.625,5,2.8,0.0636,15.75,0.004039,de_Gerlache,46.1,False,Background,
-85.625,33.375,8,2.75,0.0803,19.89,0.004038,Nobile,50.5,False,Background,
-86.625,53.125,5,2.8,0.0636,15.77,0.004033,Nobile,43.8,False,Background,
-86.375,33.375,9,2.7778,0.071,17.63,0.004028,Nobile,57.2,False,Background,
-89.375,139.625,7,2.7143,0.0923,22.94,0.004023,Shackleton,9.3,True,Background,confirmed within Shackleton PSR boundary
-88.375,78.625,4,2.75,0.0803,19.98,0.00402,Faustini,36.0,False,Background,
-89.375,138.125,7,2.7143,0.0923,22.97,0.004017,Shackleton,9.2,True,Background,confirmed within Shackleton PSR boundary
-86.875,61.625,5,2.8,0.0636,15.85,0.004012,Faustini,35.1,False,Background,
-89.375,190.625,7,2.8571,0.0445,11.29,0.00394,Shackleton,16.6,False,Background,
-86.125,27.125,7,2.8571,0.0445,11.29,0.00394,Haworth,66.1,False,Background,
-85.375,340.125,6,2.8333,0.0525,13.34,0.003933,Cabeus,63.1,False,Background,
-88.625,31.875,5,2.8,0.0636,16.18,0.003931,Shackleton,44.1,False,Background,
-89.125,194.625,8,2.875,0.0385,9.83,0.003921,Shackleton,24.1,False,Background,
-89.375,131.625,7,2.7143,0.0923,23.6,0.003909,Shackleton,9.0,True,Background,confirmed within Shackleton PSR boundary
-87.875,136.625,11,2.9091,0.0271,6.96,0.003899,Sverdrup,17.7,False,Background,
-89.375,104.625,4,2.75,0.0803,20.74,0.003873,Shackleton,10.7,False,Background,
-89.375,174.375,8,2.875,0.0385,9.99,0.003858,Shackleton,13.8,False,Background,
-86.625,358.375,5,2.8,0.0636,16.5,0.003854,Haworth,26.1,False,Background,
-85.125,326.625,8,2.875,0.0385,10.02,0.003845,Cabeus,28.8,True,Background,confirmed within Cabeus PSR boundary
-86.625,85.875,6,2.8333,0.0525,13.67,0.003839,Faustini,18.0,True,Background,confirmed within Faustini PSR boundary
-89.625,172.375,3,2.6667,0.1082,28.23,0.003833,Shackleton,7.9,True,Background,confirmed within Shackleton PSR boundary
-85.875,45.625,5,2.8,0.0636,16.6,0.003832,Nobile,28.1,True,Background,confirmed within Nobile PSR boundary
-89.625,172.125,3,2.6667,0.1082,28.39,0.003811,Shackleton,7.9,True,Background,confirmed within Shackleton PSR boundary
-86.875,133.875,8,2.875,0.0385,10.12,0.003807,Sverdrup,42.0,False,Background,
-85.625,179.875,5,2.8,0.0636,16.76,0.003796,Sverdrup,83.6,False,Background,
-87.875,227.125,6,2.8333,0.0525,13.84,0.003789,de_Gerlache,45.7,False,Background,
-89.375,143.875,4,2.75,0.0803,21.22,0.003786,Shackleton,9.6,True,Background,confirmed within Shackleton PSR boundary
-85.375,80.875,6,2.8333,0.0525,13.88,0.00378,Faustini,55.5,False,Background,
-89.375,4.875,6,2.8333,0.0525,13.89,0.003777,Shackleton,26.0,False,Background,
-89.375,191.875,7,2.8571,0.0445,11.81,0.003767,Shackleton,16.8,False,Background,
-85.875,305.625,5,2.8,0.0636,16.93,0.003757,Cabeus,38.8,True,Background,confirmed within Cabeus PSR boundary
-88.125,4.125,4,2.75,0.0803,21.45,0.003745,Haworth,22.3,True,Background,confirmed within Haworth PSR boundary
-85.125,51.125,6,2.8333,0.0525,14.01,0.003743,Nobile,6.4,True,Background,confirmed within Nobile PSR boundary
-88.625,138.375,7,2.8571,0.0445,11.92,0.003734,Sverdrup,22.6,False,Background,
-87.875,231.875,7,2.8571,0.0445,11.93,0.003729,de_Gerlache,41.6,False,Background,
-88.125,227.125,8,2.875,0.0385,10.34,0.003727,de_Gerlache,41.4,False,Background,
-87.625,310.625,3,2.6667,0.1082,29.07,0.003722,de_Gerlache,45.3,False,Background,
-86.875,3.875,4,2.75,0.0803,21.58,0.003722,Haworth,22.1,True,Background,confirmed within Haworth PSR boundary
-85.125,47.875,7,2.8571,0.0445,11.99,0.003712,Nobile,14.6,True,Background,confirmed within Nobile PSR boundary
-89.125,181.375,10,2.9,0.0302,8.15,0.003701,Shackleton,21.8,False,Background,
-85.125,180.125,7,2.8571,0.0445,12.1,0.003677,Sverdrup,98.2,False,Background,
-89.125,19.375,11,2.9091,0.0271,7.39,0.003669,Shackleton,31.4,False,Background,
-89.375,141.625,4,2.75,0.0803,22.01,0.00365,Shackleton,9.4,True,Background,confirmed within Shackleton PSR boundary
-88.625,318.875,15,2.9333,0.019,5.24,0.003629,de_Gerlache,37.6,False,Background,
-88.125,222.375,6,2.8333,0.0525,14.55,0.003605,de_Gerlache,45.5,False,Background,
-86.375,46.125,6,2.6667,0.1082,30.07,0.003599,Nobile,39.8,False,Background,
-85.625,28.875,9,2.7778,0.071,19.87,0.003575,Nobile,60.9,False,Background,
-86.375,49.125,4,2.75,0.0803,22.58,0.003558,Nobile,37.5,False,Background,
-87.375,42.625,5,2.8,0.0636,17.95,0.003544,Faustini,57.3,False,Background,
-88.875,207.625,11,2.8182,0.0575,16.28,0.003533,Shackleton,33.5,False,Background,
-85.375,245.875,5,2.8,0.0636,18.3,0.003475,de_Gerlache,97.4,False,Background,
-86.125,240.125,6,2.8333,0.0525,15.14,0.003465,de_Gerlache,79.2,False,Background,
-89.375,139.375,4,2.75,0.0803,23.21,0.00346,Shackleton,9.3,True,Background,confirmed within Shackleton PSR boundary
-87.875,63.875,6,2.8333,0.0525,15.21,0.00345,Faustini,32.2,False,Background,
-86.875,311.875,7,2.8571,0.0445,12.92,0.003444,Cabeus,60.5,False,Background,
-89.375,125.625,4,2.75,0.0803,23.34,0.003442,Shackleton,9.0,True,Background,confirmed within Shackleton PSR boundary
-89.375,166.875,8,2.875,0.0385,11.24,0.003428,Shackleton,12.6,False,Background,
-88.625,207.125,8,2.875,0.0385,11.24,0.003427,Shackleton,40.7,False,Background,
-88.875,141.625,8,2.875,0.0385,11.29,0.003413,Shackleton,24.4,False,Background,
-88.375,315.875,12,2.9167,0.0246,7.24,0.003396,de_Gerlache,37.3,False,Background,
-85.125,242.625,6,2.8333,0.0525,15.48,0.003389,de_Gerlache,106.6,False,Background,
-85.875,6.875,4,2.75,0.0803,23.88,0.003364,Haworth,52.2,False,Background,
-88.875,157.625,6,2.8333,0.0525,15.63,0.003357,Shackleton,25.7,False,Background,
-88.375,76.125,6,2.8333,0.0525,15.7,0.003342,Faustini,36.5,False,Background,
-88.875,211.375,12,2.8333,0.0525,15.7,0.003341,Shackleton,34.2,False,Background,
-85.625,358.375,5,2.8,0.0636,19.16,0.00332,Haworth,56.2,False,Background,
-88.625,316.125,10,2.9,0.0302,9.15,0.003296,de_Gerlache,35.6,False,Background,
-85.125,43.375,5,2.8,0.0636,19.39,0.00328,Nobile,26.0,True,Background,confirmed within Nobile PSR boundary
-87.375,215.625,18,2.9444,0.0153,4.67,0.003277,de_Gerlache,66.6,False,Background,
-85.375,187.875,4,2.75,0.0803,24.6,0.003265,Sverdrup,97.3,False,Background,
-85.875,7.875,5,2.8,0.0636,19.6,0.003246,Haworth,52.9,False,Background,
-85.875,23.125,5,2.8,0.0636,19.6,0.003246,Haworth,67.5,False,Background,
-89.375,147.625,5,2.8,0.0636,19.6,0.003245,Shackleton,9.9,True,Background,confirmed within Shackleton PSR boundary
-85.875,48.875,6,2.8333,0.0525,16.37,0.003205,Nobile,23.8,True,Background,confirmed within Nobile PSR boundary
-85.375,39.375,4,2.75,0.0803,25.59,0.003139,Nobile,35.7,True,Background,confirmed within Nobile PSR boundary
-88.125,129.625,6,2.8333,0.0525,16.96,0.003093,Sverdrup,23.6,False,Background,
-87.625,316.875,8,2.75,0.0803,26.3,0.003054,Haworth,49.2,False,Background,
-85.375,176.375,4,2.75,0.0803,26.53,0.003028,Sverdrup,88.3,False,Background,
-86.125,42.875,7,2.8571,0.0445,14.71,0.003025,Nobile,37.6,False,Background,
-88.125,136.125,9,2.8889,0.0339,11.22,0.00302,Sverdrup,17.1,False,Background,
-89.375,144.125,5,2.8,0.0636,21.13,0.00301,Shackleton,9.6,True,Background,confirmed within Shackleton PSR boundary
-87.875,31.125,7,2.8571,0.0445,14.86,0.002995,Haworth,44.9,False,Background,
-88.625,140.125,10,2.9,0.0302,10.11,0.002984,Sverdrup,21.8,False,Background,
-89.125,201.125,8,2.875,0.0385,12.92,0.002982,Shackleton,25.2,False,Background,
-85.625,39.375,8,2.75,0.0803,27.11,0.002964,Nobile,36.8,False,Background,
-89.125,196.375,9,2.8889,0.0339,11.48,0.00295,Shackleton,24.4,False,Background,
-86.625,51.625,5,2.8,0.0636,21.68,0.002933,Nobile,44.0,False,Background,
-88.875,37.875,7,2.8571,0.0445,15.38,0.002894,Shackleton,35.8,False,Background,
-89.625,151.875,4,2.75,0.0803,27.95,0.002874,Shackleton,4.4,True,Background,confirmed within Shackleton PSR boundary
-87.625,215.125,11,2.9091,0.0271,9.47,0.002864,de_Gerlache,61.4,False,Background,
-87.625,135.625,15,2.8667,0.0413,14.61,0.002827,Sverdrup,22.5,False,Background,
-86.125,355.125,6,2.8333,0.0525,18.68,0.002809,Haworth,40.8,False,Background,
-88.125,137.875,11,2.9091,0.0271,9.92,0.002735,Sverdrup,15.4,True,Background,confirmed within Sverdrup PSR boundary
-89.375,133.875,5,2.8,0.0636,23.31,0.002729,Shackleton,9.0,True,Background,confirmed within Shackleton PSR boundary
-89.375,127.125,5,2.8,0.0636,23.32,0.002728,Shackleton,9.0,True,Background,confirmed within Shackleton PSR boundary
-86.375,44.625,4,2.75,0.0803,29.58,0.002715,Nobile,41.2,False,Background,
-87.625,309.375,4,2.75,0.0803,30.0,0.002677,de_Gerlache,44.2,False,Background,
-87.625,33.375,7,2.8571,0.0445,16.73,0.00266,Haworth,48.7,False,Background,
-88.625,30.125,8,2.875,0.0385,14.49,0.002659,Shackleton,44.4,False,Background,
-89.625,90.125,4,2.75,0.0803,30.24,0.002656,Shackleton,7.3,True,Background,confirmed within Shackleton PSR boundary
-89.625,90.625,4,2.75,0.0803,30.47,0.002636,Shackleton,7.2,True,Background,confirmed within Shackleton PSR boundary
-86.375,34.375,5,2.8,0.0636,24.3,0.002618,Nobile,55.6,False,Background,
-87.375,36.875,10,2.9,0.0302,11.59,0.002602,Haworth,55.5,False,Background,
-88.375,131.625,9,2.8889,0.0339,13.3,0.002548,Sverdrup,22.8,False,Background,
-85.125,43.625,7,2.8571,0.0445,17.6,0.002529,Nobile,25.4,True,Background,confirmed within Nobile PSR boundary
-89.375,134.875,11,2.8182,0.0575,22.87,0.002516,Shackleton,9.0,True,Background,confirmed within Shackleton PSR boundary
-85.125,231.875,7,2.8571,0.0445,18.1,0.002459,de_Gerlache,113.9,False,Background,
-85.125,176.375,5,2.8,0.0636,25.9,0.002456,Sverdrup,95.6,False,Background,
-88.625,210.125,16,2.9375,0.0176,7.29,0.002417,Shackleton,41.3,False,Background,
-87.875,213.125,10,2.9,0.0302,12.84,0.002349,de_Gerlache,57.8,False,Background,
-88.625,30.375,9,2.8889,0.0339,14.5,0.002337,Shackleton,44.4,False,Background,
-89.125,200.375,10,2.9,0.0302,13.17,0.00229,Shackleton,25.1,False,Background,
-86.125,47.375,7,2.8571,0.0445,19.9,0.002236,Nobile,31.9,True,Background,confirmed within Nobile PSR boundary
-85.375,2.875,7,2.8571,0.0445,20.0,0.002225,Haworth,65.0,False,Background,
-89.375,125.125,6,2.8333,0.0525,24.02,0.002184,Shackleton,9.0,True,Background,confirmed within Shackleton PSR boundary
-89.375,163.875,10,2.9,0.0302,13.86,0.002176,Shackleton,12.1,False,Background,
-89.125,168.875,15,2.9333,0.019,8.74,0.002175,Shackleton,19.8,False,Background,
-85.625,36.375,9,2.8889,0.0339,15.81,0.002143,Nobile,43.6,False,Background,
-88.125,213.875,21,2.9524,0.0126,5.98,0.002116,de_Gerlache,52.5,False,Background,
-88.875,209.125,9,2.8889,0.0339,16.25,0.002085,Shackleton,33.8,False,Background,
-85.625,138.125,10,2.9,0.0302,15.22,0.001982,Sverdrup,75.4,False,Background,
-89.375,135.125,7,2.8571,0.0445,23.22,0.001917,Shackleton,9.0,True,Background,confirmed within Shackleton PSR boundary
-88.875,203.875,13,2.9231,0.0224,11.78,0.001906,Shackleton,32.9,False,Background,
-89.375,130.125,8,2.875,0.0385,23.32,0.001652,Shackleton,8.9,True,Background,confirmed within Shackleton PSR boundary
-89.375,132.875,8,2.875,0.0385,23.71,0.001625,Shackleton,9.0,True,Background,confirmed within Shackleton PSR boundary
-88.625,139.125,18,2.9444,0.0153,11.96,0.001279,Sverdrup,22.3,False,Background,
-88.125,33.875,34,2.9706,0.0066,5.97,0.001099,Haworth,47.9,False,Background,
-88.125,97.375,3,4.3333,0.0,8.72,0.0,Faustini,32.8,False,Background,
-85.125,78.875,5,3.0,0.0,6.67,0.0,Faustini,63.5,False,Background,
-89.125,191.125,7,3.1429,0.0,8.93,0.0,Shackleton,23.5,False,Background,
-87.625,231.875,4,3.0,0.0,10.54,0.0,de_Gerlache,46.6,False,Background,
-86.625,237.875,4,3.25,0.0,8.13,0.0,de_Gerlache,66.8,False,Background,
-85.875,240.375,3,3.6667,0.0,14.6,0.0,de_Gerlache,86.2,False,Background,
-86.125,79.625,4,3.25,0.0,11.85,0.0,Faustini,33.2,False,Background,
-88.625,97.875,5,3.0,0.0,8.85,0.0,Shackleton,33.6,False,Background,
-88.625,95.625,3,3.0,0.0,8.13,0.0,Shackleton,33.8,False,Background,
-89.375,184.375,6,3.6667,0.0,7.82,0.0,Shackleton,15.5,False,Background,
-87.875,228.625,4,3.0,0.0,15.28,0.0,de_Gerlache,44.4,False,Background,
-85.125,239.625,6,3.1667,0.0,10.5,0.0,de_Gerlache,108.5,False,Background,
-85.125,74.125,6,3.1667,0.0,10.4,0.0,Nobile,52.5,False,Background,
-86.875,78.125,3,3.3333,0.0,16.8,0.0,Faustini,12.7,True,Background,confirmed within Faustini PSR boundary
-89.125,110.125,3,3.0,0.0,6.47,0.0,Shackleton,17.4,False,Background,
-86.375,235.625,3,4.6667,0.0,7.11,0.0,de_Gerlache,75.4,False,Background,
-86.375,236.125,6,3.0,0.0,7.43,0.0,de_Gerlache,75.0,False,Background,
-87.625,79.875,3,3.3333,0.0,13.8,0.0,Faustini,13.7,True,Background,confirmed within Faustini PSR boundary
-88.375,88.375,4,3.5,0.0,5.53,0.0,Faustini,36.1,False,Background,
-88.375,221.375,6,3.1667,0.0,4.06,0.0,de_Gerlache,42.7,False,Background,
-87.375,230.875,4,3.75,0.0,11.61,0.0,de_Gerlache,53.2,False,Background,
-89.125,104.375,5,3.2,0.0,5.13,0.0,Shackleton,18.0,False,Background,
-89.125,106.375,3,4.0,0.0,6.16,0.0,Shackleton,17.8,False,Background,
-89.375,135.875,4,3.0,0.0,23.47,0.0,Shackleton,9.1,True,Background,confirmed within Shackleton PSR boundary
-89.125,206.625,8,3.375,0.0,12.45,0.0,Shackleton,26.2,False,Background,
-86.875,232.375,4,3.0,0.0,6.26,0.0,de_Gerlache,64.4,False,Background,
-89.375,122.125,4,4.75,0.0,24.75,0.0,Shackleton,9.1,True,Background,confirmed within Shackleton PSR boundary
-88.125,225.125,4,4.0,0.0,11.15,0.0,de_Gerlache,43.1,False,Background,
-86.125,233.625,4,3.75,0.0,4.33,0.0,de_Gerlache,83.9,False,Background,
-85.625,68.625,4,3.75,0.0,7.64,0.0,Nobile,39.0,False,Background,
-85.375,66.875,4,3.25,0.0,7.9,0.0,Nobile,33.8,True,Background,confirmed within Nobile PSR boundary
-87.375,72.375,4,4.0,0.0,11.45,0.0,Faustini,16.5,True,Background,confirmed within Faustini PSR boundary
-88.125,78.125,3,3.6667,0.0,9.47,0.0,Faustini,28.7,False,Background,
-89.375,183.375,6,3.1667,0.0,7.38,0.0,Shackleton,15.4,False,Background,
-86.875,229.625,4,3.0,0.0,6.03,0.0,de_Gerlache,66.7,False,Background,
-86.375,67.625,4,5.5,0.0,8.61,0.0,Faustini,36.3,False,Background,
-86.625,68.375,3,3.0,0.0,6.86,0.0,Faustini,29.8,False,Background,
-87.125,70.375,3,3.0,0.0,11.83,0.0,Faustini,19.4,True,Background,confirmed within Faustini PSR boundary
-88.125,76.875,3,3.6667,0.0,8.72,0.0,Faustini,29.1,False,Background,
-86.875,229.375,4,3.25,0.0,5.22,0.0,de_Gerlache,66.9,False,Background,
-85.375,64.875,8,3.125,0.0,10.61,0.0,Nobile,28.9,True,Background,confirmed within Nobile PSR boundary
-86.875,68.375,4,3.25,0.0,6.07,0.0,Faustini,25.2,False,Background,
-87.125,69.125,4,4.75,0.0,6.85,0.0,Faustini,21.3,True,Background,confirmed within Faustini PSR boundary
-87.625,225.375,5,3.0,0.0,6.38,0.0,de_Gerlache,52.4,False,Background,
-86.375,229.625,4,3.5,0.0,5.56,0.0,de_Gerlache,80.1,False,Background,
-85.625,231.125,5,4.0,0.0,17.36,0.0,de_Gerlache,100.0,False,Background,
-86.875,67.125,3,3.0,0.0,5.93,0.0,Faustini,27.0,False,Background,
-87.125,66.625,4,3.0,0.0,6.2,0.0,Faustini,25.0,False,Background,
-87.375,67.375,4,3.5,0.0,6.07,0.0,Faustini,23.3,False,Background,
-89.375,163.625,5,3.2,0.0,14.04,0.0,Shackleton,12.1,False,Background,
-89.375,188.625,5,3.6,0.0,9.91,0.0,Shackleton,16.3,False,Background,
-85.125,61.375,6,3.3333,0.0,6.89,0.0,Nobile,20.2,True,Background,confirmed within Nobile PSR boundary
-85.625,61.875,3,3.6667,0.0,8.1,0.0,Nobile,24.3,True,Background,confirmed within Nobile PSR boundary
-87.125,65.875,3,3.0,0.0,7.79,0.0,Faustini,26.1,False,Background,
-89.375,125.875,3,3.6667,0.0,23.62,0.0,Shackleton,9.0,True,Background,confirmed within Shackleton PSR boundary
-88.125,218.625,3,4.3333,0.0,5.56,0.0,de_Gerlache,48.6,False,Background,
-88.625,75.375,3,3.0,0.0,5.22,0.0,Shackleton,36.7,False,Background,
-85.125,228.125,8,3.125,0.0,7.03,0.0,de_Gerlache,116.7,False,Background,
-87.875,65.625,5,4.2,0.0,13.35,0.0,Faustini,30.5,False,Background,
-87.375,220.625,3,3.6667,0.0,5.56,0.0,de_Gerlache,62.2,False,Background,
-86.375,223.875,3,3.0,0.0,5.89,0.0,de_Gerlache,84.9,False,Background,
-88.125,215.875,6,3.0,0.0,6.82,0.0,de_Gerlache,50.9,False,Background,
-86.625,222.625,4,3.5,0.0,7.25,0.0,de_Gerlache,79.3,False,Background,
-86.125,223.875,4,5.25,0.0,6.7,0.0,de_Gerlache,91.8,False,Background,
-85.625,222.875,9,3.6667,0.0,4.22,0.0,de_Gerlache,106.6,False,Background,
-88.125,61.625,4,3.75,0.0,13.99,0.0,Faustini,38.3,False,Background,
-88.375,64.875,3,4.3333,0.0,15.8,0.0,Faustini,41.2,False,Background,
-88.625,67.375,3,3.0,0.0,18.86,0.0,Shackleton,38.1,False,Background,
-86.875,55.375,5,4.6,0.0,10.44,0.0,Faustini,44.3,False,Background,
-88.375,62.375,3,3.6667,0.0,16.2,0.0,Faustini,42.6,False,Background,
-89.625,143.625,3,3.3333,0.0,19.41,0.0,Shackleton,3.0,True,Background,confirmed within Shackleton PSR boundary
-89.625,157.375,4,3.5,0.0,30.17,0.0,Shackleton,5.3,True,Background,confirmed within Shackleton PSR boundary
-89.375,187.875,8,3.125,0.0,9.75,0.0,Shackleton,16.1,False,Background,
-86.375,219.625,3,3.6667,0.0,8.35,0.0,de_Gerlache,88.6,False,Background,
-88.875,63.875,3,3.0,0.0,11.09,0.0,Shackleton,31.3,False,Background,
-88.625,208.875,8,3.25,0.0,9.0,0.0,Shackleton,41.1,False,Background,
-86.875,217.625,7,3.1429,0.0,6.09,0.0,de_Gerlache,77.2,False,Background,
-89.125,60.875,3,3.3333,0.0,3.7,0.0,Shackleton,24.7,False,Background,
-86.375,218.125,5,3.4,0.0,9.73,0.0,de_Gerlache,89.9,False,Background,
-87.125,46.875,3,3.3333,0.0,9.92,0.0,Faustini,53.7,False,Background,
-87.625,46.375,4,3.5,0.0,10.97,0.0,Faustini,51.1,False,Background,
-89.375,197.875,4,3.75,0.0,11.85,0.0,Shackleton,17.9,False,Background,
-86.875,216.875,8,3.125,0.0,3.56,0.0,de_Gerlache,77.8,False,Background,
-86.125,42.625,8,3.375,0.0,15.47,0.0,Nobile,38.0,False,Background,
-86.375,216.875,6,3.1667,0.0,12.21,0.0,de_Gerlache,91.0,False,Background,
-88.375,39.875,4,3.25,0.0,5.88,0.0,Shackleton,50.2,False,Background,
-87.625,36.875,6,3.3333,0.0,15.65,0.0,Haworth,52.9,False,Background,
-85.375,33.375,10,3.0,0.0,14.1,0.0,Nobile,50.4,False,Background,
-88.875,32.375,13,3.4615,0.0,13.0,0.0,Shackleton,36.7,False,Background,
-88.125,30.875,6,3.5,0.0,13.49,0.0,Haworth,44.9,False,Background,
-87.125,29.625,3,3.6667,0.0,4.61,0.0,Haworth,49.3,False,Background,
-88.875,26.625,10,3.3,0.0,12.19,0.0,Shackleton,37.6,False,Background,
-88.875,216.875,7,3.1429,0.0,12.56,0.0,Shackleton,35.1,False,Background,
-88.875,216.375,5,3.6,0.0,13.1,0.0,Shackleton,35.0,False,Background,
-87.125,27.875,4,4.25,0.0,4.7,0.0,Haworth,47.0,False,Background,
-88.875,23.125,3,3.3333,0.0,9.97,0.0,Shackleton,38.2,False,Background,
-89.375,5.625,6,5.0,0.0,12.18,0.0,Shackleton,25.9,False,Background,
-89.625,236.375,3,3.0,0.0,7.2,0.0,Shackleton,17.2,False,Background,
-87.625,22.375,3,3.0,0.0,8.88,0.0,Haworth,35.1,False,Background,
-87.375,211.625,3,4.6667,0.0,4.5,0.0,de_Gerlache,70.1,False,Background,
-86.875,211.125,4,3.5,0.0,11.27,0.0,Sverdrup,81.7,False,Background,
-86.625,210.625,8,3.0,0.0,9.74,0.0,Sverdrup,87.1,False,Background,
-86.125,210.125,3,4.0,0.0,14.04,0.0,Sverdrup,99.2,False,Background,
-89.375,349.625,4,4.0,0.0,4.46,0.0,Shackleton,27.4,False,Background,
-86.875,17.625,3,4.3333,0.0,6.69,0.0,Haworth,37.6,False,Background,
-89.375,351.625,4,4.25,0.0,4.47,0.0,Shackleton,27.2,False,Background,
-87.375,13.625,3,3.3333,0.0,9.52,0.0,Haworth,25.0,True,Background,confirmed within Haworth PSR boundary
-88.875,221.375,3,4.3333,0.0,12.21,0.0,Shackleton,35.9,False,Background,
-85.625,15.375,9,3.1111,0.0,9.98,0.0,Haworth,66.0,False,Background,
-86.875,207.375,4,4.0,0.0,8.8,0.0,Sverdrup,77.7,False,Background,
-88.875,359.875,3,3.3333,0.0,7.91,0.0,Shackleton,41.2,False,Background,
-86.625,205.875,6,4.0,0.0,6.37,0.0,Sverdrup,82.1,False,Background,
-89.375,329.125,4,4.0,0.0,4.41,0.0,Shackleton,28.6,False,Background,
-89.625,260.375,5,3.0,0.0,20.29,0.0,Shackleton,19.5,False,Background,
-86.125,202.125,6,3.6667,0.0,4.65,0.0,Sverdrup,90.8,False,Background,
-89.625,312.875,5,3.2,0.0,8.43,0.0,Shackleton,21.4,False,Background,
-85.375,200.125,4,3.75,0.0,5.56,0.0,Sverdrup,109.0,False,Background,
-85.375,199.125,4,3.5,0.0,5.91,0.0,Sverdrup,108.0,False,Background,
-85.125,8.625,7,3.5714,0.0,5.61,0.0,Haworth,75.3,False,Background,
-85.125,7.625,4,3.25,0.0,5.3,0.0,Haworth,74.7,False,Background,
-85.375,5.875,3,5.3333,0.0,16.9,0.0,Haworth,66.3,False,Background,
-87.625,1.875,5,3.4,0.0,6.08,0.0,Haworth,9.7,True,Background,confirmed within Haworth PSR boundary
-88.375,201.125,3,5.0,0.0,7.52,0.0,Sverdrup,46.4,False,Background,
-87.625,197.875,3,4.0,0.0,11.91,0.0,Sverdrup,52.2,False,Background,
-89.625,246.125,3,5.3333,0.0,5.93,0.0,Shackleton,18.2,False,Background,
-86.875,194.375,3,3.0,0.0,12.25,0.0,Sverdrup,64.0,False,Background,
-89.625,331.875,3,3.0,0.0,5.27,0.0,Shackleton,21.0,False,Background,
-85.125,191.125,4,3.25,0.0,4.52,0.0,Sverdrup,107.3,False,Background,
-85.375,2.625,3,3.3333,0.0,19.02,0.0,Haworth,64.9,False,Background,
-86.125,2.125,6,4.0,0.0,16.31,0.0,Haworth,42.3,False,Background,
-89.125,203.875,5,3.0,0.0,11.19,0.0,Shackleton,25.7,False,Background,
-89.125,348.125,8,3.625,0.0,12.13,0.0,Shackleton,34.9,False,Background,
-85.875,0.875,3,3.3333,0.0,19.26,0.0,Haworth,49.3,False,Background,
-86.875,187.625,4,4.0,0.0,3.12,0.0,Sverdrup,57.1,False,Background,
-85.125,0.375,9,3.8889,0.0,13.02,0.0,Haworth,71.7,False,Background,
-88.875,193.125,3,4.0,0.0,9.21,0.0,Shackleton,31.0,False,Background,
-87.375,187.125,4,3.0,0.0,7.23,0.0,Sverdrup,45.5,False,Background,
-86.625,185.875,3,3.6667,0.0,5.2,0.0,Sverdrup,61.5,False,Background,
-87.375,357.625,6,3.1667,0.0,2.8,0.0,Haworth,4.3,True,Background,confirmed within Haworth PSR boundary
-87.875,186.625,3,4.6667,0.0,6.38,0.0,Sverdrup,36.9,False,Background,
-89.375,194.625,7,3.4286,0.0,12.59,0.0,Shackleton,17.3,False,Background,
-87.625,184.625,4,4.5,0.0,8.79,0.0,Sverdrup,38.3,False,Background,
-85.875,182.875,10,3.0,0.0,6.8,0.0,Sverdrup,79.0,False,Background,
-88.875,187.375,3,3.6667,0.0,6.27,0.0,Shackleton,30.0,False,Background,
-87.875,182.875,4,3.5,0.0,9.28,0.0,Sverdrup,33.0,False,Background,
-85.625,180.375,4,3.0,0.0,16.98,0.0,Sverdrup,84.0,False,Background,
-87.875,353.125,3,4.0,0.0,4.82,0.0,Haworth,12.6,True,Background,confirmed within Haworth PSR boundary
-87.875,181.375,4,3.75,0.0,9.43,0.0,Sverdrup,31.4,False,Background,
-86.625,353.625,10,3.5,0.0,14.94,0.0,Haworth,25.8,False,Background,
-86.375,352.625,8,4.0,0.0,9.07,0.0,Haworth,33.5,False,Background,
-87.375,351.625,4,3.75,0.0,3.47,0.0,Haworth,5.8,True,Background,confirmed within Haworth PSR boundary
-88.625,348.625,4,3.5,0.0,18.86,0.0,Haworth,35.6,False,Background,
-86.375,351.625,8,3.375,0.0,10.06,0.0,Haworth,33.7,False,Background,
-87.125,350.875,5,3.6,0.0,14.07,0.0,Haworth,12.2,True,Background,confirmed within Haworth PSR boundary
-87.125,350.625,5,3.2,0.0,14.85,0.0,Haworth,12.4,True,Background,confirmed within Haworth PSR boundary
-88.375,180.125,3,4.0,0.0,7.04,0.0,Sverdrup,28.5,False,Background,
-85.625,176.375,9,3.2222,0.0,11.41,0.0,Sverdrup,81.0,False,Background,
-86.375,350.375,4,3.0,0.0,10.74,0.0,Haworth,34.1,False,Background,
-88.375,179.125,7,3.2857,0.0,6.39,0.0,Sverdrup,27.6,False,Background,
-85.875,175.625,3,3.0,0.0,5.22,0.0,Sverdrup,73.3,False,Background,
-87.875,346.625,3,4.0,0.0,12.98,0.0,Haworth,16.3,True,Background,confirmed within Haworth PSR boundary
-88.375,178.625,6,3.6667,0.0,6.63,0.0,Sverdrup,27.2,False,Background,
-87.625,346.125,3,3.6667,0.0,11.5,0.0,Haworth,12.8,True,Background,confirmed within Haworth PSR boundary
-88.875,180.375,5,4.2,0.0,3.98,0.0,Shackleton,28.9,False,Background,
-85.375,173.375,10,3.1,0.0,2.56,0.0,Sverdrup,86.3,False,Background,
-88.375,175.125,4,4.25,0.0,7.76,0.0,Sverdrup,24.3,False,Background,
-89.125,181.875,10,3.6,0.0,8.01,0.0,Shackleton,21.9,False,Background,
-88.625,176.125,8,4.125,0.0,13.42,0.0,Sverdrup,28.0,False,Background,
-87.625,172.125,3,3.6667,0.0,16.33,0.0,Sverdrup,25.2,False,Background,
-85.125,342.625,9,3.4444,0.0,11.05,0.0,Cabeus,69.9,False,Background,
-85.375,342.625,4,3.25,0.0,9.32,0.0,Haworth,67.5,False,Background,
-87.625,338.125,3,3.6667,0.0,15.39,0.0,Haworth,22.7,True,Background,confirmed within Haworth PSR boundary
-88.125,336.125,3,3.0,0.0,7.41,0.0,Haworth,29.7,False,Background,
-89.375,321.125,4,4.25,0.0,4.21,0.0,Shackleton,28.8,False,Background,
-88.125,172.375,5,3.2,0.0,3.76,0.0,Sverdrup,20.6,False,Background,
-86.625,336.625,5,3.8,0.0,9.0,0.0,Haworth,38.5,False,Background,
-86.125,165.875,3,3.0,0.0,3.71,0.0,Sverdrup,60.2,False,Background,
-85.625,165.375,5,3.2,0.0,17.24,0.0,Sverdrup,74.8,False,Background,
-88.875,174.625,8,3.375,0.0,9.07,0.0,Shackleton,28.0,False,Background,
-86.125,164.125,5,3.0,0.0,6.59,0.0,Sverdrup,59.4,False,Background,
-89.125,319.375,5,3.6,0.0,5.28,0.0,Shackleton,36.4,False,Background,
-88.625,170.625,3,3.6667,0.0,10.1,0.0,Sverdrup,24.7,False,Background,
-88.375,168.125,4,3.75,0.0,6.97,0.0,Sverdrup,18.7,False,Background,
-87.625,164.625,4,3.25,0.0,7.86,0.0,Sverdrup,18.0,False,Background,
-85.875,161.625,3,6.0,0.0,7.5,0.0,Sverdrup,65.9,False,Background,
-85.125,161.125,7,3.1429,0.0,12.01,0.0,Sverdrup,88.3,False,Background,
-87.625,328.625,4,3.0,0.0,7.52,0.0,Haworth,34.6,False,Background,
-88.625,321.375,6,3.3333,0.0,7.43,0.0,de_Gerlache,39.4,False,Background,
-87.625,326.875,4,3.5,0.0,10.78,0.0,Haworth,36.8,False,Background,
-89.125,312.125,3,3.6667,0.0,4.67,0.0,de_Gerlache,34.8,False,Background,
-85.625,159.875,4,3.25,0.0,6.24,0.0,Sverdrup,72.9,False,Background,
-86.875,327.875,3,3.0,0.0,9.45,0.0,Haworth,44.3,False,Background,
-88.625,319.375,11,3.1818,0.0,4.8,0.0,de_Gerlache,38.0,False,Background,
-89.125,176.125,4,4.75,0.0,8.32,0.0,Shackleton,21.0,False,Background,
-88.625,167.625,3,3.0,0.0,11.0,0.0,Sverdrup,23.1,False,Background,
-87.625,162.125,3,5.0,0.0,6.22,0.0,Sverdrup,15.9,True,Background,confirmed within Sverdrup PSR boundary
-86.875,160.375,3,3.3333,0.0,11.19,0.0,Sverdrup,35.7,False,Background,
-85.875,158.875,4,3.5,0.0,4.37,0.0,Sverdrup,65.2,False,Background,
-88.375,320.375,8,3.75,0.0,8.18,0.0,de_Gerlache,40.9,False,Background,
-88.625,319.875,5,3.0,0.0,4.39,0.0,de_Gerlache,38.3,False,Background,
-88.625,166.625,3,4.0,0.0,11.4,0.0,Sverdrup,22.6,False,Background,
-89.125,172.375,12,3.8333,0.0,6.17,0.0,Shackleton,20.4,False,Background,
-88.125,162.375,3,3.3333,0.0,5.02,0.0,Sverdrup,10.8,True,Background,confirmed within Sverdrup PSR boundary
-85.875,156.625,3,4.6667,0.0,3.94,0.0,Sverdrup,64.7,False,Background,
-86.125,326.375,3,3.6667,0.0,10.17,0.0,Cabeus,44.4,True,Background,confirmed within Cabeus PSR boundary
-88.875,313.875,5,3.4,0.0,7.29,0.0,de_Gerlache,34.0,False,Background,
-86.875,324.375,3,3.0,0.0,9.87,0.0,Haworth,48.9,False,Background,
-88.625,315.625,9,3.7778,0.0,11.45,0.0,de_Gerlache,35.3,False,Background,
-86.625,323.375,9,3.2222,0.0,13.23,0.0,Cabeus,54.8,False,Background,
-89.125,167.125,7,3.4286,0.0,7.89,0.0,Shackleton,19.6,False,Background,
-85.125,323.875,4,3.25,0.0,4.72,0.0,Cabeus,21.8,True,Background,confirmed within Cabeus PSR boundary
-86.125,323.125,9,3.4444,0.0,17.3,0.0,Cabeus,40.7,True,Background,confirmed within Cabeus PSR boundary
-88.875,160.875,3,3.6667,0.0,14.53,0.0,Shackleton,26.1,False,Background,
-85.875,150.875,6,3.8333,0.0,6.43,0.0,Sverdrup,64.5,False,Background,
-85.625,150.625,3,3.6667,0.0,12.74,0.0,Sverdrup,72.1,False,Background,
-85.375,150.375,7,4.0,0.0,8.9,0.0,Sverdrup,79.7,False,Background,
-85.625,322.875,3,3.6667,0.0,6.22,0.0,Cabeus,27.9,True,Background,confirmed within Cabeus PSR boundary
-87.625,319.875,7,3.4286,0.0,11.34,0.0,Haworth,45.5,False,Background,
-88.125,318.125,3,3.3333,0.0,4.96,0.0,de_Gerlache,42.5,False,Background,
-88.375,317.125,11,3.2727,0.0,7.61,0.0,de_Gerlache,38.3,False,Background,
-89.125,159.125,9,4.0,0.0,8.97,0.0,Shackleton,18.5,False,Background,
-87.375,150.125,3,6.6667,0.0,3.71,0.0,Sverdrup,19.2,False,Background,
-87.125,319.625,6,3.5,0.0,11.65,0.0,Haworth,51.2,False,Background,
-87.625,318.375,6,4.3333,0.0,9.71,0.0,Haworth,47.3,False,Background,
-88.875,152.875,5,3.4,0.0,8.57,0.0,Shackleton,25.2,False,Background,
-88.375,149.875,3,3.0,0.0,6.72,0.0,Sverdrup,11.6,True,Background,confirmed within Sverdrup PSR boundary
-88.875,151.875,7,3.7143,0.0,6.36,0.0,Shackleton,25.2,False,Background,
-87.625,146.125,3,3.0,0.0,9.22,0.0,Sverdrup,13.5,True,Background,confirmed within Sverdrup PSR boundary
-87.625,145.125,4,3.5,0.0,9.05,0.0,Sverdrup,14.2,True,Background,confirmed within Sverdrup PSR boundary
-86.625,143.875,3,3.3333,0.0,4.63,0.0,Sverdrup,43.3,False,Background,
-85.875,143.375,3,3.0,0.0,6.25,0.0,Sverdrup,65.9,False,Background,
-88.875,148.375,8,3.25,0.0,7.46,0.0,Shackleton,24.9,False,Background,
-88.875,147.875,6,4.0,0.0,8.53,0.0,Shackleton,24.8,False,Background,
-86.875,142.625,5,4.4,0.0,6.59,0.0,Sverdrup,36.5,False,Background,
-85.625,141.875,4,4.5,0.0,5.22,0.0,Sverdrup,73.9,False,Background,
-85.125,140.625,5,3.8,0.0,3.98,0.0,Sverdrup,89.4,False,Background,
-88.875,143.875,6,3.5,0.0,12.35,0.0,Shackleton,24.5,False,Background,
-86.875,315.125,9,4.1111,0.0,11.1,0.0,Cabeus,59.9,False,Background,
-89.625,148.875,4,3.5,0.0,25.74,0.0,Shackleton,3.8,True,Background,confirmed within Shackleton PSR boundary
-87.125,138.875,5,3.6,0.0,6.91,0.0,Sverdrup,31.6,False,Background,
-87.125,314.375,4,4.0,0.0,15.04,0.0,Haworth,58.2,False,Background,
-89.625,149.125,3,4.0,0.0,26.26,0.0,Shackleton,3.9,True,Background,confirmed within Shackleton PSR boundary
-86.375,133.875,8,3.375,0.0,10.01,0.0,Sverdrup,55.9,False,Background,
-86.625,313.375,4,3.25,0.0,11.66,0.0,Cabeus,52.6,False,Background,
-85.625,311.625,5,3.4,0.0,11.29,0.0,Cabeus,24.5,True,Background,confirmed within Cabeus PSR boundary
-88.125,124.875,5,4.0,0.0,7.93,0.0,Sverdrup,28.3,False,Background,
-87.375,124.625,3,4.3333,0.0,5.99,0.0,Sverdrup,38.5,False,Background,
-85.375,123.375,7,3.1429,0.0,3.15,0.0,Sverdrup,92.1,False,Background,
-85.125,123.375,4,4.5,0.0,3.17,0.0,Faustini,99.3,False,Background,
-89.125,329.125,4,3.75,0.0,14.59,0.0,Shackleton,36.1,False,Background,
-87.625,312.375,5,4.2,0.0,21.83,0.0,de_Gerlache,46.8,False,Background,
-89.375,62.625,3,3.0,0.0,7.1,0.0,Shackleton,17.6,False,Background,
-85.625,115.625,4,3.5,0.0,2.91,0.0,Faustini,76.0,False,Background,
-89.125,338.125,6,3.3333,0.0,7.17,0.0,Shackleton,35.6,False,Background,
-85.625,305.875,6,4.1667,0.0,9.02,0.0,Cabeus,33.5,True,Background,confirmed within Cabeus PSR boundary
-86.125,112.125,4,3.0,0.0,4.5,0.0,Faustini,59.5,False,Background,
-86.375,110.125,4,3.5,0.0,8.16,0.0,Faustini,51.4,False,Background,
-85.875,111.125,4,5.25,0.0,4.68,0.0,Faustini,63.8,False,Background,
-87.625,310.125,3,3.3333,0.0,29.86,0.0,de_Gerlache,44.9,False,Background,
-89.125,336.875,4,3.75,0.0,7.1,0.0,Shackleton,35.7,False,Background,
-88.125,99.875,3,3.3333,0.0,7.88,0.0,Faustini,34.5,False,Background,
-87.125,106.625,3,3.0,0.0,3.67,0.0,Faustini,34.9,False,Background,
-89.375,350.625,3,3.3333,0.0,4.26,0.0,Shackleton,27.3,False,Background,
-87.125,103.375,3,5.0,0.0,12.04,0.0,Faustini,30.1,False,Background,
-85.375,106.875,3,4.0,0.0,5.25,0.0,Faustini,71.1,False,Background,
-86.875,304.625,7,4.4286,0.0,12.94,0.0,de_Gerlache,58.8,False,Background,
-89.125,343.875,4,3.25,0.0,11.37,0.0,Shackleton,35.2,False,Background,
-87.125,100.625,3,3.3333,0.0,14.6,0.0,Faustini,26.1,False,Background,
-86.375,301.875,3,4.3333,0.0,13.6,0.0,Cabeus,55.0,False,Background,
-86.625,300.125,4,3.75,0.0,5.04,0.0,de_Gerlache,62.4,False,Background,
-85.875,296.625,3,3.6667,0.0,7.86,0.0,Cabeus,55.3,False,Background,
-85.875,97.125,3,4.3333,0.0,17.47,0.0,Faustini,47.3,False,Background,
-87.125,300.625,3,4.6667,0.0,9.94,0.0,de_Gerlache,49.1,False,Background,
-89.375,7.125,7,3.1429,0.0,9.99,0.0,Shackleton,25.7,False,Background,
-88.125,306.125,3,4.0,0.0,11.01,0.0,de_Gerlache,32.1,False,Background,
-88.625,69.625,4,3.75,0.0,14.75,0.0,Shackleton,37.7,False,Background,
-88.375,78.125,3,3.0,0.0,20.93,0.0,Faustini,36.1,False,Background,
-87.375,298.125,3,3.0,0.0,10.43,0.0,de_Gerlache,40.8,False,Background,
-87.875,302.125,3,6.3333,0.0,7.89,0.0,de_Gerlache,32.7,False,Background,
-86.625,89.875,3,3.0,0.0,14.78,0.0,Faustini,20.5,True,Background,confirmed within Faustini PSR boundary
-86.625,293.125,3,3.0,0.0,8.24,0.0,de_Gerlache,58.0,False,Background,
-86.625,293.375,3,4.0,0.0,7.48,0.0,de_Gerlache,58.2,False,Background,
-87.125,295.375,4,4.5,0.0,9.26,0.0,de_Gerlache,45.4,False,Background,
-86.375,89.125,4,3.75,0.0,5.46,0.0,Faustini,26.9,False,Background,
-85.875,89.625,3,3.0,0.0,12.89,0.0,Faustini,41.8,False,Background,
-85.875,289.625,3,5.0,0.0,7.49,0.0,Cabeus,70.0,False,Background,
-86.375,290.875,3,3.6667,0.0,7.55,0.0,de_Gerlache,64.1,False,Background,
-86.625,290.625,3,4.3333,0.0,9.15,0.0,de_Gerlache,56.7,False,Background,
-89.125,338.875,4,3.75,0.0,7.31,0.0,Shackleton,35.6,False,Background,
-88.875,34.125,14,3.2857,0.0,15.28,0.0,Shackleton,36.4,False,Background,
-88.875,36.625,8,3.625,0.0,14.84,0.0,Shackleton,36.0,False,Background,
-86.875,74.875,3,3.3333,0.0,10.9,0.0,Faustini,16.4,True,Background,confirmed within Faustini PSR boundary
-87.875,291.625,3,4.3333,0.0,5.2,0.0,de_Gerlache,23.9,False,Background,
-88.375,296.875,3,4.0,0.0,10.21,0.0,de_Gerlache,21.5,False,Background,
-86.125,75.125,3,3.3333,0.0,10.26,0.0,Faustini,35.5,False,Background,
-87.375,284.875,3,3.0,0.0,7.48,0.0,de_Gerlache,32.3,False,Background,
-88.875,37.375,6,3.3333,0.0,14.51,0.0,Shackleton,35.9,False,Background,
-85.875,277.375,4,3.0,0.0,3.68,0.0,de_Gerlache,74.8,False,Background,
-87.375,281.375,3,3.3333,0.0,10.4,0.0,de_Gerlache,30.8,False,Background,
-88.375,291.875,3,5.0,0.0,14.28,0.0,de_Gerlache,17.3,False,Background,
-85.125,269.375,5,3.8,0.0,7.45,0.0,de_Gerlache,97.3,False,Background,
-87.875,282.125,3,3.6667,0.0,9.02,0.0,de_Gerlache,17.1,False,Background,
-87.125,61.375,3,3.3333,0.0,6.14,0.0,Faustini,32.7,False,Background,
-87.875,53.875,5,4.4,0.0,4.31,0.0,Faustini,42.7,False,Background,
-85.875,66.125,3,4.6667,0.0,8.98,0.0,Nobile,36.4,True,Background,confirmed within Nobile PSR boundary
-86.125,63.375,4,3.0,0.0,9.56,0.0,Nobile,36.4,True,Background,confirmed within Nobile PSR boundary
-85.375,263.625,4,3.25,0.0,6.07,0.0,de_Gerlache,90.4,False,Background,
-86.375,262.875,3,3.3333,0.0,5.63,0.0,de_Gerlache,60.5,False,Background,
-87.125,56.375,3,3.0,0.0,7.35,0.0,Faustini,40.0,False,Background,
-88.125,46.875,4,3.5,0.0,4.22,0.0,Faustini,51.6,False,Background,
-88.125,46.375,4,3.0,0.0,3.36,0.0,Faustini,52.1,False,Background,
-86.125,257.375,3,4.0,0.0,5.01,0.0,de_Gerlache,69.7,False,Background,
-88.625,36.125,10,4.2,0.0,15.87,0.0,Shackleton,43.4,False,Background,
-88.625,36.875,7,3.4286,0.0,14.31,0.0,Shackleton,43.3,False,Background,
-85.375,250.875,5,3.4,0.0,5.69,0.0,de_Gerlache,94.8,False,Background,
-85.875,250.625,3,3.3333,0.0,21.17,0.0,de_Gerlache,80.1,False,Background,
-85.375,248.375,3,3.0,0.0,19.45,0.0,de_Gerlache,96.0,False,Background,
-86.375,250.125,3,3.0,0.0,8.66,0.0,de_Gerlache,65.7,False,Background,
-86.625,251.125,3,3.0,0.0,3.74,0.0,de_Gerlache,57.9,False,Background,
-86.375,249.125,3,4.3333,0.0,9.42,0.0,de_Gerlache,66.3,False,Background,
-86.875,250.625,3,3.3333,0.0,8.63,0.0,de_Gerlache,51.1,False,Background,
-86.125,52.375,4,4.25,0.0,17.2,0.0,Nobile,28.8,True,Background,confirmed within Nobile PSR boundary
-86.375,247.625,3,3.0,0.0,9.96,0.0,de_Gerlache,67.1,False,Background,
-88.125,254.125,4,5.0,0.0,6.82,0.0,de_Gerlache,17.8,False,Background,
-87.125,47.375,3,3.0,0.0,8.39,0.0,Faustini,53.0,False,Background,
-85.375,50.625,3,3.3333,0.0,10.88,0.0,Nobile,9.4,True,Background,confirmed within Nobile PSR boundary
-87.125,246.625,3,3.0,0.0,5.34,0.0,de_Gerlache,46.8,False,Background,
-87.625,249.125,3,4.0,0.0,8.76,0.0,de_Gerlache,32.1,False,Background,
-88.375,34.625,13,3.0,0.0,11.1,0.0,Haworth,49.6,False,Background,
-87.625,244.375,3,4.0,0.0,5.27,0.0,de_Gerlache,35.9,False,Background,
-87.875,245.875,3,3.0,0.0,10.75,0.0,de_Gerlache,29.3,False,Background,
-85.375,237.875,4,3.25,0.0,14.56,0.0,de_Gerlache,102.3,False,Background,
-88.375,32.125,8,3.125,0.0,13.09,0.0,Haworth,47.5,False,Background,
-87.875,241.375,3,3.6667,0.0,8.87,0.0,de_Gerlache,33.2,False,Background,
-88.125,242.875,3,3.3333,0.0,8.18,0.0,de_Gerlache,27.7,False,Background,
-88.375,244.125,4,3.5,0.0,11.97,0.0,de_Gerlache,24.1,False,Background,
-88.875,250.125,3,4.0,0.0,12.42,0.0,de_Gerlache,22.8,False,Background,
-85.125,231.375,3,3.6667,0.0,13.88,0.0,de_Gerlache,114.2,False,Background,
-88.375,240.875,4,4.0,0.0,6.93,0.0,de_Gerlache,26.8,False,Background,
-87.375,36.625,3,3.6667,0.0,11.02,0.0,Haworth,55.2,False,Background,
-88.875,244.375,3,3.6667,0.0,20.21,0.0,de_Gerlache,25.8,False,Background,
-87.125,36.875,4,5.0,0.0,7.76,0.0,Haworth,58.9,False,Background,
-85.125,39.625,3,4.0,0.0,23.01,0.0,Nobile,35.6,True,Background,confirmed within Nobile PSR boundary
-86.875,32.375,5,3.0,0.0,10.5,0.0,Haworth,57.1,False,Background,
-85.125,206.875,4,3.75,0.0,12.18,0.0,Sverdrup,122.8,False,Background,
-86.625,31.125,3,3.6667,0.0,18.4,0.0,Haworth,60.2,False,Background,
-89.125,44.625,4,3.75,0.0,4.01,0.0,Shackleton,27.5,False,Background,
-86.875,199.625,3,4.0,0.0,14.25,0.0,Sverdrup,69.5,False,Background,
-89.625,103.125,4,4.25,0.0,31.1,0.0,Shackleton,5.1,True,Background,confirmed within Shackleton PSR boundary
-86.125,27.375,3,4.3333,0.0,10.37,0.0,Nobile,65.8,False,Background,
-86.125,25.125,3,4.3333,0.0,11.96,0.0,Haworth,63.6,False,Background,
-89.375,162.875,7,3.4286,0.0,14.55,0.0,Shackleton,11.9,False,Background,
-85.375,15.125,4,3.5,0.0,7.45,0.0,Haworth,72.8,False,Background,
-89.625,129.625,3,3.6667,0.0,10.89,0.0,Shackleton,1.4,True,Background,confirmed within Shackleton PSR boundary
-86.625,356.125,5,4.0,0.0,15.05,0.0,Haworth,25.7,False,Background,
-85.875,355.625,5,3.6,0.0,19.17,0.0,Haworth,48.4,False,Background,
-85.125,353.625,5,3.4,0.0,8.84,0.0,Haworth,71.2,False,Background,
-89.625,137.125,3,5.3333,0.0,13.47,0.0,Shackleton,2.0,True,Background,confirmed within Shackleton PSR boundary
-89.625,125.375,3,3.0,0.0,10.3,0.0,Shackleton,1.6,True,Background,confirmed within Shackleton PSR boundary
-86.125,351.375,4,5.0,0.0,11.62,0.0,Haworth,41.3,False,Background,
-87.375,351.125,3,5.0,0.0,4.23,0.0,Haworth,6.4,True,Background,confirmed within Haworth PSR boundary
-85.625,162.125,4,3.0,0.0,7.47,0.0,Sverdrup,73.6,False,Background,
-85.875,347.875,3,3.6667,0.0,10.25,0.0,Haworth,50.0,False,Background,
-89.125,148.375,3,4.6667,0.0,10.77,0.0,Shackleton,17.4,False,Background,
-86.375,346.375,4,3.5,0.0,4.19,0.0,Haworth,36.2,False,Background,
-85.375,344.625,3,3.6667,0.0,8.08,0.0,Haworth,66.4,False,Background,
-86.875,341.625,3,3.3333,0.0,10.86,0.0,Haworth,27.2,False,Background,
-88.625,142.125,8,3.125,0.0,9.13,0.0,Sverdrup,21.0,False,Background,
-88.625,139.875,10,3.4,0.0,10.45,0.0,Sverdrup,21.9,False,Background,
-88.125,140.875,3,4.3333,0.0,6.86,0.0,Sverdrup,12.5,True,Background,confirmed within Sverdrup PSR boundary
-86.375,142.875,5,3.2,0.0,6.66,0.0,Sverdrup,51.1,False,Background,
-85.125,142.625,5,3.6,0.0,3.26,0.0,Sverdrup,88.7,False,Background,
-87.875,140.875,3,3.0,0.0,5.78,0.0,Sverdrup,13.2,True,Background,confirmed within Sverdrup PSR boundary
-86.375,325.875,4,4.75,0.0,11.68,0.0,Cabeus,50.0,False,Background,
-86.125,321.875,5,4.2,0.0,13.18,0.0,Cabeus,39.6,True,Background,confirmed within Cabeus PSR boundary
-85.375,321.875,4,4.5,0.0,7.33,0.0,Cabeus,20.9,True,Background,confirmed within Cabeus PSR boundary
-85.375,139.125,4,4.5,0.0,4.04,0.0,Sverdrup,82.4,False,Background,
-88.125,137.375,14,3.5,0.0,11.02,0.0,Sverdrup,15.9,True,Background,confirmed within Sverdrup PSR boundary
-85.125,134.125,5,3.0,0.0,5.52,0.0,Sverdrup,92.3,False,Background,
-88.375,137.375,4,3.5,0.0,7.21,0.0,Sverdrup,18.3,False,Background,
-88.875,140.625,3,3.3333,0.0,10.61,0.0,Shackleton,24.4,False,Background,
-85.375,129.625,4,3.0,0.0,2.9,0.0,Sverdrup,87.6,False,Background,
-85.875,130.375,3,5.0,0.0,7.52,0.0,Sverdrup,72.6,False,Background,
-87.125,132.625,3,4.0,0.0,7.67,0.0,Sverdrup,36.5,False,Background,
-86.625,128.125,3,3.3333,0.0,9.94,0.0,Sverdrup,53.3,False,Background,
-85.125,120.375,3,3.3333,0.0,4.43,0.0,Faustini,95.1,False,Background,
-85.375,115.125,3,4.0,0.0,3.36,0.0,Faustini,81.5,False,Background,
-88.375,127.875,3,3.0,0.0,11.44,0.0,Sverdrup,25.9,False,Background,
-87.125,113.625,3,3.0,0.0,10.49,0.0,Faustini,45.1,False,Background,
-88.375,239.875,3,4.6667,0.0,5.8,0.0,de_Gerlache,27.7,False,Background,
-85.125,99.375,3,3.3333,0.0,13.73,0.0,Faustini,70.3,False,Background,
-86.125,216.375,4,4.0,0.0,10.93,0.0,de_Gerlache,98.2,False,Background,
-86.625,85.625,3,3.6667,0.0,14.27,0.0,Faustini,17.9,True,Background,confirmed within Faustini PSR boundary
-85.875,81.625,4,3.0,0.0,12.59,0.0,Faustini,40.3,False,Background,
-89.125,116.375,3,3.6667,0.0,8.54,0.0,Shackleton,16.9,False,Background,
-87.125,81.875,3,3.0,0.0,2.95,0.0,Faustini,3.1,True,Background,confirmed within Faustini PSR boundary
-87.875,86.375,4,3.75,0.0,9.74,0.0,Faustini,20.9,True,Background,confirmed within Faustini PSR boundary
-89.375,145.125,6,3.0,0.0,21.08,0.0,Shackleton,9.7,True,Background,confirmed within Shackleton PSR boundary
-86.875,235.375,5,3.4,0.0,8.98,0.0,de_Gerlache,62.0,False,Background,
-86.625,236.375,7,3.5714,0.0,9.76,0.0,de_Gerlache,67.9,False,Background,
-87.375,81.625,3,4.6667,0.0,3.17,0.0,Faustini,5.8,True,Background,confirmed within Faustini PSR boundary
-87.625,83.875,3,3.3333,0.0,12.94,0.0,Faustini,12.9,True,Background,confirmed within Faustini PSR boundary
-86.625,235.625,3,3.0,0.0,6.71,0.0,de_Gerlache,68.5,False,Background,
-88.625,91.875,4,3.5,0.0,7.0,0.0,Shackleton,34.3,False,Background,
-88.625,88.375,3,5.0,0.0,7.38,0.0,Shackleton,34.8,False,Background,
-87.875,226.625,4,3.25,0.0,14.06,0.0,de_Gerlache,46.2,False,Background,
-85.875,70.125,4,3.25,0.0,9.41,0.0,Nobile,44.3,False,Background,
-86.375,71.125,3,3.0,0.0,8.33,0.0,Faustini,32.3,False,Background,
-88.375,219.375,10,3.1,0.0,2.23,0.0,de_Gerlache,44.3,False,Background,
-85.125,235.375,9,3.3333,0.0,21.47,0.0,de_Gerlache,111.4,False,Background,
-86.125,69.375,3,3.0,0.0,13.62,0.0,Faustini,40.5,False,Background,
-86.875,71.375,4,3.5,0.0,4.15,0.0,Faustini,21.0,True,Background,confirmed within Faustini PSR boundary
-88.375,220.375,6,3.0,0.0,3.07,0.0,de_Gerlache,43.5,False,Background,
-87.375,228.125,4,5.25,0.0,6.14,0.0,de_Gerlache,55.6,False,Background,
-87.375,228.875,3,5.0,0.0,6.56,0.0,de_Gerlache,54.9,False,Background,
-86.125,232.875,6,3.1667,0.0,3.54,0.0,de_Gerlache,84.5,False,Background,
-86.625,69.875,5,4.4,0.0,6.0,0.0,Faustini,27.8,False,Background,
-89.375,124.875,4,4.5,0.0,23.92,0.0,Shackleton,9.0,True,Background,confirmed within Shackleton PSR boundary
-89.375,187.375,8,4.0,0.0,8.74,0.0,Shackleton,16.1,False,Background,
-85.625,231.875,8,3.125,0.0,16.02,0.0,de_Gerlache,99.4,False,Background,
-85.625,65.375,6,3.0,0.0,6.73,0.0,Nobile,31.7,True,Background,confirmed within Nobile PSR boundary
-86.625,67.625,4,3.0,0.0,6.52,0.0,Faustini,30.8,False,Background,
-88.875,83.625,4,4.25,0.0,5.19,0.0,Shackleton,28.1,False,Background,
-89.375,190.875,8,3.5,0.0,11.43,0.0,Shackleton,16.7,False,Background,
-88.875,210.375,9,3.1111,0.0,16.42,0.0,Shackleton,34.0,False,Background,
-86.625,64.875,4,3.0,0.0,6.79,0.0,Faustini,34.5,False,Background,
-87.625,68.875,3,3.3333,0.0,9.03,0.0,Faustini,23.4,False,Background,
-88.375,216.625,4,3.5,0.0,2.84,0.0,de_Gerlache,46.4,False,Background,
-89.375,154.125,4,3.0,0.0,16.13,0.0,Shackleton,10.7,False,Background,
-86.625,63.125,5,3.0,0.0,12.61,0.0,Faustini,36.9,False,Background,
-87.125,64.125,4,3.5,0.0,9.1,0.0,Faustini,28.7,False,Background,
-87.625,66.625,4,4.5,0.0,13.84,0.0,Faustini,26.0,False,Background,
-88.375,214.875,14,3.6429,0.0,3.95,0.0,de_Gerlache,47.8,False,Background,
-87.875,219.375,3,4.0,0.0,11.87,0.0,de_Gerlache,52.5,False,Background,
-87.625,220.625,4,3.0,0.0,5.36,0.0,de_Gerlache,56.6,False,Background,
-88.625,73.125,3,3.3333,0.0,7.03,0.0,Shackleton,37.1,False,Background,
-88.875,77.875,6,3.3333,0.0,6.55,0.0,Shackleton,29.0,False,Background,
-86.125,58.375,3,4.6667,0.0,9.94,0.0,Nobile,30.7,True,Background,confirmed within Nobile PSR boundary
-86.875,60.375,6,3.5,0.0,15.66,0.0,Faustini,36.9,False,Background,
-87.375,62.125,3,4.6667,0.0,7.91,0.0,Faustini,30.6,False,Background,
-87.875,217.625,4,3.5,0.0,14.35,0.0,de_Gerlache,54.0,False,Background,
-86.375,223.375,6,3.5,0.0,4.71,0.0,de_Gerlache,85.4,False,Background,
-86.875,57.625,3,4.6667,0.0,6.88,0.0,Faustini,41.0,False,Background,
-87.125,58.875,7,3.8571,0.0,8.14,0.0,Faustini,36.4,False,Background,
-88.125,63.625,3,3.6667,0.0,15.61,0.0,Faustini,36.7,False,Background,
-89.375,164.375,6,3.0,0.0,13.33,0.0,Shackleton,12.2,False,Background,
-86.875,219.875,3,3.0,0.0,5.73,0.0,de_Gerlache,75.2,False,Background,
-86.625,219.125,5,3.8,0.0,5.82,0.0,de_Gerlache,82.4,False,Background,
-85.875,219.875,4,3.0,0.0,7.69,0.0,de_Gerlache,102.1,False,Background,
-85.875,218.625,6,3.3333,0.0,7.46,0.0,de_Gerlache,103.2,False,Background,
-86.375,217.875,8,3.0,0.0,10.06,0.0,de_Gerlache,90.1,False,Background,
-88.125,48.125,6,4.0,0.0,6.23,0.0,Faustini,50.4,False,Background,
-89.125,207.625,4,4.0,0.0,11.83,0.0,Shackleton,26.4,False,Background,
-85.875,42.375,8,3.75,0.0,25.71,0.0,Nobile,33.7,True,Background,confirmed within Nobile PSR boundary
-86.875,43.125,5,3.0,0.0,8.82,0.0,Nobile,55.6,False,Background,
-88.375,43.875,4,3.0,0.0,6.07,0.0,Shackleton,49.5,False,Background,
-89.125,49.625,5,3.0,0.0,4.02,0.0,Shackleton,26.7,False,Background,
-86.375,216.375,4,3.5,0.0,11.76,0.0,de_Gerlache,91.4,False,Background,
-85.875,216.875,10,3.2,0.0,9.75,0.0,de_Gerlache,104.7,False,Background,
-85.375,39.125,3,3.3333,0.0,25.54,0.0,Nobile,36.3,True,Background,confirmed within Nobile PSR boundary
-85.375,37.875,5,3.6,0.0,20.98,0.0,Nobile,39.4,False,Background,
-89.125,38.625,6,3.8333,0.0,4.64,0.0,Shackleton,28.5,False,Background,
-89.625,206.125,7,3.5714,0.0,12.06,0.0,Shackleton,13.3,False,Background,
-88.625,35.375,16,3.0,0.0,16.93,0.0,Shackleton,43.6,False,Background,
-89.375,31.125,6,5.0,0.0,7.66,0.0,Shackleton,22.7,False,Background,
-89.625,30.375,4,3.0,0.0,7.98,0.0,Shackleton,16.3,False,Background,
-86.125,31.875,10,3.2,0.0,16.31,0.0,Nobile,56.9,False,Background,
-85.375,212.875,4,3.25,0.0,4.57,0.0,Sverdrup,122.2,False,Background,
-86.875,26.375,3,3.0,0.0,5.03,0.0,Haworth,49.1,False,Background,
-87.875,25.375,3,3.0,0.0,12.13,0.0,Haworth,38.5,False,Background,
-88.875,21.375,3,3.3333,0.0,9.55,0.0,Shackleton,38.4,False,Background,
-86.375,25.625,4,3.25,0.0,6.61,0.0,Haworth,58.3,False,Background,
-89.125,15.375,7,3.1429,0.0,7.34,0.0,Shackleton,32.0,False,Background,
-89.625,350.875,3,3.0,0.0,9.83,0.0,Shackleton,20.0,False,Background,
-88.875,219.625,10,3.6,0.0,10.91,0.0,Shackleton,35.6,False,Background,
-89.375,228.125,3,3.0,0.0,18.08,0.0,Shackleton,22.7,False,Background,
-88.375,9.375,4,3.5,0.0,5.16,0.0,Haworth,31.3,False,Background,
-85.625,206.125,3,3.0,0.0,11.26,0.0,Sverdrup,108.3,False,Background,
-89.125,350.875,9,3.3333,0.0,15.24,0.0,Shackleton,34.7,False,Background,
-85.125,14.875,5,3.0,0.0,11.41,0.0,Haworth,79.8,False,Background,
-85.375,14.375,4,4.0,0.0,7.98,0.0,Haworth,72.2,False,Background,
-87.625,8.625,4,3.5,0.0,11.31,0.0,Haworth,17.8,True,Background,confirmed within Haworth PSR boundary
-88.375,4.625,3,3.3333,0.0,13.83,0.0,Haworth,29.2,False,Background,
-88.375,3.375,4,3.5,0.0,16.93,0.0,Haworth,28.8,False,Background,
-89.125,348.875,9,3.1111,0.0,13.57,0.0,Shackleton,34.8,False,Background,
-88.125,209.875,4,3.75,0.0,5.6,0.0,de_Gerlache,55.7,False,Background,
-86.625,10.375,3,4.0,0.0,8.8,0.0,Haworth,34.6,False,Background,
-86.625,9.125,3,3.3333,0.0,7.95,0.0,Haworth,33.3,False,Background,
-86.875,203.875,3,3.3333,0.0,9.3,0.0,Sverdrup,74.0,False,Background,
-89.125,347.875,8,3.25,0.0,11.94,0.0,Shackleton,34.9,False,Background,
-87.375,4.375,3,3.6667,0.0,8.19,0.0,Haworth,12.7,True,Background,confirmed within Haworth PSR boundary
-89.625,302.875,3,4.6667,0.0,12.9,0.0,Shackleton,21.3,False,Background,
-86.375,6.125,3,3.0,0.0,11.32,0.0,Haworth,37.4,False,Background,
-87.875,202.125,3,3.0,0.0,21.02,0.0,Sverdrup,52.6,False,Background,
-87.375,3.125,5,4.0,0.0,5.01,0.0,Haworth,11.0,True,Background,confirmed within Haworth PSR boundary
-89.375,344.125,3,4.6667,0.0,6.94,0.0,Shackleton,27.8,False,Background,
-87.375,196.875,4,3.0,0.0,7.46,0.0,Sverdrup,55.8,False,Background,
-86.625,195.375,4,3.0,0.0,6.95,0.0,Sverdrup,71.1,False,Background,
-87.625,196.125,4,3.5,0.0,13.02,0.0,Sverdrup,50.4,False,Background,
-87.625,193.125,3,3.6667,0.0,8.16,0.0,Sverdrup,47.3,False,Background,
-86.625,1.625,4,3.75,0.0,15.92,0.0,Haworth,27.4,False,Background,
-86.875,0.375,4,3.5,0.0,16.32,0.0,Haworth,19.5,True,Background,confirmed within Haworth PSR boundary
-87.375,359.625,5,3.4,0.0,4.98,0.0,Haworth,6.5,True,Background,confirmed within Haworth PSR boundary
-86.125,188.125,4,3.25,0.0,4.51,0.0,Sverdrup,76.8,False,Background,
-89.625,211.125,3,5.0,0.0,10.16,0.0,Shackleton,14.0,False,Background,
-86.875,358.875,3,3.0,0.0,15.55,0.0,Haworth,18.8,True,Background,confirmed within Haworth PSR boundary
-88.625,353.875,6,3.1667,0.0,9.19,0.0,Haworth,35.1,False,Background,
-87.875,188.125,3,4.3333,0.0,10.17,0.0,Sverdrup,38.4,False,Background,
-86.625,186.125,6,3.1667,0.0,4.5,0.0,Sverdrup,61.8,False,Background,
-86.125,358.875,5,3.6,0.0,18.57,0.0,Haworth,41.2,False,Background,
-89.625,332.125,3,3.3333,0.0,5.31,0.0,Shackleton,21.0,False,Background,
-87.375,185.375,4,3.5,0.0,5.79,0.0,Sverdrup,43.6,False,Background,
-87.375,356.625,4,3.75,0.0,3.31,0.0,Haworth,3.4,True,Background,confirmed within Haworth PSR boundary
-87.625,356.375,5,3.0,0.0,3.26,0.0,Haworth,4.9,True,Background,confirmed within Haworth PSR boundary
-86.625,356.875,3,3.0,0.0,14.64,0.0,Haworth,25.7,False,Background,
-86.875,356.375,6,3.3333,0.0,15.62,0.0,Haworth,18.1,True,Background,confirmed within Haworth PSR boundary
-88.375,185.375,4,3.0,0.0,10.88,0.0,Sverdrup,33.0,False,Background,
-86.625,182.125,5,3.4,0.0,6.25,0.0,Sverdrup,58.0,False,Background,
-86.625,355.625,3,3.0,0.0,15.73,0.0,Haworth,25.6,False,Background,
-86.375,354.875,5,3.2,0.0,12.51,0.0,Haworth,33.2,False,Background,
-85.875,179.625,6,3.3333,0.0,6.46,0.0,Sverdrup,76.3,False,Background,
-89.125,344.375,4,3.25,0.0,11.44,0.0,Shackleton,35.2,False,Background,
-88.625,348.125,3,3.0,0.0,19.47,0.0,Haworth,35.7,False,Background,
-88.875,183.125,4,4.0,0.0,4.02,0.0,Shackleton,29.3,False,Background,
-88.125,179.375,4,6.25,0.0,9.04,0.0,Sverdrup,27.5,False,Background,
-85.625,350.875,3,3.0,0.0,14.95,0.0,Haworth,56.5,False,Background,
-88.375,179.375,5,3.6,0.0,6.97,0.0,Sverdrup,27.8,False,Background,
-88.125,178.625,5,5.4,0.0,10.04,0.0,Sverdrup,26.8,False,Background,
-85.875,349.375,6,3.8333,0.0,15.66,0.0,Haworth,49.4,False,Background,
-89.125,184.875,6,3.0,0.0,6.49,0.0,Shackleton,22.4,False,Background,
-88.375,178.125,6,4.3333,0.0,7.62,0.0,Sverdrup,26.8,False,Background,
-87.875,177.125,3,3.0,0.0,10.29,0.0,Sverdrup,26.9,False,Background,
-86.375,175.125,4,5.25,0.0,2.93,0.0,Sverdrup,58.8,False,Background,
-88.125,344.625,3,3.3333,0.0,15.72,0.0,Haworth,23.4,True,Background,confirmed within Haworth PSR boundary
-88.375,343.625,3,3.3333,0.0,16.7,0.0,Haworth,30.2,False,Background,
-89.625,195.375,4,4.0,0.0,12.21,0.0,Shackleton,11.7,False,Background,
-89.625,220.625,4,5.25,0.0,14.72,0.0,Shackleton,15.3,False,Background,
-87.625,339.625,4,3.25,0.0,19.86,0.0,Haworth,20.8,True,Background,confirmed within Haworth PSR boundary
-85.625,341.125,8,3.75,0.0,13.95,0.0,Haworth,61.3,False,Background,
-86.375,340.375,4,3.75,0.0,12.73,0.0,Haworth,40.9,False,Background,
-87.125,169.875,3,3.3333,0.0,8.97,0.0,Sverdrup,34.4,False,Background,
-88.875,329.375,6,3.1667,0.0,12.9,0.0,de_Gerlache,43.2,False,Background,
-89.125,327.125,3,5.3333,0.0,12.2,0.0,Shackleton,36.2,False,Background,
-89.375,312.375,3,4.6667,0.0,7.14,0.0,Shackleton,29.0,False,Background,
-87.125,169.125,4,4.0,0.0,9.38,0.0,Sverdrup,33.8,False,Background,
-86.375,337.875,3,4.6667,0.0,12.79,0.0,Haworth,43.3,False,Background,
-86.125,337.125,4,4.0,0.0,6.42,0.0,Haworth,50.6,False,Background,
-88.375,330.375,3,4.0,0.0,8.38,0.0,Haworth,38.2,False,Background,
-85.625,336.375,3,4.0,0.0,8.07,0.0,Cabeus,55.2,False,Background,
-87.625,333.375,3,4.6667,0.0,18.39,0.0,Haworth,28.7,False,Background,
-88.875,175.375,5,4.2,0.0,9.52,0.0,Shackleton,28.1,False,Background,
-87.375,166.125,3,4.3333,0.0,10.89,0.0,Sverdrup,25.1,False,Background,
-89.125,315.625,3,3.0,0.0,3.54,0.0,de_Gerlache,36.4,False,Background,
-89.375,302.625,6,4.0,0.0,8.43,0.0,Shackleton,28.9,False,Background,
-86.875,329.125,7,4.0,0.0,11.46,0.0,Haworth,42.6,False,Background,
-88.375,323.375,4,3.25,0.0,9.06,0.0,de_Gerlache,43.3,False,Background,
-86.375,328.625,6,4.1667,0.0,11.9,0.0,Cabeus,53.1,False,Background,
-89.125,175.625,7,4.0,0.0,8.42,0.0,Shackleton,20.9,False,Background,
-88.125,163.375,3,3.0,0.0,7.21,0.0,Sverdrup,11.8,True,Background,confirmed within Sverdrup PSR boundary
-85.125,157.125,4,3.0,0.0,9.11,0.0,Sverdrup,87.5,False,Background,
-88.875,168.625,3,4.3333,0.0,9.23,0.0,Shackleton,27.1,False,Background,
-87.875,160.375,3,4.3333,0.0,7.94,0.0,Sverdrup,9.4,True,Background,confirmed within Sverdrup PSR boundary
-86.375,156.125,3,4.6667,0.0,6.63,0.0,Sverdrup,49.5,False,Background,
-85.875,155.625,3,5.3333,0.0,3.59,0.0,Sverdrup,64.6,False,Background,
-85.375,155.125,4,3.25,0.0,12.6,0.0,Sverdrup,79.7,False,Background,
-88.125,159.625,3,4.6667,0.0,10.17,0.0,Sverdrup,8.2,True,Background,confirmed within Sverdrup PSR boundary
-85.375,325.625,5,3.0,0.0,6.8,0.0,Cabeus,28.6,True,Background,confirmed within Cabeus PSR boundary
-86.375,324.625,7,3.4286,0.0,15.02,0.0,Cabeus,48.8,True,Background,confirmed within Cabeus PSR boundary
-85.625,151.875,5,3.6,0.0,10.65,0.0,Sverdrup,72.0,False,Background,
-87.625,319.625,3,3.6667,0.0,11.89,0.0,Haworth,45.8,False,Background,
-86.875,150.625,6,3.1667,0.0,2.48,0.0,Sverdrup,34.2,False,Background,
-85.125,322.375,4,4.5,0.0,5.39,0.0,Cabeus,18.1,True,Background,confirmed within Cabeus PSR boundary
-87.875,317.875,3,4.0,0.0,14.25,0.0,de_Gerlache,46.6,False,Background,
-88.875,312.625,8,3.0,0.0,7.15,0.0,de_Gerlache,33.2,False,Background,
-88.125,150.375,3,4.0,0.0,15.89,0.0,Sverdrup,4.4,True,Background,confirmed within Sverdrup PSR boundary
-86.375,147.375,5,3.0,0.0,4.56,0.0,Sverdrup,49.8,False,Background,
-88.125,316.625,4,3.5,0.0,4.23,0.0,de_Gerlache,41.2,False,Background,
-89.125,157.625,6,3.1667,0.0,6.78,0.0,Shackleton,18.3,False,Background,
-87.875,148.375,4,3.0,0.0,9.93,0.0,Sverdrup,5.9,True,Background,confirmed within Sverdrup PSR boundary
-85.125,319.875,5,3.2,0.0,9.8,0.0,Cabeus,12.3,True,Background,confirmed within Cabeus PSR boundary
-85.375,319.875,3,3.0,0.0,11.99,0.0,Cabeus,17.5,True,Background,confirmed within Cabeus PSR boundary
-88.125,315.375,8,3.25,0.0,5.58,0.0,de_Gerlache,40.1,False,Background,
-88.625,313.125,9,3.0,0.0,10.36,0.0,de_Gerlache,33.5,False,Background,
-89.625,167.375,4,4.5,0.0,30.87,0.0,Shackleton,7.1,True,Background,confirmed within Shackleton PSR boundary
-89.375,152.875,5,3.0,0.0,17.39,0.0,Shackleton,10.5,False,Background,
-86.125,142.125,6,3.8333,0.0,8.59,0.0,Sverdrup,58.9,False,Background,
-85.125,317.375,5,3.8,0.0,7.04,0.0,Cabeus,7.7,True,Background,confirmed within Cabeus PSR boundary
-86.375,316.875,8,4.0,0.0,6.49,0.0,Cabeus,44.8,True,Background,confirmed within Cabeus PSR boundary
-89.375,152.125,4,3.25,0.0,16.81,0.0,Shackleton,10.5,True,Background,confirmed within Shackleton PSR boundary
-88.625,144.875,7,3.5714,0.0,9.83,0.0,Sverdrup,20.1,False,Background,
-88.625,144.625,5,3.0,0.0,9.16,0.0,Sverdrup,20.2,False,Background,
-86.875,141.375,3,4.3333,0.0,6.19,0.0,Sverdrup,37.1,False,Background,
-86.625,315.875,5,3.2,0.0,13.46,0.0,Cabeus,52.3,False,Background,
-88.625,143.125,11,3.1818,0.0,7.39,0.0,Sverdrup,20.7,False,Background,
-86.625,139.875,3,3.0,0.0,8.66,0.0,Sverdrup,45.1,False,Background,
-85.125,315.875,3,5.3333,0.0,7.31,0.0,Cabeus,6.8,True,Background,confirmed within Cabeus PSR boundary
-89.125,143.625,3,4.0,0.0,15.47,0.0,Shackleton,17.0,False,Background,
-88.375,140.125,9,3.4444,0.0,6.48,0.0,Sverdrup,16.4,True,Background,confirmed within Sverdrup PSR boundary
-87.875,139.625,8,3.125,0.0,6.6,0.0,Sverdrup,14.5,True,Background,confirmed within Sverdrup PSR boundary
-85.375,136.625,5,3.0,0.0,3.73,0.0,Sverdrup,83.6,False,Background,
-86.625,133.875,8,3.25,0.0,5.45,0.0,Sverdrup,48.9,False,Background,
-85.125,313.125,4,3.0,0.0,6.36,0.0,Cabeus,10.2,True,Background,confirmed within Cabeus PSR boundary
-88.875,128.625,3,3.3333,0.0,9.53,0.0,Shackleton,24.1,False,Background,
-87.875,129.875,6,3.5,0.0,16.0,0.0,Sverdrup,24.8,False,Background,
-88.125,125.125,3,3.0,0.0,8.7,0.0,Sverdrup,28.0,False,Background,
-88.875,318.875,4,3.5,0.0,9.03,0.0,de_Gerlache,37.0,False,Background,
-87.375,312.375,5,3.2,0.0,13.19,0.0,de_Gerlache,52.5,False,Background,
-86.875,123.375,4,3.75,0.0,11.39,0.0,Sverdrup,51.1,False,Background,
-87.125,311.875,3,3.6667,0.0,12.6,0.0,de_Gerlache,58.2,False,Background,
-87.875,117.625,4,4.25,0.0,12.63,0.0,Sverdrup,37.7,False,Background,
-85.625,308.875,3,3.0,0.0,5.68,0.0,Cabeus,28.3,True,Background,confirmed within Cabeus PSR boundary
-85.625,118.875,4,3.25,0.0,4.62,0.0,Faustini,80.6,False,Background,
-87.125,113.125,3,3.6667,0.0,11.87,0.0,Faustini,44.4,False,Background,
-86.875,113.375,4,5.5,0.0,9.03,0.0,Faustini,47.6,False,Background,
-86.375,114.625,4,3.75,0.0,8.42,0.0,Faustini,57.9,False,Background,
-85.125,305.125,3,3.6667,0.0,9.49,0.0,Cabeus,29.4,True,Background,confirmed within Cabeus PSR boundary
-85.875,112.375,3,3.6667,0.0,4.55,0.0,Faustini,65.6,False,Background,
-85.875,304.375,4,3.25,0.0,9.6,0.0,Cabeus,40.8,True,Background,confirmed within Cabeus PSR boundary
-85.125,109.875,4,4.0,0.0,6.14,0.0,Faustini,81.3,False,Background,
-87.875,310.875,6,3.5,0.0,13.14,0.0,de_Gerlache,40.4,False,Background,
-89.375,30.375,3,3.0,0.0,7.03,0.0,Shackleton,22.8,False,Background,
-85.125,108.125,3,3.0,0.0,5.4,0.0,Faustini,79.3,False,Background,
-86.875,305.375,3,3.6667,0.0,12.49,0.0,de_Gerlache,59.4,False,Background,
-85.125,107.375,3,4.6667,0.0,5.29,0.0,Faustini,78.4,False,Background,
-86.625,303.125,4,4.5,0.0,9.94,0.0,Cabeus,59.4,False,Background,
-89.375,0.375,3,3.3333,0.0,9.98,0.0,Shackleton,26.4,False,Background,
-88.125,87.875,3,3.6667,0.0,5.91,0.0,Faustini,28.6,False,Background,
-86.625,98.375,3,3.3333,0.0,8.44,0.0,Faustini,30.1,False,Background,
-86.125,100.125,4,3.25,0.0,7.69,0.0,Faustini,43.8,False,Background,
-85.625,98.875,3,4.6667,0.0,14.06,0.0,Faustini,55.8,False,Background,
-85.375,99.125,3,3.0,0.0,11.59,0.0,Faustini,63.0,False,Background,
-89.375,22.875,4,5.25,0.0,10.44,0.0,Shackleton,23.8,False,Background,
-85.625,97.625,4,4.25,0.0,8.7,0.0,Faustini,54.6,False,Background,
-89.125,339.875,3,4.3333,0.0,7.84,0.0,Shackleton,35.5,False,Background,
-88.375,78.875,3,4.0,0.0,19.57,0.0,Faustini,36.0,False,Background,
-86.375,91.625,3,4.0,0.0,5.64,0.0,Faustini,28.7,False,Background,
-85.625,288.375,4,4.5,0.0,6.85,0.0,Cabeus,71.8,False,Background,
-85.125,286.625,4,4.25,0.0,11.05,0.0,Cabeus,76.9,False,Background,
-88.625,56.125,4,3.5,0.0,16.26,0.0,Shackleton,40.0,False,Background,
-89.125,11.875,6,3.0,0.0,8.91,0.0,Shackleton,32.4,False,Background,
-85.125,283.875,4,3.25,0.0,8.6,0.0,Cabeus,83.9,False,Background,
-88.875,37.625,7,3.5714,0.0,14.73,0.0,Shackleton,35.9,False,Background,
-88.375,59.625,3,4.6667,0.0,14.5,0.0,Faustini,44.4,False,Background,
-89.125,9.375,4,3.0,0.0,7.4,0.0,Shackleton,32.7,False,Background,
-86.125,283.375,3,3.0,0.0,13.51,0.0,de_Gerlache,68.6,False,Background,
-88.625,305.625,3,3.6667,0.0,10.92,0.0,de_Gerlache,28.0,False,Background,
-87.625,289.625,3,3.3333,0.0,9.87,0.0,de_Gerlache,28.3,False,Background,
-86.125,279.625,3,3.3333,0.0,5.9,0.0,de_Gerlache,67.6,False,Background,
-85.375,276.625,4,4.75,0.0,4.82,0.0,de_Gerlache,89.9,False,Background,
-89.125,25.125,5,3.0,0.0,12.9,0.0,Shackleton,30.6,False,Background,
-86.375,73.375,4,3.5,0.0,11.52,0.0,Faustini,30.0,False,Background,
-85.125,274.125,4,3.0,0.0,4.03,0.0,de_Gerlache,97.2,False,Background,
-87.375,281.625,3,6.6667,0.0,10.75,0.0,de_Gerlache,30.9,False,Background,
-85.875,274.375,3,4.0,0.0,5.5,0.0,de_Gerlache,74.5,False,Background,
-88.625,297.625,5,3.6,0.0,15.56,0.0,de_Gerlache,22.2,False,Background,
-88.125,53.375,4,3.0,0.0,5.23,0.0,Faustini,45.5,False,Background,
-85.875,273.125,4,4.0,0.0,3.32,0.0,de_Gerlache,74.5,False,Background,
-86.125,273.875,3,5.6667,0.0,7.22,0.0,de_Gerlache,66.9,False,Background,
-86.375,65.125,3,4.6667,0.0,10.29,0.0,Faustini,39.4,False,Background,
-85.125,268.125,5,4.0,0.0,11.51,0.0,de_Gerlache,97.4,False,Background,
-85.625,269.125,3,3.0,0.0,3.67,0.0,de_Gerlache,82.1,False,Background,
-86.125,266.625,4,3.0,0.0,5.08,0.0,de_Gerlache,67.3,False,Background,
-88.125,279.625,4,4.75,0.0,10.91,0.0,de_Gerlache,9.5,True,Background,confirmed within de_Gerlache PSR boundary
-87.625,54.875,3,3.3333,0.0,17.75,0.0,Faustini,40.4,False,Background,
-85.125,64.875,5,3.4,0.0,8.6,0.0,Nobile,29.1,True,Background,confirmed within Nobile PSR boundary
-86.625,57.625,4,3.0,0.0,7.67,0.0,Nobile,44.7,False,Background,
-85.125,255.375,4,3.0,0.0,5.26,0.0,de_Gerlache,100.4,False,Background,
-85.125,253.875,3,3.0,0.0,7.44,0.0,de_Gerlache,100.9,False,Background,
-85.875,254.375,3,4.0,0.0,8.55,0.0,de_Gerlache,78.3,False,Background,
-88.375,267.125,3,4.6667,0.0,7.42,0.0,de_Gerlache,4.5,True,Background,confirmed within de_Gerlache PSR boundary
-85.625,252.375,3,4.0,0.0,11.23,0.0,de_Gerlache,86.7,False,Background,
-85.625,252.625,4,3.0,0.0,9.88,0.0,de_Gerlache,86.5,False,Background,
-86.125,253.625,3,4.0,0.0,9.44,0.0,de_Gerlache,71.3,False,Background,
-86.875,255.375,3,3.0,0.0,5.97,0.0,de_Gerlache,48.5,False,Background,
-87.625,48.625,4,3.0,0.0,12.72,0.0,Faustini,48.3,False,Background,
-86.625,53.625,3,3.6667,0.0,14.16,0.0,Nobile,43.8,False,Background,
-86.125,251.125,4,3.25,0.0,13.56,0.0,de_Gerlache,72.5,False,Background,
-85.625,54.875,3,3.6667,0.0,8.55,0.0,Nobile,13.9,True,Background,confirmed within Nobile PSR boundary
-89.125,24.125,3,5.0,0.0,10.24,0.0,Shackleton,30.7,False,Background,
-88.625,34.875,5,3.8,0.0,16.77,0.0,Shackleton,43.7,False,Background,
-88.375,39.125,3,4.0,0.0,6.38,0.0,Shackleton,50.3,False,Background,
-87.875,45.625,3,5.0,0.0,4.03,0.0,Faustini,51.9,False,Background,
-86.875,249.375,3,3.3333,0.0,6.6,0.0,de_Gerlache,51.8,False,Background,
-87.875,253.625,3,4.0,0.0,8.58,0.0,de_Gerlache,22.9,False,Background,
-85.375,244.875,4,4.5,0.0,5.61,0.0,de_Gerlache,97.9,False,Background,
-88.375,255.875,3,4.0,0.0,12.44,0.0,de_Gerlache,14.1,True,Background,confirmed within de_Gerlache PSR boundary
-87.375,248.125,3,5.6667,0.0,11.5,0.0,de_Gerlache,39.1,False,Background,
-88.625,261.125,3,4.0,0.0,5.43,0.0,de_Gerlache,12.5,True,Background,confirmed within de_Gerlache PSR boundary
-86.625,48.375,5,4.2,0.0,24.64,0.0,Nobile,45.2,False,Background,
-85.625,50.375,3,4.6667,0.0,7.09,0.0,Nobile,15.5,True,Background,confirmed within Nobile PSR boundary
-85.125,242.125,5,3.2,0.0,12.11,0.0,de_Gerlache,106.9,False,Background,
-86.125,243.375,4,3.25,0.0,14.91,0.0,de_Gerlache,77.0,False,Background,
-88.625,256.375,3,3.0,0.0,15.43,0.0,de_Gerlache,15.4,True,Background,confirmed within de_Gerlache PSR boundary
-86.375,241.875,4,4.0,0.0,9.84,0.0,de_Gerlache,70.8,False,Background,
-88.875,258.625,3,4.0,0.0,16.79,0.0,de_Gerlache,19.2,False,Background,
-87.375,243.875,3,5.3333,0.0,3.11,0.0,de_Gerlache,42.3,False,Background,
-87.375,244.125,3,3.0,0.0,3.04,0.0,de_Gerlache,42.1,False,Background,
-85.375,45.875,3,3.6667,0.0,14.37,0.0,Nobile,20.0,True,Background,confirmed within Nobile PSR boundary
-87.875,240.875,3,8.6667,0.0,8.55,0.0,de_Gerlache,33.6,False,Background,
-88.625,240.625,3,4.6667,0.0,8.89,0.0,de_Gerlache,26.4,False,Background,
-88.875,237.125,3,3.3333,0.0,9.76,0.0,de_Gerlache,29.9,False,Background,
-85.625,38.125,4,3.0,0.0,17.94,0.0,Nobile,39.7,False,Background,
-89.125,232.625,3,4.3333,0.0,16.94,0.0,Shackleton,30.4,False,Background,
-86.375,221.875,5,3.2,0.0,7.34,0.0,de_Gerlache,86.7,False,Background,
-89.625,16.375,3,4.3333,0.0,6.78,0.0,Shackleton,17.9,False,Background,
-89.625,27.125,4,3.25,0.0,9.0,0.0,Shackleton,16.7,False,Background,
-87.125,34.625,4,3.5,0.0,5.53,0.0,Haworth,56.0,False,Background,
-86.625,33.625,3,3.0,0.0,14.17,0.0,Nobile,60.9,False,Background,
-85.875,210.875,5,3.8,0.0,5.4,0.0,Sverdrup,106.6,False,Background,
-85.875,205.125,3,4.0,0.0,14.03,0.0,Sverdrup,100.6,False,Background,
-87.625,32.125,3,3.6667,0.0,17.18,0.0,Haworth,47.1,False,Background,
-86.375,30.875,4,3.0,0.0,13.16,0.0,Nobile,61.5,False,Background,
-87.625,31.625,3,4.0,0.0,17.1,0.0,Haworth,46.5,False,Background,
-86.375,198.875,3,3.6667,0.0,8.65,0.0,Sverdrup,81.0,False,Background,
-85.625,26.625,3,4.0,0.0,18.6,0.0,Nobile,66.1,False,Background,
-85.375,195.875,3,3.3333,0.0,9.31,0.0,Sverdrup,104.8,False,Background,
-89.625,79.625,5,3.2,0.0,21.88,0.0,Shackleton,9.1,True,Background,confirmed within Shackleton PSR boundary
-89.375,158.375,3,3.0,0.0,14.74,0.0,Shackleton,11.3,False,Background,
-86.375,20.375,3,3.3333,0.0,9.96,0.0,Haworth,51.8,False,Background,
-86.625,186.375,3,4.3333,0.0,4.81,0.0,Sverdrup,62.0,False,Background,
-86.375,186.125,3,4.6667,0.0,3.57,0.0,Sverdrup,68.2,False,Background,
-85.375,184.125,4,4.75,0.0,7.06,0.0,Sverdrup,94.1,False,Background,
-85.625,183.125,5,5.4,0.0,20.23,0.0,Sverdrup,86.2,False,Background,
-87.125,177.875,4,3.0,0.0,3.89,0.0,Sverdrup,41.5,False,Background,
-86.625,176.625,4,5.25,0.0,3.94,0.0,Sverdrup,53.1,False,Background,
-89.625,162.875,3,4.0,0.0,31.14,0.0,Shackleton,6.3,True,Background,confirmed within Shackleton PSR boundary
-86.375,358.875,5,4.6,0.0,8.91,0.0,Haworth,33.7,False,Background,
-86.125,174.125,5,3.8,0.0,2.7,0.0,Sverdrup,65.1,False,Background,
-86.375,171.875,5,3.6,0.0,2.86,0.0,Sverdrup,56.4,False,Background,
-85.875,354.875,5,3.4,0.0,18.62,0.0,Haworth,48.4,False,Background,
-89.125,156.875,5,3.4,0.0,7.65,0.0,Shackleton,18.2,False,Background,
-85.375,351.125,4,3.25,0.0,10.03,0.0,Haworth,64.0,False,Background,
-86.875,349.625,3,3.3333,0.0,15.71,0.0,Haworth,19.9,True,Background,confirmed within Haworth PSR boundary
-87.125,160.625,3,3.3333,0.0,10.73,0.0,Sverdrup,28.5,False,Background,
-86.375,347.375,4,4.25,0.0,4.41,0.0,Haworth,35.6,False,Background,
-85.375,159.875,4,3.5,0.0,6.25,0.0,Sverdrup,80.5,False,Background,
-85.125,344.625,5,4.2,0.0,10.49,0.0,Haworth,73.8,False,Background,
-88.875,143.375,8,3.25,0.0,11.99,0.0,Shackleton,24.5,False,Background,
-87.125,150.125,3,4.0,0.0,3.56,0.0,Sverdrup,26.7,False,Background,
-87.125,149.125,3,4.0,0.0,4.11,0.0,Sverdrup,26.9,False,Background,
-86.625,339.125,3,4.6667,0.0,10.15,0.0,Haworth,35.8,False,Background,
-85.375,149.375,5,3.6,0.0,7.87,0.0,Sverdrup,79.8,False,Background,
-88.375,142.875,3,3.0,0.0,8.44,0.0,Sverdrup,14.6,True,Background,confirmed within Sverdrup PSR boundary
-85.125,332.875,3,3.0,0.0,11.13,0.0,Cabeus,44.8,True,Background,confirmed within Cabeus PSR boundary
-86.375,141.375,5,3.2,0.0,6.69,0.0,Sverdrup,51.8,False,Background,
-87.125,140.875,5,3.6,0.0,5.79,0.0,Sverdrup,30.3,False,Background,
-87.875,140.125,3,4.3333,0.0,8.57,0.0,Sverdrup,14.0,True,Background,confirmed within Sverdrup PSR boundary
-86.125,139.875,5,4.2,0.0,7.0,0.0,Sverdrup,59.8,False,Background,
-85.625,137.375,5,3.2,0.0,7.57,0.0,Sverdrup,75.8,False,Background,
-87.375,316.875,5,3.0,0.0,9.6,0.0,Haworth,51.5,False,Background,
-86.125,134.125,5,3.4,0.0,7.11,0.0,Sverdrup,62.9,False,Background,
-86.625,134.625,3,5.0,0.0,5.97,0.0,Sverdrup,48.3,False,Background,
-88.125,137.625,12,3.0,0.0,11.07,0.0,Sverdrup,15.7,True,Background,confirmed within Sverdrup PSR boundary
-86.625,133.625,3,3.3333,0.0,5.06,0.0,Sverdrup,49.0,False,Background,
-87.625,134.625,4,3.0,0.0,13.1,0.0,Sverdrup,23.5,False,Background,
-85.625,129.875,3,3.3333,0.0,3.61,0.0,Sverdrup,80.1,False,Background,
-86.375,295.625,3,4.6667,0.0,8.49,0.0,Cabeus,64.2,False,Background,
-85.375,114.125,3,3.6667,0.0,5.4,0.0,Faustini,80.2,False,Background,
-85.125,273.875,3,3.6667,0.0,6.03,0.0,de_Gerlache,97.2,False,Background,
-85.125,271.875,3,3.3333,0.0,3.96,0.0,de_Gerlache,97.2,False,Background,
-86.625,111.375,3,3.0,0.0,9.53,0.0,Faustini,48.5,False,Background,
-87.875,120.875,3,4.3333,0.0,8.77,0.0,Sverdrup,34.3,False,Background,
-87.125,238.375,3,3.6667,0.0,5.24,0.0,de_Gerlache,53.0,False,Background,
-88.875,200.875,4,3.25,0.0,10.71,0.0,Shackleton,32.3,False,Background,
-89.125,188.375,3,4.3333,0.0,8.2,0.0,Shackleton,23.0,False,Background,
-85.375,51.375,3,3.6667,0.0,17.46,0.0,Nobile,8.0,True,Background,confirmed within Nobile PSR boundary
-85.875,215.875,3,3.3333,0.0,5.91,0.0,de_Gerlache,105.6,False,Background,
-87.375,88.875,3,3.3333,0.0,5.56,0.0,Faustini,9.7,True,Background,confirmed within Faustini PSR boundary
-89.125,129.625,3,4.0,0.0,4.48,0.0,Shackleton,16.5,False,Background,
-88.625,216.125,26,3.0769,0.0,6.8,0.0,Shackleton,42.3,False,Background,
-87.125,236.625,6,3.5,0.0,5.64,0.0,de_Gerlache,54.5,False,Background,
-86.375,240.375,3,3.3333,0.0,6.39,0.0,de_Gerlache,71.9,False,Background,
-87.125,86.875,4,3.25,0.0,3.65,0.0,Faustini,5.9,True,Background,confirmed within Faustini PSR boundary
-86.125,240.375,6,3.0,0.0,14.88,0.0,de_Gerlache,79.0,False,Background,
-85.625,241.625,7,3.4286,0.0,12.7,0.0,de_Gerlache,92.6,False,Background,
-85.625,80.125,7,4.1429,0.0,4.33,0.0,Faustini,48.1,False,Background,
-87.125,85.125,3,3.0,0.0,7.42,0.0,Faustini,3.6,True,Background,confirmed within Faustini PSR boundary
-89.375,148.875,5,4.0,0.0,19.16,0.0,Shackleton,10.1,True,Background,confirmed within Shackleton PSR boundary
-89.125,185.125,9,3.1111,0.0,6.61,0.0,Shackleton,22.5,False,Background,
-86.625,236.875,4,3.75,0.0,11.16,0.0,de_Gerlache,67.5,False,Background,
-85.875,77.625,3,3.0,0.0,10.88,0.0,Faustini,41.4,False,Background,
-86.375,79.625,4,3.0,0.0,8.98,0.0,Faustini,25.8,False,Background,
-88.875,205.125,18,3.0556,0.0,13.24,0.0,Shackleton,33.1,False,Background,
-85.375,239.625,4,3.75,0.0,8.73,0.0,de_Gerlache,101.2,False,Background,
-89.375,159.375,6,3.1667,0.0,14.96,0.0,Shackleton,11.4,False,Background,
-88.625,215.625,16,3.0625,0.0,7.18,0.0,Shackleton,42.2,False,Background,
-87.375,80.125,3,3.0,0.0,4.34,0.0,Faustini,6.9,True,Background,confirmed within Faustini PSR boundary
-89.375,147.875,3,3.3333,0.0,19.34,0.0,Shackleton,10.0,True,Background,confirmed within Shackleton PSR boundary
-89.125,198.375,11,3.0,0.0,13.33,0.0,Shackleton,24.8,False,Background,
-87.375,78.625,3,3.6667,0.0,7.88,0.0,Faustini,8.5,True,Background,confirmed within Faustini PSR boundary
-85.375,71.875,6,3.0,0.0,12.12,0.0,Nobile,46.0,False,Background,
-85.375,236.875,4,4.5,0.0,13.9,0.0,de_Gerlache,103.0,False,Background,
-86.875,74.375,5,3.0,0.0,11.48,0.0,Faustini,17.0,True,Background,confirmed within Faustini PSR boundary
-86.625,72.375,6,3.3333,0.0,6.02,0.0,Faustini,24.8,False,Background,
-89.375,189.625,6,3.0,0.0,10.56,0.0,Shackleton,16.4,False,Background,
-87.875,75.875,4,3.0,0.0,7.32,0.0,Faustini,22.6,False,Background,
-89.375,155.125,6,3.1667,0.0,15.81,0.0,Shackleton,10.8,False,Background,
-87.125,229.875,5,3.2,0.0,5.44,0.0,de_Gerlache,60.1,False,Background,
-85.125,234.625,5,3.2,0.0,19.68,0.0,de_Gerlache,111.9,False,Background,
-86.125,68.625,5,3.4,0.0,11.64,0.0,Faustini,41.3,False,Background,
-88.375,219.875,5,3.8,0.0,2.24,0.0,de_Gerlache,43.9,False,Background,
-85.625,232.625,4,3.5,0.0,13.66,0.0,de_Gerlache,98.9,False,Background,
-89.375,129.375,3,4.0,0.0,23.4,0.0,Shackleton,8.9,True,Background,confirmed within Shackleton PSR boundary
-88.125,221.125,3,4.0,0.0,15.42,0.0,de_Gerlache,46.5,False,Background,
-85.375,232.375,6,3.1667,0.0,16.02,0.0,de_Gerlache,106.3,False,Background,
-85.125,64.625,5,3.0,0.0,8.3,0.0,Nobile,28.4,True,Background,confirmed within Nobile PSR boundary
-89.375,124.625,4,3.25,0.0,24.04,0.0,Shackleton,9.0,True,Background,confirmed within Shackleton PSR boundary
-87.375,226.375,4,4.25,0.0,7.63,0.0,de_Gerlache,57.1,False,Background,
-87.625,69.875,3,3.3333,0.0,6.75,0.0,Faustini,22.3,False,Background,
-88.375,75.125,4,3.5,0.0,21.51,0.0,Faustini,36.8,False,Background,
-88.625,78.375,3,3.6667,0.0,6.78,0.0,Shackleton,36.3,False,Background,
-89.375,184.625,7,3.7143,0.0,7.9,0.0,Shackleton,15.6,False,Background,
-86.625,228.125,4,3.25,0.0,8.28,0.0,de_Gerlache,74.6,False,Background,
-85.375,230.625,6,4.1667,0.0,18.33,0.0,de_Gerlache,107.6,False,Background,
-86.875,65.625,4,3.25,0.0,5.91,0.0,Faustini,29.2,False,Background,
-87.875,70.125,5,3.0,0.0,9.06,0.0,Faustini,26.5,False,Background,
-88.625,76.625,4,3.0,0.0,4.78,0.0,Shackleton,36.5,False,Background,
-87.375,224.625,5,3.6,0.0,8.2,0.0,de_Gerlache,58.7,False,Background,
-86.125,62.625,4,3.0,0.0,8.29,0.0,Nobile,35.4,True,Background,confirmed within Nobile PSR boundary
-87.875,68.625,4,3.0,0.0,11.75,0.0,Faustini,27.8,False,Background,
-86.375,226.625,6,3.8333,0.0,8.35,0.0,de_Gerlache,82.6,False,Background,
-87.375,222.375,3,4.0,0.0,3.38,0.0,de_Gerlache,60.6,False,Background,
-86.875,224.625,4,3.5,0.0,7.02,0.0,de_Gerlache,71.0,False,Background,
-88.125,68.125,5,3.0,0.0,15.61,0.0,Faustini,33.5,False,Background,
-88.875,76.875,4,4.5,0.0,4.75,0.0,Shackleton,29.1,False,Background,
-86.875,60.875,3,3.6667,0.0,12.81,0.0,Faustini,36.2,False,Background,
-88.625,72.375,3,4.0,0.0,9.05,0.0,Shackleton,37.2,False,Background,
-89.375,180.125,4,3.25,0.0,8.48,0.0,Shackleton,14.8,False,Background,
-85.125,226.125,4,3.5,0.0,2.93,0.0,de_Gerlache,118.3,False,Background,
-85.125,56.875,5,4.2,0.0,7.44,0.0,Nobile,8.7,True,Background,confirmed within Nobile PSR boundary
-86.375,223.625,5,3.8,0.0,5.04,0.0,de_Gerlache,85.2,False,Background,
-87.125,59.625,3,4.0,0.0,7.5,0.0,Faustini,35.3,False,Background,
-87.125,60.125,5,3.0,0.0,6.06,0.0,Faustini,34.6,False,Background,
-87.625,61.375,4,3.25,0.0,16.77,0.0,Faustini,32.3,False,Background,
-89.625,131.125,3,3.3333,0.0,12.13,0.0,Shackleton,1.4,True,Background,confirmed within Shackleton PSR boundary
-89.375,179.375,5,3.6,0.0,8.47,0.0,Shackleton,14.7,False,Background,
-85.625,222.625,4,3.0,0.0,4.21,0.0,de_Gerlache,106.8,False,Background,
-88.375,63.375,3,3.3333,0.0,16.77,0.0,Faustini,42.0,False,Background,
-88.125,213.125,13,3.2308,0.0,5.62,0.0,de_Gerlache,53.1,False,Background,
-86.875,219.125,5,4.4,0.0,5.06,0.0,de_Gerlache,75.8,False,Background,
-85.375,52.375,3,3.3333,0.0,11.05,0.0,Nobile,6.6,True,Background,confirmed within Nobile PSR boundary
-87.875,59.625,3,4.3333,0.0,12.07,0.0,Faustini,36.5,False,Background,
-89.625,139.875,3,5.0,0.0,13.47,0.0,Shackleton,2.4,True,Background,confirmed within Shackleton PSR boundary
-88.375,57.625,4,3.75,0.0,8.94,0.0,Faustini,45.7,False,Background,
-88.375,58.875,3,3.3333,0.0,10.83,0.0,Faustini,44.9,False,Background,
-85.375,220.375,4,3.0,0.0,5.69,0.0,de_Gerlache,115.8,False,Background,
-86.625,47.875,3,3.0,0.0,24.57,0.0,Nobile,45.4,False,Background,
-87.125,49.125,5,3.6,0.0,7.88,0.0,Faustini,50.5,False,Background,
-85.375,219.125,6,3.1667,0.0,7.81,0.0,de_Gerlache,116.9,False,Background,
-85.625,43.875,6,3.0,0.0,11.37,0.0,Nobile,27.0,True,Background,confirmed within Nobile PSR boundary
-86.625,44.875,4,4.0,0.0,15.85,0.0,Nobile,47.5,False,Background,
-86.375,217.375,7,3.2857,0.0,10.47,0.0,de_Gerlache,90.6,False,Background,
-88.625,47.875,3,3.3333,0.0,13.2,0.0,Shackleton,41.4,False,Background,
-85.875,216.625,3,3.3333,0.0,8.51,0.0,de_Gerlache,104.9,False,Background,
-88.375,42.125,4,3.0,0.0,7.51,0.0,Shackleton,49.8,False,Background,
-87.625,38.625,5,3.4,0.0,13.89,0.0,Haworth,55.0,False,Background,
-86.875,215.375,6,3.6667,0.0,7.18,0.0,de_Gerlache,79.1,False,Background,
-88.125,37.125,4,3.25,0.0,3.74,0.0,Haworth,51.1,False,Background,
-89.375,40.875,3,3.3333,0.0,6.02,0.0,Shackleton,21.2,False,Background,
-87.625,214.625,15,3.5333,0.0,7.91,0.0,de_Gerlache,61.8,False,Background,
-85.625,214.625,5,3.0,0.0,8.79,0.0,de_Gerlache,113.7,False,Background,
-87.125,33.375,7,3.4286,0.0,9.25,0.0,Haworth,54.3,False,Background,
-87.625,31.375,7,4.5714,0.0,17.35,0.0,Haworth,46.2,False,Background,
-88.375,30.875,3,3.0,0.0,13.03,0.0,Haworth,46.5,False,Background,
-89.125,28.625,4,3.25,0.0,15.61,0.0,Shackleton,30.1,False,Background,
-89.125,216.125,4,3.75,0.0,17.42,0.0,Shackleton,27.8,False,Background,
-86.375,30.125,10,3.1,0.0,22.07,0.0,Nobile,62.9,False,Background,
-87.875,29.125,5,3.2,0.0,14.11,0.0,Haworth,42.7,False,Background,
-88.875,26.875,7,3.4286,0.0,12.82,0.0,Shackleton,37.6,False,Background,
-88.875,24.375,6,3.1667,0.0,10.15,0.0,Shackleton,38.0,False,Background,
-85.875,211.875,5,3.0,0.0,4.48,0.0,Sverdrup,107.7,False,Background,
-86.375,210.625,3,3.0,0.0,12.7,0.0,Sverdrup,93.4,False,Background,
-89.375,359.375,5,3.0,0.0,8.33,0.0,Shackleton,26.5,False,Background,
-89.625,329.875,4,4.5,0.0,4.39,0.0,Shackleton,21.0,False,Background,
-89.625,270.375,4,3.0,0.0,16.85,0.0,Shackleton,20.2,False,Background,
-87.875,212.375,4,3.5,0.0,13.88,0.0,de_Gerlache,58.5,False,Background,
-89.625,330.125,3,3.6667,0.0,4.43,0.0,Shackleton,21.0,False,Background,
-89.125,227.625,5,3.2,0.0,16.21,0.0,Shackleton,29.7,False,Background,
-89.125,226.125,4,4.75,0.0,15.32,0.0,Shackleton,29.4,False,Background,
-89.375,237.625,3,4.6667,0.0,10.32,0.0,Shackleton,24.0,False,Background,
-85.625,206.875,3,3.3333,0.0,9.72,0.0,Sverdrup,109.1,False,Background,
-89.625,277.125,4,3.0,0.0,12.54,0.0,Shackleton,20.5,False,Background,
-85.125,205.625,3,4.3333,0.0,13.13,0.0,Sverdrup,121.5,False,Background,
-85.125,15.875,4,3.25,0.0,14.73,0.0,Haworth,80.6,False,Background,
-87.875,9.125,3,3.3333,0.0,17.01,0.0,Haworth,20.9,True,Background,confirmed within Haworth PSR boundary
-88.125,6.625,3,3.6667,0.0,25.09,0.0,Haworth,23.7,True,Background,confirmed within Haworth PSR boundary
-88.875,356.875,3,4.3333,0.0,14.9,0.0,Shackleton,41.5,False,Background,
-89.375,342.875,5,3.6,0.0,7.3,0.0,Shackleton,27.9,False,Background,
-88.875,354.125,6,3.0,0.0,17.93,0.0,Shackleton,41.8,False,Background,
-87.375,6.875,4,3.75,0.0,14.14,0.0,Haworth,16.0,True,Background,confirmed within Haworth PSR boundary
-88.875,352.375,11,3.1818,0.0,19.17,0.0,Shackleton,42.0,False,Background,
-89.125,342.375,11,4.0,0.0,8.0,0.0,Shackleton,35.4,False,Background,
-85.875,200.875,7,4.0,0.0,5.53,0.0,Sverdrup,96.1,False,Background,
-85.375,8.875,6,3.1667,0.0,11.17,0.0,Haworth,68.1,False,Background,
-88.625,354.875,8,3.5,0.0,8.6,0.0,Haworth,35.0,False,Background,
-87.125,200.625,4,3.25,0.0,11.08,0.0,Sverdrup,64.9,False,Background,
-86.125,198.875,3,3.6667,0.0,6.16,0.0,Sverdrup,87.5,False,Background,
-87.875,1.625,3,3.3333,0.0,8.99,0.0,Haworth,14.5,True,Background,confirmed within Haworth PSR boundary
-87.875,200.875,3,3.0,0.0,22.09,0.0,Sverdrup,51.4,False,Background,
-85.875,5.375,8,3.0,0.0,23.18,0.0,Haworth,51.3,False,Background,
-89.375,331.125,5,3.8,0.0,5.7,0.0,Shackleton,28.5,False,Background,
-85.875,194.375,5,4.2,0.0,9.21,0.0,Sverdrup,89.6,False,Background,
-85.125,5.375,4,4.75,0.0,12.45,0.0,Haworth,73.5,False,Background,
-85.125,192.375,3,3.6667,0.0,5.05,0.0,Sverdrup,108.5,False,Background,
-87.875,359.875,3,4.3333,0.0,11.55,0.0,Haworth,13.5,True,Background,confirmed within Haworth PSR boundary
-89.375,338.875,4,3.0,0.0,5.96,0.0,Shackleton,28.1,False,Background,
-87.875,193.875,3,4.0,0.0,17.58,0.0,Sverdrup,44.3,False,Background,
-89.625,296.625,3,4.3333,0.0,7.09,0.0,Shackleton,21.2,False,Background,
-86.625,188.625,5,3.2,0.0,5.02,0.0,Sverdrup,64.2,False,Background,
-88.125,356.875,3,3.3333,0.0,13.01,0.0,Haworth,19.9,True,Background,confirmed within Haworth PSR boundary
-88.375,355.375,4,3.0,0.0,8.54,0.0,Haworth,27.4,False,Background,
-88.375,355.125,4,4.25,0.0,9.21,0.0,Haworth,27.4,False,Background,
-89.375,201.125,3,3.0,0.0,10.1,0.0,Shackleton,18.4,False,Background,
-87.625,186.125,4,3.5,0.0,7.59,0.0,Sverdrup,39.9,False,Background,
-85.875,356.125,3,3.6667,0.0,19.8,0.0,Haworth,48.4,False,Background,
-88.625,351.125,4,3.0,0.0,15.27,0.0,Haworth,35.3,False,Background,
-87.875,352.125,4,5.25,0.0,4.95,0.0,Haworth,12.9,True,Background,confirmed within Haworth PSR boundary
-88.375,351.125,4,4.5,0.0,4.47,0.0,Haworth,27.8,False,Background,
-89.625,325.125,3,3.0,0.0,4.95,0.0,Shackleton,21.2,False,Background,
-88.125,349.125,3,5.0,0.0,14.78,0.0,Haworth,21.1,True,Background,confirmed within Haworth PSR boundary
-88.375,348.125,3,4.6667,0.0,10.88,0.0,Haworth,28.5,False,Background,
-88.625,180.125,3,3.3333,0.0,4.85,0.0,Sverdrup,30.6,False,Background,
-88.125,178.375,4,3.5,0.0,9.66,0.0,Sverdrup,26.6,False,Background,
-88.125,178.125,3,4.3333,0.0,8.52,0.0,Sverdrup,26.3,False,Background,
-87.625,176.625,6,3.0,0.0,10.89,0.0,Sverdrup,29.9,False,Background,
-86.375,347.875,3,3.6667,0.0,4.55,0.0,Haworth,35.3,False,Background,
-87.125,174.625,4,3.25,0.0,6.33,0.0,Sverdrup,38.5,False,Background,
-88.125,343.875,3,3.3333,0.0,16.65,0.0,Haworth,23.8,True,Background,confirmed within Haworth PSR boundary
-88.125,343.375,3,3.6667,0.0,16.58,0.0,Haworth,24.2,True,Background,confirmed within Haworth PSR boundary
-88.375,177.125,6,3.5,0.0,8.71,0.0,Sverdrup,25.9,False,Background,
-87.125,173.875,3,4.6667,0.0,7.83,0.0,Sverdrup,37.8,False,Background,
-86.875,344.875,4,4.0,0.0,12.89,0.0,Haworth,23.8,True,Background,confirmed within Haworth PSR boundary
-88.625,177.375,8,3.25,0.0,13.69,0.0,Sverdrup,28.8,False,Background,
-88.875,335.625,3,5.3333,0.0,15.18,0.0,Shackleton,43.3,False,Background,
-88.375,175.375,3,3.3333,0.0,7.55,0.0,Sverdrup,24.5,False,Background,
-87.875,173.875,3,4.0,0.0,6.71,0.0,Sverdrup,23.5,False,Background,
-85.875,343.375,6,4.3333,0.0,5.87,0.0,Haworth,52.5,False,Background,
-86.625,341.375,5,4.4,0.0,9.24,0.0,Haworth,33.5,False,Background,
-87.875,171.375,5,3.4,0.0,6.55,0.0,Sverdrup,20.8,False,Background,
-88.375,172.875,3,4.0,0.0,6.96,0.0,Sverdrup,22.4,False,Background,
-87.125,168.875,5,3.8,0.0,9.79,0.0,Sverdrup,33.7,False,Background,
-85.125,165.875,8,3.0,0.0,10.4,0.0,Sverdrup,89.9,False,Background,
-89.375,313.125,6,3.6667,0.0,6.83,0.0,Shackleton,28.9,False,Background,
-87.625,168.375,5,3.4,0.0,7.26,0.0,Sverdrup,21.5,False,Background,
-86.375,166.125,9,3.8889,0.0,3.62,0.0,Sverdrup,52.9,False,Background,
-87.875,332.125,3,4.0,0.0,11.61,0.0,Haworth,30.8,False,Background,
-88.625,172.125,4,4.0,0.0,11.19,0.0,Sverdrup,25.6,False,Background,
-86.875,165.875,5,4.0,0.0,10.58,0.0,Sverdrup,38.4,False,Background,
-86.125,334.875,9,3.4444,0.0,17.59,0.0,Haworth,52.9,False,Background,
-87.375,332.375,4,3.0,0.0,9.91,0.0,Haworth,31.2,False,Background,
-89.125,319.125,3,3.0,0.0,5.35,0.0,Shackleton,36.4,False,Background,
-86.625,164.625,4,3.25,0.0,5.96,0.0,Sverdrup,44.9,False,Background,
-86.625,331.625,7,3.7143,0.0,4.51,0.0,Haworth,44.5,False,Background,
-85.625,331.875,4,3.75,0.0,18.14,0.0,Cabeus,45.2,True,Background,confirmed within Cabeus PSR boundary
-85.375,331.125,4,3.75,0.0,13.07,0.0,Cabeus,41.3,True,Background,confirmed within Cabeus PSR boundary
-85.625,329.625,6,3.3333,0.0,12.46,0.0,Cabeus,40.4,True,Background,confirmed within Cabeus PSR boundary
-89.125,313.875,3,5.3333,0.0,6.8,0.0,de_Gerlache,35.6,False,Background,
-89.375,306.625,5,3.2,0.0,6.48,0.0,Shackleton,29.0,False,Background,
-85.875,328.625,3,3.0,0.0,9.58,0.0,Cabeus,42.5,True,Background,confirmed within Cabeus PSR boundary
-85.625,327.875,4,3.75,0.0,10.35,0.0,Cabeus,36.9,True,Background,confirmed within Cabeus PSR boundary
-89.375,291.875,3,3.3333,0.0,6.88,0.0,Shackleton,28.7,False,Background,
-88.625,316.625,9,4.0,0.0,8.46,0.0,de_Gerlache,36.0,False,Background,
-86.625,156.625,6,3.0,0.0,7.4,0.0,Sverdrup,42.1,False,Background,
-88.875,312.375,14,3.4286,0.0,7.07,0.0,de_Gerlache,33.1,False,Background,
-89.375,304.375,4,5.0,0.0,7.2,0.0,Shackleton,28.9,False,Background,
-86.375,324.375,3,4.6667,0.0,12.02,0.0,Cabeus,48.6,True,Background,confirmed within Cabeus PSR boundary
-89.375,302.125,6,3.1667,0.0,9.0,0.0,Shackleton,28.9,False,Background,
-86.875,154.375,3,4.0,0.0,7.85,0.0,Sverdrup,34.2,False,Background,
-89.375,301.125,3,3.0,0.0,10.53,0.0,Shackleton,28.9,False,Background,
-89.625,184.625,3,3.6667,0.0,19.18,0.0,Shackleton,10.0,True,Background,confirmed within Shackleton PSR boundary
-89.125,163.625,3,4.3333,0.0,10.24,0.0,Shackleton,19.1,False,Background,
-86.875,320.875,7,3.8571,0.0,13.81,0.0,Haworth,53.6,False,Background,
-85.125,147.875,3,4.6667,0.0,4.69,0.0,Sverdrup,87.5,False,Background,
-88.375,316.125,13,3.1538,0.0,7.32,0.0,de_Gerlache,37.5,False,Background,
-87.625,149.125,4,5.5,0.0,6.3,0.0,Sverdrup,12.0,True,Background,confirmed within Sverdrup PSR boundary
-86.375,147.625,5,3.8,0.0,4.29,0.0,Sverdrup,49.8,False,Background,
-85.125,146.625,6,3.5,0.0,8.78,0.0,Sverdrup,87.7,False,Background,
-86.875,318.125,5,3.0,0.0,10.9,0.0,Haworth,57.3,False,Background,
-85.125,318.125,9,3.0,0.0,8.38,0.0,Cabeus,8.8,True,Background,confirmed within Cabeus PSR boundary
-86.125,317.625,3,3.0,0.0,6.4,0.0,Cabeus,37.3,True,Background,confirmed within Cabeus PSR boundary
-89.125,146.125,3,3.6667,0.0,10.92,0.0,Shackleton,17.2,False,Background,
-88.875,143.625,3,4.6667,0.0,12.26,0.0,Shackleton,24.5,False,Background,
-89.125,143.125,3,3.6667,0.0,15.77,0.0,Shackleton,17.0,False,Background,
-85.875,138.375,3,5.0,0.0,8.6,0.0,Sverdrup,67.9,False,Background,
-87.375,314.375,4,3.0,0.0,11.46,0.0,de_Gerlache,54.2,False,Background,
-85.125,314.375,5,3.0,0.0,6.0,0.0,Cabeus,8.1,True,Background,confirmed within Cabeus PSR boundary
-89.625,140.875,4,3.0,0.0,14.82,0.0,Shackleton,2.5,True,Background,confirmed within Shackleton PSR boundary
-87.125,135.625,10,4.1,0.0,7.02,0.0,Sverdrup,34.0,False,Background,
-86.625,135.625,9,3.3333,0.0,4.69,0.0,Sverdrup,47.7,False,Background,
-85.125,313.875,9,3.0,0.0,4.92,0.0,Cabeus,8.8,True,Background,confirmed within Cabeus PSR boundary
-87.625,313.625,15,4.2,0.0,24.2,0.0,de_Gerlache,47.9,False,Background,
-86.375,312.875,4,4.25,0.0,7.21,0.0,Cabeus,45.3,True,Background,confirmed within Cabeus PSR boundary
-85.875,130.875,8,3.125,0.0,7.34,0.0,Sverdrup,72.2,False,Background,
-87.875,127.875,3,3.6667,0.0,11.15,0.0,Sverdrup,26.9,False,Background,
-85.125,124.875,5,3.2,0.0,3.11,0.0,Sverdrup,98.2,False,Background,
-85.625,309.625,4,4.25,0.0,7.8,0.0,Cabeus,27.1,True,Background,confirmed within Cabeus PSR boundary
-86.625,310.625,3,3.6667,0.0,9.16,0.0,Cabeus,53.6,False,Background,
-87.625,118.125,5,4.0,0.0,6.39,0.0,Sverdrup,40.7,False,Background,
-87.375,118.625,3,3.0,0.0,8.56,0.0,Sverdrup,44.7,False,Background,
-85.875,121.375,5,3.8,0.0,4.28,0.0,Faustini,78.4,False,Background,
-85.125,122.125,7,3.7143,0.0,3.8,0.0,Faustini,97.5,False,Background,
-89.625,17.125,5,3.0,0.0,6.51,0.0,Shackleton,17.8,False,Background,
-87.375,116.875,3,3.0,0.0,14.19,0.0,Sverdrup,46.5,False,Background,
-87.125,115.875,3,3.3333,0.0,10.84,0.0,Faustini,48.4,False,Background,
-85.875,308.125,3,3.3333,0.0,15.28,0.0,Cabeus,35.2,True,Background,confirmed within Cabeus PSR boundary
-89.625,25.125,4,3.0,0.0,8.54,0.0,Shackleton,16.9,False,Background,
-87.125,114.375,5,3.0,0.0,12.75,0.0,Faustini,46.2,False,Background,
-86.375,116.375,3,3.3333,0.0,6.58,0.0,Faustini,60.5,False,Background,
-85.125,306.375,5,3.0,0.0,8.42,0.0,Cabeus,26.2,True,Background,confirmed within Cabeus PSR boundary
-85.875,115.375,3,3.3333,0.0,4.43,0.0,Faustini,69.7,False,Background,
-85.625,306.125,3,3.0,0.0,7.92,0.0,Cabeus,33.0,True,Background,confirmed within Cabeus PSR boundary
-89.375,349.875,3,4.0,0.0,4.53,0.0,Shackleton,27.4,False,Background,
-86.625,108.125,3,3.0,0.0,9.09,0.0,Faustini,43.8,False,Background,
-85.625,110.375,4,3.75,0.0,5.47,0.0,Faustini,69.0,False,Background,
-85.375,110.875,3,3.3333,0.0,4.57,0.0,Faustini,76.0,False,Background,
-85.625,108.875,5,3.2,0.0,6.78,0.0,Faustini,67.0,False,Background,
-86.625,305.125,5,3.4,0.0,18.19,0.0,Cabeus,57.5,False,Background,
-86.375,105.875,3,4.0,0.0,6.86,0.0,Faustini,45.4,False,Background,
-85.375,301.625,6,3.0,0.0,9.57,0.0,Cabeus,39.5,True,Background,confirmed within Cabeus PSR boundary
-89.375,57.875,3,3.0,0.0,6.79,0.0,Shackleton,18.4,False,Background,
-87.375,306.625,3,3.6667,0.0,7.87,0.0,de_Gerlache,47.6,False,Background,
-89.125,341.125,6,3.3333,0.0,7.97,0.0,Shackleton,35.4,False,Background,
-89.125,57.625,4,5.0,0.0,2.88,0.0,Shackleton,25.3,False,Background,
-85.375,104.375,4,4.0,0.0,4.91,0.0,Faustini,68.3,False,Background,
-86.375,302.125,3,3.0,0.0,12.2,0.0,Cabeus,54.7,False,Background,
-87.625,306.875,4,4.0,0.0,5.83,0.0,de_Gerlache,42.0,False,Background,
-86.625,301.625,5,4.0,0.0,5.59,0.0,Cabeus,61.0,False,Background,
-87.625,91.625,3,4.0,0.0,14.75,0.0,Faustini,17.2,True,Background,confirmed within Faustini PSR boundary
-85.625,100.125,3,3.0,0.0,16.91,0.0,Faustini,57.0,False,Background,
-85.875,298.125,5,4.4,0.0,7.28,0.0,Cabeus,52.3,False,Background,
-86.875,301.125,5,3.8,0.0,10.91,0.0,de_Gerlache,56.2,False,Background,
-88.375,80.125,4,3.25,0.0,16.87,0.0,Faustini,35.8,False,Background,
-88.375,83.375,3,3.0,0.0,19.57,0.0,Faustini,35.6,False,Background,
-87.625,303.375,3,5.6667,0.0,4.47,0.0,de_Gerlache,39.0,False,Background,
-89.125,39.875,5,4.0,0.0,4.63,0.0,Shackleton,28.3,False,Background,
-87.375,89.375,3,3.6667,0.0,8.02,0.0,Faustini,10.3,True,Background,confirmed within Faustini PSR boundary
-87.125,90.125,3,3.0,0.0,7.51,0.0,Faustini,10.6,True,Background,confirmed within Faustini PSR boundary
-85.625,293.375,3,5.0,0.0,10.68,0.0,Cabeus,60.3,False,Background,
-85.125,95.375,5,3.0,0.0,3.18,0.0,Faustini,67.2,False,Background,
-85.625,292.125,3,4.0,0.0,9.64,0.0,Cabeus,63.1,False,Background,
-85.125,94.375,4,3.5,0.0,4.85,0.0,Faustini,66.6,False,Background,
-85.125,290.625,4,4.5,0.0,2.97,0.0,Cabeus,66.7,False,Background,
-88.125,303.125,4,3.0,0.0,15.8,0.0,de_Gerlache,29.4,False,Background,
-89.125,37.625,3,3.3333,0.0,4.7,0.0,Shackleton,28.7,False,Background,
-89.375,0.625,4,3.75,0.0,9.71,0.0,Shackleton,26.4,False,Background,
-86.625,290.375,5,3.0,0.0,9.14,0.0,de_Gerlache,56.6,False,Background,
-87.375,294.125,5,3.2,0.0,10.07,0.0,de_Gerlache,37.8,False,Background,
-89.125,3.625,4,3.25,0.0,10.72,0.0,Shackleton,33.4,False,Background,
-89.125,7.375,5,3.6,0.0,6.99,0.0,Shackleton,33.0,False,Background,
-86.375,289.375,3,3.0,0.0,8.84,0.0,de_Gerlache,63.4,False,Background,
-87.125,291.875,4,3.0,0.0,4.61,0.0,de_Gerlache,43.1,False,Background,
-86.625,288.875,3,3.3333,0.0,8.73,0.0,de_Gerlache,55.8,False,Background,
-87.625,295.625,4,3.75,0.0,6.18,0.0,de_Gerlache,32.7,False,Background,
-85.375,283.625,3,3.3333,0.0,10.07,0.0,Cabeus,83.3,False,Background,
-86.875,288.125,3,3.0,0.0,4.1,0.0,de_Gerlache,48.2,False,Background,
-86.125,284.375,3,3.0,0.0,11.71,0.0,de_Gerlache,68.9,False,Background,
-86.375,285.375,3,4.0,0.0,13.11,0.0,de_Gerlache,61.8,False,Background,
-86.125,77.625,3,3.0,0.0,17.6,0.0,Faustini,34.0,False,Background,
-85.125,279.375,5,3.8,0.0,13.81,0.0,Cabeus,95.2,False,Background,
-87.625,287.125,3,4.0,0.0,8.63,0.0,de_Gerlache,26.6,False,Background,
-87.875,63.375,3,3.3333,0.0,16.12,0.0,Faustini,32.7,False,Background,
-89.125,359.625,3,3.3333,0.0,6.3,0.0,Shackleton,33.8,False,Background,
-89.125,22.875,7,3.5714,0.0,7.9,0.0,Shackleton,30.9,False,Background,
-85.375,272.625,3,4.0,0.0,3.62,0.0,de_Gerlache,89.6,False,Background,
-86.375,275.375,3,5.0,0.0,5.05,0.0,de_Gerlache,59.4,False,Background,
-88.375,47.625,4,3.25,0.0,2.96,0.0,Shackleton,48.9,False,Background,
-86.875,276.625,3,3.0,0.0,3.58,0.0,de_Gerlache,44.5,False,Background,
-87.375,279.125,3,3.3333,0.0,9.77,0.0,de_Gerlache,30.0,False,Background,
-88.125,283.625,3,3.6667,0.0,13.23,0.0,de_Gerlache,12.5,True,Background,confirmed within de_Gerlache PSR boundary
-88.875,302.875,3,3.0,0.0,15.07,0.0,de_Gerlache,27.6,False,Background,
-86.375,63.875,4,4.0,0.0,12.18,0.0,Faustini,41.0,False,Background,
-85.875,267.375,3,3.0,0.0,5.49,0.0,de_Gerlache,74.7,False,Background,
-85.875,267.625,3,4.3333,0.0,5.05,0.0,de_Gerlache,74.7,False,Background,
-86.375,268.625,3,5.0,0.0,5.38,0.0,de_Gerlache,59.4,False,Background,
-85.375,65.125,5,4.2,0.0,12.39,0.0,Nobile,29.5,True,Background,confirmed within Nobile PSR boundary
-87.875,51.875,3,4.3333,0.0,4.16,0.0,Faustini,44.9,False,Background,
-85.375,61.875,5,3.8,0.0,12.35,0.0,Nobile,21.6,True,Background,confirmed within Nobile PSR boundary
-86.875,55.875,5,3.2,0.0,10.77,0.0,Faustini,43.6,False,Background,
-87.625,264.125,3,3.0,0.0,11.03,0.0,de_Gerlache,22.9,False,Background,
-85.375,254.625,5,3.6,0.0,4.22,0.0,de_Gerlache,93.2,False,Background,
-87.125,259.125,3,3.3333,0.0,10.74,0.0,de_Gerlache,39.5,False,Background,
-88.125,46.125,4,3.5,0.0,3.12,0.0,Faustini,52.4,False,Background,
-86.125,56.625,4,3.25,0.0,11.42,0.0,Nobile,29.5,True,Background,confirmed within Nobile PSR boundary
-85.375,56.875,3,3.0,0.0,6.09,0.0,Nobile,10.2,True,Background,confirmed within Nobile PSR boundary
-87.625,257.375,4,5.0,0.0,7.13,0.0,de_Gerlache,26.3,False,Background,
-88.375,40.125,3,3.0,0.0,5.44,0.0,Shackleton,50.2,False,Background,
-86.625,53.375,4,4.75,0.0,15.15,0.0,Nobile,43.8,False,Background,
-86.875,251.625,4,3.0,0.0,7.68,0.0,de_Gerlache,50.5,False,Background,
-87.875,45.375,5,3.2,0.0,3.67,0.0,Faustini,52.2,False,Background,
-88.125,257.625,3,3.3333,0.0,13.59,0.0,de_Gerlache,14.8,True,Background,confirmed within de_Gerlache PSR boundary
-85.625,246.375,5,3.0,0.0,12.64,0.0,de_Gerlache,89.7,False,Background,
-86.625,247.375,3,5.0,0.0,6.58,0.0,de_Gerlache,60.1,False,Background,
-87.625,250.875,3,3.3333,0.0,17.0,0.0,de_Gerlache,30.8,False,Background,
-88.375,257.625,6,3.1667,0.0,11.83,0.0,de_Gerlache,12.6,True,Background,confirmed within de_Gerlache PSR boundary
-85.875,50.625,3,4.3333,0.0,13.95,0.0,Nobile,22.2,True,Background,confirmed within Nobile PSR boundary
-85.625,235.875,5,4.4,0.0,8.31,0.0,de_Gerlache,96.5,False,Background,
-88.875,246.125,4,4.25,0.0,17.69,0.0,de_Gerlache,24.9,False,Background,
-87.625,35.375,5,3.6,0.0,14.91,0.0,Haworth,51.1,False,Background,
-88.625,231.375,3,3.6667,0.0,3.66,0.0,de_Gerlache,33.1,False,Background,
-86.375,36.875,3,3.3333,0.0,10.18,0.0,Nobile,51.6,False,Background,
-89.625,19.625,4,3.5,0.0,6.42,0.0,Shackleton,17.5,False,Background,
-85.875,32.875,4,3.25,0.0,14.54,0.0,Nobile,52.8,False,Background,
-85.875,32.375,4,3.25,0.0,14.19,0.0,Nobile,53.9,False,Background,
-88.875,199.625,3,3.0,0.0,10.04,0.0,Shackleton,32.1,False,Background,
-86.125,31.375,3,5.6667,0.0,15.92,0.0,Nobile,57.9,False,Background,
-86.125,29.875,4,3.75,0.0,12.48,0.0,Nobile,60.8,False,Background,
-89.625,161.125,3,3.0,0.0,30.93,0.0,Shackleton,6.0,True,Background,confirmed within Shackleton PSR boundary
-89.625,79.875,3,5.3333,0.0,22.19,0.0,Shackleton,9.1,True,Background,confirmed within Shackleton PSR boundary
-86.625,191.875,3,3.0,0.0,4.44,0.0,Sverdrup,67.5,False,Background,
-85.625,22.625,3,4.0,0.0,19.95,0.0,Haworth,73.4,False,Background,
-86.625,189.625,3,4.3333,0.0,3.31,0.0,Sverdrup,65.2,False,Background,
-85.875,188.875,3,3.6667,0.0,3.98,0.0,Sverdrup,84.3,False,Background,
-85.125,16.375,3,3.6667,0.0,15.23,0.0,Haworth,81.0,False,Background,
-86.875,183.125,3,4.3333,0.0,5.7,0.0,Sverdrup,52.6,False,Background,
-86.875,10.125,4,3.0,0.0,9.25,0.0,Haworth,28.4,False,Background,
-85.625,182.375,4,4.0,0.0,18.21,0.0,Sverdrup,85.6,False,Background,
-86.125,181.125,4,3.75,0.0,4.13,0.0,Sverdrup,70.5,False,Background,
-86.875,178.875,3,4.6667,0.0,4.64,0.0,Sverdrup,48.6,False,Background,
-85.875,177.875,3,4.3333,0.0,5.34,0.0,Sverdrup,74.9,False,Background,
-86.125,1.875,3,3.6667,0.0,16.05,0.0,Haworth,42.2,False,Background,
-86.125,355.875,5,3.8,0.0,18.88,0.0,Haworth,40.8,False,Background,
-85.875,353.875,4,3.5,0.0,17.0,0.0,Haworth,48.4,False,Background,
-86.375,353.375,5,3.4,0.0,11.0,0.0,Haworth,33.4,False,Background,
-87.375,352.625,3,3.3333,0.0,3.66,0.0,Haworth,4.7,True,Background,confirmed within Haworth PSR boundary
-86.625,350.875,3,3.3333,0.0,10.01,0.0,Haworth,26.5,False,Background,
-85.125,349.125,5,3.0,0.0,10.08,0.0,Haworth,72.0,False,Background,
-85.125,163.625,3,3.3333,0.0,16.41,0.0,Sverdrup,89.1,False,Background,
-88.875,152.625,4,4.0,0.0,8.2,0.0,Shackleton,25.2,False,Background,
-86.375,159.125,4,3.75,0.0,6.09,0.0,Sverdrup,50.2,False,Background,
-85.125,156.875,4,5.0,0.0,10.37,0.0,Sverdrup,87.5,False,Background,
-86.375,343.625,4,3.5,0.0,6.67,0.0,Haworth,38.1,False,Background,
-88.625,145.375,3,3.3333,0.0,8.94,0.0,Sverdrup,20.0,False,Background,
-89.125,134.875,3,4.6667,0.0,5.93,0.0,Shackleton,16.6,False,Background,
-89.375,131.875,3,4.0,0.0,23.44,0.0,Shackleton,9.0,True,Background,confirmed within Shackleton PSR boundary
-86.875,334.375,3,4.3333,0.0,6.4,0.0,Haworth,35.9,False,Background,
-86.375,333.875,4,4.0,0.0,16.54,0.0,Haworth,47.6,False,Background,
-85.125,146.875,4,3.75,0.0,6.88,0.0,Sverdrup,87.7,False,Background,
-88.125,142.375,3,4.3333,0.0,5.04,0.0,Sverdrup,11.0,True,Background,confirmed within Sverdrup PSR boundary
-86.375,331.375,5,3.4,0.0,11.19,0.0,Haworth,50.5,False,Background,
-89.125,135.875,9,3.7778,0.0,5.82,0.0,Shackleton,16.6,False,Background,
-87.625,141.125,4,3.25,0.0,6.5,0.0,Sverdrup,17.3,False,Background,
-85.625,325.625,5,3.8,0.0,6.94,0.0,Cabeus,32.6,True,Background,confirmed within Cabeus PSR boundary
-85.125,140.875,5,3.0,0.0,3.58,0.0,Sverdrup,89.3,False,Background,
-87.625,139.875,3,3.0,0.0,7.19,0.0,Sverdrup,18.5,False,Background,
-88.625,137.625,9,3.4444,0.0,9.04,0.0,Sverdrup,23.0,False,Background,
-86.375,138.125,4,4.75,0.0,6.17,0.0,Sverdrup,53.3,False,Background,
-86.875,137.875,5,3.2,0.0,3.78,0.0,Sverdrup,39.2,False,Background,
-88.375,312.625,4,3.5,0.0,8.75,0.0,de_Gerlache,34.7,False,Background,
-85.625,134.875,5,3.8,0.0,5.21,0.0,Sverdrup,77.1,False,Background,
-86.375,134.625,4,4.0,0.0,8.15,0.0,Sverdrup,55.4,False,Background,
-87.125,134.875,5,3.2,0.0,6.82,0.0,Sverdrup,34.6,False,Background,
-87.625,135.375,7,3.5714,0.0,15.32,0.0,Sverdrup,22.7,False,Background,
-86.875,132.875,3,5.0,0.0,8.66,0.0,Sverdrup,42.8,False,Background,
-86.125,131.375,3,3.3333,0.0,5.05,0.0,Sverdrup,64.7,False,Background,
-87.125,132.875,4,3.0,0.0,6.95,0.0,Sverdrup,36.3,False,Background,
-85.375,128.375,4,3.0,0.0,3.23,0.0,Sverdrup,88.4,False,Background,
-85.375,126.125,3,4.3333,0.0,3.01,0.0,Sverdrup,90.0,False,Background,
-85.625,124.375,3,3.3333,0.0,4.43,0.0,Sverdrup,84.2,False,Background,
-89.125,229.875,3,3.0,0.0,16.3,0.0,Shackleton,30.0,False,Background,
-87.625,265.875,3,3.3333,0.0,5.2,0.0,de_Gerlache,22.3,False,Background,
-88.625,135.125,4,3.75,0.0,10.72,0.0,Sverdrup,24.3,False,Background,
-86.125,111.375,3,4.0,0.0,7.22,0.0,Faustini,58.4,False,Background,
-86.125,109.875,3,5.0,0.0,5.35,0.0,Faustini,56.4,False,Background,
-89.125,186.375,3,3.0,0.0,6.67,0.0,Shackleton,22.7,False,Background,
-85.625,216.125,5,3.2,0.0,6.11,0.0,de_Gerlache,112.4,False,Background,
-85.375,81.875,5,3.0,0.0,10.4,0.0,Faustini,55.4,False,Background,
-85.375,82.125,6,3.0,0.0,8.96,0.0,Faustini,55.4,False,Background,
-85.625,82.625,4,3.0,0.0,7.57,0.0,Faustini,47.8,False,Background,
-87.375,90.125,3,3.0,0.0,6.92,0.0,Faustini,11.2,True,Background,confirmed within Faustini PSR boundary
-88.375,101.375,4,3.5,0.0,7.61,0.0,Shackleton,40.7,False,Background,
-88.375,102.375,3,4.0,0.0,9.4,0.0,Shackleton,40.6,False,Background,
-88.375,223.875,3,4.6667,0.0,8.82,0.0,de_Gerlache,40.8,False,Background,
-85.375,242.875,5,3.8,0.0,8.13,0.0,de_Gerlache,99.1,False,Background,
-85.125,80.125,3,3.0,0.0,7.41,0.0,Faustini,63.2,False,Background,
-86.875,85.375,3,3.0,0.0,13.05,0.0,Faustini,10.4,True,Background,confirmed within Faustini PSR boundary
-87.625,89.625,3,3.3333,0.0,15.46,0.0,Faustini,15.5,True,Background,confirmed within Faustini PSR boundary
-88.875,116.875,3,3.3333,0.0,12.84,0.0,Shackleton,24.4,False,Background,
-87.375,234.375,7,3.1429,0.0,10.99,0.0,de_Gerlache,50.2,False,Background,
-85.375,242.125,4,4.25,0.0,7.22,0.0,de_Gerlache,99.6,False,Background,
-86.375,238.375,7,4.1429,0.0,4.61,0.0,de_Gerlache,73.3,False,Background,
-86.125,239.875,4,3.25,0.0,15.4,0.0,de_Gerlache,79.3,False,Background,
-85.375,78.375,4,3.5,0.0,9.06,0.0,Faustini,56.1,False,Background,
-87.875,87.625,5,3.6,0.0,9.91,0.0,Faustini,21.2,True,Background,confirmed within Faustini PSR boundary
-86.125,238.625,4,3.5,0.0,10.84,0.0,de_Gerlache,80.2,False,Background,
-85.625,77.375,6,3.3333,0.0,14.46,0.0,Faustini,49.0,False,Background,
-87.375,83.875,3,3.0,0.0,3.38,0.0,Faustini,5.4,True,Background,confirmed within Faustini PSR boundary
-85.875,239.125,3,3.0,0.0,12.3,0.0,de_Gerlache,87.0,False,Background,
-85.625,239.125,4,3.5,0.0,13.72,0.0,de_Gerlache,94.2,False,Background,
-87.375,82.125,3,3.0,0.0,5.59,0.0,Faustini,5.5,True,Background,confirmed within Faustini PSR boundary
-86.125,237.375,4,3.25,0.0,9.24,0.0,de_Gerlache,81.1,False,Background,
-85.375,239.125,8,3.875,0.0,9.8,0.0,de_Gerlache,101.5,False,Background,
-86.625,77.375,3,5.3333,0.0,9.27,0.0,Faustini,19.9,True,Background,confirmed within Faustini PSR boundary
-89.375,157.125,6,3.6667,0.0,14.53,0.0,Shackleton,11.1,False,Background,
-89.375,170.625,4,3.25,0.0,10.89,0.0,Shackleton,13.2,False,Background,
-87.875,227.375,6,3.0,0.0,15.27,0.0,de_Gerlache,45.5,False,Background,
-85.875,237.375,6,3.0,0.0,12.23,0.0,de_Gerlache,88.2,False,Background,
-86.625,76.375,4,4.5,0.0,7.39,0.0,Faustini,20.7,True,Background,confirmed within Faustini PSR boundary
-87.125,231.625,5,3.0,0.0,6.19,0.0,de_Gerlache,58.6,False,Background,
-85.125,69.125,6,4.3333,0.0,9.03,0.0,Nobile,39.9,False,Background,
-88.375,81.625,4,3.5,0.0,15.26,0.0,Faustini,35.7,False,Background,
-87.125,230.125,4,3.25,0.0,5.14,0.0,de_Gerlache,59.9,False,Background,
-86.625,232.125,4,3.5,0.0,6.96,0.0,de_Gerlache,71.3,False,Background,
-85.875,234.125,5,3.6,0.0,14.79,0.0,de_Gerlache,90.6,False,Background,
-86.875,70.125,4,3.0,0.0,5.27,0.0,Faustini,22.7,False,Background,
-87.375,71.875,5,4.4,0.0,10.65,0.0,Faustini,17.1,True,Background,confirmed within Faustini PSR boundary
-89.375,175.375,3,3.0,0.0,9.52,0.0,Shackleton,14.0,False,Background,
-86.875,68.875,3,3.0,0.0,5.32,0.0,Faustini,24.5,False,Background,
-87.375,69.375,4,4.25,0.0,6.56,0.0,Faustini,20.5,True,Background,confirmed within Faustini PSR boundary
-89.375,187.625,7,3.1429,0.0,9.2,0.0,Shackleton,16.1,False,Background,
-85.875,230.375,3,4.6667,0.0,6.96,0.0,de_Gerlache,93.5,False,Background,
-86.625,66.375,3,3.6667,0.0,11.64,0.0,Faustini,32.4,False,Background,
-86.375,228.375,6,3.8333,0.0,4.63,0.0,de_Gerlache,81.2,False,Background,
-89.125,98.875,3,3.6667,0.0,7.74,0.0,Shackleton,18.6,False,Background,
-87.375,224.125,4,3.25,0.0,7.73,0.0,de_Gerlache,59.1,False,Background,
-88.125,71.125,4,4.0,0.0,15.72,0.0,Faustini,31.7,False,Background,
-85.625,228.125,3,3.3333,0.0,8.34,0.0,de_Gerlache,102.4,False,Background,
-87.375,65.375,3,4.3333,0.0,10.5,0.0,Faustini,26.1,False,Background,
-88.125,218.375,3,4.3333,0.0,5.57,0.0,de_Gerlache,48.8,False,Background,
-86.625,61.375,5,3.2,0.0,10.16,0.0,Faustini,39.4,False,Background,
-86.875,62.125,4,3.5,0.0,15.55,0.0,Faustini,34.3,False,Background,
-88.625,74.375,6,3.5,0.0,5.1,0.0,Shackleton,36.9,False,Background,
-87.125,62.125,3,4.3333,0.0,6.92,0.0,Faustini,31.6,False,Background,
-89.125,202.125,6,3.6667,0.0,12.57,0.0,Shackleton,25.4,False,Background,
-87.625,219.375,4,3.5,0.0,6.63,0.0,de_Gerlache,57.6,False,Background,
-89.625,132.375,4,3.5,0.0,13.02,0.0,Shackleton,1.5,True,Background,confirmed within Shackleton PSR boundary
-89.125,79.375,3,3.6667,0.0,5.37,0.0,Shackleton,21.5,False,Background,
-85.875,223.125,7,3.5714,0.0,3.44,0.0,de_Gerlache,99.4,False,Background,
-85.125,224.125,6,3.5,0.0,4.11,0.0,de_Gerlache,119.9,False,Background,
-85.625,54.125,6,3.8333,0.0,8.01,0.0,Nobile,13.6,True,Background,confirmed within Nobile PSR boundary
-85.125,52.125,5,3.4,0.0,10.86,0.0,Nobile,4.0,True,Background,confirmed within Nobile PSR boundary
-85.875,51.625,4,3.0,0.0,11.42,0.0,Nobile,21.5,True,Background,confirmed within Nobile PSR boundary
-86.875,51.625,3,3.0,0.0,10.76,0.0,Faustini,49.8,False,Background,
-89.625,142.625,4,3.75,0.0,16.51,0.0,Shackleton,2.8,True,Background,confirmed within Shackleton PSR boundary
-87.125,217.125,10,3.5,0.0,5.41,0.0,de_Gerlache,71.3,False,Background,
-86.875,50.125,3,3.3333,0.0,14.91,0.0,Nobile,51.9,False,Background,
-88.125,54.375,4,3.25,0.0,3.55,0.0,Faustini,44.6,False,Background,
-85.875,47.125,9,3.0,0.0,13.12,0.0,Nobile,25.9,True,Background,confirmed within Nobile PSR boundary
-86.875,48.375,5,3.6,0.0,12.1,0.0,Nobile,52.5,False,Background,
-88.125,52.125,3,3.0,0.0,4.51,0.0,Faustini,46.6,False,Background,
-89.375,195.625,3,5.0,0.0,12.95,0.0,Shackleton,17.5,False,Background,
-89.375,201.375,3,3.6667,0.0,9.08,0.0,Shackleton,18.5,False,Background,
-88.625,47.125,3,4.3333,0.0,13.08,0.0,Shackleton,41.6,False,Background,
-85.125,217.625,9,3.3333,0.0,4.04,0.0,de_Gerlache,125.3,False,Background,
-86.125,41.125,8,3.0,0.0,16.21,0.0,Nobile,40.3,False,Background,
-87.875,42.875,4,3.5,0.0,3.1,0.0,Faustini,55.0,False,Background,
-89.625,60.875,3,4.6667,0.0,14.1,0.0,Shackleton,12.1,False,Background,
-87.125,215.375,6,3.1667,0.0,4.93,0.0,de_Gerlache,72.9,False,Background,
-85.875,37.875,8,3.125,0.0,16.71,0.0,Nobile,42.4,False,Background,
-87.625,35.125,10,3.1,0.0,15.24,0.0,Haworth,50.8,False,Background,
-88.125,35.125,7,3.0,0.0,4.94,0.0,Haworth,49.1,False,Background,
-89.625,212.875,5,4.0,0.0,10.63,0.0,Shackleton,14.3,False,Background,
-89.125,213.875,6,3.8333,0.0,15.82,0.0,Shackleton,27.4,False,Background,
-85.375,32.125,6,3.0,0.0,8.74,0.0,Nobile,53.4,False,Background,
-88.875,215.375,4,4.75,0.0,13.86,0.0,Shackleton,34.9,False,Background,
-89.125,25.625,5,3.2,0.0,13.29,0.0,Shackleton,30.5,False,Background,
-89.125,218.375,6,3.5,0.0,16.05,0.0,Shackleton,28.2,False,Background,
-87.375,27.875,4,3.25,0.0,7.74,0.0,Haworth,43.9,False,Background,
-89.125,21.875,5,3.2,0.0,6.5,0.0,Shackleton,31.1,False,Background,
-86.875,213.125,3,3.6667,0.0,9.24,0.0,de_Gerlache,81.1,False,Background,
-85.125,27.625,6,4.1667,0.0,6.28,0.0,Nobile,65.8,False,Background,
-88.875,218.125,8,3.25,0.0,12.3,0.0,Shackleton,35.3,False,Background,
-89.875,296.875,4,3.0,0.0,12.58,0.0,Shackleton,13.7,False,Background,
-89.125,221.625,7,3.0,0.0,14.63,0.0,Shackleton,28.7,False,Background,
-86.875,23.625,3,4.0,0.0,5.58,0.0,Haworth,45.4,False,Background,
-87.125,22.875,3,3.6667,0.0,3.67,0.0,Haworth,40.3,False,Background,
-87.125,211.875,3,3.3333,0.0,3.37,0.0,de_Gerlache,75.9,False,Background,
-86.875,211.625,4,3.5,0.0,11.28,0.0,Sverdrup,82.2,False,Background,
-86.375,210.875,3,3.3333,0.0,12.65,0.0,Sverdrup,93.6,False,Background,
-85.125,23.625,5,3.8,0.0,13.8,0.0,Nobile,75.8,False,Background,
-85.375,23.375,6,3.3333,0.0,22.3,0.0,Nobile,74.6,False,Background,
-89.125,8.875,5,4.0,0.0,8.0,0.0,Shackleton,32.8,False,Background,
-85.875,209.875,3,4.0,0.0,5.8,0.0,Sverdrup,105.5,False,Background,
-85.625,209.875,3,3.3333,0.0,7.0,0.0,Sverdrup,112.2,False,Background,
-85.125,22.125,4,3.25,0.0,17.27,0.0,Nobile,79.5,False,Background,
-86.625,20.875,6,3.0,0.0,8.0,0.0,Haworth,46.8,False,Background,
-88.875,10.625,3,3.0,0.0,8.85,0.0,Shackleton,39.9,False,Background,
-89.125,7.125,6,3.0,0.0,7.06,0.0,Shackleton,33.0,False,Background,
-85.125,21.125,4,3.25,0.0,23.08,0.0,Nobile,82.0,False,Background,
-85.625,20.375,4,3.75,0.0,16.62,0.0,Haworth,71.0,False,Background,
-89.125,5.125,3,3.0,0.0,8.26,0.0,Shackleton,33.2,False,Background,
-89.625,295.625,4,4.75,0.0,6.25,0.0,Shackleton,21.2,False,Background,
-85.625,208.375,4,4.0,0.0,10.77,0.0,Sverdrup,110.7,False,Background,
-85.875,17.625,4,4.5,0.0,10.85,0.0,Haworth,61.4,False,Background,
-85.875,16.375,4,3.0,0.0,11.85,0.0,Haworth,60.2,False,Background,
-89.375,344.875,8,3.0,0.0,6.99,0.0,Shackleton,27.7,False,Background,
-87.375,12.375,4,3.0,0.0,15.26,0.0,Haworth,23.3,True,Background,confirmed within Haworth PSR boundary
-88.125,8.625,3,3.3333,0.0,20.96,0.0,Haworth,25.1,True,Background,confirmed within Haworth PSR boundary
-85.625,14.125,8,3.75,0.0,9.07,0.0,Haworth,64.9,False,Background,
-88.875,358.125,4,3.5,0.0,9.81,0.0,Shackleton,41.4,False,Background,
-86.375,12.125,5,3.8,0.0,6.63,0.0,Haworth,42.7,False,Background,
-87.375,9.625,4,4.75,0.0,14.28,0.0,Haworth,19.7,True,Background,confirmed within Haworth PSR boundary
-89.375,342.625,12,3.0833,0.0,7.57,0.0,Shackleton,27.9,False,Background,
-89.375,238.125,3,3.6667,0.0,10.5,0.0,Shackleton,24.1,False,Background,
-88.125,209.625,5,4.0,0.0,6.11,0.0,de_Gerlache,55.9,False,Background,
-85.125,11.375,4,4.0,0.0,4.12,0.0,Haworth,77.1,False,Background,
-89.625,311.375,4,4.25,0.0,8.34,0.0,Shackleton,21.4,False,Background,
-86.625,203.125,3,3.6667,0.0,11.35,0.0,Sverdrup,79.2,False,Background,
-89.125,349.375,9,3.2222,0.0,14.72,0.0,Shackleton,34.8,False,Background,
-86.125,201.125,3,5.0,0.0,6.55,0.0,Sverdrup,89.8,False,Background,
-85.125,200.125,6,3.1667,0.0,7.21,0.0,Sverdrup,115.9,False,Background,
-89.625,293.875,5,3.0,0.0,11.01,0.0,Shackleton,21.2,False,Background,
-87.125,5.375,4,3.5,0.0,13.61,0.0,Haworth,17.7,True,Background,confirmed within Haworth PSR boundary
-87.625,202.875,5,3.4,0.0,10.61,0.0,Sverdrup,57.4,False,Background,
-87.875,1.375,6,3.5,0.0,9.41,0.0,Haworth,14.3,True,Background,confirmed within Haworth PSR boundary
-89.125,213.625,3,3.0,0.0,15.45,0.0,Shackleton,27.4,False,Background,
-88.875,352.625,4,4.5,0.0,19.21,0.0,Shackleton,42.0,False,Background,
-89.125,210.625,4,3.25,0.0,14.97,0.0,Shackleton,26.9,False,Background,
-86.625,195.625,5,3.6,0.0,6.88,0.0,Sverdrup,71.3,False,Background,
-86.375,4.125,4,3.0,0.0,10.1,0.0,Haworth,36.1,False,Background,
-89.625,234.125,3,3.3333,0.0,7.12,0.0,Shackleton,16.9,False,Background,
-85.375,192.625,7,3.4286,0.0,5.3,0.0,Sverdrup,101.7,False,Background,
-85.125,4.625,4,3.25,0.0,11.68,0.0,Haworth,73.2,False,Background,
-89.375,339.625,9,3.4444,0.0,6.56,0.0,Shackleton,28.1,False,Background,
-89.625,304.125,3,3.0,0.0,11.66,0.0,Shackleton,21.4,False,Background,
-87.125,359.375,7,3.7143,0.0,11.52,0.0,Haworth,11.9,True,Background,confirmed within Haworth PSR boundary
-89.125,350.375,9,3.7778,0.0,15.33,0.0,Shackleton,34.7,False,Background,
-89.875,301.375,3,4.0,0.0,12.52,0.0,Shackleton,13.8,False,Background,
-88.875,194.375,3,4.0,0.0,7.99,0.0,Shackleton,31.2,False,Background,
-87.625,357.875,6,3.8333,0.0,3.85,0.0,Haworth,5.7,True,Background,confirmed within Haworth PSR boundary
-85.125,184.875,5,3.0,0.0,6.95,0.0,Sverdrup,101.9,False,Background,
-86.875,357.375,4,5.0,0.0,15.02,0.0,Haworth,18.3,True,Background,confirmed within Haworth PSR boundary
-88.625,353.125,5,3.0,0.0,10.36,0.0,Haworth,35.1,False,Background,
-86.625,183.375,3,3.3333,0.0,4.58,0.0,Sverdrup,59.1,False,Background,
-88.125,354.375,3,3.0,0.0,11.43,0.0,Haworth,19.9,True,Background,confirmed within Haworth PSR boundary
-89.625,204.125,3,5.3333,0.0,14.54,0.0,Shackleton,13.0,False,Background,
-88.125,181.875,4,3.0,0.0,10.78,0.0,Sverdrup,30.0,False,Background,
-86.125,179.625,9,3.6667,0.0,5.63,0.0,Sverdrup,69.3,False,Background,
-87.375,352.875,6,3.0,0.0,3.66,0.0,Haworth,4.4,True,Background,confirmed within Haworth PSR boundary
-88.125,351.375,3,4.0,0.0,11.23,0.0,Haworth,20.4,True,Background,confirmed within Haworth PSR boundary
-86.875,179.125,7,3.0,0.0,4.93,0.0,Sverdrup,48.8,False,Background,
-87.625,351.375,4,3.25,0.0,7.33,0.0,Haworth,7.0,True,Background,confirmed within Haworth PSR boundary
-87.875,179.625,4,4.5,0.0,13.52,0.0,Sverdrup,29.6,False,Background,
-85.625,177.125,5,3.2,0.0,16.68,0.0,Sverdrup,81.5,False,Background,
-85.125,352.125,5,3.6,0.0,10.89,0.0,Haworth,71.4,False,Background,
-88.125,348.625,4,3.5,0.0,16.02,0.0,Haworth,21.3,True,Background,confirmed within Haworth PSR boundary
-89.375,193.375,5,3.2,0.0,12.39,0.0,Shackleton,17.1,False,Background,
-88.125,179.625,3,4.0,0.0,8.92,0.0,Sverdrup,27.8,False,Background,
-86.625,175.875,5,3.4,0.0,3.45,0.0,Sverdrup,52.5,False,Background,
-88.625,179.375,4,4.5,0.0,6.12,0.0,Sverdrup,30.1,False,Background,
-88.125,177.875,3,3.3333,0.0,6.89,0.0,Sverdrup,26.1,False,Background,
-86.125,348.125,5,4.8,0.0,8.29,0.0,Haworth,42.5,False,Background,
-86.125,347.875,5,3.6,0.0,7.67,0.0,Haworth,42.6,False,Background,
-87.625,346.375,3,3.0,0.0,10.86,0.0,Haworth,12.5,True,Background,confirmed within Haworth PSR boundary
-87.125,344.375,3,3.3333,0.0,18.04,0.0,Haworth,18.8,True,Background,confirmed within Haworth PSR boundary
-87.875,342.875,4,5.25,0.0,18.44,0.0,Haworth,19.6,True,Background,confirmed within Haworth PSR boundary
-88.625,339.125,4,3.0,0.0,19.29,0.0,Haworth,38.5,False,Background,
-85.375,171.375,5,3.0,0.0,3.97,0.0,Sverdrup,85.1,False,Background,
-87.625,342.125,4,3.25,0.0,15.72,0.0,Haworth,17.7,True,Background,confirmed within Haworth PSR boundary
-88.125,174.375,3,3.6667,0.0,3.95,0.0,Sverdrup,22.6,False,Background,
-85.375,343.625,4,4.0,0.0,6.21,0.0,Haworth,67.0,False,Background,
-88.875,177.875,6,3.3333,0.0,8.14,0.0,Shackleton,28.5,False,Background,
-88.625,177.125,7,3.7143,0.0,13.47,0.0,Sverdrup,28.6,False,Background,
-89.125,329.375,3,4.0,0.0,13.77,0.0,Shackleton,36.1,False,Background,
-88.625,175.375,6,3.5,0.0,13.38,0.0,Sverdrup,27.5,False,Background,
-88.375,174.125,3,4.3333,0.0,7.57,0.0,Sverdrup,23.4,False,Background,
-88.375,173.625,4,4.25,0.0,8.05,0.0,Sverdrup,23.0,False,Background,
-86.125,168.375,3,3.0,0.0,5.56,0.0,Sverdrup,61.4,False,Background,
-86.875,338.375,6,3.6667,0.0,6.88,0.0,Haworth,30.9,False,Background,
-87.375,169.875,5,3.4,0.0,11.52,0.0,Sverdrup,28.3,False,Background,
-88.375,170.625,3,3.3333,0.0,7.14,0.0,Sverdrup,20.6,False,Background,
-87.625,168.125,3,4.3333,0.0,6.72,0.0,Sverdrup,21.3,False,Background,
-86.875,164.875,3,3.0,0.0,10.06,0.0,Sverdrup,37.8,False,Background,
-86.125,333.875,3,3.3333,0.0,14.22,0.0,Haworth,54.0,False,Background,
-89.375,310.375,3,3.0,0.0,6.36,0.0,Shackleton,29.0,False,Background,
-86.625,163.625,7,3.2857,0.0,8.57,0.0,Sverdrup,44.4,False,Background,
-88.875,321.125,9,3.7778,0.0,12.29,0.0,de_Gerlache,38.3,False,Background,
-87.875,165.625,3,3.6667,0.0,7.63,0.0,Sverdrup,14.8,True,Background,confirmed within Sverdrup PSR boundary
-87.875,327.375,4,3.5,0.0,13.68,0.0,Haworth,36.1,False,Background,
-87.125,163.125,5,3.0,0.0,8.88,0.0,Sverdrup,29.8,False,Background,
-86.125,160.375,3,4.0,0.0,9.54,0.0,Sverdrup,58.0,False,Background,
-85.125,330.375,3,4.0,0.0,7.7,0.0,Cabeus,38.4,True,Background,confirmed within Cabeus PSR boundary
-89.375,299.625,3,5.0,0.0,11.36,0.0,Shackleton,28.9,False,Background,
-87.875,163.125,3,4.6667,0.0,5.02,0.0,Sverdrup,12.2,True,Background,confirmed within Sverdrup PSR boundary
-89.125,309.875,9,3.1111,0.0,6.33,0.0,de_Gerlache,33.9,False,Background,
-86.875,159.625,3,4.6667,0.0,11.01,0.0,Sverdrup,35.4,False,Background,
-87.375,325.125,5,3.2,0.0,10.99,0.0,Haworth,40.8,False,Background,
-87.375,323.875,5,3.8,0.0,9.53,0.0,Haworth,42.4,False,Background,
-87.625,158.625,5,4.4,0.0,9.0,0.0,Sverdrup,13.4,True,Background,confirmed within Sverdrup PSR boundary
-87.625,322.625,7,3.0,0.0,11.78,0.0,Haworth,42.1,False,Background,
-88.625,317.125,10,4.1,0.0,6.63,0.0,de_Gerlache,36.4,False,Background,
-89.125,307.625,3,3.3333,0.0,8.37,0.0,de_Gerlache,32.9,False,Background,
-86.625,324.125,3,3.3333,0.0,14.56,0.0,Haworth,54.1,False,Background,
-88.375,318.375,3,3.6667,0.0,7.52,0.0,de_Gerlache,39.3,False,Background,
-85.125,324.875,4,3.75,0.0,4.79,0.0,Cabeus,24.3,True,Background,confirmed within Cabeus PSR boundary
-85.375,323.875,3,4.0,0.0,5.94,0.0,Cabeus,24.8,True,Background,confirmed within Cabeus PSR boundary
-87.625,320.375,3,3.0,0.0,10.57,0.0,Haworth,44.9,False,Background,
-89.125,161.625,7,3.5714,0.0,8.32,0.0,Shackleton,18.8,False,Background,
-88.125,153.375,3,5.3333,0.0,7.01,0.0,Sverdrup,3.9,True,Background,confirmed within Sverdrup PSR boundary
-87.875,153.125,3,3.6667,0.0,8.58,0.0,Sverdrup,3.9,True,Background,confirmed within Sverdrup PSR boundary
-86.625,150.375,4,4.0,0.0,4.46,0.0,Sverdrup,41.8,False,Background,
-86.125,320.125,5,3.0,0.0,4.83,0.0,Cabeus,38.4,True,Background,confirmed within Cabeus PSR boundary
-85.375,144.125,9,3.8889,0.0,16.55,0.0,Sverdrup,80.7,False,Background,
-88.625,313.625,11,4.4545,0.0,10.97,0.0,de_Gerlache,33.8,False,Background,
-88.625,148.375,3,3.6667,0.0,6.2,0.0,Sverdrup,19.3,False,Background,
-87.375,144.625,6,3.0,0.0,6.34,0.0,Sverdrup,21.2,False,Background,
-88.875,147.625,8,3.75,0.0,8.94,0.0,Shackleton,24.8,False,Background,
-88.375,314.125,7,3.2857,0.0,8.89,0.0,de_Gerlache,35.9,False,Background,
-88.625,145.125,7,3.7143,0.0,9.47,0.0,Sverdrup,20.0,False,Background,
-85.875,140.875,6,3.0,0.0,6.99,0.0,Sverdrup,66.8,False,Background,
-87.125,315.625,3,3.3333,0.0,13.84,0.0,Haworth,56.5,False,Background,
-86.875,140.125,4,4.25,0.0,5.41,0.0,Sverdrup,37.8,False,Background,
-87.875,314.125,10,3.4,0.0,16.09,0.0,de_Gerlache,43.3,False,Background,
-88.125,139.875,6,3.5,0.0,4.78,0.0,Sverdrup,13.5,True,Background,confirmed within Sverdrup PSR boundary
-86.875,314.625,4,4.25,0.0,12.5,0.0,Cabeus,60.0,False,Background,
-89.125,140.375,3,3.0,0.0,11.54,0.0,Shackleton,16.8,False,Background,
-88.125,138.125,12,3.0833,0.0,9.36,0.0,Sverdrup,15.2,True,Background,confirmed within Sverdrup PSR boundary
-87.875,137.625,5,3.6,0.0,7.13,0.0,Sverdrup,16.6,False,Background,
-85.125,135.375,10,3.9,0.0,6.88,0.0,Sverdrup,91.6,False,Background,
-89.875,104.375,4,3.0,0.0,31.38,0.0,Shackleton,6.8,True,Background,confirmed within Shackleton PSR boundary
-86.125,312.375,4,3.0,0.0,8.93,0.0,Cabeus,38.1,True,Background,confirmed within Cabeus PSR boundary
-87.625,128.125,3,3.3333,0.0,8.46,0.0,Sverdrup,30.1,False,Background,
-85.875,129.125,8,3.0,0.0,6.7,0.0,Sverdrup,73.5,False,Background,
-85.875,127.625,7,4.8571,0.0,4.51,0.0,Sverdrup,74.6,False,Background,
-86.125,311.625,3,3.6667,0.0,3.76,0.0,Cabeus,38.5,True,Background,confirmed within Cabeus PSR boundary
-85.125,310.375,5,3.0,0.0,5.91,0.0,Cabeus,16.3,True,Background,confirmed within Cabeus PSR boundary
-85.625,124.625,7,3.4286,0.0,3.38,0.0,Sverdrup,84.0,False,Background,
-86.125,310.375,6,3.0,0.0,7.34,0.0,Cabeus,39.4,True,Background,confirmed within Cabeus PSR boundary
-89.125,324.875,5,3.6,0.0,7.56,0.0,Shackleton,36.3,False,Background,
-87.375,311.875,5,3.4,0.0,13.77,0.0,de_Gerlache,52.1,False,Background,
-86.875,119.875,3,3.6667,0.0,5.39,0.0,Sverdrup,54.6,False,Background,
-86.125,121.125,4,3.0,0.0,5.52,0.0,Faustini,72.5,False,Background,
-85.625,309.125,7,3.7143,0.0,5.8,0.0,Cabeus,27.9,True,Background,confirmed within Cabeus PSR boundary
-86.875,310.125,5,4.4,0.0,8.05,0.0,Cabeus,61.2,False,Background,
-89.125,100.125,4,3.25,0.0,9.44,0.0,Shackleton,18.5,False,Background,
-85.875,118.625,3,5.0,0.0,4.43,0.0,Faustini,74.4,False,Background,
-85.625,307.625,5,5.4,0.0,3.96,0.0,Cabeus,30.3,True,Background,confirmed within Cabeus PSR boundary
-85.875,117.125,3,3.3333,0.0,3.5,0.0,Faustini,72.2,False,Background,
-85.375,306.875,4,3.75,0.0,10.43,0.0,Cabeus,27.5,True,Background,confirmed within Cabeus PSR boundary
-86.875,309.375,3,4.3333,0.0,9.63,0.0,Cabeus,61.5,False,Background,
-87.625,110.375,3,4.3333,0.0,9.3,0.0,Faustini,38.9,False,Background,
-87.625,110.875,3,4.3333,0.0,9.32,0.0,Faustini,39.5,False,Background,
-87.875,312.375,4,4.0,0.0,15.35,0.0,de_Gerlache,41.8,False,Background,
-85.875,114.125,4,4.5,0.0,4.43,0.0,Faustini,68.0,False,Background,
-88.375,100.625,4,3.0,0.0,6.52,0.0,Faustini,40.6,False,Background,
-86.125,111.875,4,4.5,0.0,6.86,0.0,Faustini,59.2,False,Background,
-86.125,112.375,3,3.3333,0.0,4.32,0.0,Faustini,59.9,False,Background,
-85.375,113.375,3,5.0,0.0,3.58,0.0,Faustini,79.2,False,Background,
-86.375,306.875,5,3.8,0.0,8.36,0.0,Cabeus,49.3,False,Background,
-87.875,311.875,4,3.0,0.0,14.89,0.0,de_Gerlache,41.3,False,Background,
-86.625,109.375,4,3.5,0.0,6.07,0.0,Faustini,45.6,False,Background,
-86.875,107.375,3,3.0,0.0,8.39,0.0,Faustini,38.7,False,Background,
-85.125,302.375,3,3.0,0.0,14.68,0.0,Cabeus,36.5,True,Background,confirmed within Cabeus PSR boundary
-85.125,108.375,5,3.0,0.0,6.55,0.0,Faustini,79.6,False,Background,
-85.875,302.875,3,3.0,0.0,6.01,0.0,Cabeus,43.4,True,Background,confirmed within Cabeus PSR boundary
-88.875,327.625,4,3.75,0.0,10.25,0.0,de_Gerlache,42.2,False,Background,
-87.375,305.625,5,3.6,0.0,6.68,0.0,de_Gerlache,46.8,False,Background,
-86.375,100.375,3,4.3333,0.0,7.59,0.0,Faustini,38.1,False,Background,
-86.875,302.875,4,4.25,0.0,7.1,0.0,de_Gerlache,57.5,False,Background,
-86.375,98.875,3,4.3333,0.0,4.8,0.0,Faustini,36.3,False,Background,
-89.375,30.875,3,3.0,0.0,7.37,0.0,Shackleton,22.7,False,Background,
-89.125,353.875,4,5.75,0.0,12.03,0.0,Shackleton,34.4,False,Background,
-89.125,52.125,3,3.3333,0.0,3.86,0.0,Shackleton,26.2,False,Background,
-87.375,91.875,3,3.0,0.0,15.93,0.0,Faustini,13.5,True,Background,confirmed within Faustini PSR boundary
-87.375,92.375,3,3.3333,0.0,17.2,0.0,Faustini,14.1,True,Background,confirmed within Faustini PSR boundary
-86.125,97.875,4,4.0,0.0,9.33,0.0,Faustini,41.3,False,Background,
-88.125,83.375,5,3.4,0.0,6.53,0.0,Faustini,28.1,False,Background,
-89.125,36.125,4,3.25,0.0,5.38,0.0,Shackleton,28.9,False,Background,
-85.375,97.125,3,3.0,0.0,12.53,0.0,Faustini,61.3,False,Background,
-89.375,10.625,3,4.0,0.0,4.87,0.0,Shackleton,25.3,False,Background,
-89.125,35.125,3,3.3333,0.0,6.1,0.0,Shackleton,29.1,False,Background,
-86.625,293.625,3,3.0,0.0,7.04,0.0,de_Gerlache,58.3,False,Background,
-86.875,292.875,4,3.25,0.0,8.27,0.0,de_Gerlache,50.8,False,Background,
-89.125,30.875,3,4.3333,0.0,8.48,0.0,Shackleton,29.7,False,Background,
-88.375,69.625,3,5.6667,0.0,9.87,0.0,Faustini,38.8,False,Background,
-88.125,68.875,3,4.0,0.0,16.53,0.0,Faustini,33.0,False,Background,
-85.625,286.875,4,3.25,0.0,15.26,0.0,Cabeus,75.2,False,Background,
-85.125,85.625,4,3.0,0.0,5.32,0.0,Faustini,63.1,False,Background,
-86.375,286.875,3,4.6667,0.0,21.21,0.0,de_Gerlache,62.3,False,Background,
-86.625,287.375,3,6.3333,0.0,6.23,0.0,de_Gerlache,55.2,False,Background,
-89.125,1.875,4,3.75,0.0,12.68,0.0,Shackleton,33.6,False,Background,
-87.875,66.875,3,3.0,0.0,14.53,0.0,Faustini,29.4,False,Background,
-85.875,282.625,4,3.5,0.0,4.67,0.0,de_Gerlache,75.9,False,Background,
-89.125,354.875,4,3.5,0.0,11.37,0.0,Shackleton,34.3,False,Background,
-88.625,48.125,4,4.0,0.0,13.33,0.0,Shackleton,41.4,False,Background,
-85.625,280.625,4,4.5,0.0,7.79,0.0,de_Gerlache,82.9,False,Background,
-86.125,281.875,4,4.75,0.0,7.81,0.0,de_Gerlache,68.2,False,Background,
-85.125,79.375,5,3.2,0.0,6.15,0.0,Faustini,63.4,False,Background,
-86.375,280.875,3,4.3333,0.0,7.85,0.0,de_Gerlache,60.4,False,Background,
-86.625,281.375,3,3.3333,0.0,3.94,0.0,de_Gerlache,53.0,False,Background,
-88.625,301.875,3,4.6667,0.0,10.54,0.0,de_Gerlache,25.3,False,Background,
-88.875,34.875,8,3.875,0.0,15.98,0.0,Shackleton,36.3,False,Background,
-89.125,27.875,3,4.3333,0.0,14.85,0.0,Shackleton,30.2,False,Background,
-86.625,71.625,3,3.6667,0.0,7.51,0.0,Faustini,25.7,False,Background,
-88.375,295.875,3,3.3333,0.0,10.46,0.0,de_Gerlache,20.7,False,Background,
-86.125,71.375,3,3.6667,0.0,15.0,0.0,Faustini,38.6,False,Background,
-88.875,30.125,5,3.2,0.0,11.14,0.0,Shackleton,37.1,False,Background,
-85.625,273.625,3,4.0,0.0,5.05,0.0,de_Gerlache,82.1,False,Background,
-88.125,288.375,3,3.0,0.0,9.88,0.0,de_Gerlache,16.5,False,Background,
-86.375,67.375,3,3.6667,0.0,9.1,0.0,Faustini,36.6,False,Background,
-86.625,275.125,4,3.75,0.0,3.94,0.0,de_Gerlache,51.8,False,Background,
-88.375,45.625,6,3.5,0.0,4.16,0.0,Shackleton,49.2,False,Background,
-85.625,270.625,4,4.0,0.0,3.39,0.0,de_Gerlache,82.0,False,Background,
-85.875,271.125,4,3.25,0.0,2.97,0.0,de_Gerlache,74.5,False,Background,
-88.625,296.375,3,3.0,0.0,12.53,0.0,de_Gerlache,21.4,False,Background,
-86.125,270.375,3,3.0,0.0,7.86,0.0,de_Gerlache,66.9,False,Background,
-87.375,57.625,5,4.4,0.0,14.29,0.0,Faustini,36.8,False,Background,
-86.875,262.375,3,3.6667,0.0,12.54,0.0,de_Gerlache,45.6,False,Background,
-86.625,258.625,3,3.0,0.0,6.05,0.0,de_Gerlache,54.4,False,Background,
-85.625,255.125,3,3.6667,0.0,3.12,0.0,de_Gerlache,85.5,False,Background,
-85.625,253.625,3,3.6667,0.0,6.09,0.0,de_Gerlache,86.1,False,Background,
-88.125,266.375,3,3.6667,0.0,19.88,0.0,de_Gerlache,8.2,True,Background,confirmed within de_Gerlache PSR boundary
-88.875,279.125,3,3.0,0.0,13.16,0.0,de_Gerlache,17.3,False,Background,
-85.375,252.375,3,3.3333,0.0,12.32,0.0,de_Gerlache,94.1,False,Background,
-88.125,262.875,3,3.6667,0.0,21.41,0.0,de_Gerlache,10.6,True,Background,confirmed within de_Gerlache PSR boundary
-87.125,254.625,3,3.0,0.0,6.98,0.0,de_Gerlache,41.7,False,Background,
-88.625,267.125,3,3.3333,0.0,9.26,0.0,de_Gerlache,9.8,True,Background,confirmed within de_Gerlache PSR boundary
-85.375,244.625,4,3.5,0.0,7.14,0.0,de_Gerlache,98.1,False,Background,
-87.625,249.625,3,3.3333,0.0,11.19,0.0,de_Gerlache,31.7,False,Background,
-88.375,253.875,3,4.6667,0.0,11.89,0.0,de_Gerlache,15.8,True,Background,confirmed within de_Gerlache PSR boundary
-85.625,47.375,3,3.0,0.0,6.68,0.0,Nobile,20.1,True,Background,confirmed within Nobile PSR boundary
-86.875,239.375,3,4.3333,0.0,8.22,0.0,de_Gerlache,58.8,False,Background,
-87.875,36.125,3,5.0,0.0,5.97,0.0,Haworth,50.5,False,Background,
-86.375,41.625,4,3.0,0.0,16.22,0.0,Nobile,44.8,False,Background,
-88.375,243.125,3,4.0,0.0,10.46,0.0,de_Gerlache,25.0,False,Background,
-88.625,29.125,3,4.0,0.0,17.08,0.0,Shackleton,44.6,False,Background,
-87.125,37.375,4,4.25,0.0,8.28,0.0,Haworth,59.6,False,Background,
-85.125,40.375,4,3.0,0.0,18.44,0.0,Nobile,33.7,True,Background,confirmed within Nobile PSR boundary
-85.875,33.875,5,3.0,0.0,13.4,0.0,Nobile,50.7,False,Background,
-85.125,212.375,4,3.5,0.0,7.83,0.0,Sverdrup,128.5,False,Background,
-89.375,45.875,3,4.6667,0.0,4.83,0.0,Shackleton,20.4,False,Background,
-85.125,28.625,3,4.6667,0.0,6.13,0.0,Nobile,63.3,False,Background,
-85.125,201.375,4,3.5,0.0,11.34,0.0,Sverdrup,117.2,False,Background,
-87.375,29.875,3,4.3333,0.0,7.46,0.0,Haworth,46.5,False,Background,
-89.125,171.875,10,3.3,0.0,6.63,0.0,Shackleton,20.3,False,Background,
-85.875,14.375,3,4.0,0.0,7.76,0.0,Haworth,58.2,False,Background,
-86.875,12.875,3,3.6667,0.0,7.39,0.0,Haworth,31.6,False,Background,
-85.875,183.625,4,3.75,0.0,7.04,0.0,Sverdrup,79.6,False,Background,
-89.875,128.125,3,4.3333,0.0,27.23,0.0,Shackleton,6.2,True,Background,confirmed within Shackleton PSR boundary
-86.125,359.875,3,4.6667,0.0,17.15,0.0,Haworth,41.5,False,Background,
-85.125,175.625,3,3.6667,0.0,11.34,0.0,Sverdrup,95.1,False,Background,
-86.875,159.875,3,4.6667,0.0,12.88,0.0,Sverdrup,35.5,False,Background,
-87.125,156.875,3,3.0,0.0,3.79,0.0,Sverdrup,27.1,False,Background,
-86.625,342.125,4,3.25,0.0,9.12,0.0,Haworth,32.7,False,Background,
-85.125,153.375,4,3.25,0.0,8.19,0.0,Sverdrup,87.2,False,Background,
-88.875,139.125,5,4.2,0.0,11.34,0.0,Shackleton,24.3,False,Background,
-86.375,337.625,4,3.0,0.0,13.65,0.0,Haworth,43.6,False,Background,
-87.125,147.375,3,3.3333,0.0,3.38,0.0,Sverdrup,27.3,False,Background,
-86.625,147.375,3,3.0,0.0,4.52,0.0,Sverdrup,42.3,False,Background,
-85.375,329.375,5,3.6,0.0,16.09,0.0,Cabeus,37.2,True,Background,confirmed within Cabeus PSR boundary
-86.125,143.875,3,4.3333,0.0,6.41,0.0,Sverdrup,58.3,False,Background,
-85.625,328.125,3,4.3333,0.0,9.83,0.0,Cabeus,37.4,True,Background,confirmed within Cabeus PSR boundary
-85.125,143.375,5,3.0,0.0,3.96,0.0,Sverdrup,88.5,False,Background,
-85.125,325.375,5,4.0,0.0,6.61,0.0,Cabeus,25.6,True,Background,confirmed within Cabeus PSR boundary
-88.375,139.375,10,3.1,0.0,7.37,0.0,Sverdrup,16.9,False,Background,
-85.125,140.125,5,4.4,0.0,3.75,0.0,Sverdrup,89.5,False,Background,
-88.875,136.125,7,3.4286,0.0,8.53,0.0,Shackleton,24.2,False,Background,
-85.375,137.375,5,4.0,0.0,4.38,0.0,Sverdrup,83.2,False,Background,
-85.375,315.375,5,3.8,0.0,10.62,0.0,Cabeus,14.5,True,Background,confirmed within Cabeus PSR boundary
-86.875,134.875,4,3.5,0.0,9.77,0.0,Sverdrup,41.3,False,Background,
-89.125,146.875,3,3.3333,0.0,11.2,0.0,Shackleton,17.2,False,Background,
-85.375,132.125,3,3.0,0.0,3.31,0.0,Sverdrup,86.0,False,Background,
-87.375,134.375,3,3.3333,0.0,5.99,0.0,Sverdrup,28.9,False,Background,
-85.125,125.875,4,3.0,0.0,3.19,0.0,Sverdrup,97.5,False,Background,
-87.875,133.625,5,4.2,0.0,12.54,0.0,Sverdrup,20.8,False,Background,
-85.375,120.875,3,3.6667,0.0,4.01,0.0,Faustini,89.5,False,Background,
-88.875,236.125,3,3.0,0.0,11.36,0.0,de_Gerlache,30.5,False,Background,
-85.125,115.625,3,4.6667,0.0,3.3,0.0,Faustini,88.6,False,Background,
-87.625,121.125,3,4.6667,0.0,9.24,0.0,Sverdrup,37.5,False,Background,
-85.125,262.125,3,3.6667,0.0,3.32,0.0,de_Gerlache,98.3,False,Background,
-85.125,256.125,3,3.3333,0.0,5.37,0.0,de_Gerlache,100.1,False,Background,
-85.375,217.875,3,3.3333,0.0,5.98,0.0,de_Gerlache,117.9,False,Background,
-85.375,42.375,5,3.4,0.0,15.86,0.0,Nobile,28.4,True,Background,confirmed within Nobile PSR boundary
-86.125,83.875,4,3.5,0.0,16.64,0.0,Faustini,32.6,False,Background,
-87.375,236.125,5,3.4,0.0,11.58,0.0,de_Gerlache,48.7,False,Background,
-85.625,81.125,4,4.25,0.0,6.13,0.0,Faustini,47.9,False,Background,
-88.875,204.125,12,3.4167,0.0,12.51,0.0,Shackleton,32.9,False,Background,
-86.625,83.125,4,4.0,0.0,14.62,0.0,Faustini,17.4,True,Background,confirmed within Faustini PSR boundary
-87.875,89.625,4,3.25,0.0,9.58,0.0,Faustini,22.1,False,Background,
-89.125,122.625,4,3.5,0.0,8.31,0.0,Shackleton,16.6,False,Background,
-89.125,137.875,6,4.3333,0.0,10.0,0.0,Shackleton,16.7,False,Background,
-86.875,236.875,5,3.0,0.0,3.82,0.0,de_Gerlache,60.8,False,Background,
-88.125,91.125,4,3.25,0.0,8.01,0.0,Faustini,29.6,False,Background,
-89.375,140.875,5,5.0,0.0,22.59,0.0,Shackleton,9.4,True,Background,confirmed within Shackleton PSR boundary
-89.375,169.875,8,3.5,0.0,11.64,0.0,Shackleton,13.1,False,Background,
-89.125,181.625,9,3.0,0.0,8.22,0.0,Shackleton,21.9,False,Background,
-88.875,214.875,7,3.2857,0.0,13.73,0.0,Shackleton,34.8,False,Background,
-85.875,239.875,4,3.0,0.0,13.39,0.0,de_Gerlache,86.5,False,Background,
-85.125,76.625,6,3.8333,0.0,9.74,0.0,Nobile,58.8,False,Background,
-85.875,78.125,5,3.8,0.0,11.36,0.0,Faustini,41.2,False,Background,
-88.875,102.625,4,3.75,0.0,4.64,0.0,Shackleton,25.6,False,Background,
-87.875,228.375,6,4.6667,0.0,15.72,0.0,de_Gerlache,44.6,False,Background,
-86.625,236.625,6,3.5,0.0,10.7,0.0,de_Gerlache,67.7,False,Background,
-85.875,76.875,5,3.2,0.0,8.74,0.0,Faustini,41.8,False,Background,
-86.625,76.125,5,3.2,0.0,6.91,0.0,Faustini,20.9,True,Background,confirmed within Faustini PSR boundary
-87.875,82.875,3,3.0,0.0,8.14,0.0,Faustini,20.5,True,Background,confirmed within Faustini PSR boundary
-88.375,89.125,4,3.25,0.0,4.98,0.0,Faustini,36.2,False,Background,
-89.375,128.875,3,4.3333,0.0,23.36,0.0,Shackleton,8.9,True,Background,confirmed within Shackleton PSR boundary
-89.375,160.375,9,3.1111,0.0,14.77,0.0,Shackleton,11.6,False,Background,
-87.625,229.375,6,3.3333,0.0,10.78,0.0,de_Gerlache,48.8,False,Background,
-85.875,236.375,6,3.0,0.0,11.87,0.0,de_Gerlache,89.0,False,Background,
-89.375,120.125,3,3.3333,0.0,24.3,0.0,Shackleton,9.2,True,Background,confirmed within Shackleton PSR boundary
-88.125,224.375,6,3.6667,0.0,11.11,0.0,de_Gerlache,43.8,False,Background,
-87.625,228.875,6,3.0,0.0,10.79,0.0,de_Gerlache,49.3,False,Background,
-86.625,233.875,6,3.5,0.0,4.62,0.0,de_Gerlache,69.9,False,Background,
-86.125,72.125,3,4.3333,0.0,16.76,0.0,Faustini,37.9,False,Background,
-87.875,226.375,5,3.0,0.0,13.86,0.0,de_Gerlache,46.4,False,Background,
-89.375,178.625,4,3.0,0.0,8.71,0.0,Shackleton,14.5,False,Background,
-89.375,170.125,5,3.4,0.0,11.72,0.0,Shackleton,13.1,False,Background,
-87.875,74.625,6,3.1667,0.0,8.25,0.0,Faustini,23.3,False,Background,
-87.875,224.375,4,4.0,0.0,11.32,0.0,de_Gerlache,48.1,False,Background,
-85.375,66.125,7,3.1429,0.0,6.67,0.0,Nobile,31.9,True,Background,confirmed within Nobile PSR boundary
-89.375,116.375,5,4.4,0.0,22.6,0.0,Shackleton,9.5,True,Background,confirmed within Shackleton PSR boundary
-89.375,120.375,3,4.6667,0.0,24.28,0.0,Shackleton,9.2,True,Background,confirmed within Shackleton PSR boundary
-87.375,226.875,3,3.3333,0.0,7.59,0.0,de_Gerlache,56.7,False,Background,
-85.625,232.125,6,3.1667,0.0,15.76,0.0,de_Gerlache,99.3,False,Background,
-85.875,65.875,6,3.5,0.0,8.56,0.0,Nobile,35.9,True,Background,confirmed within Nobile PSR boundary
-87.375,70.125,4,3.75,0.0,10.9,0.0,Faustini,19.5,True,Background,confirmed within Faustini PSR boundary
-89.375,112.125,5,4.4,0.0,21.66,0.0,Shackleton,9.9,True,Background,confirmed within Shackleton PSR boundary
-89.375,171.875,5,3.2,0.0,9.45,0.0,Shackleton,13.4,False,Background,
-87.375,225.875,3,4.0,0.0,6.84,0.0,de_Gerlache,57.6,False,Background,
-87.125,227.375,3,3.6667,0.0,5.4,0.0,de_Gerlache,62.3,False,Background,
-87.875,71.875,3,3.3333,0.0,8.29,0.0,Faustini,25.2,False,Background,
-88.875,82.625,5,3.6,0.0,6.25,0.0,Shackleton,28.2,False,Background,
-87.125,226.625,3,3.6667,0.0,4.91,0.0,de_Gerlache,62.9,False,Background,
-86.625,65.125,3,3.3333,0.0,7.12,0.0,Faustini,34.1,False,Background,
-87.125,66.875,3,3.6667,0.0,6.74,0.0,Faustini,24.6,False,Background,
-88.375,74.125,5,3.4,0.0,21.57,0.0,Faustini,37.1,False,Background,
-89.125,91.875,3,3.0,0.0,10.19,0.0,Shackleton,19.6,False,Background,
-89.375,107.875,3,3.0,0.0,20.87,0.0,Shackleton,10.3,True,Background,confirmed within Shackleton PSR boundary
-89.375,146.875,3,4.3333,0.0,19.76,0.0,Shackleton,9.9,True,Background,confirmed within Shackleton PSR boundary
-85.625,229.125,9,3.4444,0.0,6.92,0.0,de_Gerlache,101.6,False,Background,
-85.875,62.125,3,3.0,0.0,6.38,0.0,Nobile,29.2,True,Background,confirmed within Nobile PSR boundary
-86.375,63.125,3,5.0,0.0,12.45,0.0,Nobile,42.0,False,Background,
-88.875,205.625,7,3.4286,0.0,15.47,0.0,Shackleton,33.2,False,Background,
-86.625,226.125,4,3.5,0.0,5.26,0.0,de_Gerlache,76.3,False,Background,
-88.375,214.125,16,3.125,0.0,4.01,0.0,de_Gerlache,48.4,False,Background,
-87.125,62.875,3,3.3333,0.0,5.76,0.0,Faustini,30.5,False,Background,
-89.375,156.125,5,3.4,0.0,15.1,0.0,Shackleton,11.0,False,Background,
-89.375,183.625,3,3.3333,0.0,7.45,0.0,Shackleton,15.4,False,Background,
-87.625,64.375,4,3.75,0.0,12.27,0.0,Faustini,28.7,False,Background,
-88.375,68.875,4,4.0,0.0,12.43,0.0,Faustini,39.1,False,Background,
-85.125,226.375,5,3.6,0.0,3.4,0.0,de_Gerlache,118.1,False,Background,
-87.375,61.375,3,3.0,0.0,8.36,0.0,Faustini,31.6,False,Background,
-88.625,208.625,10,3.5,0.0,9.05,0.0,Shackleton,41.0,False,Background,
-88.375,211.625,18,3.1111,0.0,2.39,0.0,Shackleton,48.9,False,Background,
-87.875,61.625,3,3.0,0.0,13.45,0.0,Faustini,34.5,False,Background,
-88.375,210.625,8,3.75,0.0,2.68,0.0,Shackleton,48.8,False,Background,
-87.875,215.375,9,3.4444,0.0,13.37,0.0,de_Gerlache,55.9,False,Background,
-87.625,217.625,6,3.1667,0.0,8.12,0.0,de_Gerlache,59.2,False,Background,
-86.875,220.375,4,3.0,0.0,5.49,0.0,de_Gerlache,74.7,False,Background,
-87.375,57.125,3,3.6667,0.0,16.04,0.0,Faustini,37.5,False,Background,
-88.875,68.375,4,4.5,0.0,6.06,0.0,Shackleton,30.6,False,Background,
-85.625,221.125,6,3.8333,0.0,6.79,0.0,de_Gerlache,108.1,False,Background,
-88.125,59.125,4,4.0,0.0,6.25,0.0,Faustini,40.4,False,Background,
-89.625,115.625,4,4.0,0.0,16.8,0.0,Shackleton,2.9,True,Background,confirmed within Shackleton PSR boundary
-89.625,122.125,4,3.75,0.0,12.55,0.0,Shackleton,1.9,True,Background,confirmed within Shackleton PSR boundary
-88.875,64.625,3,3.0,0.0,10.29,0.0,Shackleton,31.2,False,Background,
-89.625,94.875,3,3.6667,0.0,31.53,0.0,Shackleton,6.5,True,Background,confirmed within Shackleton PSR boundary
-86.625,218.375,6,3.6667,0.0,5.55,0.0,de_Gerlache,83.0,False,Background,
-88.625,54.625,5,3.6,0.0,14.81,0.0,Shackleton,40.3,False,Background,
-89.375,71.625,3,4.3333,0.0,11.21,0.0,Shackleton,16.0,False,Background,
-89.625,119.625,5,3.8,0.0,13.25,0.0,Shackleton,2.3,True,Background,confirmed within Shackleton PSR boundary
-85.625,218.875,4,4.25,0.0,7.67,0.0,de_Gerlache,110.0,False,Background,
-88.625,53.125,4,4.75,0.0,10.97,0.0,Shackleton,40.5,False,Background,
-85.625,218.625,5,3.0,0.0,6.9,0.0,de_Gerlache,110.2,False,Background,
-88.625,49.625,5,3.8,0.0,13.01,0.0,Shackleton,41.1,False,Background,
-89.375,63.375,3,3.0,0.0,7.67,0.0,Shackleton,17.5,False,Background,
-88.625,42.875,4,3.25,0.0,11.87,0.0,Shackleton,42.3,False,Background,
-88.875,41.125,5,3.2,0.0,14.6,0.0,Shackleton,35.3,False,Background,
-89.625,202.125,5,4.0,0.0,13.71,0.0,Shackleton,12.7,False,Background,
-88.875,38.125,7,3.0,0.0,15.65,0.0,Shackleton,35.8,False,Background,
-89.875,135.375,3,3.0,0.0,27.66,0.0,Shackleton,6.2,True,Background,confirmed within Shackleton PSR boundary
-89.625,207.625,3,3.0,0.0,13.87,0.0,Shackleton,13.5,False,Background,
-88.375,214.375,12,3.4167,0.0,3.57,0.0,de_Gerlache,48.2,False,Background,
-87.125,214.875,8,4.375,0.0,5.92,0.0,de_Gerlache,73.3,False,Background,
-87.125,33.125,3,5.3333,0.0,9.75,0.0,Haworth,54.0,False,Background,
-89.125,215.375,3,3.0,0.0,16.74,0.0,Shackleton,27.7,False,Background,
-86.125,30.375,3,3.6667,0.0,14.4,0.0,Nobile,59.9,False,Background,
-88.625,28.125,3,3.6667,0.0,18.56,0.0,Shackleton,44.8,False,Background,
-88.875,27.125,9,4.0,0.0,13.22,0.0,Shackleton,37.5,False,Background,
-87.125,212.875,3,3.0,0.0,4.3,0.0,de_Gerlache,75.1,False,Background,
-85.625,25.875,4,3.0,0.0,13.55,0.0,Nobile,67.8,False,Background,
-87.375,22.625,4,3.75,0.0,3.8,0.0,Haworth,37.0,False,Background,
-89.625,238.625,3,4.0,0.0,6.69,0.0,Shackleton,17.4,False,Background,
-85.125,210.125,5,3.2,0.0,11.11,0.0,Sverdrup,126.2,False,Background,
-87.125,21.625,3,4.3333,0.0,5.21,0.0,Haworth,38.6,False,Background,
-89.125,225.375,4,3.75,0.0,14.94,0.0,Shackleton,29.3,False,Background,
-87.875,16.375,3,4.6667,0.0,9.14,0.0,Haworth,28.5,False,Background,
-86.625,18.125,4,3.75,0.0,5.98,0.0,Haworth,43.4,False,Background,
-89.375,347.875,4,3.5,0.0,4.87,0.0,Shackleton,27.5,False,Background,
-89.375,344.625,6,4.0,0.0,6.85,0.0,Shackleton,27.7,False,Background,
-89.625,288.875,3,3.0,0.0,15.55,0.0,Shackleton,21.0,False,Background,
-86.375,17.125,3,3.0,0.0,11.04,0.0,Haworth,48.0,False,Background,
-89.625,266.625,3,3.3333,0.0,17.65,0.0,Shackleton,19.9,False,Background,
-87.875,211.125,3,3.6667,0.0,12.46,0.0,de_Gerlache,59.5,False,Background,
-86.125,206.625,3,3.3333,0.0,9.9,0.0,Sverdrup,95.5,False,Background,
-89.125,352.625,4,3.25,0.0,12.78,0.0,Shackleton,34.5,False,Background,
-85.125,203.875,4,3.25,0.0,5.32,0.0,Sverdrup,119.7,False,Background,
-86.625,11.125,5,4.0,0.0,7.24,0.0,Haworth,35.3,False,Background,
-88.875,354.875,5,3.6,0.0,17.95,0.0,Shackleton,41.8,False,Background,
-87.875,5.375,3,3.0,0.0,12.88,0.0,Haworth,17.4,True,Background,confirmed within Haworth PSR boundary
-85.625,202.625,3,4.3333,0.0,9.01,0.0,Sverdrup,104.7,False,Background,
-85.625,9.875,3,4.3333,0.0,6.6,0.0,Haworth,61.5,False,Background,
-88.375,358.625,8,3.75,0.0,11.3,0.0,Haworth,27.7,False,Background,
-89.125,349.125,6,3.3333,0.0,14.35,0.0,Shackleton,34.8,False,Background,
-88.625,208.125,7,3.2857,0.0,9.77,0.0,Shackleton,40.9,False,Background,
-87.375,201.875,5,3.4,0.0,5.84,0.0,Sverdrup,61.0,False,Background,
-86.875,4.875,6,4.0,0.0,20.96,0.0,Haworth,22.9,True,Background,confirmed within Haworth PSR boundary
-89.625,268.125,3,3.6667,0.0,17.18,0.0,Shackleton,20.0,False,Background,
-86.125,196.375,4,3.25,0.0,6.1,0.0,Sverdrup,84.9,False,Background,
-85.625,5.625,3,3.6667,0.0,26.19,0.0,Haworth,58.8,False,Background,
-87.875,0.625,3,3.3333,0.0,7.48,0.0,Haworth,13.9,True,Background,confirmed within Haworth PSR boundary
-85.875,192.875,3,4.6667,0.0,4.88,0.0,Sverdrup,88.1,False,Background,
-88.375,357.125,6,3.3333,0.0,9.03,0.0,Haworth,27.5,False,Background,
-85.625,191.625,4,3.25,0.0,6.28,0.0,Sverdrup,93.8,False,Background,
-85.875,190.625,3,5.6667,0.0,5.38,0.0,Sverdrup,85.9,False,Background,
-85.125,2.875,4,4.75,0.0,6.63,0.0,Haworth,72.5,False,Background,
-87.125,0.375,5,3.0,0.0,12.19,0.0,Haworth,12.7,True,Background,confirmed within Haworth PSR boundary
-88.625,354.125,5,3.6,0.0,9.19,0.0,Haworth,35.0,False,Background,
-86.125,186.875,6,4.8333,0.0,4.35,0.0,Sverdrup,75.6,False,Background,
-87.125,186.375,3,3.3333,0.0,5.99,0.0,Sverdrup,50.0,False,Background,
-85.625,359.125,5,4.4,0.0,17.43,0.0,Haworth,56.3,False,Background,
-85.375,183.875,5,3.4,0.0,6.51,0.0,Sverdrup,93.9,False,Background,
-86.375,183.125,6,3.5,0.0,6.18,0.0,Sverdrup,65.5,False,Background,
-89.375,193.625,3,3.3333,0.0,12.6,0.0,Shackleton,17.1,False,Background,
-85.375,356.375,8,3.625,0.0,7.49,0.0,Haworth,63.6,False,Background,
-88.375,352.625,3,3.0,0.0,4.27,0.0,Haworth,27.6,False,Background,
-85.625,180.625,6,3.1667,0.0,18.05,0.0,Sverdrup,84.2,False,Background,
-85.375,355.375,7,3.5714,0.0,7.45,0.0,Haworth,63.5,False,Background,
-87.125,180.625,3,3.3333,0.0,5.1,0.0,Sverdrup,44.2,False,Background,
-86.625,180.125,4,4.25,0.0,4.93,0.0,Sverdrup,56.1,False,Background,
-85.625,179.375,5,4.4,0.0,16.56,0.0,Sverdrup,83.2,False,Background,
-85.125,179.125,10,3.7,0.0,16.13,0.0,Sverdrup,97.5,False,Background,
-88.875,183.625,4,3.0,0.0,3.24,0.0,Shackleton,29.4,False,Background,
-88.125,180.875,5,3.2,0.0,9.52,0.0,Sverdrup,29.0,False,Background,
-85.375,352.125,6,3.0,0.0,9.4,0.0,Haworth,63.8,False,Background,
-86.125,176.625,5,3.2,0.0,5.61,0.0,Sverdrup,66.9,False,Background,
-87.375,349.125,3,4.6667,0.0,11.59,0.0,Haworth,8.9,True,Background,confirmed within Haworth PSR boundary
-85.625,175.375,9,3.1111,0.0,6.16,0.0,Sverdrup,80.3,False,Background,
-86.375,349.125,7,4.8571,0.0,7.18,0.0,Haworth,34.7,False,Background,
-87.375,348.125,3,3.0,0.0,14.01,0.0,Haworth,10.2,True,Background,confirmed within Haworth PSR boundary
-88.875,180.875,4,4.0,0.0,4.77,0.0,Shackleton,28.9,False,Background,
-87.625,176.375,3,3.3333,0.0,10.77,0.0,Sverdrup,29.6,False,Background,
-89.125,339.125,6,5.0,0.0,7.39,0.0,Shackleton,35.6,False,Background,
-87.125,174.875,3,3.6667,0.0,5.51,0.0,Sverdrup,38.7,False,Background,
-86.875,346.125,6,3.5,0.0,15.68,0.0,Haworth,22.6,True,Background,confirmed within Haworth PSR boundary
-85.125,172.375,8,4.0,0.0,4.93,0.0,Sverdrup,93.1,False,Background,
-87.375,173.375,5,3.0,0.0,12.38,0.0,Sverdrup,31.5,False,Background,
-88.625,176.625,12,3.6667,0.0,13.67,0.0,Sverdrup,28.3,False,Background,
-87.125,171.375,7,4.1429,0.0,8.9,0.0,Sverdrup,35.7,False,Background,
-89.375,322.875,3,3.0,0.0,4.57,0.0,Shackleton,28.8,False,Background,
-85.125,339.125,5,4.0,0.0,13.08,0.0,Cabeus,60.9,False,Background,
-89.375,315.375,3,4.0,0.0,5.53,0.0,Shackleton,28.9,False,Background,
-87.375,168.875,3,3.0,0.0,11.0,0.0,Sverdrup,27.4,False,Background,
-86.375,167.125,5,4.0,0.0,4.18,0.0,Sverdrup,53.5,False,Background,
-85.875,337.375,5,4.2,0.0,11.28,0.0,Haworth,57.2,False,Background,
-86.375,336.875,3,4.3333,0.0,11.74,0.0,Haworth,44.4,False,Background,
-87.125,166.375,3,3.0,0.0,9.53,0.0,Sverdrup,31.8,False,Background,
-86.875,333.875,3,3.3333,0.0,8.0,0.0,Haworth,36.5,False,Background,
-88.125,168.375,3,3.0,0.0,5.2,0.0,Sverdrup,16.7,False,Background,
-85.625,163.375,7,3.2857,0.0,9.45,0.0,Sverdrup,74.0,False,Background,
-86.375,333.375,4,4.0,0.0,15.08,0.0,Haworth,48.2,False,Background,
-87.375,331.125,5,3.2,0.0,9.75,0.0,Haworth,32.9,False,Background,
-89.375,305.625,6,3.3333,0.0,5.76,0.0,Shackleton,28.9,False,Background,
-85.875,162.625,3,3.6667,0.0,8.08,0.0,Sverdrup,66.2,False,Background,
-88.625,323.125,4,3.25,0.0,9.39,0.0,de_Gerlache,40.6,False,Background,
-86.625,330.625,3,4.3333,0.0,6.09,0.0,Haworth,45.7,False,Background,
-85.125,331.375,3,3.3333,0.0,7.69,0.0,Cabeus,41.0,True,Background,confirmed within Cabeus PSR boundary
-87.625,327.125,3,3.0,0.0,11.61,0.0,Haworth,36.5,False,Background,
-87.375,162.875,3,3.3333,0.0,9.46,0.0,Sverdrup,22.7,False,Background,
-87.625,325.625,3,3.3333,0.0,12.44,0.0,Haworth,38.4,False,Background,
-88.125,323.125,6,4.1667,0.0,5.87,0.0,Haworth,41.7,False,Background,
-88.875,318.125,3,4.6667,0.0,9.7,0.0,de_Gerlache,36.5,False,Background,
-87.125,326.375,5,3.2,0.0,8.41,0.0,Haworth,42.2,False,Background,
-87.625,324.125,4,5.0,0.0,14.53,0.0,Haworth,40.2,False,Background,
-86.375,157.375,4,3.25,0.0,4.68,0.0,Sverdrup,49.8,False,Background,
-85.375,327.125,3,3.6667,0.0,9.95,0.0,Cabeus,31.9,True,Background,confirmed within Cabeus PSR boundary
-89.125,175.875,6,3.5,0.0,8.46,0.0,Shackleton,20.9,False,Background,
-85.625,155.375,7,3.0,0.0,10.29,0.0,Sverdrup,72.2,False,Background,
-88.625,318.125,8,3.0,0.0,5.0,0.0,de_Gerlache,37.1,False,Background,
-87.375,156.625,4,3.5,0.0,3.87,0.0,Sverdrup,19.6,False,Background,
-88.625,160.875,3,5.0,0.0,11.2,0.0,Sverdrup,20.3,False,Background,
-88.375,317.625,8,3.75,0.0,7.13,0.0,de_Gerlache,38.7,False,Background,
-86.625,151.625,4,3.0,0.0,5.54,0.0,Sverdrup,41.7,False,Background,
-85.375,323.125,3,3.3333,0.0,4.99,0.0,Cabeus,23.3,True,Background,confirmed within Cabeus PSR boundary
-87.875,152.875,3,3.0,0.0,9.25,0.0,Sverdrup,3.8,True,Background,confirmed within Sverdrup PSR boundary
-85.125,149.125,3,3.6667,0.0,4.65,0.0,Sverdrup,87.4,False,Background,
-85.375,322.125,5,3.6,0.0,6.14,0.0,Cabeus,21.3,True,Background,confirmed within Cabeus PSR boundary
-86.625,321.125,3,4.0,0.0,10.58,0.0,Cabeus,53.5,False,Background,
-89.625,183.625,3,3.0,0.0,20.21,0.0,Shackleton,9.8,True,Background,confirmed within Shackleton PSR boundary
-86.125,148.375,3,3.3333,0.0,8.38,0.0,Sverdrup,57.2,False,Background,
-86.875,320.125,3,3.3333,0.0,14.04,0.0,Haworth,54.6,False,Background,
-89.125,307.875,3,3.6667,0.0,8.18,0.0,de_Gerlache,33.0,False,Background,
-87.625,147.875,4,4.25,0.0,7.29,0.0,Sverdrup,12.6,True,Background,confirmed within Sverdrup PSR boundary
-88.875,150.875,5,4.2,0.0,6.1,0.0,Shackleton,25.1,False,Background,
-88.875,150.375,11,3.2727,0.0,5.34,0.0,Shackleton,25.0,False,Background,
-88.625,148.875,3,4.0,0.0,6.39,0.0,Sverdrup,19.2,False,Background,
-87.125,317.625,3,4.6667,0.0,12.83,0.0,Haworth,53.9,False,Background,
-88.875,148.625,7,3.0,0.0,6.51,0.0,Shackleton,24.9,False,Background,
-88.125,146.375,3,3.6667,0.0,10.03,0.0,Sverdrup,7.3,True,Background,confirmed within Sverdrup PSR boundary
-87.625,144.875,4,3.5,0.0,9.84,0.0,Sverdrup,14.4,True,Background,confirmed within Sverdrup PSR boundary
-85.375,318.125,9,4.1111,0.0,11.7,0.0,Cabeus,15.4,True,Background,confirmed within Cabeus PSR boundary
-87.625,315.625,4,3.75,0.0,28.68,0.0,de_Gerlache,49.7,False,Background,
-88.125,314.875,18,3.0556,0.0,6.5,0.0,de_Gerlache,39.7,False,Background,
-89.125,149.375,7,3.0,0.0,7.73,0.0,Shackleton,17.5,False,Background,
-88.125,143.375,4,3.75,0.0,8.39,0.0,Sverdrup,10.1,True,Background,confirmed within Sverdrup PSR boundary
-87.875,142.625,5,3.8,0.0,4.57,0.0,Sverdrup,11.4,True,Background,confirmed within Sverdrup PSR boundary
-85.375,316.375,4,4.5,0.0,11.0,0.0,Cabeus,14.4,True,Background,confirmed within Cabeus PSR boundary
-89.375,148.625,5,3.2,0.0,19.08,0.0,Shackleton,10.1,True,Background,confirmed within Shackleton PSR boundary
-88.875,144.125,9,4.0,0.0,12.53,0.0,Shackleton,24.6,False,Background,
-87.625,140.875,4,4.0,0.0,6.62,0.0,Sverdrup,17.6,False,Background,
-86.625,315.125,7,3.2857,0.0,13.35,0.0,Cabeus,52.3,False,Background,
-88.875,141.875,4,3.5,0.0,11.58,0.0,Shackleton,24.4,False,Background,
-88.625,141.125,8,3.625,0.0,8.92,0.0,Sverdrup,21.4,False,Background,
-88.625,140.625,9,3.3333,0.0,10.09,0.0,Sverdrup,21.6,False,Background,
-86.625,314.125,5,3.8,0.0,11.17,0.0,Cabeus,52.5,False,Background,
-89.625,141.625,5,3.2,0.0,15.43,0.0,Shackleton,2.6,True,Background,confirmed within Shackleton PSR boundary
-89.125,137.625,3,3.6667,0.0,9.14,0.0,Shackleton,16.7,False,Background,
-87.375,135.625,8,3.125,0.0,6.7,0.0,Sverdrup,27.8,False,Background,
-86.875,313.625,9,4.1111,0.0,11.75,0.0,Cabeus,60.1,False,Background,
-89.125,134.125,6,3.6667,0.0,5.96,0.0,Shackleton,16.6,False,Background,
-86.125,133.875,7,3.4286,0.0,7.09,0.0,Sverdrup,63.1,False,Background,
-87.125,128.625,4,3.25,0.0,8.83,0.0,Sverdrup,40.1,False,Background,
-87.625,313.125,13,3.1538,0.0,17.85,0.0,de_Gerlache,47.5,False,Background,
-87.625,125.875,3,3.3333,0.0,7.76,0.0,Sverdrup,32.5,False,Background,
-88.875,318.625,7,3.2857,0.0,9.27,0.0,de_Gerlache,36.8,False,Background,
-89.375,330.125,3,3.3333,0.0,5.01,0.0,Shackleton,28.5,False,Background,
-88.875,114.625,3,3.3333,0.0,13.7,0.0,Shackleton,24.6,False,Background,
-88.625,117.375,3,4.3333,0.0,13.03,0.0,Shackleton,32.0,False,Background,
-86.625,123.625,4,3.0,0.0,11.87,0.0,Sverdrup,57.3,False,Background,
-86.875,118.375,4,4.0,0.0,10.65,0.0,Faustini,55.0,False,Background,
-87.125,116.375,4,3.75,0.0,9.09,0.0,Faustini,49.1,False,Background,
-85.375,307.375,3,4.3333,0.0,10.02,0.0,Cabeus,26.4,True,Background,confirmed within Cabeus PSR boundary
-86.125,308.375,3,4.3333,0.0,6.45,0.0,Cabeus,41.2,True,Background,confirmed within Cabeus PSR boundary
-86.875,115.375,4,4.0,0.0,9.84,0.0,Faustini,50.6,False,Background,
-86.625,112.625,5,3.6,0.0,8.13,0.0,Faustini,50.4,False,Background,
-85.625,112.875,4,3.25,0.0,4.27,0.0,Faustini,72.3,False,Background,
-85.125,113.625,6,3.6667,0.0,4.5,0.0,Faustini,86.0,False,Background,
-89.375,45.625,3,4.0,0.0,4.92,0.0,Shackleton,20.5,False,Background,
-86.875,307.125,3,3.0,0.0,14.9,0.0,de_Gerlache,60.8,False,Background,
-85.125,110.875,3,3.0,0.0,7.67,0.0,Faustini,82.6,False,Background,
-86.625,106.875,3,3.3333,0.0,13.32,0.0,Faustini,41.9,False,Background,
-86.125,303.875,6,3.0,0.0,5.86,0.0,Cabeus,46.8,True,Background,confirmed within Cabeus PSR boundary
-89.375,35.375,3,3.0,0.0,6.8,0.0,Shackleton,22.1,False,Background,
-87.125,103.625,3,4.0,0.0,11.02,0.0,Faustini,30.5,False,Background,
-85.375,107.875,3,3.0,0.0,6.42,0.0,Faustini,72.3,False,Background,
-87.375,307.625,5,3.0,0.0,8.71,0.0,de_Gerlache,48.4,False,Background,
-89.125,339.625,7,3.1429,0.0,7.85,0.0,Shackleton,35.5,False,Background,
-85.625,301.375,6,3.3333,0.0,5.05,0.0,Cabeus,42.5,True,Background,confirmed within Cabeus PSR boundary
-86.125,302.375,4,3.25,0.0,7.82,0.0,Cabeus,49.0,True,Background,confirmed within Cabeus PSR boundary
-85.875,104.375,3,4.3333,0.0,6.43,0.0,Faustini,55.1,False,Background,
-86.875,100.125,4,4.0,0.0,7.39,0.0,Faustini,28.1,False,Background,
-85.125,103.125,3,3.6667,0.0,9.19,0.0,Faustini,73.8,False,Background,
-86.625,98.625,3,3.3333,0.0,7.21,0.0,Faustini,30.4,False,Background,
-85.125,100.875,3,4.6667,0.0,15.52,0.0,Faustini,71.7,False,Background,
-85.375,296.875,3,4.3333,0.0,15.33,0.0,Cabeus,51.0,False,Background,
-87.375,303.625,4,4.5,0.0,7.63,0.0,de_Gerlache,45.1,False,Background,
-85.375,294.875,3,3.0,0.0,7.89,0.0,Cabeus,55.8,False,Background,
-87.875,304.375,3,4.0,0.0,3.5,0.0,de_Gerlache,34.7,False,Background,
-88.375,309.875,4,3.25,0.0,10.88,0.0,de_Gerlache,32.4,False,Background,
-86.875,93.125,3,3.0,0.0,17.31,0.0,Faustini,18.3,True,Background,confirmed within Faustini PSR boundary
-86.625,296.875,3,3.0,0.0,8.54,0.0,de_Gerlache,60.3,False,Background,
-85.125,96.375,3,3.3333,0.0,4.18,0.0,Faustini,67.9,False,Background,
-88.375,309.125,3,4.0,0.0,10.46,0.0,de_Gerlache,31.8,False,Background,
-85.375,93.875,3,3.3333,0.0,5.05,0.0,Faustini,58.9,False,Background,
-85.375,290.125,3,4.3333,0.0,10.23,0.0,Cabeus,67.4,False,Background,
-87.125,294.875,4,4.5,0.0,4.83,0.0,de_Gerlache,45.0,False,Background,
-89.125,355.375,3,3.0,0.0,10.04,0.0,Shackleton,34.3,False,Background,
-85.625,88.375,3,3.0,0.0,14.41,0.0,Faustini,48.7,False,Background,
-89.125,12.125,4,4.0,0.0,8.66,0.0,Shackleton,32.4,False,Background,
-87.875,298.375,4,6.0,0.0,7.51,0.0,de_Gerlache,29.5,False,Background,
-88.625,46.375,4,4.75,0.0,13.31,0.0,Shackleton,41.7,False,Background,
-87.375,285.625,3,3.0,0.0,8.13,0.0,de_Gerlache,32.6,False,Background,
-88.875,30.375,9,3.8889,0.0,10.35,0.0,Shackleton,37.0,False,Background,
-85.375,275.625,4,3.0,0.0,7.35,0.0,de_Gerlache,89.8,False,Background,
-86.375,72.125,3,3.0,0.0,13.56,0.0,Faustini,31.2,False,Background,
-86.125,276.625,4,3.75,0.0,3.62,0.0,de_Gerlache,67.2,False,Background,
-85.375,273.625,3,4.3333,0.0,3.09,0.0,de_Gerlache,89.6,False,Background,
-86.625,277.375,3,4.0,0.0,3.8,0.0,de_Gerlache,52.1,False,Background,
-85.125,271.625,3,3.0,0.0,3.4,0.0,de_Gerlache,97.2,False,Background,
-88.125,50.375,5,5.6,0.0,3.64,0.0,Faustini,48.3,False,Background,
-86.625,271.375,3,3.3333,0.0,2.69,0.0,de_Gerlache,51.7,False,Background,
-88.125,49.125,5,3.8,0.0,4.88,0.0,Faustini,49.5,False,Background,
-85.875,267.125,3,3.0,0.0,4.96,0.0,de_Gerlache,74.8,False,Background,
-86.625,62.125,3,4.6667,0.0,10.96,0.0,Faustini,38.4,False,Background,
-87.875,272.125,3,3.3333,0.0,9.69,0.0,de_Gerlache,13.8,True,Background,confirmed within de_Gerlache PSR boundary
-86.875,57.125,4,3.25,0.0,7.45,0.0,Faustini,41.7,False,Background,
-89.125,298.875,3,4.0,0.0,8.1,0.0,de_Gerlache,29.5,False,Background,
-87.875,266.375,3,3.0,0.0,7.76,0.0,de_Gerlache,14.9,True,Background,confirmed within de_Gerlache PSR boundary
-89.125,25.875,4,3.25,0.0,13.1,0.0,Shackleton,30.5,False,Background,
-85.125,60.875,3,4.0,0.0,7.28,0.0,Nobile,18.9,True,Background,confirmed within Nobile PSR boundary
-87.875,265.375,3,4.0,0.0,8.68,0.0,de_Gerlache,15.3,True,Background,confirmed within de_Gerlache PSR boundary
-86.125,254.625,3,4.3333,0.0,6.25,0.0,de_Gerlache,70.8,False,Background,
-86.875,257.125,3,3.3333,0.0,4.83,0.0,de_Gerlache,47.6,False,Background,
-87.375,50.125,3,3.6667,0.0,16.39,0.0,Faustini,47.2,False,Background,
-85.625,250.125,4,3.0,0.0,14.58,0.0,de_Gerlache,87.7,False,Background,
-86.875,50.625,4,3.0,0.0,13.35,0.0,Faustini,51.3,False,Background,
-85.125,246.875,6,3.0,0.0,25.76,0.0,de_Gerlache,104.2,False,Background,
-85.875,248.125,4,4.25,0.0,18.71,0.0,de_Gerlache,81.4,False,Background,
-89.375,357.125,4,5.0,0.0,7.35,0.0,Shackleton,26.7,False,Background,
-88.125,248.625,3,3.3333,0.0,8.13,0.0,de_Gerlache,22.6,False,Background,
-86.625,240.875,3,5.0,0.0,5.61,0.0,de_Gerlache,64.5,False,Background,
-88.625,32.125,6,3.3333,0.0,15.98,0.0,Shackleton,44.1,False,Background,
-87.375,241.375,3,3.3333,0.0,3.99,0.0,de_Gerlache,44.3,False,Background,
-86.875,41.875,5,3.4,0.0,8.5,0.0,Nobile,56.7,False,Background,
-86.625,41.875,3,4.3333,0.0,9.38,0.0,Nobile,50.4,False,Background,
-88.125,33.375,8,3.0,0.0,5.92,0.0,Haworth,47.4,False,Background,
-86.375,38.375,4,3.5,0.0,9.3,0.0,Nobile,49.3,False,Background,
-86.875,36.875,3,3.0,0.0,8.51,0.0,Nobile,61.7,False,Background,
-88.625,226.125,3,3.0,0.0,5.85,0.0,de_Gerlache,36.9,False,Background,
-85.625,36.875,4,3.25,0.0,15.79,0.0,Nobile,42.5,False,Background,
-88.625,224.375,3,4.3333,0.0,4.53,0.0,de_Gerlache,38.2,False,Background,
-89.625,22.125,3,4.6667,0.0,7.0,0.0,Shackleton,17.2,False,Background,
-86.125,215.375,4,4.0,0.0,6.72,0.0,de_Gerlache,99.1,False,Background,
-87.375,34.375,5,3.0,0.0,11.33,0.0,Haworth,52.3,False,Background,
-85.375,213.875,5,3.2,0.0,4.1,0.0,de_Gerlache,121.4,False,Background,
-87.125,32.875,4,5.25,0.0,8.81,0.0,Haworth,53.6,False,Background,
-89.625,61.375,3,4.0,0.0,14.31,0.0,Shackleton,12.0,False,Background,
-86.875,30.625,3,4.0,0.0,7.13,0.0,Haworth,54.7,False,Background,
-85.875,29.625,3,3.0,0.0,14.62,0.0,Nobile,59.8,False,Background,
-85.125,29.375,3,3.3333,0.0,8.17,0.0,Nobile,61.5,False,Background,
-89.375,172.125,4,3.75,0.0,9.71,0.0,Shackleton,13.4,False,Background,
-86.875,196.625,3,3.3333,0.0,10.11,0.0,Sverdrup,66.4,False,Background,
-89.125,178.375,9,3.8889,0.0,7.32,0.0,Shackleton,21.3,False,Background,
-89.625,118.875,4,3.5,0.0,13.55,0.0,Shackleton,2.4,True,Background,confirmed within Shackleton PSR boundary
-85.375,17.875,3,3.3333,0.0,8.66,0.0,Haworth,75.4,False,Background,
-86.125,187.125,4,3.5,0.0,4.08,0.0,Sverdrup,75.9,False,Background,
-85.875,182.125,5,3.2,0.0,7.43,0.0,Sverdrup,78.3,False,Background,
-86.375,7.125,3,3.6667,0.0,8.53,0.0,Haworth,38.2,False,Background,
-87.125,358.375,4,3.75,0.0,10.73,0.0,Haworth,11.3,True,Background,confirmed within Haworth PSR boundary
-85.375,354.625,5,3.0,0.0,7.53,0.0,Haworth,63.5,False,Background,
-87.375,167.375,4,3.0,0.0,10.97,0.0,Sverdrup,26.1,False,Background,
-85.625,352.875,3,3.3333,0.0,18.61,0.0,Haworth,56.1,False,Background,
-86.125,349.625,4,4.25,0.0,10.71,0.0,Haworth,41.9,False,Background,
-85.875,163.125,5,3.8,0.0,8.38,0.0,Sverdrup,66.4,False,Background,
-86.625,348.375,3,3.0,0.0,9.34,0.0,Haworth,27.8,False,Background,
-85.375,346.625,5,3.8,0.0,19.16,0.0,Haworth,65.4,False,Background,
-89.125,146.375,3,3.0,0.0,10.66,0.0,Shackleton,17.2,False,Background,
-86.875,157.375,3,3.6667,0.0,5.53,0.0,Sverdrup,34.7,False,Background,
-85.375,155.625,3,4.3333,0.0,11.51,0.0,Sverdrup,79.8,False,Background,
-86.125,341.375,3,3.0,0.0,7.31,0.0,Haworth,46.9,False,Background,
-88.875,140.875,6,3.1667,0.0,10.63,0.0,Shackleton,24.4,False,Background,
-88.875,141.125,5,3.0,0.0,11.08,0.0,Shackleton,24.4,False,Background,
-87.125,339.875,3,3.3333,0.0,9.08,0.0,Haworth,24.3,True,Background,confirmed within Haworth PSR boundary
-86.625,148.125,3,3.0,0.0,5.61,0.0,Sverdrup,42.1,False,Background,
-88.875,138.875,7,3.4286,0.0,11.93,0.0,Shackleton,24.3,False,Background,
-85.625,323.125,5,3.2,0.0,3.44,0.0,Cabeus,28.3,True,Background,confirmed within Cabeus PSR boundary
-88.875,136.375,12,3.1667,0.0,8.32,0.0,Shackleton,24.2,False,Background,
-86.375,319.375,4,3.5,0.0,7.26,0.0,Cabeus,45.4,True,Background,confirmed within Cabeus PSR boundary
-86.125,135.875,5,4.2,0.0,7.4,0.0,Sverdrup,61.9,False,Background,
-86.875,135.125,4,4.0,0.0,7.74,0.0,Sverdrup,41.1,False,Background,
-89.125,154.625,3,4.0,0.0,7.06,0.0,Shackleton,18.0,False,Background,
-85.125,126.625,3,5.3333,0.0,2.44,0.0,Sverdrup,96.9,False,Background,
-85.375,125.625,3,3.3333,0.0,3.65,0.0,Sverdrup,90.4,False,Background,
-85.625,123.875,3,3.3333,0.0,3.27,0.0,Sverdrup,84.6,False,Background,
-88.625,133.875,4,4.25,0.0,10.87,0.0,Sverdrup,25.0,False,Background,
-88.625,229.875,3,3.3333,0.0,4.19,0.0,de_Gerlache,34.2,False,Background,
-85.625,71.375,3,3.3333,0.0,15.26,0.0,Nobile,45.2,False,Background,
-85.125,56.125,3,4.3333,0.0,10.27,0.0,Nobile,6.9,True,Background,confirmed within Nobile PSR boundary
-86.875,86.625,3,4.3333,0.0,13.28,0.0,Faustini,11.2,True,Background,confirmed within Faustini PSR boundary
-88.375,98.875,3,3.6667,0.0,4.77,0.0,Faustini,39.7,False,Background,
-88.875,214.625,6,3.8333,0.0,13.68,0.0,Shackleton,34.7,False,Background,
-86.875,238.625,4,4.0,0.0,4.86,0.0,de_Gerlache,59.4,False,Background,
-88.375,225.375,4,3.0,0.0,4.26,0.0,de_Gerlache,39.6,False,Background,
-87.875,229.875,6,3.8333,0.0,11.79,0.0,de_Gerlache,43.3,False,Background,
-86.375,239.375,5,3.2,0.0,4.38,0.0,de_Gerlache,72.6,False,Background,
-86.875,84.125,3,3.6667,0.0,12.56,0.0,Faustini,10.0,True,Background,confirmed within Faustini PSR boundary
-87.625,88.625,4,3.25,0.0,15.76,0.0,Faustini,14.8,True,Background,confirmed within Faustini PSR boundary
-88.375,98.625,4,4.0,0.0,5.28,0.0,Faustini,39.6,False,Background,
-89.125,191.625,8,3.75,0.0,9.19,0.0,Shackleton,23.6,False,Background,
-88.875,208.375,16,3.0,0.0,16.55,0.0,Shackleton,33.7,False,Background,
-89.375,166.625,4,3.0,0.0,11.56,0.0,Shackleton,12.5,False,Background,
-86.875,235.125,4,3.25,0.0,8.7,0.0,de_Gerlache,62.2,False,Background,
-86.125,77.375,4,3.5,0.0,18.26,0.0,Faustini,34.2,False,Background,
-87.375,82.625,3,4.0,0.0,5.79,0.0,Faustini,5.4,True,Background,confirmed within Faustini PSR boundary
-85.625,74.625,3,3.3333,0.0,9.79,0.0,Faustini,50.4,False,Background,
-87.125,78.875,3,3.0,0.0,8.89,0.0,Faustini,6.9,True,Background,confirmed within Faustini PSR boundary
-87.625,81.375,3,4.3333,0.0,12.45,0.0,Faustini,13.1,True,Background,confirmed within Faustini PSR boundary
-89.375,143.375,5,4.4,0.0,21.5,0.0,Shackleton,9.5,True,Background,confirmed within Shackleton PSR boundary
-89.375,174.875,5,3.2,0.0,9.49,0.0,Shackleton,13.9,False,Background,
-88.125,224.625,6,3.6667,0.0,11.39,0.0,de_Gerlache,43.6,False,Background,
-86.875,234.125,5,3.0,0.0,7.45,0.0,de_Gerlache,63.0,False,Background,
-85.375,73.125,5,3.6,0.0,11.15,0.0,Nobile,49.0,False,Background,
-87.125,77.625,3,4.0,0.0,19.03,0.0,Faustini,8.7,True,Background,confirmed within Faustini PSR boundary
-89.125,202.875,11,4.0,0.0,12.41,0.0,Shackleton,25.5,False,Background,
-86.625,234.625,4,3.0,0.0,4.71,0.0,de_Gerlache,69.3,False,Background,
-85.625,237.125,7,3.0,0.0,10.92,0.0,de_Gerlache,95.6,False,Background,
-86.125,235.125,4,3.25,0.0,8.63,0.0,de_Gerlache,82.8,False,Background,
-86.625,73.125,3,3.6667,0.0,8.48,0.0,Faustini,24.0,False,Background,
-86.625,73.625,4,4.25,0.0,8.2,0.0,Faustini,23.4,False,Background,
-87.875,79.875,4,3.75,0.0,14.63,0.0,Faustini,20.9,True,Background,confirmed within Faustini PSR boundary
-88.125,82.875,3,3.3333,0.0,6.24,0.0,Faustini,28.1,False,Background,
-85.375,235.625,7,3.2857,0.0,19.61,0.0,de_Gerlache,103.9,False,Background,
-88.125,80.625,4,3.25,0.0,10.22,0.0,Faustini,28.2,False,Background,
-86.625,232.375,5,3.0,0.0,7.11,0.0,de_Gerlache,71.1,False,Background,
-87.625,74.625,4,3.25,0.0,13.29,0.0,Faustini,17.4,True,Background,confirmed within Faustini PSR boundary
-86.375,232.375,3,4.6667,0.0,6.49,0.0,de_Gerlache,77.9,False,Background,
-85.125,66.625,4,4.5,0.0,6.36,0.0,Nobile,33.5,True,Background,confirmed within Nobile PSR boundary
-87.125,70.875,4,3.75,0.0,11.6,0.0,Faustini,18.7,True,Background,confirmed within Faustini PSR boundary
-89.125,107.125,3,4.3333,0.0,6.91,0.0,Shackleton,17.7,False,Background,
-88.125,223.125,4,3.0,0.0,12.71,0.0,de_Gerlache,44.8,False,Background,
-87.125,228.875,4,3.25,0.0,4.56,0.0,de_Gerlache,61.0,False,Background,
-89.125,92.875,4,3.75,0.0,12.51,0.0,Shackleton,19.4,False,Background,
-89.375,171.125,6,4.3333,0.0,10.57,0.0,Shackleton,13.3,False,Background,
-89.375,179.875,8,4.0,0.0,8.68,0.0,Shackleton,14.8,False,Background,
-89.375,156.375,3,3.6667,0.0,15.09,0.0,Shackleton,11.0,False,Background,
-86.625,66.125,3,3.6667,0.0,12.24,0.0,Faustini,32.8,False,Background,
-88.125,73.625,3,3.0,0.0,9.09,0.0,Faustini,30.4,False,Background,
-88.875,86.125,3,3.3333,0.0,5.24,0.0,Shackleton,27.7,False,Background,
-89.375,176.875,5,4.0,0.0,8.98,0.0,Shackleton,14.2,False,Background,
-85.875,229.875,4,4.25,0.0,4.86,0.0,de_Gerlache,93.9,False,Background,
-86.625,65.375,4,3.25,0.0,8.72,0.0,Faustini,33.8,False,Background,
-88.125,72.125,4,3.0,0.0,14.95,0.0,Faustini,31.1,False,Background,
-89.375,177.625,5,3.4,0.0,9.09,0.0,Shackleton,14.4,False,Background,
-86.875,226.625,4,4.5,0.0,6.45,0.0,de_Gerlache,69.3,False,Background,
-85.875,228.625,3,4.0,0.0,5.98,0.0,de_Gerlache,94.9,False,Background,
-85.375,60.625,5,3.2,0.0,19.33,0.0,Nobile,18.7,True,Background,confirmed within Nobile PSR boundary
-86.375,62.375,4,3.0,0.0,12.7,0.0,Nobile,41.2,False,Background,
-88.875,80.125,3,3.0,0.0,4.4,0.0,Shackleton,28.6,False,Background,
-89.125,199.125,9,3.6667,0.0,12.95,0.0,Shackleton,24.9,False,Background,
-87.125,223.875,3,5.0,0.0,6.95,0.0,de_Gerlache,65.4,False,Background,
-86.375,226.125,3,5.0,0.0,8.18,0.0,de_Gerlache,83.0,False,Background,
-87.375,64.125,3,4.3333,0.0,8.35,0.0,Faustini,27.8,False,Background,
-87.625,65.125,4,3.5,0.0,11.22,0.0,Faustini,27.8,False,Background,
-89.125,86.125,3,3.0,0.0,6.18,0.0,Shackleton,20.4,False,Background,
-89.375,186.875,8,3.5,0.0,8.59,0.0,Shackleton,16.0,False,Background,
-88.625,212.875,8,3.0,0.0,6.74,0.0,Shackleton,41.7,False,Background,
-85.875,226.125,10,3.7,0.0,7.03,0.0,de_Gerlache,96.9,False,Background,
-86.875,61.375,4,3.25,0.0,15.14,0.0,Faustini,35.4,False,Background,
-87.375,62.625,5,3.0,0.0,8.75,0.0,Faustini,29.9,False,Background,
-89.125,84.125,5,3.8,0.0,6.4,0.0,Shackleton,20.8,False,Background,
-85.875,56.625,4,4.0,0.0,8.67,0.0,Nobile,22.3,True,Background,confirmed within Nobile PSR boundary
-89.125,86.625,3,6.3333,0.0,7.04,0.0,Shackleton,20.4,False,Background,
-88.375,212.625,10,3.0,0.0,2.35,0.0,Shackleton,49.1,False,Background,
-88.375,213.125,9,3.1111,0.0,2.6,0.0,de_Gerlache,49.1,False,Background,
-88.875,74.875,3,4.0,0.0,4.43,0.0,Shackleton,29.5,False,Background,
-87.375,58.375,5,3.2,0.0,11.02,0.0,Faustini,35.8,False,Background,
-86.625,54.875,5,3.6,0.0,8.81,0.0,Nobile,43.9,False,Background,
-88.875,69.375,5,3.0,0.0,6.22,0.0,Shackleton,30.4,False,Background,
-88.625,206.375,4,4.25,0.0,12.08,0.0,Shackleton,40.6,False,Background,
-86.875,218.625,4,3.0,0.0,5.1,0.0,de_Gerlache,76.3,False,Background,
-86.875,53.625,5,4.0,0.0,11.12,0.0,Faustini,46.9,False,Background,
-86.125,219.875,4,3.5,0.0,12.83,0.0,de_Gerlache,95.2,False,Background,
-89.125,67.375,4,4.0,0.0,4.61,0.0,Shackleton,23.6,False,Background,
-89.125,61.875,3,3.6667,0.0,3.84,0.0,Shackleton,24.5,False,Background,
-85.125,219.375,7,3.1429,0.0,5.74,0.0,de_Gerlache,123.8,False,Background,
-85.875,45.375,4,3.25,0.0,16.93,0.0,Nobile,28.5,True,Background,confirmed within Nobile PSR boundary
-86.125,45.625,6,3.8333,0.0,23.85,0.0,Nobile,33.9,True,Background,confirmed within Nobile PSR boundary
-88.125,49.625,4,3.0,0.0,5.03,0.0,Faustini,49.0,False,Background,
-86.625,44.625,6,3.3333,0.0,15.05,0.0,Nobile,47.7,False,Background,
-86.625,217.125,13,3.3846,0.0,4.74,0.0,de_Gerlache,84.1,False,Background,
-86.375,42.875,5,3.2,0.0,19.45,0.0,Nobile,43.2,False,Background,
-88.125,43.625,4,3.75,0.0,3.5,0.0,Faustini,54.8,False,Background,
-89.125,44.875,6,3.0,0.0,3.99,0.0,Shackleton,27.5,False,Background,
-87.125,38.375,8,3.875,0.0,10.0,0.0,Haworth,60.9,False,Background,
-88.375,39.625,5,3.4,0.0,6.54,0.0,Shackleton,50.3,False,Background,
-87.375,215.125,12,3.0,0.0,3.59,0.0,de_Gerlache,67.0,False,Background,
-89.125,38.875,5,3.4,0.0,4.42,0.0,Shackleton,28.5,False,Background,
-87.375,214.375,5,3.6,0.0,5.08,0.0,de_Gerlache,67.7,False,Background,
-89.375,215.625,3,4.6667,0.0,11.77,0.0,Shackleton,20.8,False,Background,
-85.375,30.625,3,3.0,0.0,7.71,0.0,Nobile,57.1,False,Background,
-87.375,29.625,7,3.2857,0.0,8.12,0.0,Haworth,46.2,False,Background,
-89.625,19.375,4,4.25,0.0,6.2,0.0,Shackleton,17.5,False,Background,
-88.375,215.125,13,3.0,0.0,3.72,0.0,de_Gerlache,47.6,False,Background,
-86.875,213.375,5,3.6,0.0,10.56,0.0,de_Gerlache,80.9,False,Background,
-87.875,27.125,4,4.0,0.0,23.26,0.0,Haworth,40.4,False,Background,
-85.375,27.625,4,3.5,0.0,9.29,0.0,Nobile,64.4,False,Background,
-86.875,26.625,6,4.0,0.0,5.18,0.0,Haworth,49.4,False,Background,
-87.625,25.625,5,3.0,0.0,8.88,0.0,Haworth,39.1,False,Background,
-86.375,25.375,5,3.2,0.0,7.94,0.0,Haworth,58.0,False,Background,
-89.125,16.625,5,4.2,0.0,6.73,0.0,Shackleton,31.8,False,Background,
-89.375,9.625,7,3.1429,0.0,5.28,0.0,Shackleton,25.5,False,Background,
-89.375,227.375,4,3.5,0.0,17.83,0.0,Shackleton,22.6,False,Background,
-86.875,212.125,6,3.3333,0.0,12.85,0.0,de_Gerlache,82.0,False,Background,
-86.625,23.875,4,4.75,0.0,4.02,0.0,Haworth,50.6,False,Background,
-86.625,22.375,3,3.3333,0.0,9.07,0.0,Haworth,48.7,False,Background,
-89.375,358.375,3,3.6667,0.0,8.87,0.0,Shackleton,26.6,False,Background,
-89.625,282.875,3,4.0,0.0,11.09,0.0,Shackleton,20.8,False,Background,
-89.125,225.125,3,3.0,0.0,14.74,0.0,Shackleton,29.3,False,Background,
-87.125,20.125,3,5.3333,0.0,5.14,0.0,Haworth,36.6,False,Background,
-87.625,211.875,5,3.0,0.0,5.07,0.0,de_Gerlache,64.2,False,Background,
-87.875,16.625,3,3.0,0.0,10.53,0.0,Haworth,28.7,False,Background,
-85.625,19.375,6,3.1667,0.0,17.21,0.0,Haworth,70.0,False,Background,
-86.125,17.375,8,3.625,0.0,8.73,0.0,Haworth,54.6,False,Background,
-86.625,208.125,3,5.6667,0.0,6.74,0.0,Sverdrup,84.5,False,Background,
-86.375,207.625,7,3.5714,0.0,12.82,0.0,Sverdrup,90.2,False,Background,
-89.625,328.875,7,3.8571,0.0,4.08,0.0,Shackleton,21.1,False,Background,
-86.875,207.125,5,3.0,0.0,8.23,0.0,Sverdrup,77.5,False,Background,
-86.125,205.875,3,3.3333,0.0,10.96,0.0,Sverdrup,94.8,False,Background,
-86.375,13.125,3,5.3333,0.0,7.13,0.0,Haworth,43.7,False,Background,
-89.125,351.375,4,3.25,0.0,14.92,0.0,Shackleton,34.6,False,Background,
-85.875,204.875,3,3.6667,0.0,14.6,0.0,Sverdrup,100.3,False,Background,
-87.375,206.625,4,3.5,0.0,5.18,0.0,Sverdrup,66.0,False,Background,
-87.625,7.375,3,3.0,0.0,9.84,0.0,Haworth,16.3,True,Background,confirmed within Haworth PSR boundary
-87.625,7.125,3,3.6667,0.0,9.55,0.0,Haworth,16.0,True,Background,confirmed within Haworth PSR boundary
-88.875,356.375,5,3.4,0.0,15.68,0.0,Shackleton,41.6,False,Background,
-86.125,203.375,6,3.0,0.0,8.94,0.0,Sverdrup,92.1,False,Background,
-85.125,11.125,6,3.8333,0.0,3.56,0.0,Haworth,76.9,False,Background,
-89.375,246.875,3,3.3333,0.0,9.67,0.0,Shackleton,25.2,False,Background,
-85.125,200.875,3,3.6667,0.0,8.79,0.0,Sverdrup,116.7,False,Background,
-86.625,8.375,4,3.25,0.0,7.85,0.0,Haworth,32.6,False,Background,
-88.625,359.125,3,3.3333,0.0,10.83,0.0,Haworth,35.2,False,Background,
-85.875,200.625,3,4.3333,0.0,8.55,0.0,Sverdrup,95.9,False,Background,
-88.625,355.125,9,3.3333,0.0,8.43,0.0,Haworth,35.0,False,Background,
-85.375,8.125,4,3.0,0.0,10.85,0.0,Haworth,67.6,False,Background,
-85.125,197.625,6,3.0,0.0,11.35,0.0,Sverdrup,113.5,False,Background,
-86.375,5.875,4,5.0,0.0,10.98,0.0,Haworth,37.2,False,Background,
-86.125,5.625,5,3.0,0.0,19.1,0.0,Haworth,44.2,False,Background,
-87.875,1.125,5,3.4,0.0,8.04,0.0,Haworth,14.2,True,Background,confirmed within Haworth PSR boundary
-86.625,197.125,3,5.3333,0.0,7.28,0.0,Sverdrup,72.9,False,Background,
-87.125,196.375,3,4.0,0.0,12.32,0.0,Sverdrup,60.5,False,Background,
-87.125,194.875,5,3.4,0.0,12.06,0.0,Sverdrup,58.9,False,Background,
-87.875,195.625,3,4.6667,0.0,17.27,0.0,Sverdrup,46.1,False,Background,
-86.875,193.125,3,3.0,0.0,13.92,0.0,Sverdrup,62.7,False,Background,
-85.625,3.375,5,3.8,0.0,22.56,0.0,Haworth,57.7,False,Background,
-85.875,3.125,8,3.25,0.0,11.25,0.0,Haworth,50.2,False,Background,
-86.375,190.875,4,4.0,0.0,3.76,0.0,Sverdrup,72.8,False,Background,
-86.375,1.125,5,3.2,0.0,8.53,0.0,Haworth,34.5,False,Background,
-87.125,188.125,4,3.25,0.0,7.23,0.0,Sverdrup,51.8,False,Background,
-89.125,195.125,10,3.5,0.0,9.71,0.0,Shackleton,24.2,False,Background,
-88.375,354.375,4,3.25,0.0,6.61,0.0,Haworth,27.5,False,Background,
-86.375,357.875,8,3.375,0.0,7.58,0.0,Haworth,33.5,False,Background,
-85.875,357.125,4,5.75,0.0,19.4,0.0,Haworth,48.5,False,Background,
-87.125,356.375,3,3.0,0.0,9.45,0.0,Haworth,10.6,True,Background,confirmed within Haworth PSR boundary
-87.625,183.375,5,3.4,0.0,7.17,0.0,Sverdrup,37.0,False,Background,
-88.875,185.875,3,4.3333,0.0,4.66,0.0,Shackleton,29.8,False,Background,
-86.875,181.125,5,3.4,0.0,4.71,0.0,Sverdrup,50.7,False,Background,
-86.625,181.125,4,3.5,0.0,8.69,0.0,Sverdrup,57.1,False,Background,
-85.125,355.625,5,3.8,0.0,6.95,0.0,Haworth,71.1,False,Background,
-88.375,352.125,3,3.6667,0.0,4.03,0.0,Haworth,27.7,False,Background,
-87.625,181.375,3,3.0,0.0,8.92,0.0,Sverdrup,34.9,False,Background,
-85.125,354.375,6,3.1667,0.0,7.79,0.0,Haworth,71.1,False,Background,
-88.875,348.875,3,3.0,0.0,18.7,0.0,Shackleton,42.3,False,Background,
-88.625,181.875,4,4.5,0.0,4.79,0.0,Sverdrup,31.8,False,Background,
-87.625,179.375,4,3.25,0.0,8.71,0.0,Sverdrup,32.7,False,Background,
-86.375,177.875,3,4.6667,0.0,4.5,0.0,Sverdrup,60.9,False,Background,
-85.625,351.875,3,3.3333,0.0,17.06,0.0,Haworth,56.3,False,Background,
-86.125,350.625,6,3.1667,0.0,13.63,0.0,Haworth,41.5,False,Background,
-87.875,348.125,3,3.3333,0.0,8.93,0.0,Haworth,15.1,True,Background,confirmed within Haworth PSR boundary
-85.375,175.375,7,4.0,0.0,7.52,0.0,Sverdrup,87.6,False,Background,
-87.375,175.875,4,4.5,0.0,10.03,0.0,Sverdrup,33.9,False,Background,
-87.875,345.375,4,3.0,0.0,13.03,0.0,Haworth,17.3,True,Background,confirmed within Haworth PSR boundary
-87.625,175.625,6,3.0,0.0,10.02,0.0,Sverdrup,28.8,False,Background,
-85.375,347.375,7,3.5714,0.0,14.01,0.0,Haworth,65.1,False,Background,
-87.375,345.125,3,4.6667,0.0,21.52,0.0,Haworth,14.2,True,Background,confirmed within Haworth PSR boundary
-87.625,344.875,4,4.25,0.0,11.9,0.0,Haworth,14.3,True,Background,confirmed within Haworth PSR boundary
-89.125,337.375,4,3.5,0.0,6.46,0.0,Shackleton,35.7,False,Background,
-89.375,329.625,4,4.25,0.0,4.64,0.0,Shackleton,28.6,False,Background,
-87.875,174.625,5,3.0,0.0,6.32,0.0,Sverdrup,24.3,False,Background,
-86.375,170.375,3,3.3333,0.0,3.18,0.0,Sverdrup,55.4,False,Background,
-89.125,330.375,3,3.3333,0.0,11.19,0.0,Shackleton,36.1,False,Background,
-89.125,183.625,3,4.0,0.0,6.84,0.0,Shackleton,22.2,False,Background,
-86.375,339.125,4,4.0,0.0,9.65,0.0,Haworth,42.1,False,Background,
-88.875,330.625,4,3.5,0.0,12.31,0.0,Shackleton,43.6,False,Background,
-88.875,329.875,6,4.8333,0.0,13.43,0.0,de_Gerlache,43.5,False,Background,
-89.625,198.875,5,3.4,0.0,11.0,0.0,Shackleton,12.2,False,Background,
-85.125,166.875,8,3.5,0.0,7.02,0.0,Sverdrup,90.3,False,Background,
-85.375,337.875,9,3.0,0.0,8.57,0.0,Cabeus,57.7,False,Background,
-89.125,318.875,3,3.0,0.0,5.24,0.0,Shackleton,36.4,False,Background,
-89.375,196.875,4,5.25,0.0,12.37,0.0,Shackleton,17.7,False,Background,
-88.375,169.625,3,5.6667,0.0,5.41,0.0,Sverdrup,19.9,False,Background,
-88.875,320.375,3,3.6667,0.0,10.95,0.0,de_Gerlache,37.8,False,Background,
-87.375,165.375,3,3.3333,0.0,10.64,0.0,Sverdrup,24.5,False,Background,
-85.625,332.125,6,3.0,0.0,17.52,0.0,Cabeus,45.8,True,Background,confirmed within Cabeus PSR boundary
-86.875,330.375,5,3.0,0.0,7.98,0.0,Haworth,41.0,False,Background,
-88.125,166.125,3,3.6667,0.0,8.74,0.0,Sverdrup,14.4,True,Background,confirmed within Sverdrup PSR boundary
-87.875,165.125,3,3.0,0.0,6.92,0.0,Sverdrup,14.3,True,Background,confirmed within Sverdrup PSR boundary
-86.875,162.375,5,5.0,0.0,7.11,0.0,Sverdrup,36.5,False,Background,
-85.875,160.875,7,3.8571,0.0,5.47,0.0,Sverdrup,65.7,False,Background,
-86.875,328.875,3,3.0,0.0,12.26,0.0,Haworth,43.0,False,Background,
-88.125,164.875,3,5.3333,0.0,5.03,0.0,Sverdrup,13.2,True,Background,confirmed within Sverdrup PSR boundary
-87.875,324.375,4,5.0,0.0,11.72,0.0,Haworth,39.5,False,Background,
-88.875,316.125,7,4.1429,0.0,8.28,0.0,de_Gerlache,35.3,False,Background,
-86.875,158.125,3,3.3333,0.0,4.31,0.0,Sverdrup,34.9,False,Background,
-85.625,326.875,7,3.7143,0.0,13.8,0.0,Cabeus,34.9,True,Background,confirmed within Cabeus PSR boundary
-88.625,318.625,6,3.5,0.0,4.83,0.0,de_Gerlache,37.4,False,Background,
-89.625,188.875,3,7.3333,0.0,15.72,0.0,Shackleton,10.7,False,Background,
-89.125,172.125,11,3.8182,0.0,6.18,0.0,Shackleton,20.3,False,Background,
-89.125,170.875,7,4.0,0.0,8.98,0.0,Shackleton,20.1,False,Background,
-87.875,156.625,3,3.0,0.0,6.11,0.0,Sverdrup,5.9,True,Background,confirmed within Sverdrup PSR boundary
-87.625,156.125,4,3.25,0.0,6.18,0.0,Sverdrup,12.1,True,Background,confirmed within Sverdrup PSR boundary
-86.375,153.625,5,4.2,0.0,6.78,0.0,Sverdrup,49.3,False,Background,
-85.875,151.875,6,3.1667,0.0,4.89,0.0,Sverdrup,64.4,False,Background,
-85.875,323.375,5,3.4,0.0,12.65,0.0,Cabeus,34.5,True,Background,confirmed within Cabeus PSR boundary
-89.375,171.375,3,3.0,0.0,10.06,0.0,Shackleton,13.3,False,Background,
-89.125,162.625,8,3.75,0.0,9.0,0.0,Shackleton,19.0,False,Background,
-88.125,154.125,3,3.0,0.0,6.56,0.0,Sverdrup,4.1,True,Background,confirmed within Sverdrup PSR boundary
-87.375,151.625,3,3.6667,0.0,3.42,0.0,Sverdrup,19.0,False,Background,
-87.375,319.875,6,3.8333,0.0,14.49,0.0,Haworth,47.7,False,Background,
-86.875,149.375,6,3.0,0.0,3.54,0.0,Sverdrup,34.4,False,Background,
-86.625,149.125,5,5.2,0.0,7.03,0.0,Sverdrup,42.0,False,Background,
-86.125,320.875,4,4.75,0.0,5.48,0.0,Cabeus,38.9,True,Background,confirmed within Cabeus PSR boundary
-89.125,156.625,4,3.5,0.0,7.52,0.0,Shackleton,18.2,False,Background,
-86.625,147.625,3,3.6667,0.0,4.5,0.0,Sverdrup,42.2,False,Background,
-85.875,320.375,3,3.0,0.0,7.3,0.0,Cabeus,31.4,True,Background,confirmed within Cabeus PSR boundary
-86.625,146.375,7,4.0,0.0,4.69,0.0,Sverdrup,42.5,False,Background,
-85.375,145.375,4,4.0,0.0,12.54,0.0,Sverdrup,80.4,False,Background,
-85.625,319.625,4,3.5,0.0,4.32,0.0,Cabeus,23.8,True,Background,confirmed within Cabeus PSR boundary
-87.875,146.625,4,3.75,0.0,10.08,0.0,Sverdrup,7.4,True,Background,confirmed within Sverdrup PSR boundary
-85.875,144.625,6,3.0,0.0,6.53,0.0,Sverdrup,65.5,False,Background,
-88.625,147.625,6,3.0,0.0,7.47,0.0,Sverdrup,19.4,False,Background,
-88.125,145.875,4,3.5,0.0,9.91,0.0,Sverdrup,7.8,True,Background,confirmed within Sverdrup PSR boundary
-85.375,143.125,3,3.3333,0.0,7.74,0.0,Sverdrup,81.0,False,Background,
-85.125,141.875,6,4.1667,0.0,3.19,0.0,Sverdrup,88.9,False,Background,
-88.875,146.375,6,4.6667,0.0,9.58,0.0,Shackleton,24.7,False,Background,
-88.125,141.625,5,3.0,0.0,6.89,0.0,Sverdrup,11.8,True,Background,confirmed within Sverdrup PSR boundary
-87.125,140.125,6,4.0,0.0,7.55,0.0,Sverdrup,30.8,False,Background,
-86.125,139.625,4,3.5,0.0,7.23,0.0,Sverdrup,59.9,False,Background,
-87.625,314.375,3,3.6667,0.0,27.22,0.0,de_Gerlache,48.6,False,Background,
-86.875,314.125,5,3.4,0.0,12.33,0.0,Cabeus,60.0,False,Background,
-88.875,136.875,11,3.0909,0.0,8.13,0.0,Shackleton,24.2,False,Background,
-88.375,134.125,6,3.0,0.0,6.38,0.0,Sverdrup,20.8,False,Background,
-87.375,133.875,9,3.5556,0.0,6.47,0.0,Sverdrup,29.4,False,Background,
-87.125,133.875,8,5.0,0.0,6.54,0.0,Sverdrup,35.5,False,Background,
-86.375,132.375,6,3.3333,0.0,8.46,0.0,Sverdrup,56.9,False,Background,
-89.375,123.875,3,3.0,0.0,24.77,0.0,Shackleton,9.0,True,Background,confirmed within Shackleton PSR boundary
-85.625,312.125,5,3.4,0.0,9.21,0.0,Cabeus,24.0,True,Background,confirmed within Cabeus PSR boundary
-86.375,311.625,3,3.6667,0.0,6.29,0.0,Cabeus,45.8,True,Background,confirmed within Cabeus PSR boundary
-88.375,122.125,3,3.0,0.0,12.33,0.0,Sverdrup,30.8,False,Background,
-89.125,321.625,5,3.2,0.0,3.49,0.0,Shackleton,36.4,False,Background,
-89.625,25.375,3,3.0,0.0,8.61,0.0,Shackleton,16.9,False,Background,
-88.125,115.875,4,3.75,0.0,4.28,0.0,Sverdrup,37.1,False,Background,
-87.125,311.125,4,3.25,0.0,10.56,0.0,de_Gerlache,57.6,False,Background,
-85.375,120.375,5,3.8,0.0,4.07,0.0,Faustini,88.8,False,Background,
-85.125,307.875,9,3.8889,0.0,11.08,0.0,Cabeus,22.5,True,Background,confirmed within Cabeus PSR boundary
-86.875,309.875,6,4.0,0.0,8.11,0.0,Cabeus,61.3,False,Background,
-89.125,330.875,6,3.5,0.0,9.6,0.0,Shackleton,36.0,False,Background,
-88.125,110.625,3,3.0,0.0,3.53,0.0,Sverdrup,42.1,False,Background,
-85.375,117.625,4,3.0,0.0,3.61,0.0,Faustini,85.0,False,Background,
-87.125,309.875,5,3.8,0.0,9.48,0.0,de_Gerlache,56.5,False,Background,
-87.875,109.625,3,3.3333,0.0,11.26,0.0,Faustini,39.5,False,Background,
-86.125,307.375,3,4.0,0.0,7.03,0.0,Cabeus,42.3,True,Background,confirmed within Cabeus PSR boundary
-86.625,308.125,3,3.0,0.0,9.2,0.0,Cabeus,55.1,False,Background,
-89.625,9.625,4,3.25,0.0,8.76,0.0,Shackleton,18.5,False,Background,
-88.625,321.625,3,3.3333,0.0,8.48,0.0,de_Gerlache,39.6,False,Background,
-89.375,9.125,7,3.7143,0.0,6.18,0.0,Shackleton,25.5,False,Background,
-86.125,109.125,3,3.6667,0.0,6.22,0.0,Faustini,55.3,False,Background,
-88.375,94.375,5,3.0,0.0,6.57,0.0,Faustini,37.8,False,Background,
-88.375,95.125,3,3.6667,0.0,6.85,0.0,Faustini,38.1,False,Background,
-87.125,105.125,3,3.0,0.0,4.09,0.0,Faustini,32.7,False,Background,
-86.125,108.125,3,3.0,0.0,4.68,0.0,Faustini,54.0,False,Background,
-87.625,308.375,3,4.3333,0.0,16.17,0.0,de_Gerlache,43.3,False,Background,
-86.625,102.625,3,7.0,0.0,7.03,0.0,Faustini,35.9,False,Background,
-85.125,105.875,5,3.4,0.0,5.78,0.0,Faustini,76.7,False,Background,
-86.625,100.875,3,3.3333,0.0,6.82,0.0,Faustini,33.5,False,Background,
-86.625,101.375,4,3.5,0.0,7.27,0.0,Faustini,34.1,False,Background,
-86.375,101.875,4,3.5,0.0,7.85,0.0,Faustini,40.0,False,Background,
-85.125,104.625,4,4.25,0.0,5.81,0.0,Faustini,75.4,False,Background,
-86.375,100.625,3,5.0,0.0,8.05,0.0,Faustini,38.4,False,Background,
-86.125,101.375,3,3.3333,0.0,7.88,0.0,Faustini,45.3,False,Background,
-86.125,300.625,3,4.0,0.0,11.22,0.0,Cabeus,51.7,False,Background,
-89.125,357.625,5,3.4,0.0,11.05,0.0,Shackleton,34.0,False,Background,
-86.125,297.375,3,3.3333,0.0,7.62,0.0,Cabeus,57.3,False,Background,
-88.875,64.125,3,3.6667,0.0,10.47,0.0,Shackleton,31.3,False,Background,
-85.125,98.625,3,3.6667,0.0,12.88,0.0,Faustini,69.7,False,Background,
-89.125,341.875,3,4.3333,0.0,7.53,0.0,Shackleton,35.4,False,Background,
-86.625,296.625,3,4.6667,0.0,8.79,0.0,de_Gerlache,60.1,False,Background,
-89.125,34.125,10,3.1,0.0,7.7,0.0,Shackleton,29.2,False,Background,
-87.125,297.125,3,3.6667,0.0,10.59,0.0,de_Gerlache,46.6,False,Background,
-87.375,298.375,4,3.5,0.0,9.27,0.0,de_Gerlache,40.9,False,Background,
-89.125,48.125,3,3.6667,0.0,4.94,0.0,Shackleton,26.9,False,Background,
-87.625,298.625,3,3.0,0.0,4.17,0.0,de_Gerlache,35.1,False,Background,
-85.875,290.875,5,4.0,0.0,7.59,0.0,Cabeus,67.3,False,Background,
-86.125,291.625,5,3.0,0.0,9.69,0.0,Cabeus,67.9,False,Background,
-86.875,293.125,3,3.3333,0.0,8.93,0.0,de_Gerlache,50.9,False,Background,
-85.375,287.625,5,3.2,0.0,9.9,0.0,Cabeus,73.5,False,Background,
-87.625,296.625,3,3.0,0.0,5.8,0.0,de_Gerlache,33.5,False,Background,
-89.125,26.625,4,3.25,0.0,13.63,0.0,Shackleton,30.4,False,Background,
-89.125,16.875,12,3.0,0.0,6.71,0.0,Shackleton,31.8,False,Background,
-88.375,304.375,4,3.0,0.0,14.96,0.0,de_Gerlache,27.9,False,Background,
-89.125,1.125,6,3.6667,0.0,9.85,0.0,Shackleton,33.7,False,Background,
-86.375,81.125,4,4.0,0.0,7.2,0.0,Faustini,25.3,False,Background,
-88.125,298.875,3,3.3333,0.0,8.3,0.0,de_Gerlache,25.7,False,Background,
-88.875,36.125,4,4.0,0.0,15.13,0.0,Shackleton,36.1,False,Background,
-88.375,56.375,3,4.6667,0.0,7.71,0.0,Faustini,46.6,False,Background,
-86.375,282.625,4,3.75,0.0,18.53,0.0,de_Gerlache,60.9,False,Background,
-89.125,355.625,3,3.6667,0.0,9.99,0.0,Shackleton,34.2,False,Background,
-88.375,297.375,3,4.6667,0.0,9.92,0.0,de_Gerlache,22.0,False,Background,
-89.125,29.625,3,3.0,0.0,13.56,0.0,Shackleton,29.9,False,Background,
-89.125,24.625,5,3.0,0.0,11.49,0.0,Shackleton,30.7,False,Background,
-85.375,76.125,3,4.0,0.0,10.48,0.0,Nobile,56.3,False,Background,
-85.875,276.375,3,4.6667,0.0,5.24,0.0,de_Gerlache,74.7,False,Background,
-87.625,284.375,3,3.6667,0.0,10.1,0.0,de_Gerlache,25.0,False,Background,
-87.125,66.125,3,6.0,0.0,7.03,0.0,Faustini,25.7,False,Background,
-85.875,273.375,4,4.5,0.0,2.65,0.0,de_Gerlache,74.5,False,Background,
-86.375,274.625,4,3.25,0.0,5.93,0.0,de_Gerlache,59.4,False,Background,
-88.375,290.875,3,5.3333,0.0,15.32,0.0,de_Gerlache,16.4,False,Background,
-86.625,66.625,3,4.0,0.0,10.68,0.0,Faustini,32.1,False,Background,
-85.625,271.625,4,4.75,0.0,2.99,0.0,de_Gerlache,82.0,False,Background,
-85.625,271.875,3,3.0,0.0,2.76,0.0,de_Gerlache,82.0,False,Background,
-87.625,58.375,3,3.6667,0.0,18.5,0.0,Faustini,36.1,False,Background,
-85.125,269.125,5,3.2,0.0,6.59,0.0,de_Gerlache,97.3,False,Background,
-87.875,54.125,3,5.0,0.0,5.21,0.0,Faustini,42.4,False,Background,
-85.375,268.625,4,3.25,0.0,9.28,0.0,de_Gerlache,89.7,False,Background,
-86.125,268.375,3,4.3333,0.0,9.08,0.0,de_Gerlache,67.0,False,Background,
-88.625,35.625,13,3.3846,0.0,16.64,0.0,Shackleton,43.5,False,Background,
-87.875,52.375,4,3.0,0.0,5.26,0.0,Faustini,44.4,False,Background,
-85.875,265.875,4,4.5,0.0,6.87,0.0,de_Gerlache,74.9,False,Background,
-85.625,64.375,4,3.0,0.0,10.21,0.0,Nobile,29.6,True,Background,confirmed within Nobile PSR boundary
-85.375,64.125,4,3.25,0.0,8.96,0.0,Nobile,27.1,True,Background,confirmed within Nobile PSR boundary
-86.375,261.875,3,3.3333,0.0,4.61,0.0,de_Gerlache,60.7,False,Background,
-86.375,58.375,4,3.25,0.0,13.08,0.0,Nobile,37.8,False,Background,
-85.875,58.625,3,3.6667,0.0,10.08,0.0,Nobile,24.3,True,Background,confirmed within Nobile PSR boundary
-85.625,59.125,3,4.3333,0.0,11.74,0.0,Nobile,19.1,True,Background,confirmed within Nobile PSR boundary
-88.875,278.125,3,3.0,0.0,14.41,0.0,de_Gerlache,17.1,False,Background,
-85.375,253.375,5,4.2,0.0,8.07,0.0,de_Gerlache,93.7,False,Background,
-87.625,260.625,3,4.0,0.0,6.93,0.0,de_Gerlache,24.5,False,Background,
-87.875,261.875,3,4.0,0.0,8.14,0.0,de_Gerlache,17.1,False,Background,
-86.125,53.125,3,3.3333,0.0,16.1,0.0,Nobile,28.7,True,Background,confirmed within Nobile PSR boundary
-85.125,245.625,5,3.2,0.0,19.35,0.0,de_Gerlache,104.9,False,Background,
-85.125,245.875,3,3.3333,0.0,21.77,0.0,de_Gerlache,104.8,False,Background,
-88.125,255.375,3,4.3333,0.0,7.58,0.0,de_Gerlache,16.7,False,Background,
-86.625,50.125,4,3.5,0.0,22.83,0.0,Nobile,44.4,False,Background,
-85.125,243.125,3,3.3333,0.0,14.2,0.0,de_Gerlache,106.3,False,Background,
-89.125,268.875,3,3.3333,0.0,14.17,0.0,de_Gerlache,24.2,False,Background,
-88.625,31.625,7,4.1429,0.0,16.15,0.0,Shackleton,44.2,False,Background,
-86.625,45.125,3,4.3333,0.0,17.81,0.0,Nobile,47.3,False,Background,
-85.125,46.125,4,3.25,0.0,11.36,0.0,Nobile,19.0,True,Background,confirmed within Nobile PSR boundary
-88.875,252.125,3,3.3333,0.0,15.98,0.0,de_Gerlache,21.9,False,Background,
-86.375,40.625,3,3.0,0.0,11.13,0.0,Nobile,46.1,False,Background,
-87.375,37.125,3,3.3333,0.0,12.34,0.0,Haworth,55.8,False,Background,
-85.125,40.875,5,3.4,0.0,19.85,0.0,Nobile,32.4,True,Background,confirmed within Nobile PSR boundary
-88.625,232.125,3,3.0,0.0,2.62,0.0,de_Gerlache,32.6,False,Background,
-86.875,36.375,4,3.0,0.0,6.13,0.0,Nobile,62.2,False,Background,
-86.125,37.125,5,3.2,0.0,13.0,0.0,Nobile,47.1,False,Background,
-85.375,215.375,4,3.75,0.0,6.6,0.0,de_Gerlache,120.1,False,Background,
-85.875,215.375,5,3.4,0.0,5.93,0.0,de_Gerlache,106.0,False,Background,
-89.375,203.625,3,3.6667,0.0,8.22,0.0,Shackleton,18.9,False,Background,
-86.625,32.625,5,3.8,0.0,15.82,0.0,Haworth,62.2,False,Background,
-85.875,31.125,5,3.2,0.0,12.63,0.0,Nobile,56.6,False,Background,
-87.625,31.875,3,3.3333,0.0,16.95,0.0,Haworth,46.8,False,Background,
-86.875,201.125,4,3.0,0.0,9.01,0.0,Sverdrup,71.1,False,Background,
-89.625,79.125,3,3.3333,0.0,22.06,0.0,Shackleton,9.2,True,Background,confirmed within Shackleton PSR boundary
-87.625,30.875,3,4.0,0.0,17.61,0.0,Haworth,45.6,False,Background,
-86.375,28.375,3,3.6667,0.0,17.6,0.0,Haworth,61.9,False,Background,
-86.375,27.625,3,3.3333,0.0,10.25,0.0,Haworth,60.9,False,Background,
-88.125,31.625,3,3.3333,0.0,12.77,0.0,Haworth,45.7,False,Background,
-89.625,125.875,4,5.5,0.0,10.2,0.0,Shackleton,1.5,True,Background,confirmed within Shackleton PSR boundary
-89.625,101.375,3,4.0,0.0,31.07,0.0,Shackleton,5.4,True,Background,confirmed within Shackleton PSR boundary
-89.625,112.625,5,3.6,0.0,20.63,0.0,Shackleton,3.4,True,Background,confirmed within Shackleton PSR boundary
-89.125,166.625,4,4.25,0.0,7.29,0.0,Shackleton,19.5,False,Background,
-89.625,95.625,3,4.6667,0.0,31.45,0.0,Shackleton,6.4,True,Background,confirmed within Shackleton PSR boundary
-86.625,185.625,3,5.6667,0.0,5.09,0.0,Sverdrup,61.3,False,Background,
-85.125,180.875,4,4.0,0.0,9.49,0.0,Sverdrup,98.8,False,Background,
-85.125,5.125,4,3.5,0.0,12.34,0.0,Haworth,73.4,False,Background,
-89.625,18.875,5,3.0,0.0,6.36,0.0,Shackleton,17.6,False,Background,
-87.125,177.125,5,3.4,0.0,3.38,0.0,Sverdrup,40.8,False,Background,
-86.625,358.875,4,3.25,0.0,16.1,0.0,Haworth,26.2,False,Background,
-85.875,358.625,5,4.4,0.0,19.96,0.0,Haworth,48.7,False,Background,
-86.625,173.875,5,3.0,0.0,2.75,0.0,Sverdrup,50.9,False,Background,
-86.125,354.875,4,3.5,0.0,17.71,0.0,Haworth,40.8,False,Background,
-86.375,167.375,3,4.6667,0.0,3.35,0.0,Sverdrup,53.6,False,Background,
-87.625,353.125,3,3.0,0.0,3.01,0.0,Haworth,5.5,True,Background,confirmed within Haworth PSR boundary
-85.375,350.125,4,3.25,0.0,10.71,0.0,Haworth,64.2,False,Background,
-87.125,349.875,3,3.0,0.0,14.92,0.0,Haworth,13.0,True,Background,confirmed within Haworth PSR boundary
-87.125,349.125,3,3.0,0.0,15.58,0.0,Haworth,13.7,True,Background,confirmed within Haworth PSR boundary
-89.625,119.375,4,3.5,0.0,13.19,0.0,Shackleton,2.3,True,Background,confirmed within Shackleton PSR boundary
-85.125,154.625,5,3.2,0.0,12.21,0.0,Sverdrup,87.3,False,Background,
-85.375,154.375,5,4.0,0.0,12.24,0.0,Sverdrup,79.7,False,Background,
-85.375,339.875,4,3.5,0.0,12.43,0.0,Cabeus,62.5,False,Background,
-85.625,152.125,3,4.0,0.0,11.28,0.0,Sverdrup,72.0,False,Background,
-88.625,143.625,6,4.0,0.0,7.59,0.0,Sverdrup,20.5,False,Background,
-85.625,338.125,4,3.0,0.0,13.34,0.0,Cabeus,59.1,False,Background,
-88.375,141.125,12,4.0833,0.0,4.79,0.0,Sverdrup,15.7,True,Background,confirmed within Sverdrup PSR boundary
-88.625,139.625,6,3.0,0.0,10.91,0.0,Sverdrup,22.1,False,Background,
-86.125,329.875,5,4.8,0.0,9.79,0.0,Cabeus,49.4,False,Background,
-87.125,142.375,3,3.0,0.0,5.37,0.0,Sverdrup,29.5,False,Background,
-86.375,327.375,4,4.75,0.0,10.64,0.0,Cabeus,51.6,False,Background,
-86.125,138.875,5,3.2,0.0,6.56,0.0,Sverdrup,60.3,False,Background,
-87.125,137.875,5,3.8,0.0,4.81,0.0,Sverdrup,32.3,False,Background,
-87.875,136.875,11,3.1818,0.0,7.42,0.0,Sverdrup,17.4,False,Background,
-85.125,315.375,5,4.4,0.0,7.37,0.0,Cabeus,7.0,True,Background,confirmed within Cabeus PSR boundary
-86.125,134.875,4,3.5,0.0,6.8,0.0,Sverdrup,62.5,False,Background,
-85.125,133.625,5,4.0,0.0,7.5,0.0,Sverdrup,92.5,False,Background,
-85.875,133.375,3,3.0,0.0,5.92,0.0,Sverdrup,70.6,False,Background,
-87.125,134.125,4,4.0,0.0,7.46,0.0,Sverdrup,35.3,False,Background,
-87.375,133.375,4,3.75,0.0,5.7,0.0,Sverdrup,29.9,False,Background,
-87.625,134.125,3,3.6667,0.0,8.66,0.0,Sverdrup,24.0,False,Background,
-87.625,132.625,3,3.3333,0.0,5.52,0.0,Sverdrup,25.5,False,Background,
-86.375,126.625,3,3.6667,0.0,6.5,0.0,Sverdrup,61.4,False,Background,
-85.125,119.625,3,3.3333,0.0,3.97,0.0,Faustini,94.0,False,Background,
-88.875,238.375,3,3.3333,0.0,9.68,0.0,de_Gerlache,29.2,False,Background,
-85.125,257.375,3,3.0,0.0,4.42,0.0,de_Gerlache,99.7,False,Background,
-88.125,236.125,3,4.0,0.0,10.46,0.0,de_Gerlache,33.6,False,Background,
-87.625,92.375,4,3.75,0.0,16.97,0.0,Faustini,17.9,True,Background,confirmed within Faustini PSR boundary
-89.125,176.625,6,3.3333,0.0,7.79,0.0,Shackleton,21.0,False,Background,
-88.875,209.625,11,3.0909,0.0,16.35,0.0,Shackleton,33.9,False,Background,
-87.125,236.875,4,4.75,0.0,5.5,0.0,de_Gerlache,54.3,False,Background,
-86.625,239.875,4,3.0,0.0,9.05,0.0,de_Gerlache,65.3,False,Background,
-88.125,229.375,3,4.0,0.0,9.95,0.0,de_Gerlache,39.5,False,Background,
-87.375,86.875,3,5.3333,0.0,3.73,0.0,Faustini,7.4,True,Background,confirmed within Faustini PSR boundary
-87.375,233.875,6,4.5,0.0,10.57,0.0,de_Gerlache,50.6,False,Background,
-85.375,78.125,6,3.1667,0.0,9.29,0.0,Faustini,56.2,False,Background,
-87.875,88.125,3,3.3333,0.0,8.56,0.0,Faustini,21.4,True,Background,confirmed within Faustini PSR boundary
-89.125,199.875,10,3.3,0.0,12.61,0.0,Shackleton,25.0,False,Background,
-88.125,90.375,3,3.3333,0.0,7.84,0.0,Faustini,29.3,False,Background,
-89.375,137.125,4,3.75,0.0,23.85,0.0,Shackleton,9.1,True,Background,confirmed within Shackleton PSR boundary
-88.125,225.375,9,3.2222,0.0,11.14,0.0,de_Gerlache,42.9,False,Background,
-87.125,234.375,4,3.0,0.0,4.92,0.0,de_Gerlache,56.3,False,Background,
-87.375,232.125,7,3.2857,0.0,9.73,0.0,de_Gerlache,52.1,False,Background,
-86.125,75.625,3,3.0,0.0,11.74,0.0,Faustini,35.2,False,Background,
-87.125,79.625,3,3.0,0.0,5.99,0.0,Faustini,5.9,True,Background,confirmed within Faustini PSR boundary
-89.125,192.875,14,3.2143,0.0,9.42,0.0,Shackleton,23.8,False,Background,
-86.625,235.375,5,4.0,0.0,5.48,0.0,de_Gerlache,68.7,False,Background,
-86.375,235.875,6,3.5,0.0,7.61,0.0,de_Gerlache,75.2,False,Background,
-85.125,238.875,6,3.0,0.0,11.98,0.0,de_Gerlache,109.0,False,Background,
-85.625,73.625,4,3.75,0.0,6.68,0.0,Nobile,50.4,False,Background,
-85.125,71.375,5,3.2,0.0,16.27,0.0,Nobile,45.6,False,Background,
-85.375,71.625,4,3.75,0.0,13.35,0.0,Nobile,45.4,False,Background,
-85.625,72.125,5,3.2,0.0,17.8,0.0,Nobile,46.9,False,Background,
-86.375,74.125,5,3.4,0.0,7.24,0.0,Faustini,29.4,False,Background,
-87.875,80.875,3,4.0,0.0,8.33,0.0,Faustini,20.7,True,Background,confirmed within Faustini PSR boundary
-87.875,227.625,6,3.0,0.0,16.15,0.0,de_Gerlache,45.3,False,Background,
-86.875,74.625,3,4.3333,0.0,11.54,0.0,Faustini,16.7,True,Background,confirmed within Faustini PSR boundary
-89.125,109.875,3,4.3333,0.0,6.34,0.0,Shackleton,17.4,False,Background,
-86.125,234.375,6,4.0,0.0,6.66,0.0,de_Gerlache,83.3,False,Background,
-89.375,130.375,5,4.0,0.0,23.37,0.0,Shackleton,8.9,True,Background,confirmed within Shackleton PSR boundary
-85.125,67.875,7,3.7143,0.0,8.39,0.0,Nobile,36.7,False,Background,
-87.875,77.375,4,3.25,0.0,8.6,0.0,Faustini,21.8,False,Background,
-88.875,89.375,5,3.4,0.0,6.15,0.0,Shackleton,27.2,False,Background,
-88.625,216.625,13,3.0769,0.0,8.08,0.0,Shackleton,42.4,False,Background,
-88.375,219.625,5,4.2,0.0,2.12,0.0,de_Gerlache,44.1,False,Background,
-87.125,229.625,5,4.0,0.0,7.04,0.0,de_Gerlache,60.3,False,Background,
-86.125,68.375,4,3.75,0.0,10.97,0.0,Faustini,41.6,False,Background,
-88.875,87.125,3,3.0,0.0,5.97,0.0,Shackleton,27.6,False,Background,
-89.375,183.875,7,3.0,0.0,7.55,0.0,Shackleton,15.4,False,Background,
-88.125,74.375,3,4.6667,0.0,9.96,0.0,Faustini,30.0,False,Background,
-85.625,63.875,5,4.0,0.0,10.64,0.0,Nobile,28.5,True,Background,confirmed within Nobile PSR boundary
-88.375,217.125,7,3.7143,0.0,2.8,0.0,de_Gerlache,46.1,False,Background,
-88.125,220.375,5,3.4,0.0,12.53,0.0,de_Gerlache,47.1,False,Background,
-87.625,223.875,4,3.0,0.0,4.16,0.0,de_Gerlache,53.7,False,Background,
-86.125,229.125,5,3.0,0.0,3.62,0.0,de_Gerlache,87.5,False,Background,
-85.625,230.375,4,3.0,0.0,13.14,0.0,de_Gerlache,100.6,False,Background,
-87.375,67.625,3,3.3333,0.0,5.9,0.0,Faustini,23.0,False,Background,
-88.125,72.625,3,3.3333,0.0,12.29,0.0,Faustini,30.9,False,Background,
-88.625,211.875,7,3.2857,0.0,6.8,0.0,Shackleton,41.6,False,Background,
-86.625,64.125,3,3.3333,0.0,8.22,0.0,Faustini,35.5,False,Background,
-86.875,64.875,3,3.0,0.0,5.44,0.0,Faustini,30.3,False,Background,
-88.375,72.625,5,4.2,0.0,14.2,0.0,Faustini,37.6,False,Background,
-88.125,219.125,4,4.25,0.0,6.56,0.0,de_Gerlache,48.2,False,Background,
-85.625,60.625,4,3.0,0.0,11.93,0.0,Nobile,21.9,True,Background,confirmed within Nobile PSR boundary
-87.875,220.125,4,3.0,0.0,11.05,0.0,de_Gerlache,51.8,False,Background,
-85.375,59.375,7,3.2857,0.0,16.42,0.0,Nobile,15.7,True,Background,confirmed within Nobile PSR boundary
-87.625,64.625,4,3.5,0.0,11.61,0.0,Faustini,28.4,False,Background,
-87.875,66.125,3,3.6667,0.0,15.23,0.0,Faustini,30.1,False,Background,
-88.625,75.125,4,3.5,0.0,5.02,0.0,Shackleton,36.8,False,Background,
-85.875,225.875,4,3.75,0.0,8.07,0.0,de_Gerlache,97.1,False,Background,
-85.375,226.875,6,3.3333,0.0,6.28,0.0,de_Gerlache,110.5,False,Background,
-85.125,57.875,4,3.5,0.0,8.78,0.0,Nobile,11.3,True,Background,confirmed within Nobile PSR boundary
-86.875,61.125,4,4.0,0.0,13.52,0.0,Faustini,35.8,False,Background,
-87.625,62.375,5,4.0,0.0,16.63,0.0,Faustini,31.1,False,Background,
-88.375,213.375,9,3.0,0.0,2.41,0.0,de_Gerlache,48.9,False,Background,
-85.875,224.125,4,3.25,0.0,3.82,0.0,de_Gerlache,98.6,False,Background,
-87.375,60.125,3,3.3333,0.0,11.26,0.0,Faustini,33.4,False,Background,
-87.625,218.125,3,3.3333,0.0,7.51,0.0,de_Gerlache,58.7,False,Background,
-89.125,77.625,3,4.0,0.0,7.53,0.0,Shackleton,21.8,False,Background,
-86.625,55.875,3,3.6667,0.0,9.21,0.0,Nobile,44.1,False,Background,
-87.625,59.375,3,3.0,0.0,19.06,0.0,Faustini,34.8,False,Background,
-89.625,150.125,3,3.3333,0.0,27.03,0.0,Shackleton,4.1,True,Background,confirmed within Shackleton PSR boundary
-85.375,222.125,4,3.0,0.0,3.78,0.0,de_Gerlache,114.4,False,Background,
-87.875,58.375,3,3.6667,0.0,10.69,0.0,Faustini,37.9,False,Background,
-88.125,212.875,13,3.1538,0.0,5.17,0.0,de_Gerlache,53.3,False,Background,
-88.125,58.375,4,5.0,0.0,4.97,0.0,Faustini,41.0,False,Background,
-88.625,62.375,3,3.0,0.0,16.85,0.0,Shackleton,38.9,False,Background,
-88.625,64.875,3,3.0,0.0,19.21,0.0,Shackleton,38.5,False,Background,
-89.625,136.375,3,3.6667,0.0,12.84,0.0,Shackleton,1.9,True,Background,confirmed within Shackleton PSR boundary
-85.625,219.375,5,3.4,0.0,4.39,0.0,de_Gerlache,109.6,False,Background,
-85.375,219.875,9,3.0,0.0,6.5,0.0,de_Gerlache,116.2,False,Background,
-85.625,46.625,3,4.0,0.0,6.03,0.0,Nobile,21.5,True,Background,confirmed within Nobile PSR boundary
-87.625,50.375,4,4.25,0.0,14.95,0.0,Faustini,46.1,False,Background,
-85.125,44.875,4,3.0,0.0,12.21,0.0,Nobile,22.2,True,Background,confirmed within Nobile PSR boundary
-87.375,47.375,3,3.3333,0.0,14.11,0.0,Faustini,50.9,False,Background,
-89.625,156.625,3,3.3333,0.0,29.48,0.0,Shackleton,5.2,True,Background,confirmed within Shackleton PSR boundary
-88.625,210.375,3,4.0,0.0,7.55,0.0,Shackleton,41.3,False,Background,
-86.375,217.625,5,3.6,0.0,9.09,0.0,de_Gerlache,90.3,False,Background,
-86.875,216.625,7,3.4286,0.0,3.67,0.0,de_Gerlache,78.0,False,Background,
-85.125,42.125,9,3.5556,0.0,16.61,0.0,Nobile,29.2,True,Background,confirmed within Nobile PSR boundary
-87.375,43.875,5,3.0,0.0,17.69,0.0,Faustini,55.6,False,Background,
-85.625,217.375,6,3.5,0.0,3.21,0.0,de_Gerlache,111.3,False,Background,
-88.875,46.625,3,4.6667,0.0,11.75,0.0,Shackleton,34.3,False,Background,
-86.875,39.875,6,3.5,0.0,8.76,0.0,Nobile,58.5,False,Background,
-89.375,208.125,3,4.3333,0.0,8.97,0.0,Shackleton,19.6,False,Background,
-88.125,39.125,3,3.3333,0.0,3.79,0.0,Haworth,53.1,False,Background,
-89.625,46.125,5,3.0,0.0,13.56,0.0,Shackleton,14.3,False,Background,
-89.125,211.625,6,4.5,0.0,16.64,0.0,Shackleton,27.0,False,Background,
-86.375,215.375,5,3.8,0.0,6.19,0.0,de_Gerlache,92.3,False,Background,
-86.125,215.625,6,3.5,0.0,8.5,0.0,de_Gerlache,98.9,False,Background,
-89.125,213.125,4,3.25,0.0,14.81,0.0,Shackleton,27.3,False,Background,
-86.125,33.375,10,3.5,0.0,16.3,0.0,Nobile,54.0,False,Background,
-89.875,237.875,3,4.3333,0.0,15.25,0.0,Shackleton,11.8,False,Background,
-89.125,216.625,4,3.25,0.0,17.32,0.0,Shackleton,27.9,False,Background,
-86.875,213.875,7,3.2857,0.0,12.78,0.0,de_Gerlache,80.5,False,Background,
-85.625,30.375,8,3.375,0.0,21.25,0.0,Nobile,57.4,False,Background,
-89.625,228.375,3,3.3333,0.0,11.97,0.0,Shackleton,16.3,False,Background,
-89.375,11.375,6,3.5,0.0,4.61,0.0,Shackleton,25.3,False,Background,
-89.375,231.125,3,3.3333,0.0,13.03,0.0,Shackleton,23.2,False,Background,
-85.875,211.375,4,3.75,0.0,4.67,0.0,Sverdrup,107.1,False,Background,
-85.375,211.125,5,3.6,0.0,3.88,0.0,Sverdrup,120.4,False,Background,
-87.375,22.875,3,3.0,0.0,4.12,0.0,Haworth,37.3,False,Background,
-86.625,22.125,5,4.0,0.0,8.23,0.0,Haworth,48.4,False,Background,
-88.125,18.875,3,3.0,0.0,8.31,0.0,Haworth,33.5,False,Background,
-89.375,356.875,8,4.0,0.0,6.86,0.0,Shackleton,26.8,False,Background,
-88.875,221.125,3,3.0,0.0,11.97,0.0,Shackleton,35.8,False,Background,
-87.375,17.875,3,4.0,0.0,4.0,0.0,Haworth,30.7,False,Background,
-89.375,355.625,4,3.5,0.0,6.04,0.0,Shackleton,26.9,False,Background,
-89.375,236.125,3,4.0,0.0,8.32,0.0,Shackleton,23.8,False,Background,
-85.625,18.125,5,4.0,0.0,10.25,0.0,Haworth,68.7,False,Background,
-87.625,14.125,3,3.6667,0.0,11.2,0.0,Haworth,24.7,True,Background,confirmed within Haworth PSR boundary
-89.125,357.375,7,4.1429,0.0,11.52,0.0,Shackleton,34.1,False,Background,
-85.875,207.125,4,3.5,0.0,4.7,0.0,Sverdrup,102.6,False,Background,
-85.375,206.625,9,3.3333,0.0,9.08,0.0,Sverdrup,115.6,False,Background,
-89.125,354.125,6,3.0,0.0,11.99,0.0,Shackleton,34.4,False,Background,
-86.625,207.375,6,3.6667,0.0,6.89,0.0,Sverdrup,83.7,False,Background,
-86.375,14.375,3,4.0,0.0,9.07,0.0,Haworth,45.0,False,Background,
-88.875,0.625,4,3.0,0.0,8.36,0.0,Shackleton,41.1,False,Background,
-89.125,353.125,8,4.5,0.0,12.37,0.0,Shackleton,34.5,False,Background,
-89.375,235.875,3,4.0,0.0,8.41,0.0,Shackleton,23.8,False,Background,
-88.125,211.125,4,3.0,0.0,4.44,0.0,de_Gerlache,54.7,False,Background,
-85.125,13.625,8,3.125,0.0,12.63,0.0,Haworth,78.8,False,Background,
-89.625,302.625,5,3.8,0.0,12.86,0.0,Shackleton,21.3,False,Background,
-89.125,344.625,8,3.375,0.0,11.62,0.0,Shackleton,35.2,False,Background,
-89.375,337.375,5,3.2,0.0,4.91,0.0,Shackleton,28.2,False,Background,
-89.125,224.625,3,4.0,0.0,14.61,0.0,Shackleton,29.2,False,Background,
-85.875,201.875,4,4.0,0.0,5.35,0.0,Sverdrup,97.2,False,Background,
-87.125,6.625,3,3.3333,0.0,18.86,0.0,Haworth,19.2,True,Background,confirmed within Haworth PSR boundary
-88.625,357.875,4,3.25,0.0,9.63,0.0,Haworth,35.1,False,Background,
-87.875,205.875,3,3.0,0.0,15.6,0.0,Sverdrup,56.3,False,Background,
-88.375,359.875,3,3.0,0.0,13.49,0.0,Haworth,27.9,False,Background,
-89.625,286.625,6,4.0,0.0,14.66,0.0,Shackleton,21.0,False,Background,
-85.125,8.375,3,3.3333,0.0,6.74,0.0,Haworth,75.1,False,Background,
-86.375,6.875,5,3.8,0.0,10.23,0.0,Haworth,38.0,False,Background,
-87.625,3.375,5,3.0,0.0,5.21,0.0,Haworth,11.4,True,Background,confirmed within Haworth PSR boundary
-88.625,357.625,3,3.3333,0.0,8.77,0.0,Haworth,35.1,False,Background,
-89.125,217.375,3,4.3333,0.0,16.61,0.0,Shackleton,28.0,False,Background,
-86.625,199.875,5,3.4,0.0,7.27,0.0,Sverdrup,75.8,False,Background,
-86.875,5.125,3,3.3333,0.0,20.67,0.0,Haworth,23.2,True,Background,confirmed within Haworth PSR boundary
-87.125,3.875,5,3.4,0.0,14.87,0.0,Haworth,16.1,True,Background,confirmed within Haworth PSR boundary
-87.625,2.375,3,3.6667,0.0,3.6,0.0,Haworth,10.3,True,Background,confirmed within Haworth PSR boundary
-85.625,195.625,6,3.1667,0.0,8.19,0.0,Sverdrup,97.6,False,Background,
-87.875,359.375,3,3.3333,0.0,12.33,0.0,Haworth,13.2,True,Background,confirmed within Haworth PSR boundary
-85.375,190.125,4,3.25,0.0,4.39,0.0,Sverdrup,99.4,False,Background,
-87.875,358.625,3,3.6667,0.0,11.22,0.0,Haworth,12.9,True,Background,confirmed within Haworth PSR boundary
-89.375,343.625,6,4.6667,0.0,6.99,0.0,Shackleton,27.8,False,Background,
-87.875,358.125,6,3.1667,0.0,8.77,0.0,Haworth,12.8,True,Background,confirmed within Haworth PSR boundary
-87.625,190.375,3,3.3333,0.0,6.76,0.0,Sverdrup,44.4,False,Background,
-87.875,357.375,4,4.5,0.0,7.11,0.0,Haworth,12.5,True,Background,confirmed within Haworth PSR boundary
-87.125,186.625,4,3.5,0.0,6.12,0.0,Sverdrup,50.2,False,Background,
-89.625,218.375,3,3.6667,0.0,14.37,0.0,Shackleton,15.0,False,Background,
-88.375,354.125,5,3.2,0.0,5.84,0.0,Haworth,27.5,False,Background,
-86.625,183.625,5,4.0,0.0,5.94,0.0,Sverdrup,59.4,False,Background,
-86.625,356.625,4,3.5,0.0,15.18,0.0,Haworth,25.7,False,Background,
-88.125,184.375,3,3.6667,0.0,6.99,0.0,Sverdrup,32.5,False,Background,
-86.375,181.875,3,3.0,0.0,11.13,0.0,Sverdrup,64.4,False,Background,
-87.375,181.875,6,3.5,0.0,5.01,0.0,Sverdrup,40.0,False,Background,
-87.375,181.625,3,3.0,0.0,4.6,0.0,Sverdrup,39.7,False,Background,
-88.125,351.625,5,3.0,0.0,10.79,0.0,Haworth,20.3,True,Background,confirmed within Haworth PSR boundary
-87.375,351.875,5,3.8,0.0,3.8,0.0,Haworth,5.5,True,Background,confirmed within Haworth PSR boundary
-88.625,348.875,3,5.3333,0.0,18.65,0.0,Haworth,35.6,False,Background,
-88.375,181.375,4,3.75,0.0,6.97,0.0,Sverdrup,29.5,False,Background,
-89.125,185.375,6,3.5,0.0,6.82,0.0,Shackleton,22.5,False,Background,
-89.125,340.875,3,4.0,0.0,7.93,0.0,Shackleton,35.5,False,Background,
-87.125,348.375,5,3.8,0.0,15.31,0.0,Haworth,14.4,True,Background,confirmed within Haworth PSR boundary
-87.625,347.625,4,4.0,0.0,9.27,0.0,Haworth,11.0,True,Background,confirmed within Haworth PSR boundary
-88.875,342.625,3,7.0,0.0,18.27,0.0,Shackleton,42.8,False,Background,
-89.125,183.375,8,3.25,0.0,6.87,0.0,Shackleton,22.2,False,Background,
-85.375,348.375,8,3.0,0.0,15.43,0.0,Haworth,64.8,False,Background,
-88.125,344.875,3,4.3333,0.0,15.58,0.0,Haworth,23.2,True,Background,confirmed within Haworth PSR boundary
-88.875,339.625,3,3.0,0.0,19.96,0.0,Shackleton,43.1,False,Background,
-87.375,175.125,5,3.0,0.0,10.68,0.0,Sverdrup,33.2,False,Background,
-89.625,206.875,3,3.0,0.0,13.0,0.0,Shackleton,13.4,False,Background,
-89.125,333.375,5,3.4,0.0,5.09,0.0,Shackleton,35.9,False,Background,
-88.875,179.625,6,4.0,0.0,4.58,0.0,Shackleton,28.7,False,Background,
-87.875,341.875,3,5.3333,0.0,17.45,0.0,Haworth,20.5,True,Background,confirmed within Haworth PSR boundary
-87.875,341.375,3,4.0,0.0,17.13,0.0,Haworth,21.0,True,Background,confirmed within Haworth PSR boundary
-86.625,342.875,3,3.3333,0.0,7.08,0.0,Haworth,32.0,False,Background,
-85.875,169.875,7,3.5714,0.0,3.41,0.0,Sverdrup,69.6,False,Background,
-88.875,332.125,4,4.75,0.0,11.42,0.0,Shackleton,43.5,False,Background,
-89.125,327.875,5,3.6,0.0,12.88,0.0,Shackleton,36.2,False,Background,
-89.375,317.125,6,3.5,0.0,4.34,0.0,Shackleton,28.9,False,Background,
-89.625,249.625,3,3.3333,0.0,14.14,0.0,Shackleton,18.5,False,Background,
-86.875,169.375,4,3.25,0.0,4.0,0.0,Sverdrup,40.7,False,Background,
-88.875,329.125,4,5.0,0.0,11.89,0.0,de_Gerlache,43.0,False,Background,
-88.875,175.875,7,3.4286,0.0,10.35,0.0,Shackleton,28.2,False,Background,
-85.125,337.875,3,3.3333,0.0,9.82,0.0,Cabeus,57.7,False,Background,
-86.625,335.375,6,3.8333,0.0,11.62,0.0,Haworth,40.0,False,Background,
-89.125,318.375,5,3.8,0.0,5.0,0.0,Shackleton,36.5,False,Background,
-85.875,164.375,4,3.25,0.0,9.26,0.0,Sverdrup,66.9,False,Background,
-87.125,165.375,5,3.6,0.0,7.21,0.0,Sverdrup,31.1,False,Background,
-86.625,162.625,3,3.0,0.0,14.7,0.0,Sverdrup,44.0,False,Background,
-88.125,326.125,4,4.0,0.0,8.13,0.0,Haworth,38.8,False,Background,
-87.875,165.375,3,4.3333,0.0,7.59,0.0,Sverdrup,14.5,True,Background,confirmed within Sverdrup PSR boundary
-88.625,319.625,6,4.6667,0.0,4.43,0.0,de_Gerlache,38.2,False,Background,
-89.125,175.375,3,3.6667,0.0,8.66,0.0,Shackleton,20.8,False,Background,
-87.875,164.125,3,3.0,0.0,6.42,0.0,Sverdrup,13.2,True,Background,confirmed within Sverdrup PSR boundary
-85.125,159.125,6,3.6667,0.0,13.92,0.0,Sverdrup,87.9,False,Background,
-88.625,320.125,10,3.2,0.0,4.98,0.0,de_Gerlache,38.5,False,Background,
-88.875,315.875,4,7.0,0.0,7.77,0.0,de_Gerlache,35.2,False,Background,
-87.375,161.625,3,4.0,0.0,8.13,0.0,Sverdrup,21.9,False,Background,
-88.625,317.625,8,3.125,0.0,5.47,0.0,de_Gerlache,36.7,False,Background,
-89.125,173.125,5,3.4,0.0,6.14,0.0,Shackleton,20.5,False,Background,
-87.625,323.875,4,4.25,0.0,13.53,0.0,Haworth,40.6,False,Background,
-89.375,303.625,5,4.6,0.0,7.86,0.0,Shackleton,28.9,False,Background,
-85.125,156.125,3,3.0,0.0,12.13,0.0,Sverdrup,87.4,False,Background,
-85.875,326.875,4,3.75,0.0,10.61,0.0,Cabeus,39.6,True,Background,confirmed within Cabeus PSR boundary
-86.875,156.875,3,3.0,0.0,5.48,0.0,Sverdrup,34.6,False,Background,
-87.625,157.375,3,3.0,0.0,5.33,0.0,Sverdrup,12.7,True,Background,confirmed within Sverdrup PSR boundary
-85.625,325.375,3,4.3333,0.0,10.02,0.0,Cabeus,32.1,True,Background,confirmed within Cabeus PSR boundary
-85.875,153.125,3,3.3333,0.0,3.87,0.0,Sverdrup,64.4,False,Background,
-85.375,324.625,4,5.25,0.0,5.36,0.0,Cabeus,26.4,True,Background,confirmed within Cabeus PSR boundary
-87.125,152.625,3,4.3333,0.0,5.06,0.0,Sverdrup,26.5,False,Background,
-87.125,320.875,3,3.3333,0.0,9.82,0.0,Haworth,49.5,False,Background,
-89.625,179.125,4,3.0,0.0,21.91,0.0,Shackleton,9.1,True,Background,confirmed within Shackleton PSR boundary
-88.875,154.125,3,4.0,0.0,10.67,0.0,Shackleton,25.4,False,Background,
-85.875,147.125,7,3.8571,0.0,8.41,0.0,Sverdrup,65.0,False,Background,
-86.875,146.625,4,4.25,0.0,6.83,0.0,Sverdrup,35.0,False,Background,
-89.125,152.875,9,3.0,0.0,6.91,0.0,Shackleton,17.8,False,Background,
-88.375,314.375,9,3.1111,0.0,9.35,0.0,de_Gerlache,36.1,False,Background,
-88.875,147.125,5,3.4,0.0,8.28,0.0,Shackleton,24.8,False,Background,
-87.625,143.375,4,3.0,0.0,7.11,0.0,Sverdrup,15.5,True,Background,confirmed within Sverdrup PSR boundary
-86.625,141.375,5,3.8,0.0,6.51,0.0,Sverdrup,44.4,False,Background,
-87.375,315.375,3,3.0,0.0,10.79,0.0,Haworth,53.5,False,Background,
-87.375,315.125,7,3.4286,0.0,10.77,0.0,Haworth,53.8,False,Background,
-87.875,314.625,3,4.0,0.0,17.06,0.0,de_Gerlache,43.7,False,Background,
-85.875,315.625,4,3.25,0.0,4.25,0.0,Cabeus,29.6,True,Background,confirmed within Cabeus PSR boundary
-87.375,314.625,3,4.0,0.0,11.69,0.0,Haworth,54.4,False,Background,
-88.875,139.375,6,3.6667,0.0,11.54,0.0,Shackleton,24.3,False,Background,
-87.625,135.875,22,3.0909,0.0,13.25,0.0,Sverdrup,22.2,False,Background,
-85.375,133.875,4,3.0,0.0,3.33,0.0,Sverdrup,85.0,False,Background,
-86.125,132.375,8,3.75,0.0,5.16,0.0,Sverdrup,64.0,False,Background,
-89.375,317.875,4,3.5,0.0,4.53,0.0,Shackleton,28.9,False,Background,
-88.375,126.875,3,3.6667,0.0,11.15,0.0,Sverdrup,26.8,False,Background,
-89.375,322.625,4,3.5,0.0,4.39,0.0,Shackleton,28.8,False,Background,
-89.625,96.875,3,3.3333,0.0,31.76,0.0,Shackleton,6.1,True,Background,confirmed within Shackleton PSR boundary
-88.375,124.625,3,3.6667,0.0,11.74,0.0,Sverdrup,28.7,False,Background,
-85.875,125.875,3,3.3333,0.0,5.3,0.0,Sverdrup,75.9,False,Background,
-86.125,311.125,3,3.3333,0.0,8.96,0.0,Cabeus,38.9,True,Background,confirmed within Cabeus PSR boundary
-87.625,312.875,7,3.8571,0.0,18.18,0.0,de_Gerlache,47.3,False,Background,
-87.875,121.375,4,3.25,0.0,10.18,0.0,Sverdrup,33.8,False,Background,
-85.875,124.625,3,3.0,0.0,4.3,0.0,Sverdrup,76.9,False,Background,
-86.625,311.125,4,4.0,0.0,11.25,0.0,Cabeus,53.4,False,Background,
-85.625,123.125,7,4.0,0.0,4.82,0.0,Sverdrup,85.2,False,Background,
-86.875,310.875,3,3.0,0.0,10.33,0.0,Cabeus,60.9,False,Background,
-85.625,121.625,7,3.7143,0.0,6.17,0.0,Faustini,84.5,False,Background,
-86.125,309.625,3,3.6667,0.0,7.31,0.0,Cabeus,40.1,True,Background,confirmed within Cabeus PSR boundary
-89.625,69.625,3,5.0,0.0,16.65,0.0,Shackleton,10.7,False,Background,
-86.375,117.875,4,4.0,0.0,4.3,0.0,Faustini,62.7,False,Background,
-87.375,310.875,3,3.3333,0.0,15.61,0.0,de_Gerlache,51.2,False,Background,
-87.375,113.875,3,3.0,0.0,9.28,0.0,Faustini,43.7,False,Background,
-89.125,335.375,9,3.4444,0.0,7.08,0.0,Shackleton,35.8,False,Background,
-88.375,105.625,3,4.3333,0.0,12.16,0.0,Shackleton,40.3,False,Background,
-85.125,116.375,4,3.0,0.0,3.27,0.0,Faustini,89.6,False,Background,
-85.875,306.875,3,4.6667,0.0,18.27,0.0,Cabeus,36.9,True,Background,confirmed within Cabeus PSR boundary
-89.125,330.125,3,5.0,0.0,12.0,0.0,Shackleton,36.1,False,Background,
-89.625,21.875,4,3.5,0.0,6.97,0.0,Shackleton,17.3,False,Background,
-87.625,107.125,3,3.3333,0.0,6.51,0.0,Faustini,34.8,False,Background,
-86.375,111.625,5,3.2,0.0,7.68,0.0,Faustini,53.5,False,Background,
-87.625,310.375,4,3.0,0.0,29.15,0.0,de_Gerlache,45.1,False,Background,
-86.125,305.375,4,5.0,0.0,11.31,0.0,Cabeus,44.7,True,Background,confirmed within Cabeus PSR boundary
-89.125,332.875,9,3.3333,0.0,5.32,0.0,Shackleton,35.9,False,Background,
-87.875,102.125,3,4.0,0.0,12.25,0.0,Faustini,31.7,False,Background,
-86.375,108.875,3,3.0,0.0,9.92,0.0,Faustini,49.6,False,Background,
-85.375,110.375,3,3.3333,0.0,5.09,0.0,Faustini,75.4,False,Background,
-87.375,104.375,3,3.6667,0.0,12.3,0.0,Faustini,30.6,False,Background,
-86.875,305.875,3,3.3333,0.0,11.27,0.0,de_Gerlache,59.8,False,Background,
-88.875,79.625,3,4.3333,0.0,4.43,0.0,Shackleton,28.7,False,Background,
-86.125,105.375,3,4.3333,0.0,6.19,0.0,Faustini,50.3,False,Background,
-85.375,105.625,3,4.3333,0.0,5.82,0.0,Faustini,69.7,False,Background,
-88.125,311.375,4,3.5,0.0,6.93,0.0,de_Gerlache,36.7,False,Background,
-85.875,299.625,5,3.8,0.0,8.53,0.0,Cabeus,49.4,False,Background,
-89.375,5.125,9,3.5556,0.0,13.23,0.0,Shackleton,25.9,False,Background,
-89.125,49.125,3,3.6667,0.0,4.23,0.0,Shackleton,26.7,False,Background,
-88.125,86.125,3,3.6667,0.0,8.47,0.0,Faustini,28.3,False,Background,
-85.375,98.375,3,3.0,0.0,12.14,0.0,Faustini,62.3,False,Background,
-88.375,310.625,3,3.3333,0.0,11.4,0.0,de_Gerlache,33.1,False,Background,
-87.875,304.625,4,4.0,0.0,4.43,0.0,de_Gerlache,34.9,False,Background,
-86.375,294.375,3,6.0,0.0,8.85,0.0,de_Gerlache,66.0,False,Background,
-88.125,305.875,3,3.6667,0.0,11.13,0.0,de_Gerlache,31.9,False,Background,
-88.625,312.125,7,3.1429,0.0,11.52,0.0,de_Gerlache,32.8,False,Background,
-89.125,27.125,3,3.6667,0.0,14.1,0.0,Shackleton,30.3,False,Background,
-89.125,356.875,8,3.125,0.0,11.17,0.0,Shackleton,34.1,False,Background,
-85.875,87.875,3,3.0,0.0,10.23,0.0,Faustini,41.0,False,Background,
-85.875,288.125,4,3.0,0.0,11.04,0.0,Cabeus,73.2,False,Background,
-88.875,39.375,7,3.2857,0.0,16.76,0.0,Shackleton,35.6,False,Background,
-88.375,60.875,3,3.6667,0.0,14.88,0.0,Faustini,43.6,False,Background,
-85.875,82.375,3,3.0,0.0,14.48,0.0,Faustini,40.2,False,Background,
-88.875,38.875,8,3.0,0.0,16.43,0.0,Shackleton,35.7,False,Background,
-87.125,288.375,3,3.3333,0.0,5.03,0.0,de_Gerlache,41.1,False,Background,
-85.625,80.375,4,3.25,0.0,4.31,0.0,Faustini,48.1,False,Background,
-85.625,281.875,4,4.75,0.0,5.85,0.0,de_Gerlache,83.2,False,Background,
-87.875,292.875,3,3.6667,0.0,7.49,0.0,de_Gerlache,24.9,False,Background,
-88.625,306.875,4,3.0,0.0,11.05,0.0,de_Gerlache,28.9,False,Background,
-86.375,77.125,3,5.6667,0.0,8.12,0.0,Faustini,27.1,False,Background,
-88.125,294.375,3,3.3333,0.0,9.8,0.0,de_Gerlache,21.7,False,Background,
-89.125,20.875,5,3.8,0.0,5.82,0.0,Shackleton,31.2,False,Background,
-85.125,277.125,5,4.2,0.0,4.52,0.0,de_Gerlache,97.5,False,Background,
-86.875,282.375,3,3.3333,0.0,4.84,0.0,de_Gerlache,45.9,False,Background,
-88.875,308.625,4,3.5,0.0,10.91,0.0,de_Gerlache,30.9,False,Background,
-88.375,294.875,4,3.5,0.0,13.16,0.0,de_Gerlache,19.8,False,Background,
-87.375,282.125,3,4.0,0.0,10.17,0.0,de_Gerlache,31.0,False,Background,
-88.875,34.375,5,4.2,0.0,15.42,0.0,Shackleton,36.4,False,Background,
-85.625,273.875,3,4.0,0.0,5.36,0.0,de_Gerlache,82.1,False,Background,
-88.875,33.125,7,3.1429,0.0,13.42,0.0,Shackleton,36.6,False,Background,
-87.625,56.625,3,3.3333,0.0,15.91,0.0,Faustini,38.2,False,Background,
-85.375,267.375,4,3.0,0.0,9.19,0.0,de_Gerlache,89.9,False,Background,
-86.125,64.375,4,3.0,0.0,10.16,0.0,Nobile,37.9,False,Background,
-87.625,274.125,3,3.3333,0.0,7.89,0.0,de_Gerlache,21.5,False,Background,
-87.625,272.125,3,3.0,0.0,9.83,0.0,de_Gerlache,21.4,False,Background,
-88.875,35.625,5,3.4,0.0,15.39,0.0,Shackleton,36.2,False,Background,
-88.875,31.625,10,3.3,0.0,10.43,0.0,Shackleton,36.8,False,Background,
-88.375,275.125,3,3.0,0.0,3.92,0.0,de_Gerlache,3.0,True,Background,confirmed within de_Gerlache PSR boundary
-88.125,267.875,3,4.6667,0.0,20.65,0.0,de_Gerlache,7.3,True,Background,confirmed within de_Gerlache PSR boundary
-87.875,49.375,3,3.6667,0.0,5.68,0.0,Faustini,47.7,False,Background,
-86.375,256.625,3,4.0,0.0,3.2,0.0,de_Gerlache,62.6,False,Background,
-85.375,58.625,7,3.0,0.0,6.89,0.0,Nobile,14.0,True,Background,confirmed within Nobile PSR boundary
-86.125,254.875,4,3.25,0.0,5.02,0.0,de_Gerlache,70.7,False,Background,
-86.375,254.125,3,3.3333,0.0,5.22,0.0,de_Gerlache,63.7,False,Background,
-86.875,253.375,3,5.3333,0.0,6.36,0.0,de_Gerlache,49.5,False,Background,
-86.375,250.375,4,3.75,0.0,8.95,0.0,de_Gerlache,65.6,False,Background,
-85.125,244.375,6,3.3333,0.0,13.26,0.0,de_Gerlache,105.6,False,Background,
-87.375,248.875,3,3.6667,0.0,19.6,0.0,de_Gerlache,38.6,False,Background,
-89.375,2.375,3,3.3333,0.0,12.47,0.0,Shackleton,26.2,False,Background,
-86.375,47.875,5,3.4,0.0,19.41,0.0,Nobile,38.3,False,Background,
-88.625,255.625,4,3.75,0.0,15.31,0.0,de_Gerlache,15.9,True,Background,confirmed within de_Gerlache PSR boundary
-88.375,34.125,17,3.4118,0.0,12.76,0.0,Haworth,49.2,False,Background,
-87.625,243.625,3,5.6667,0.0,7.23,0.0,de_Gerlache,36.5,False,Background,
-88.625,252.375,3,3.0,0.0,8.75,0.0,de_Gerlache,18.0,False,Background,
-87.125,238.125,3,3.6667,0.0,7.4,0.0,de_Gerlache,53.2,False,Background,
-85.125,43.125,3,4.3333,0.0,20.51,0.0,Nobile,26.7,True,Background,confirmed within Nobile PSR boundary
-86.125,39.875,3,4.3333,0.0,15.06,0.0,Nobile,42.3,False,Background,
-88.375,237.625,4,3.75,0.0,11.7,0.0,de_Gerlache,29.6,False,Background,
-87.375,35.875,3,4.6667,0.0,10.46,0.0,Haworth,54.2,False,Background,
-85.875,213.875,5,3.0,0.0,5.96,0.0,de_Gerlache,107.3,False,Background,
-85.625,33.875,5,3.0,0.0,18.14,0.0,Nobile,49.4,False,Background,
-85.125,32.625,4,3.5,0.0,7.79,0.0,Nobile,53.3,False,Background,
-89.875,107.875,3,3.3333,0.0,31.48,0.0,Shackleton,6.6,True,Background,confirmed within Shackleton PSR boundary
-89.375,51.625,4,3.5,0.0,6.2,0.0,Shackleton,19.5,False,Background,
-85.875,29.125,3,4.3333,0.0,14.97,0.0,Nobile,60.9,False,Background,
-86.125,199.125,3,3.6667,0.0,6.83,0.0,Sverdrup,87.7,False,Background,
-85.625,197.125,3,3.6667,0.0,4.25,0.0,Sverdrup,99.1,False,Background,
-88.125,31.375,3,3.3333,0.0,13.49,0.0,Haworth,45.4,False,Background,
-86.875,24.625,3,3.3333,0.0,5.16,0.0,Haworth,46.7,False,Background,
-85.875,185.875,3,3.0,0.0,5.37,0.0,Sverdrup,81.6,False,Background,
-86.875,15.625,3,3.3333,0.0,13.04,0.0,Haworth,35.0,False,Background,
-86.375,13.625,3,4.6667,0.0,6.16,0.0,Haworth,44.2,False,Background,
-85.375,12.625,4,3.25,0.0,9.24,0.0,Haworth,70.8,False,Background,
-89.875,64.875,3,5.0,0.0,27.31,0.0,Shackleton,9.1,True,Background,confirmed within Shackleton PSR boundary
-86.625,178.375,5,5.2,0.0,5.46,0.0,Sverdrup,54.6,False,Background,
-85.125,2.625,4,3.25,0.0,6.49,0.0,Haworth,72.4,False,Background,
-89.625,158.375,3,3.0,0.0,30.05,0.0,Shackleton,5.5,True,Background,confirmed within Shackleton PSR boundary
-87.125,173.625,3,4.0,0.0,9.51,0.0,Sverdrup,37.6,False,Background,
-87.125,357.375,5,3.2,0.0,10.49,0.0,Haworth,10.9,True,Background,confirmed within Haworth PSR boundary
-85.375,170.125,5,3.8,0.0,7.31,0.0,Sverdrup,84.5,False,Background,
-87.125,354.875,5,3.8,0.0,9.51,0.0,Haworth,10.5,True,Background,confirmed within Haworth PSR boundary
-85.125,167.875,4,4.25,0.0,7.49,0.0,Sverdrup,90.8,False,Background,
-87.375,353.625,3,3.6667,0.0,5.73,0.0,Haworth,3.7,True,Background,confirmed within Haworth PSR boundary
-89.125,155.625,6,4.0,0.0,6.82,0.0,Shackleton,18.1,False,Background,
-86.375,349.875,5,3.0,0.0,9.14,0.0,Haworth,34.3,False,Background,
-87.125,155.875,3,3.3333,0.0,3.47,0.0,Sverdrup,26.9,False,Background,
-85.375,341.875,5,3.8,0.0,12.85,0.0,Cabeus,67.4,False,Background,
-85.125,339.875,3,3.0,0.0,15.09,0.0,Cabeus,62.8,False,Background,
-89.125,136.125,17,3.1176,0.0,5.5,0.0,Shackleton,16.6,False,Background,
-86.875,340.625,3,3.0,0.0,11.53,0.0,Haworth,28.3,False,Background,
-86.125,150.625,3,3.0,0.0,4.8,0.0,Sverdrup,56.9,False,Background,
-86.375,335.125,4,4.75,0.0,18.73,0.0,Haworth,46.3,False,Background,
-87.125,334.875,3,3.6667,0.0,10.17,0.0,Haworth,30.9,False,Background,
-85.875,333.375,3,3.3333,0.0,10.71,0.0,Cabeus,51.3,False,Background,
-85.375,324.125,3,3.0,0.0,5.88,0.0,Cabeus,25.3,True,Background,confirmed within Cabeus PSR boundary
-88.375,324.875,3,3.0,0.0,8.02,0.0,Haworth,42.4,False,Background,
-86.875,139.625,4,3.75,0.0,6.12,0.0,Sverdrup,38.1,False,Background,
-88.375,138.125,10,3.8,0.0,8.52,0.0,Sverdrup,17.8,False,Background,
-88.875,136.625,6,3.6667,0.0,8.26,0.0,Shackleton,24.2,False,Background,
-87.375,136.625,5,4.0,0.0,7.82,0.0,Sverdrup,27.0,False,Background,
-88.125,136.375,21,3.2381,0.0,10.05,0.0,Sverdrup,16.9,False,Background,
-86.625,316.875,5,3.0,0.0,13.09,0.0,Cabeus,52.3,False,Background,
-87.875,136.375,19,3.3684,0.0,6.43,0.0,Sverdrup,17.9,False,Background,
-86.625,135.125,5,4.0,0.0,4.75,0.0,Sverdrup,48.0,False,Background,
-85.625,134.375,5,4.6,0.0,5.5,0.0,Sverdrup,77.4,False,Background,
-85.625,131.625,4,3.0,0.0,3.57,0.0,Sverdrup,79.0,False,Background,
-87.625,134.875,5,4.2,0.0,14.07,0.0,Sverdrup,23.2,False,Background,
-85.125,301.875,4,3.75,0.0,13.17,0.0,Cabeus,37.8,True,Background,confirmed within Cabeus PSR boundary
-86.125,130.125,3,4.3333,0.0,5.61,0.0,Sverdrup,65.6,False,Background,
-85.375,293.125,3,3.0,0.0,8.71,0.0,Cabeus,60.1,False,Background,
-87.625,131.875,4,3.5,0.0,4.99,0.0,Sverdrup,26.2,False,Background,
-89.125,190.625,4,3.25,0.0,8.66,0.0,Shackleton,23.4,False,Background,
-88.125,239.375,4,5.25,0.0,11.62,0.0,de_Gerlache,30.8,False,Background,
-88.625,126.875,3,3.0,0.0,10.99,0.0,Sverdrup,29.3,False,Background,
-88.125,111.375,4,3.25,0.0,3.46,0.0,Sverdrup,41.4,False,Background,
-89.125,106.625,3,3.6667,0.0,6.41,0.0,Shackleton,17.7,False,Background,
-87.875,220.875,3,3.0,0.0,10.34,0.0,de_Gerlache,51.2,False,Background,
-88.375,208.875,3,3.0,0.0,2.94,0.0,Shackleton,48.4,False,Background,
-89.125,149.625,3,3.0,0.0,7.56,0.0,Shackleton,17.5,False,Background,
-85.375,241.625,3,4.0,0.0,5.88,0.0,de_Gerlache,99.9,False,Background,
-88.125,92.375,3,3.0,0.0,7.64,0.0,Faustini,30.1,False,Background,
-89.125,137.125,5,3.8,0.0,7.2,0.0,Shackleton,16.7,False,Background,
-88.875,206.625,10,3.1,0.0,16.37,0.0,Shackleton,33.3,False,Background,
-89.125,203.125,9,3.1111,0.0,11.69,0.0,Shackleton,25.6,False,Background,
-88.125,226.125,3,3.0,0.0,10.88,0.0,de_Gerlache,42.3,False,Background,
-87.125,233.875,4,3.5,0.0,7.94,0.0,de_Gerlache,56.7,False,Background,
-87.125,80.125,3,3.6667,0.0,3.83,0.0,Faustini,5.2,True,Background,confirmed within Faustini PSR boundary
-88.875,214.375,4,5.0,0.0,13.78,0.0,Shackleton,34.7,False,Background,
-88.125,84.625,3,3.6667,0.0,4.38,0.0,Faustini,28.1,False,Background,
-89.375,178.125,8,3.0,0.0,8.31,0.0,Shackleton,14.4,False,Background,
-89.125,195.375,8,3.125,0.0,10.1,0.0,Shackleton,24.2,False,Background,
-86.625,234.125,3,3.6667,0.0,5.04,0.0,de_Gerlache,69.7,False,Background,
-85.625,236.375,5,3.0,0.0,8.35,0.0,de_Gerlache,96.1,False,Background,
-85.125,236.875,3,3.6667,0.0,19.61,0.0,de_Gerlache,110.3,False,Background,
-87.625,77.375,4,3.25,0.0,13.5,0.0,Faustini,15.2,True,Background,confirmed within Faustini PSR boundary
-89.375,134.625,9,3.5556,0.0,24.23,0.0,Shackleton,9.0,True,Background,confirmed within Shackleton PSR boundary
-89.375,165.375,6,3.0,0.0,12.65,0.0,Shackleton,12.3,False,Background,
-87.625,226.625,3,5.0,0.0,10.15,0.0,de_Gerlache,51.3,False,Background,
-86.875,230.125,4,3.25,0.0,5.35,0.0,de_Gerlache,66.3,False,Background,
-88.375,218.875,4,3.25,0.0,2.72,0.0,de_Gerlache,44.7,False,Background,
-87.625,226.375,3,3.6667,0.0,8.45,0.0,de_Gerlache,51.5,False,Background,
-86.375,230.125,5,3.2,0.0,7.05,0.0,de_Gerlache,79.7,False,Background,
-89.375,176.375,3,4.3333,0.0,9.41,0.0,Shackleton,14.1,False,Background,
-87.625,224.625,4,5.0,0.0,4.78,0.0,de_Gerlache,53.0,False,Background,
-86.625,228.875,6,3.5,0.0,6.29,0.0,de_Gerlache,74.0,False,Background,
-85.875,230.875,6,3.1667,0.0,7.95,0.0,de_Gerlache,93.1,False,Background,
-87.375,68.875,6,3.3333,0.0,6.94,0.0,Faustini,21.2,True,Background,confirmed within Faustini PSR boundary
-88.625,80.625,3,4.3333,0.0,3.42,0.0,Shackleton,35.9,False,Background,
-87.125,66.375,4,3.25,0.0,5.49,0.0,Faustini,25.3,False,Background,
-85.875,62.375,5,3.0,0.0,6.22,0.0,Nobile,29.6,True,Background,confirmed within Nobile PSR boundary
-87.125,65.125,4,3.0,0.0,8.78,0.0,Faustini,27.2,False,Background,
-87.625,68.125,4,3.25,0.0,13.32,0.0,Faustini,24.3,False,Background,
-89.375,148.375,3,4.0,0.0,19.31,0.0,Shackleton,10.0,True,Background,confirmed within Shackleton PSR boundary
-87.125,224.875,3,4.6667,0.0,3.85,0.0,de_Gerlache,64.5,False,Background,
-85.625,60.875,6,3.1667,0.0,11.57,0.0,Nobile,22.4,True,Background,confirmed within Nobile PSR boundary
-85.375,227.625,4,3.25,0.0,7.4,0.0,de_Gerlache,109.9,False,Background,
-89.125,84.625,5,3.4,0.0,6.65,0.0,Shackleton,20.7,False,Background,
-89.125,94.875,3,4.3333,0.0,7.43,0.0,Shackleton,19.2,False,Background,
-89.375,171.625,5,3.0,0.0,9.91,0.0,Shackleton,13.3,False,Background,
-87.625,63.875,3,4.3333,0.0,14.08,0.0,Faustini,29.3,False,Background,
-85.875,225.125,5,3.8,0.0,6.09,0.0,de_Gerlache,97.7,False,Background,
-85.625,57.625,4,3.25,0.0,9.09,0.0,Nobile,16.8,True,Background,confirmed within Nobile PSR boundary
-86.375,58.625,3,3.3333,0.0,12.38,0.0,Nobile,37.9,False,Background,
-87.125,60.875,3,3.3333,0.0,6.31,0.0,Faustini,33.4,False,Background,
-89.125,82.375,5,4.4,0.0,5.23,0.0,Shackleton,21.0,False,Background,
-86.875,222.375,7,3.1429,0.0,9.99,0.0,de_Gerlache,73.0,False,Background,
-88.625,207.875,8,3.375,0.0,10.24,0.0,Shackleton,40.9,False,Background,
-88.125,214.625,23,3.2609,0.0,5.58,0.0,de_Gerlache,51.9,False,Background,
-88.625,68.875,3,3.6667,0.0,15.93,0.0,Shackleton,37.8,False,Background,
-87.625,216.625,4,5.0,0.0,10.25,0.0,de_Gerlache,60.1,False,Background,
-86.125,221.125,5,3.0,0.0,9.38,0.0,de_Gerlache,94.1,False,Background,
-87.125,55.875,3,3.6667,0.0,6.99,0.0,Faustini,40.8,False,Background,
-87.625,57.375,5,3.8,0.0,16.62,0.0,Faustini,37.3,False,Background,
-87.875,58.625,3,4.0,0.0,11.6,0.0,Faustini,37.6,False,Background,
-87.375,216.375,10,3.1,0.0,3.91,0.0,de_Gerlache,65.9,False,Background,
-88.375,59.375,3,3.6667,0.0,13.74,0.0,Faustini,44.6,False,Background,
-88.375,55.375,3,3.3333,0.0,3.7,0.0,Faustini,47.3,False,Background,
-85.875,218.875,8,3.125,0.0,9.47,0.0,de_Gerlache,103.0,False,Background,
-85.125,219.625,3,3.3333,0.0,5.86,0.0,de_Gerlache,123.6,False,Background,
-85.375,43.625,6,3.0,0.0,17.09,0.0,Nobile,25.4,True,Background,confirmed within Nobile PSR boundary
-85.875,217.875,7,4.4286,0.0,6.12,0.0,de_Gerlache,103.9,False,Background,
-88.375,46.125,4,3.5,0.0,3.29,0.0,Shackleton,49.1,False,Background,
-89.125,52.625,3,5.0,0.0,3.89,0.0,Shackleton,26.1,False,Background,
-85.625,217.625,4,4.25,0.0,4.75,0.0,de_Gerlache,111.1,False,Background,
-85.375,217.625,5,3.6,0.0,7.43,0.0,de_Gerlache,118.1,False,Background,
-89.625,201.625,3,3.0,0.0,12.94,0.0,Shackleton,12.6,False,Background,
-88.125,41.125,4,3.75,0.0,3.44,0.0,Haworth,55.1,False,Background,
-88.125,39.375,4,4.0,0.0,3.93,0.0,Haworth,53.4,False,Background,
-86.875,34.875,9,3.0,0.0,9.85,0.0,Haworth,60.4,False,Background,
-88.875,35.375,8,3.75,0.0,15.65,0.0,Shackleton,36.2,False,Background,
-89.125,214.125,3,4.0,0.0,15.73,0.0,Shackleton,27.5,False,Background,
-89.125,32.125,5,3.6,0.0,7.45,0.0,Shackleton,29.5,False,Background,
-85.625,214.125,4,3.5,0.0,10.02,0.0,de_Gerlache,114.1,False,Background,
-85.125,32.125,10,3.3,0.0,9.82,0.0,Nobile,54.6,False,Background,
-88.375,30.625,7,3.0,0.0,12.77,0.0,Haworth,46.3,False,Background,
-89.125,28.875,4,3.25,0.0,15.54,0.0,Shackleton,30.0,False,Background,
-89.375,27.125,4,3.0,0.0,5.45,0.0,Shackleton,23.2,False,Background,
-89.625,23.875,5,3.4,0.0,7.37,0.0,Shackleton,17.0,False,Background,
-89.625,226.125,3,4.3333,0.0,14.41,0.0,Shackleton,16.0,False,Background,
-88.625,27.625,6,3.8333,0.0,18.88,0.0,Shackleton,44.8,False,Background,
-89.625,224.875,3,3.3333,0.0,16.11,0.0,Shackleton,15.8,False,Background,
-89.375,222.375,7,4.4286,0.0,12.53,0.0,Shackleton,21.9,False,Background,
-87.125,213.625,4,3.0,0.0,5.59,0.0,de_Gerlache,74.4,False,Background,
-85.125,212.875,5,3.2,0.0,7.3,0.0,Sverdrup,129.1,False,Background,
-89.375,17.875,5,4.4,0.0,11.01,0.0,Shackleton,24.5,False,Background,
-88.125,214.875,4,3.0,0.0,6.0,0.0,de_Gerlache,51.7,False,Background,
-88.875,217.375,3,4.0,0.0,12.04,0.0,Shackleton,35.2,False,Background,
-85.125,211.625,4,4.0,0.0,6.71,0.0,Sverdrup,127.8,False,Background,
-86.375,211.625,4,3.0,0.0,7.89,0.0,Sverdrup,94.4,False,Background,
-88.875,220.125,6,4.1667,0.0,11.22,0.0,Shackleton,35.7,False,Background,
-85.125,209.375,5,3.0,0.0,9.73,0.0,Sverdrup,125.4,False,Background,
-89.125,4.625,4,3.0,0.0,8.12,0.0,Shackleton,33.3,False,Background,
-87.375,211.125,3,3.0,0.0,5.01,0.0,de_Gerlache,70.5,False,Background,
-89.625,285.375,4,3.25,0.0,13.1,0.0,Shackleton,20.9,False,Background,
-85.125,207.875,5,4.6,0.0,7.59,0.0,Sverdrup,123.8,False,Background,
-87.625,210.875,3,3.6667,0.0,4.63,0.0,de_Gerlache,65.0,False,Background,
-86.125,207.875,3,3.0,0.0,5.92,0.0,Sverdrup,96.9,False,Background,
-87.375,15.125,4,3.5,0.0,6.64,0.0,Haworth,27.0,False,Background,
-89.125,358.875,8,3.0,0.0,8.28,0.0,Shackleton,33.9,False,Background,
-86.875,208.875,6,4.0,0.0,11.68,0.0,Sverdrup,79.3,False,Background,
-85.125,17.125,5,3.6,0.0,15.89,0.0,Haworth,81.7,False,Background,
-86.625,15.125,4,4.0,0.0,19.99,0.0,Haworth,39.8,False,Background,
-89.625,262.625,3,3.0,0.0,19.55,0.0,Shackleton,19.6,False,Background,
-88.125,211.625,7,3.5714,0.0,4.57,0.0,de_Gerlache,54.3,False,Background,
-87.875,7.875,3,4.6667,0.0,17.34,0.0,Haworth,19.7,True,Background,confirmed within Haworth PSR boundary
-88.625,1.125,3,3.0,0.0,17.37,0.0,Haworth,35.5,False,Background,
-87.625,208.125,3,3.6667,0.0,8.16,0.0,Sverdrup,62.7,False,Background,
-86.125,204.125,3,5.3333,0.0,8.26,0.0,Sverdrup,92.9,False,Background,
-85.875,203.875,3,3.3333,0.0,8.79,0.0,Sverdrup,99.2,False,Background,
-85.625,11.625,4,3.5,0.0,9.86,0.0,Haworth,62.8,False,Background,
-87.125,9.375,3,36.6667,0.0,13.95,0.0,Haworth,22.6,True,Background,confirmed within Haworth PSR boundary
-87.875,6.125,3,3.3333,0.0,13.44,0.0,Haworth,18.0,True,Background,confirmed within Haworth PSR boundary
-85.375,202.125,3,3.0,0.0,3.96,0.0,Sverdrup,111.0,False,Background,
-85.625,10.875,4,3.25,0.0,6.35,0.0,Haworth,62.2,False,Background,
-88.875,355.625,4,3.5,0.0,17.11,0.0,Shackleton,41.7,False,Background,
-88.875,353.125,8,3.125,0.0,18.86,0.0,Shackleton,41.9,False,Background,
-89.375,337.625,5,3.8,0.0,4.9,0.0,Shackleton,28.2,False,Background,
-89.625,318.375,3,3.0,0.0,8.35,0.0,Shackleton,21.3,False,Background,
-88.625,355.875,6,3.5,0.0,7.87,0.0,Haworth,35.0,False,Background,
-88.875,351.375,4,3.75,0.0,19.13,0.0,Shackleton,42.1,False,Background,
-85.625,196.875,6,3.3333,0.0,5.18,0.0,Sverdrup,98.9,False,Background,
-85.625,6.375,7,3.2857,0.0,23.81,0.0,Haworth,59.2,False,Background,
-89.375,328.875,3,3.0,0.0,4.59,0.0,Shackleton,28.6,False,Background,
-88.125,359.375,5,3.8,0.0,19.83,0.0,Haworth,20.4,True,Background,confirmed within Haworth PSR boundary
-86.125,2.875,3,4.0,0.0,14.68,0.0,Haworth,42.7,False,Background,
-87.125,1.625,6,3.8333,0.0,12.04,0.0,Haworth,13.8,True,Background,confirmed within Haworth PSR boundary
-87.125,192.125,4,3.5,0.0,14.86,0.0,Sverdrup,56.0,False,Background,
-87.875,192.625,3,3.3333,0.0,18.71,0.0,Sverdrup,43.0,False,Background,
-86.375,0.875,4,4.25,0.0,8.68,0.0,Haworth,34.4,False,Background,
-85.625,187.625,6,3.5,0.0,10.8,0.0,Sverdrup,90.1,False,Background,
-89.875,307.875,3,3.0,0.0,13.42,0.0,Shackleton,13.8,False,Background,
-89.625,224.125,3,3.6667,0.0,15.39,0.0,Shackleton,15.7,False,Background,
-86.875,184.875,3,6.6667,0.0,4.32,0.0,Sverdrup,54.3,False,Background,
-85.375,182.625,6,3.3333,0.0,7.81,0.0,Sverdrup,92.9,False,Background,
-85.125,357.625,5,3.4,0.0,5.34,0.0,Haworth,71.2,False,Background,
-87.625,355.625,5,3.0,0.0,4.04,0.0,Haworth,4.7,True,Background,confirmed within Haworth PSR boundary
-87.875,182.375,4,4.75,0.0,8.39,0.0,Sverdrup,32.4,False,Background,
-86.875,354.625,8,3.0,0.0,14.88,0.0,Haworth,18.1,True,Background,confirmed within Haworth PSR boundary
-88.375,351.875,4,3.0,0.0,4.1,0.0,Haworth,27.7,False,Background,
-86.625,179.875,6,4.0,0.0,4.26,0.0,Sverdrup,55.9,False,Background,
-88.625,349.625,3,8.0,0.0,17.49,0.0,Haworth,35.5,False,Background,
-85.875,178.375,5,4.4,0.0,6.5,0.0,Sverdrup,75.3,False,Background,
-86.875,352.125,4,3.25,0.0,13.59,0.0,Haworth,18.7,True,Background,confirmed within Haworth PSR boundary
-89.125,343.375,6,3.3333,0.0,10.46,0.0,Shackleton,35.3,False,Background,
-87.375,178.625,4,3.5,0.0,7.16,0.0,Sverdrup,36.7,False,Background,
-88.125,349.375,3,3.3333,0.0,14.38,0.0,Haworth,21.0,True,Background,confirmed within Haworth PSR boundary
-89.625,198.375,4,3.0,0.0,10.2,0.0,Shackleton,12.1,False,Background,
-88.875,182.625,3,3.6667,0.0,3.56,0.0,Shackleton,29.2,False,Background,
-88.625,180.875,3,5.0,0.0,3.68,0.0,Sverdrup,31.1,False,Background,
-86.625,176.875,5,3.6,0.0,3.65,0.0,Sverdrup,53.3,False,Background,
-86.375,176.875,7,3.5714,0.0,3.95,0.0,Sverdrup,60.1,False,Background,
-85.375,176.125,5,3.4,0.0,24.58,0.0,Sverdrup,88.1,False,Background,
-87.375,349.375,4,4.0,0.0,10.74,0.0,Haworth,8.6,True,Background,confirmed within Haworth PSR boundary
-85.375,349.625,4,4.0,0.0,8.16,0.0,Haworth,64.4,False,Background,
-86.875,175.375,3,5.0,0.0,3.83,0.0,Sverdrup,45.5,False,Background,
-88.875,341.125,3,4.3333,0.0,17.76,0.0,Shackleton,43.0,False,Background,
-89.125,182.375,10,3.1,0.0,7.68,0.0,Shackleton,22.0,False,Background,
-88.125,176.375,3,3.3333,0.0,5.44,0.0,Sverdrup,24.6,False,Background,
-85.125,346.375,8,3.5,0.0,10.42,0.0,Haworth,73.0,False,Background,
-85.875,171.875,3,3.0,0.0,3.18,0.0,Sverdrup,70.8,False,Background,
-86.375,344.125,4,4.25,0.0,8.4,0.0,Haworth,37.7,False,Background,
-87.625,342.375,4,4.5,0.0,15.09,0.0,Haworth,17.4,True,Background,confirmed within Haworth PSR boundary
-89.125,329.625,8,3.5,0.0,12.85,0.0,Shackleton,36.1,False,Background,
-85.875,342.125,8,3.875,0.0,7.35,0.0,Haworth,53.4,False,Background,
-87.875,338.875,3,4.3333,0.0,14.8,0.0,Haworth,23.6,True,Background,confirmed within Haworth PSR boundary
-88.125,173.375,3,3.0,0.0,4.9,0.0,Sverdrup,21.6,False,Background,
-88.625,174.625,4,3.5,0.0,12.79,0.0,Sverdrup,27.0,False,Background,
-89.125,325.375,3,3.6667,0.0,8.58,0.0,Shackleton,36.3,False,Background,
-86.875,166.875,6,3.8333,0.0,8.3,0.0,Sverdrup,39.0,False,Background,
-85.375,336.875,3,4.3333,0.0,6.21,0.0,Cabeus,55.2,False,Background,
-88.875,324.375,8,3.5,0.0,12.75,0.0,de_Gerlache,40.2,False,Background,
-85.375,162.375,3,3.0,0.0,11.21,0.0,Sverdrup,81.2,False,Background,
-88.875,319.375,8,3.0,0.0,9.77,0.0,de_Gerlache,37.3,False,Background,
-89.375,299.375,3,3.0,0.0,11.04,0.0,Shackleton,28.9,False,Background,
-86.125,161.875,4,3.0,0.0,8.85,0.0,Sverdrup,58.5,False,Background,
-86.375,331.125,3,4.3333,0.0,11.9,0.0,Haworth,50.8,False,Background,
-86.875,330.125,3,3.0,0.0,8.55,0.0,Haworth,41.3,False,Background,
-89.125,312.875,3,4.3333,0.0,4.47,0.0,de_Gerlache,35.2,False,Background,
-88.125,166.375,3,4.0,0.0,8.9,0.0,Sverdrup,14.7,True,Background,confirmed within Sverdrup PSR boundary
-87.375,163.875,4,4.0,0.0,9.07,0.0,Sverdrup,23.4,False,Background,
-88.125,164.625,3,3.3333,0.0,5.22,0.0,Sverdrup,13.0,True,Background,confirmed within Sverdrup PSR boundary
-88.875,314.625,5,3.2,0.0,7.5,0.0,de_Gerlache,34.4,False,Background,
-89.125,174.375,4,4.25,0.0,7.82,0.0,Shackleton,20.7,False,Background,
-88.875,171.375,4,4.5,0.0,8.68,0.0,Shackleton,27.5,False,Background,
-87.625,161.125,3,3.0,0.0,6.07,0.0,Sverdrup,15.1,True,Background,confirmed within Sverdrup PSR boundary
-88.625,317.375,6,3.5,0.0,5.92,0.0,de_Gerlache,36.5,False,Background,
-89.125,177.875,6,3.1667,0.0,6.91,0.0,Shackleton,21.3,False,Background,
-88.875,166.875,3,3.0,0.0,9.57,0.0,Shackleton,26.9,False,Background,
-85.875,154.375,4,4.75,0.0,4.56,0.0,Sverdrup,64.5,False,Background,
-85.125,325.625,5,3.2,0.0,7.09,0.0,Cabeus,26.2,True,Background,confirmed within Cabeus PSR boundary
-87.625,321.375,5,3.2,0.0,8.99,0.0,Haworth,43.7,False,Background,
-85.125,151.375,10,3.0,0.0,6.74,0.0,Sverdrup,87.2,False,Background,
-85.125,324.125,5,3.2,0.0,5.23,0.0,Cabeus,22.5,True,Background,confirmed within Cabeus PSR boundary
-86.625,150.125,3,3.6667,0.0,4.85,0.0,Sverdrup,41.8,False,Background,
-88.625,314.375,6,3.0,0.0,12.86,0.0,de_Gerlache,34.4,False,Background,
-87.125,149.625,3,4.3333,0.0,4.53,0.0,Sverdrup,26.8,False,Background,
-85.875,148.375,3,3.3333,0.0,9.25,0.0,Sverdrup,64.7,False,Background,
-85.625,321.125,3,4.3333,0.0,6.24,0.0,Cabeus,25.4,True,Background,confirmed within Cabeus PSR boundary
-85.625,320.375,5,3.6,0.0,6.56,0.0,Cabeus,24.5,True,Background,confirmed within Cabeus PSR boundary
-87.125,147.125,3,4.3333,0.0,3.29,0.0,Sverdrup,27.4,False,Background,
-87.375,146.125,4,3.75,0.0,5.03,0.0,Sverdrup,20.5,False,Background,
-86.625,318.125,8,3.25,0.0,11.15,0.0,Cabeus,52.5,False,Background,
-87.875,145.375,3,4.0,0.0,9.18,0.0,Sverdrup,8.6,True,Background,confirmed within Sverdrup PSR boundary
-88.625,145.875,3,4.3333,0.0,7.87,0.0,Sverdrup,19.8,False,Background,
-87.875,144.125,4,4.25,0.0,6.64,0.0,Sverdrup,9.9,True,Background,confirmed within Sverdrup PSR boundary
-88.625,144.375,5,4.4,0.0,8.48,0.0,Sverdrup,20.2,False,Background,
-87.875,142.875,3,4.3333,0.0,4.87,0.0,Sverdrup,11.2,True,Background,confirmed within Sverdrup PSR boundary
-86.125,140.875,3,4.0,0.0,5.2,0.0,Sverdrup,59.4,False,Background,
-85.375,140.625,4,4.25,0.0,4.65,0.0,Sverdrup,81.9,False,Background,
-88.375,313.625,9,3.4444,0.0,9.23,0.0,de_Gerlache,35.5,False,Background,
-89.625,152.125,5,3.2,0.0,28.47,0.0,Shackleton,4.4,True,Background,confirmed within Shackleton PSR boundary
-89.375,308.875,3,4.6667,0.0,6.48,0.0,Shackleton,29.0,False,Background,
-88.875,142.625,6,3.3333,0.0,11.26,0.0,Shackleton,24.5,False,Background,
-88.375,138.625,10,3.3,0.0,7.83,0.0,Sverdrup,17.4,False,Background,
-88.875,137.125,11,3.0,0.0,9.48,0.0,Shackleton,24.2,False,Background,
-88.625,136.625,13,3.0769,0.0,7.26,0.0,Sverdrup,23.5,False,Background,
-85.625,313.875,7,3.5714,0.0,9.86,0.0,Cabeus,22.6,True,Background,confirmed within Cabeus PSR boundary
-86.125,312.875,5,3.2,0.0,5.96,0.0,Cabeus,37.9,True,Background,confirmed within Cabeus PSR boundary
-85.375,130.875,9,3.5556,0.0,4.04,0.0,Sverdrup,86.8,False,Background,
-85.375,312.125,4,3.25,0.0,8.63,0.0,Cabeus,17.5,True,Background,confirmed within Cabeus PSR boundary
-88.125,125.375,4,3.0,0.0,8.82,0.0,Sverdrup,27.8,False,Background,
-87.375,126.375,5,3.0,0.0,6.16,0.0,Sverdrup,36.7,False,Background,
-85.625,310.625,9,3.3333,0.0,19.04,0.0,Cabeus,25.8,True,Background,confirmed within Cabeus PSR boundary
-86.375,311.375,3,3.6667,0.0,6.86,0.0,Cabeus,45.9,True,Background,confirmed within Cabeus PSR boundary
-88.375,119.875,3,3.0,0.0,12.64,0.0,Sverdrup,32.7,False,Background,
-86.625,120.375,4,3.0,0.0,4.94,0.0,Sverdrup,60.3,False,Background,
-86.625,310.375,3,3.0,0.0,8.67,0.0,Cabeus,53.7,False,Background,
-89.625,52.375,3,4.0,0.0,13.93,0.0,Shackleton,13.4,False,Background,
-85.375,308.125,4,4.25,0.0,11.57,0.0,Cabeus,24.8,True,Background,confirmed within Cabeus PSR boundary
-89.625,37.875,3,4.0,0.0,10.82,0.0,Shackleton,15.4,False,Background,
-87.625,106.125,3,4.0,0.0,8.2,0.0,Faustini,33.6,False,Background,
-86.125,107.875,4,3.25,0.0,5.02,0.0,Faustini,53.6,False,Background,
-85.625,303.125,4,3.0,0.0,9.69,0.0,Cabeus,38.9,True,Background,confirmed within Cabeus PSR boundary
-88.625,322.125,4,3.0,0.0,8.25,0.0,de_Gerlache,39.9,False,Background,
-88.875,330.125,4,4.0,0.0,13.14,0.0,Shackleton,43.6,False,Background,
-89.375,5.375,7,3.0,0.0,12.29,0.0,Shackleton,25.9,False,Background,
-86.875,104.375,3,4.3333,0.0,13.63,0.0,Faustini,34.3,False,Background,
-87.125,306.125,6,3.8333,0.0,6.13,0.0,de_Gerlache,53.4,False,Background,
-87.125,101.625,3,3.3333,0.0,17.27,0.0,Faustini,27.6,False,Background,
-86.875,102.875,4,4.5,0.0,10.56,0.0,Faustini,32.1,False,Background,
-85.125,300.625,4,3.5,0.0,11.13,0.0,Cabeus,41.0,True,Background,confirmed within Cabeus PSR boundary
-88.875,78.875,3,4.0,0.0,5.22,0.0,Shackleton,28.8,False,Background,
-87.125,304.375,3,3.3333,0.0,10.22,0.0,de_Gerlache,52.0,False,Background,
-85.375,102.875,3,3.0,0.0,10.04,0.0,Faustini,66.7,False,Background,
-88.125,310.875,3,3.0,0.0,5.67,0.0,de_Gerlache,36.2,False,Background,
-85.625,298.375,6,3.6667,0.0,6.77,0.0,Cabeus,49.0,False,Background,
-87.625,305.375,4,3.0,0.0,4.87,0.0,de_Gerlache,40.7,False,Background,
-86.375,97.125,3,3.0,0.0,7.39,0.0,Faustini,34.2,False,Background,
-89.125,357.875,3,3.3333,0.0,10.37,0.0,Shackleton,34.0,False,Background,
-86.375,95.875,4,3.0,0.0,7.83,0.0,Faustini,32.8,False,Background,
-85.875,295.125,5,3.2,0.0,6.23,0.0,Cabeus,58.4,False,Background,
-87.375,300.125,3,3.3333,0.0,8.19,0.0,de_Gerlache,42.3,False,Background,
-89.125,41.375,5,4.0,0.0,5.63,0.0,Shackleton,28.0,False,Background,
-86.875,91.625,3,4.6667,0.0,18.19,0.0,Faustini,16.4,True,Background,confirmed within Faustini PSR boundary
-85.875,95.125,4,3.75,0.0,11.95,0.0,Faustini,45.5,False,Background,
-87.625,301.125,4,3.25,0.0,4.74,0.0,de_Gerlache,37.1,False,Background,
-89.125,36.375,4,3.75,0.0,4.98,0.0,Shackleton,28.9,False,Background,
-85.625,94.625,4,3.0,0.0,9.96,0.0,Faustini,52.2,False,Background,
-85.125,92.125,3,3.3333,0.0,5.99,0.0,Faustini,65.3,False,Background,
-85.125,287.875,5,3.6,0.0,9.75,0.0,Cabeus,73.7,False,Background,
-85.875,289.375,4,3.75,0.0,9.64,0.0,Cabeus,70.5,False,Background,
-87.125,293.875,4,3.5,0.0,5.92,0.0,de_Gerlache,44.4,False,Background,
-85.375,84.875,3,3.6667,0.0,7.97,0.0,Faustini,55.4,False,Background,
-89.125,10.375,4,3.5,0.0,7.73,0.0,Shackleton,32.6,False,Background,
-88.625,52.125,3,3.0,0.0,8.92,0.0,Shackleton,40.7,False,Background,
-85.375,282.375,3,3.0,0.0,14.42,0.0,Cabeus,86.3,False,Background,
-88.875,44.625,3,3.0,0.0,11.88,0.0,Shackleton,34.7,False,Background,
-85.375,280.875,4,4.25,0.0,7.6,0.0,Cabeus,89.9,False,Background,
-85.625,79.125,4,3.0,0.0,6.61,0.0,Faustini,48.4,False,Background,
-86.125,280.625,3,3.3333,0.0,10.19,0.0,de_Gerlache,67.9,False,Background,
-86.125,280.125,3,3.3333,0.0,6.12,0.0,de_Gerlache,67.7,False,Background,
-86.375,281.125,3,3.6667,0.0,12.46,0.0,de_Gerlache,60.5,False,Background,
-87.875,289.875,4,3.25,0.0,7.73,0.0,de_Gerlache,22.5,False,Background,
-85.125,276.375,3,3.0,0.0,5.49,0.0,de_Gerlache,97.4,False,Background,
-85.625,276.125,3,4.0,0.0,6.06,0.0,de_Gerlache,82.2,False,Background,
-86.875,280.625,3,4.3333,0.0,4.13,0.0,de_Gerlache,45.3,False,Background,
-86.875,279.625,3,3.6667,0.0,3.6,0.0,de_Gerlache,45.1,False,Background,
-86.875,68.625,3,4.0,0.0,5.79,0.0,Faustini,24.9,False,Background,
-85.125,67.125,4,3.5,0.0,9.53,0.0,Nobile,34.8,True,Background,confirmed within Nobile PSR boundary
-88.625,289.625,3,5.0,0.0,22.85,0.0,de_Gerlache,16.7,False,Background,
-86.875,60.625,4,3.75,0.0,14.72,0.0,Faustini,36.5,False,Background,
-85.875,64.875,4,3.25,0.0,5.7,0.0,Nobile,34.0,True,Background,confirmed within Nobile PSR boundary
-85.375,263.375,4,3.5,0.0,4.96,0.0,de_Gerlache,90.5,False,Background,
-87.125,269.125,3,3.3333,0.0,11.02,0.0,de_Gerlache,36.7,False,Background,
-85.125,261.875,3,3.3333,0.0,2.34,0.0,de_Gerlache,98.4,False,Background,
-87.375,266.625,3,4.0,0.0,10.06,0.0,de_Gerlache,29.6,False,Background,
-87.375,264.375,3,4.0,0.0,11.7,0.0,de_Gerlache,30.2,False,Background,
-85.375,256.875,3,4.0,0.0,4.5,0.0,de_Gerlache,92.3,False,Background,
-85.625,58.875,5,3.8,0.0,10.33,0.0,Nobile,18.7,True,Background,confirmed within Nobile PSR boundary
-85.625,58.125,4,3.0,0.0,10.8,0.0,Nobile,17.5,True,Background,confirmed within Nobile PSR boundary
-87.125,256.875,3,5.0,0.0,7.15,0.0,de_Gerlache,40.5,False,Background,
-86.375,251.875,3,3.0,0.0,9.94,0.0,de_Gerlache,64.8,False,Background,
-86.125,248.625,4,3.0,0.0,19.62,0.0,de_Gerlache,73.8,False,Background,
-85.875,243.125,4,3.5,0.0,18.54,0.0,de_Gerlache,84.4,False,Background,
-85.375,48.625,3,3.6667,0.0,10.43,0.0,Nobile,13.6,True,Background,confirmed within Nobile PSR boundary
-87.625,246.375,3,3.6667,0.0,8.92,0.0,de_Gerlache,34.3,False,Background,
-85.875,45.125,3,3.6667,0.0,16.79,0.0,Nobile,28.9,True,Background,confirmed within Nobile PSR boundary
-88.375,33.375,13,3.1538,0.0,12.78,0.0,Haworth,48.6,False,Background,
-87.625,35.625,8,3.625,0.0,14.83,0.0,Haworth,51.4,False,Background,
-85.625,39.875,4,3.75,0.0,26.48,0.0,Nobile,35.7,True,Background,confirmed within Nobile PSR boundary
-88.875,234.375,6,3.1667,0.0,11.62,0.0,de_Gerlache,31.5,False,Background,
-86.125,221.625,4,3.0,0.0,7.2,0.0,de_Gerlache,93.7,False,Background,
-88.625,224.125,4,3.25,0.0,4.72,0.0,de_Gerlache,38.3,False,Background,
-87.125,35.375,4,3.25,0.0,5.16,0.0,Haworth,57.0,False,Background,
-86.125,35.625,4,3.25,0.0,9.54,0.0,Nobile,49.8,False,Background,
-87.375,34.625,5,3.2,0.0,9.76,0.0,Haworth,52.6,False,Background,
-89.625,34.375,6,3.3333,0.0,9.18,0.0,Shackleton,15.8,False,Background,
-89.625,41.625,3,4.3333,0.0,11.86,0.0,Shackleton,14.9,False,Background,
-88.625,206.125,5,3.6,0.0,12.45,0.0,Shackleton,40.6,False,Background,
-87.875,33.375,5,3.0,0.0,10.41,0.0,Haworth,47.4,False,Background,
-86.625,32.125,5,3.4,0.0,16.45,0.0,Haworth,61.5,False,Background,
-86.875,31.375,3,4.0,0.0,6.28,0.0,Haworth,55.7,False,Background,
-87.875,32.375,3,3.6667,0.0,12.59,0.0,Haworth,46.3,False,Background,
-85.375,28.625,5,3.0,0.0,9.24,0.0,Nobile,62.0,False,Background,
-89.125,179.375,6,3.1667,0.0,7.38,0.0,Shackleton,21.5,False,Background,
-86.375,21.625,3,4.0,0.0,10.25,0.0,Haworth,53.4,False,Background,
-85.875,18.375,4,3.5,0.0,12.64,0.0,Haworth,62.2,False,Background,
-89.125,167.375,3,3.3333,0.0,7.69,0.0,Shackleton,19.6,False,Background,
-86.125,186.375,3,3.3333,0.0,3.88,0.0,Sverdrup,75.2,False,Background,
-89.625,108.375,5,4.4,0.0,28.56,0.0,Shackleton,4.1,True,Background,confirmed within Shackleton PSR boundary
-86.125,180.375,4,3.5,0.0,3.6,0.0,Sverdrup,69.9,False,Background,
-85.625,172.125,3,3.0,0.0,5.61,0.0,Sverdrup,78.2,False,Background,
-85.875,352.125,3,4.0,0.0,14.67,0.0,Haworth,48.7,False,Background,
-89.125,158.875,5,3.0,0.0,8.37,0.0,Shackleton,18.5,False,Background,
-86.875,164.625,4,4.75,0.0,10.54,0.0,Sverdrup,37.7,False,Background,
-88.875,157.375,6,3.1667,0.0,15.71,0.0,Shackleton,25.7,False,Background,
-86.625,349.375,3,4.3333,0.0,8.66,0.0,Haworth,27.2,False,Background,
-85.625,346.625,3,3.6667,0.0,12.38,0.0,Haworth,58.0,False,Background,
-85.875,345.125,4,3.75,0.0,13.33,0.0,Haworth,51.4,False,Background,
-86.625,153.125,3,3.3333,0.0,4.57,0.0,Sverdrup,41.7,False,Background,
-87.125,337.375,3,4.0,0.0,16.74,0.0,Haworth,27.6,False,Background,
-87.125,336.125,3,3.6667,0.0,13.7,0.0,Haworth,29.2,False,Background,
-86.625,145.625,4,4.0,0.0,4.3,0.0,Sverdrup,42.8,False,Background,
-86.875,327.625,5,3.6,0.0,8.43,0.0,Haworth,44.6,False,Background,
-85.875,327.125,4,3.5,0.0,11.58,0.0,Cabeus,40.0,True,Background,confirmed within Cabeus PSR boundary
-86.375,142.125,5,4.8,0.0,7.87,0.0,Sverdrup,51.4,False,Background,
-85.875,325.625,5,4.0,0.0,8.25,0.0,Cabeus,37.7,True,Background,confirmed within Cabeus PSR boundary
-85.875,141.625,5,3.6,0.0,6.61,0.0,Sverdrup,66.5,False,Background,
-87.125,325.125,3,4.3333,0.0,7.44,0.0,Haworth,43.9,False,Background,
-85.875,323.125,4,3.75,0.0,12.45,0.0,Cabeus,34.2,True,Background,confirmed within Cabeus PSR boundary
-87.125,139.375,5,3.0,0.0,4.22,0.0,Sverdrup,31.3,False,Background,
-88.625,137.875,6,3.8333,0.0,10.46,0.0,Sverdrup,22.9,False,Background,
-85.375,319.375,5,4.6,0.0,13.55,0.0,Cabeus,16.8,True,Background,confirmed within Cabeus PSR boundary
-88.375,136.625,6,3.6667,0.0,6.38,0.0,Sverdrup,18.9,False,Background,
-85.875,136.625,5,4.4,0.0,6.17,0.0,Sverdrup,68.8,False,Background,
-87.625,136.125,7,4.0,0.0,14.76,0.0,Sverdrup,22.0,False,Background,
-86.625,134.875,5,4.6,0.0,5.23,0.0,Sverdrup,48.2,False,Background,
-88.125,137.125,16,3.125,0.0,11.41,0.0,Sverdrup,16.2,True,Background,confirmed within Sverdrup PSR boundary
-87.125,133.625,4,3.0,0.0,5.67,0.0,Sverdrup,35.7,False,Background,
-86.875,132.375,3,3.0,0.0,8.72,0.0,Sverdrup,43.2,False,Background,
-86.375,130.875,3,4.3333,0.0,7.3,0.0,Sverdrup,58.0,False,Background,
-87.875,135.375,3,4.3333,0.0,5.99,0.0,Sverdrup,19.0,False,Background,
-85.375,126.875,3,4.6667,0.0,5.23,0.0,Sverdrup,89.5,False,Background,
-88.125,135.875,3,5.6667,0.0,12.02,0.0,Sverdrup,17.4,False,Background,
-87.875,130.375,3,3.6667,0.0,13.97,0.0,Sverdrup,24.3,False,Background,
-85.125,111.625,3,3.0,0.0,5.23,0.0,Faustini,83.5,False,Background,
-87.375,116.375,3,3.6667,0.0,16.84,0.0,Sverdrup,47.1,False,Background,
-86.875,215.125,4,3.0,0.0,7.49,0.0,de_Gerlache,79.4,False,Background,
-86.625,85.125,3,3.0,0.0,13.98,0.0,Faustini,17.7,True,Background,confirmed within Faustini PSR boundary
-87.125,87.875,3,3.3333,0.0,4.54,0.0,Faustini,7.3,True,Background,confirmed within Faustini PSR boundary
-89.125,145.875,4,4.0,0.0,11.79,0.0,Shackleton,17.2,False,Background,
-86.625,239.375,3,3.6667,0.0,11.21,0.0,de_Gerlache,65.6,False,Background,
-86.125,241.125,5,3.2,0.0,16.02,0.0,de_Gerlache,78.5,False,Background,
-88.125,94.625,4,3.75,0.0,8.93,0.0,Faustini,31.2,False,Background,
-89.125,169.625,16,3.5625,0.0,8.78,0.0,Shackleton,20.0,False,Background,
-88.125,226.625,5,4.4,0.0,10.74,0.0,de_Gerlache,41.9,False,Background,
-87.875,230.125,9,3.5556,0.0,12.34,0.0,de_Gerlache,43.1,False,Background,
-87.875,89.125,4,3.75,0.0,10.13,0.0,Faustini,21.8,False,Background,
-87.625,84.375,4,3.0,0.0,13.74,0.0,Faustini,13.0,True,Background,confirmed within Faustini PSR boundary
-88.875,210.625,9,3.5556,0.0,16.29,0.0,Shackleton,34.0,False,Background,
-88.625,216.375,16,3.625,0.0,7.21,0.0,Shackleton,42.4,False,Background,
-85.875,76.625,4,3.0,0.0,6.69,0.0,Faustini,41.9,False,Background,
-86.625,78.875,5,3.4,0.0,9.63,0.0,Faustini,18.8,True,Background,confirmed within Faustini PSR boundary
-86.875,79.875,3,4.6667,0.0,16.12,0.0,Faustini,11.2,True,Background,confirmed within Faustini PSR boundary
-87.125,79.375,3,3.3333,0.0,6.96,0.0,Faustini,6.2,True,Background,confirmed within Faustini PSR boundary
-89.125,123.875,3,3.0,0.0,7.31,0.0,Shackleton,16.6,False,Background,
-87.125,77.875,3,3.6667,0.0,18.16,0.0,Faustini,8.4,True,Background,confirmed within Faustini PSR boundary
-88.375,86.375,4,4.25,0.0,8.24,0.0,Faustini,35.8,False,Background,
-86.375,234.625,5,3.6,0.0,11.85,0.0,de_Gerlache,76.2,False,Background,
-87.625,228.375,5,3.4,0.0,10.59,0.0,de_Gerlache,49.7,False,Background,
-86.125,71.125,3,3.0,0.0,11.87,0.0,Faustini,38.8,False,Background,
-88.625,85.875,3,3.0,0.0,7.13,0.0,Shackleton,35.1,False,Background,
-87.125,72.125,4,3.5,0.0,12.96,0.0,Faustini,16.8,True,Background,confirmed within Faustini PSR boundary
-85.625,67.625,6,3.3333,0.0,6.86,0.0,Nobile,36.7,False,Background,
-89.375,129.625,6,3.3333,0.0,23.43,0.0,Shackleton,8.9,True,Background,confirmed within Shackleton PSR boundary
-89.375,134.375,9,3.0,0.0,23.35,0.0,Shackleton,9.0,True,Background,confirmed within Shackleton PSR boundary
-86.625,230.625,5,3.2,0.0,7.34,0.0,de_Gerlache,72.5,False,Background,
-85.125,65.625,9,3.3333,0.0,10.35,0.0,Nobile,31.0,True,Background,confirmed within Nobile PSR boundary
-85.875,66.625,3,4.0,0.0,12.54,0.0,Nobile,37.3,False,Background,
-86.625,68.625,3,4.3333,0.0,6.83,0.0,Faustini,29.4,False,Background,
-87.625,72.875,3,3.0,0.0,12.73,0.0,Faustini,19.1,True,Background,confirmed within Faustini PSR boundary
-87.875,73.625,3,3.0,0.0,9.06,0.0,Faustini,23.9,False,Background,
-88.125,76.375,4,3.0,0.0,8.95,0.0,Faustini,29.3,False,Background,
-87.125,67.375,3,5.3333,0.0,7.01,0.0,Faustini,23.9,False,Background,
-88.625,212.625,14,3.0714,0.0,6.95,0.0,Shackleton,41.7,False,Background,
-87.875,221.375,4,3.0,0.0,9.51,0.0,de_Gerlache,50.8,False,Background,
-85.875,227.875,6,3.1667,0.0,5.26,0.0,de_Gerlache,95.5,False,Background,
-85.375,228.625,7,3.2857,0.0,8.42,0.0,de_Gerlache,109.1,False,Background,
-89.375,98.375,3,3.0,0.0,15.58,0.0,Shackleton,11.6,False,Background,
-87.625,221.375,6,3.1667,0.0,5.21,0.0,de_Gerlache,55.9,False,Background,
-88.375,69.875,4,3.25,0.0,9.21,0.0,Faustini,38.7,False,Background,
-86.375,59.875,3,5.0,0.0,12.48,0.0,Nobile,38.9,False,Background,
-87.375,63.125,3,3.6667,0.0,8.19,0.0,Faustini,29.2,False,Background,
-87.375,63.375,4,5.0,0.0,6.64,0.0,Faustini,28.9,False,Background,
-88.375,69.375,3,3.6667,0.0,10.89,0.0,Faustini,38.9,False,Background,
-88.625,209.125,10,3.6,0.0,8.92,0.0,Shackleton,41.1,False,Background,
-88.625,210.875,14,3.4286,0.0,6.91,0.0,Shackleton,41.4,False,Background,
-85.625,225.375,4,3.25,0.0,6.16,0.0,de_Gerlache,104.6,False,Background,
-85.375,57.375,4,5.0,0.0,5.23,0.0,Nobile,11.3,True,Background,confirmed within Nobile PSR boundary
-86.125,58.125,4,4.0,0.0,10.9,0.0,Nobile,30.5,True,Background,confirmed within Nobile PSR boundary
-86.375,58.875,4,3.0,0.0,12.57,0.0,Nobile,38.1,False,Background,
-87.625,62.875,4,3.25,0.0,15.27,0.0,Faustini,30.5,False,Background,
-89.125,80.625,5,3.8,0.0,4.56,0.0,Shackleton,21.3,False,Background,
-89.625,144.625,6,3.5,0.0,21.81,0.0,Shackleton,3.1,True,Background,confirmed within Shackleton PSR boundary
-89.125,194.375,10,3.0,0.0,9.42,0.0,Shackleton,24.1,False,Background,
-87.125,221.125,3,4.3333,0.0,5.44,0.0,de_Gerlache,67.8,False,Background,
-87.125,59.375,6,4.3333,0.0,7.61,0.0,Faustini,35.7,False,Background,
-87.125,59.875,4,4.75,0.0,7.39,0.0,Faustini,34.9,False,Background,
-86.375,222.125,4,3.25,0.0,7.84,0.0,de_Gerlache,86.4,False,Background,
-85.625,53.875,5,3.2,0.0,6.01,0.0,Nobile,13.5,True,Background,confirmed within Nobile PSR boundary
-85.875,221.375,5,5.6,0.0,4.32,0.0,de_Gerlache,100.9,False,Background,
-86.875,54.875,3,4.3333,0.0,12.0,0.0,Faustini,45.0,False,Background,
-88.125,60.625,4,4.5,0.0,12.26,0.0,Faustini,39.1,False,Background,
-87.875,214.625,19,3.4737,0.0,12.56,0.0,de_Gerlache,56.6,False,Background,
-86.875,218.875,7,3.1429,0.0,5.49,0.0,de_Gerlache,76.1,False,Background,
-87.125,53.875,3,3.3333,0.0,5.54,0.0,Faustini,43.7,False,Background,
-87.125,54.125,3,3.3333,0.0,5.6,0.0,Faustini,43.3,False,Background,
-87.625,56.125,4,4.5,0.0,15.9,0.0,Faustini,38.9,False,Background,
-87.875,57.375,4,3.25,0.0,10.37,0.0,Faustini,38.9,False,Background,
-87.875,55.625,4,3.25,0.0,9.74,0.0,Faustini,40.8,False,Background,
-85.625,48.375,10,3.0,0.0,8.17,0.0,Nobile,18.4,True,Background,confirmed within Nobile PSR boundary
-87.125,50.625,4,3.5,0.0,5.25,0.0,Faustini,48.4,False,Background,
-87.625,52.375,3,3.0,0.0,17.53,0.0,Faustini,43.6,False,Background,
-87.625,48.125,4,3.0,0.0,12.53,0.0,Faustini,48.9,False,Background,
-89.625,94.125,3,3.0,0.0,31.55,0.0,Shackleton,6.6,True,Background,confirmed within Shackleton PSR boundary
-86.125,217.625,8,3.625,0.0,12.43,0.0,de_Gerlache,97.2,False,Background,
-89.375,60.125,3,4.3333,0.0,7.46,0.0,Shackleton,18.0,False,Background,
-89.625,72.125,3,5.3333,0.0,16.98,0.0,Shackleton,10.3,True,Background,confirmed within Shackleton PSR boundary
-85.375,40.625,9,3.4444,0.0,22.28,0.0,Nobile,32.7,True,Background,confirmed within Nobile PSR boundary
-89.625,56.375,6,3.0,0.0,15.06,0.0,Shackleton,12.8,False,Background,
-89.125,42.625,5,3.4,0.0,4.18,0.0,Shackleton,27.8,False,Background,
-86.625,36.625,7,3.1429,0.0,9.4,0.0,Nobile,56.7,False,Background,
-86.875,214.875,4,3.25,0.0,8.03,0.0,de_Gerlache,79.6,False,Background,
-85.125,215.125,5,4.2,0.0,3.92,0.0,de_Gerlache,127.4,False,Background,
-87.375,34.875,6,3.6667,0.0,9.33,0.0,Haworth,52.9,False,Background,
-85.875,33.375,10,3.1,0.0,14.42,0.0,Nobile,51.8,False,Background,
-85.375,31.875,4,3.75,0.0,8.43,0.0,Nobile,54.1,False,Background,
-88.875,29.375,9,3.0,0.0,13.03,0.0,Shackleton,37.2,False,Background,
-86.375,213.625,4,3.75,0.0,6.24,0.0,de_Gerlache,93.9,False,Background,
-88.125,28.875,3,4.6667,0.0,14.2,0.0,Haworth,43.0,False,Background,
-89.375,22.625,3,3.3333,0.0,10.71,0.0,Shackleton,23.9,False,Background,
-86.625,213.375,3,4.3333,0.0,10.73,0.0,de_Gerlache,87.4,False,Background,
-88.375,25.625,3,3.3333,0.0,14.72,0.0,Haworth,42.3,False,Background,
-88.875,23.625,3,3.0,0.0,9.95,0.0,Shackleton,38.1,False,Background,
-89.625,230.625,5,4.2,0.0,9.99,0.0,Shackleton,16.5,False,Background,
-85.625,27.375,7,3.1429,0.0,14.57,0.0,Nobile,64.4,False,Background,
-89.375,14.375,4,4.0,0.0,8.99,0.0,Shackleton,24.9,False,Background,
-86.875,212.625,4,3.5,0.0,10.3,0.0,de_Gerlache,81.6,False,Background,
-86.625,212.375,8,3.375,0.0,7.35,0.0,de_Gerlache,88.3,False,Background,
-86.375,212.375,7,3.2857,0.0,7.31,0.0,de_Gerlache,95.0,False,Background,
-89.125,16.125,9,3.6667,0.0,6.9,0.0,Shackleton,31.9,False,Background,
-87.875,21.375,3,4.0,0.0,7.94,0.0,Haworth,34.0,False,Background,
-89.375,0.875,9,3.5556,0.0,10.56,0.0,Shackleton,26.4,False,Background,
-89.625,317.875,5,4.2,0.0,8.25,0.0,Shackleton,21.3,False,Background,
-85.375,209.625,9,3.2222,0.0,9.04,0.0,Sverdrup,118.8,False,Background,
-86.375,19.875,3,3.3333,0.0,10.05,0.0,Haworth,51.2,False,Background,
-89.625,323.375,4,3.25,0.0,5.78,0.0,Shackleton,21.2,False,Background,
-87.625,15.625,3,4.0,0.0,7.96,0.0,Haworth,26.6,False,Background,
-89.125,4.375,5,3.6,0.0,8.56,0.0,Shackleton,33.3,False,Background,
-89.375,231.375,3,3.0,0.0,12.73,0.0,Shackleton,23.2,False,Background,
-86.625,208.875,4,3.0,0.0,7.12,0.0,Sverdrup,85.3,False,Background,
-86.625,16.875,3,3.6667,0.0,10.51,0.0,Haworth,41.9,False,Background,
-89.625,274.125,4,3.25,0.0,14.93,0.0,Shackleton,20.4,False,Background,
-89.125,358.625,5,3.0,0.0,8.49,0.0,Shackleton,33.9,False,Background,
-89.625,333.875,4,3.25,0.0,4.2,0.0,Shackleton,20.9,False,Background,
-88.625,3.375,3,3.3333,0.0,16.33,0.0,Haworth,35.9,False,Background,
-88.875,357.875,4,4.25,0.0,10.4,0.0,Shackleton,41.4,False,Background,
-88.875,357.125,5,3.0,0.0,13.3,0.0,Shackleton,41.5,False,Background,
-87.375,8.375,4,3.25,0.0,11.94,0.0,Haworth,18.0,True,Background,confirmed within Haworth PSR boundary
-87.875,207.875,5,3.2,0.0,13.33,0.0,Sverdrup,58.2,False,Background,
-87.875,3.875,3,3.3333,0.0,13.86,0.0,Haworth,16.1,True,Background,confirmed within Haworth PSR boundary
-88.875,350.375,3,3.6667,0.0,19.16,0.0,Shackleton,42.2,False,Background,
-86.375,199.125,4,4.5,0.0,8.1,0.0,Sverdrup,81.3,False,Background,
-88.125,203.375,3,5.0,0.0,7.66,0.0,Sverdrup,50.6,False,Background,
-87.375,200.375,3,3.0,0.0,6.95,0.0,Sverdrup,59.5,False,Background,
-86.625,198.625,4,3.0,0.0,7.99,0.0,Sverdrup,74.5,False,Background,
-86.125,197.625,4,3.75,0.0,6.79,0.0,Sverdrup,86.2,False,Background,
-85.875,197.125,4,4.25,0.0,7.15,0.0,Sverdrup,92.3,False,Background,
-87.875,0.875,3,3.6667,0.0,7.45,0.0,Haworth,14.0,True,Background,confirmed within Haworth PSR boundary
-88.875,353.875,4,4.25,0.0,18.19,0.0,Shackleton,41.9,False,Background,
-87.125,3.125,3,5.3333,0.0,13.37,0.0,Haworth,15.3,True,Background,confirmed within Haworth PSR boundary
-89.625,276.625,4,3.25,0.0,13.01,0.0,Shackleton,20.5,False,Background,
-87.375,197.125,4,4.25,0.0,8.43,0.0,Sverdrup,56.0,False,Background,
-86.375,195.125,3,3.3333,0.0,3.87,0.0,Sverdrup,77.1,False,Background,
-88.375,357.625,7,3.8571,0.0,9.9,0.0,Haworth,27.6,False,Background,
-87.125,193.625,3,5.0,0.0,10.8,0.0,Sverdrup,57.5,False,Background,
-86.375,191.125,5,3.6,0.0,3.89,0.0,Sverdrup,73.1,False,Background,
-87.875,358.375,4,4.0,0.0,10.02,0.0,Haworth,12.8,True,Background,confirmed within Haworth PSR boundary
-89.625,335.125,3,4.0,0.0,4.52,0.0,Shackleton,20.8,False,Background,
-89.375,207.875,3,3.0,0.0,8.47,0.0,Shackleton,19.6,False,Background,
-87.375,189.875,3,4.0,0.0,6.01,0.0,Sverdrup,48.4,False,Background,
-87.875,189.625,3,5.0,0.0,14.17,0.0,Sverdrup,40.0,False,Background,
-87.375,188.625,3,4.0,0.0,7.7,0.0,Sverdrup,47.1,False,Background,
-87.125,358.625,4,4.0,0.0,10.61,0.0,Haworth,11.5,True,Background,confirmed within Haworth PSR boundary
-89.625,205.375,6,3.0,0.0,13.01,0.0,Shackleton,13.2,False,Background,
-85.875,355.125,4,4.0,0.0,19.02,0.0,Haworth,48.4,False,Background,
-87.625,353.625,3,3.6667,0.0,3.73,0.0,Haworth,5.2,True,Background,confirmed within Haworth PSR boundary
-88.375,351.375,3,3.3333,0.0,4.58,0.0,Haworth,27.8,False,Background,
-88.625,184.375,3,4.0,0.0,4.41,0.0,Sverdrup,33.5,False,Background,
-86.125,353.875,3,3.6667,0.0,15.18,0.0,Haworth,40.9,False,Background,
-87.125,353.125,6,3.5,0.0,10.7,0.0,Haworth,10.9,True,Background,confirmed within Haworth PSR boundary
-87.375,179.625,4,4.0,0.0,7.06,0.0,Sverdrup,37.7,False,Background,
-87.625,351.625,4,3.25,0.0,7.75,0.0,Haworth,6.7,True,Background,confirmed within Haworth PSR boundary
-85.625,177.375,5,3.8,0.0,19.06,0.0,Sverdrup,81.7,False,Background,
-86.625,351.125,3,4.3333,0.0,11.98,0.0,Haworth,26.4,False,Background,
-87.875,349.875,4,4.5,0.0,7.09,0.0,Haworth,14.0,True,Background,confirmed within Haworth PSR boundary
-88.875,344.625,3,3.6667,0.0,19.83,0.0,Shackleton,42.7,False,Background,
-89.125,342.875,6,4.0,0.0,9.24,0.0,Shackleton,35.3,False,Background,
-89.375,333.625,7,3.0,0.0,4.44,0.0,Shackleton,28.4,False,Background,
-89.125,185.875,7,3.5714,0.0,6.78,0.0,Shackleton,22.6,False,Background,
-85.625,347.125,4,4.5,0.0,12.86,0.0,Haworth,57.8,False,Background,
-88.375,176.875,4,3.0,0.0,8.89,0.0,Sverdrup,25.7,False,Background,
-87.125,344.625,4,3.5,0.0,19.0,0.0,Haworth,18.5,True,Background,confirmed within Haworth PSR boundary
-88.125,342.375,3,5.3333,0.0,13.64,0.0,Haworth,24.8,True,Background,confirmed within Haworth PSR boundary
-86.625,343.875,6,3.5,0.0,6.84,0.0,Haworth,31.1,False,Background,
-89.125,330.625,4,3.5,0.0,10.39,0.0,Shackleton,36.0,False,Background,
-88.125,174.875,3,4.6667,0.0,5.49,0.0,Sverdrup,23.1,False,Background,
-85.625,343.625,4,3.75,0.0,5.8,0.0,Haworth,59.6,False,Background,
-86.125,343.125,4,4.25,0.0,6.18,0.0,Haworth,45.5,False,Background,
-86.375,342.875,5,4.6,0.0,7.56,0.0,Haworth,38.7,False,Background,
-86.625,342.625,4,3.5,0.0,7.6,0.0,Haworth,32.3,False,Background,
-86.875,342.375,7,3.5714,0.0,11.67,0.0,Haworth,26.4,False,Background,
-86.125,170.125,4,5.25,0.0,3.71,0.0,Sverdrup,62.5,False,Background,
-88.125,173.125,4,4.0,0.0,4.47,0.0,Sverdrup,21.4,False,Background,
-88.125,334.125,3,4.3333,0.0,10.43,0.0,Haworth,31.4,False,Background,
-89.375,312.875,4,3.0,0.0,6.95,0.0,Shackleton,28.9,False,Background,
-88.625,173.875,3,4.0,0.0,11.84,0.0,Sverdrup,26.6,False,Background,
-88.375,171.375,3,4.3333,0.0,8.5,0.0,Sverdrup,21.2,False,Background,
-88.875,322.875,9,3.0,0.0,13.27,0.0,de_Gerlache,39.3,False,Background,
-89.125,321.875,4,3.5,0.0,3.23,0.0,Shackleton,36.4,False,Background,
-85.375,164.125,4,3.25,0.0,15.4,0.0,Sverdrup,81.8,False,Background,
-87.375,332.625,4,3.25,0.0,10.34,0.0,Haworth,30.9,False,Background,
-85.875,334.125,3,3.3333,0.0,13.04,0.0,Cabeus,52.8,False,Background,
-86.625,333.125,4,3.75,0.0,5.8,0.0,Haworth,42.7,False,Background,
-88.125,327.625,4,3.5,0.0,5.99,0.0,Haworth,37.3,False,Background,
-88.375,325.125,4,4.0,0.0,9.23,0.0,Haworth,42.2,False,Background,
-88.875,173.125,10,4.0,0.0,9.71,0.0,Shackleton,27.7,False,Background,
-85.375,160.375,4,3.0,0.0,7.18,0.0,Sverdrup,80.6,False,Background,
-88.125,324.625,4,3.5,0.0,8.26,0.0,Haworth,40.2,False,Background,
-89.125,310.625,12,4.3333,0.0,5.89,0.0,de_Gerlache,34.2,False,Background,
-85.125,330.125,3,5.6667,0.0,7.84,0.0,Cabeus,37.8,True,Background,confirmed within Cabeus PSR boundary
-86.375,328.875,4,3.5,0.0,12.58,0.0,Cabeus,53.4,False,Background,
-87.875,324.125,3,4.6667,0.0,11.66,0.0,Haworth,39.8,False,Background,
-88.625,318.375,10,3.5,0.0,4.7,0.0,de_Gerlache,37.3,False,Background,
-88.875,316.875,8,3.5,0.0,8.29,0.0,de_Gerlache,35.8,False,Background,
-85.875,157.875,4,3.25,0.0,4.7,0.0,Sverdrup,65.0,False,Background,
-86.625,157.625,6,3.5,0.0,6.08,0.0,Sverdrup,42.3,False,Background,
-86.125,157.125,7,3.2857,0.0,6.3,0.0,Sverdrup,57.3,False,Background,
-85.375,156.125,3,4.3333,0.0,10.3,0.0,Sverdrup,79.8,False,Background,
-86.875,157.125,3,3.6667,0.0,5.9,0.0,Sverdrup,34.7,False,Background,
-85.875,325.875,5,3.0,0.0,8.59,0.0,Cabeus,38.0,True,Background,confirmed within Cabeus PSR boundary
-89.375,177.375,7,3.1429,0.0,9.18,0.0,Shackleton,14.3,False,Background,
-86.625,155.375,6,3.5,0.0,10.11,0.0,Sverdrup,41.9,False,Background,
-88.125,319.625,3,4.3333,0.0,5.58,0.0,de_Gerlache,43.8,False,Background,
-87.625,155.875,3,3.0,0.0,7.17,0.0,Sverdrup,12.0,True,Background,confirmed within Sverdrup PSR boundary
-86.125,152.125,3,4.3333,0.0,4.2,0.0,Sverdrup,56.9,False,Background,
-86.875,322.125,6,3.1667,0.0,14.37,0.0,Haworth,51.9,False,Background,
-87.375,321.125,7,3.4286,0.0,9.8,0.0,Haworth,46.0,False,Background,
-89.125,163.375,7,3.5714,0.0,10.01,0.0,Shackleton,19.1,False,Background,
-87.375,153.125,3,3.0,0.0,4.46,0.0,Sverdrup,19.0,False,Background,
-87.875,319.125,3,3.0,0.0,13.72,0.0,Haworth,45.4,False,Background,
-88.125,152.625,3,3.0,0.0,8.7,0.0,Sverdrup,3.8,True,Background,confirmed within Sverdrup PSR boundary
-88.875,311.875,9,3.0,0.0,7.97,0.0,de_Gerlache,32.8,False,Background,
-88.375,150.375,3,3.3333,0.0,8.12,0.0,Sverdrup,11.6,True,Background,confirmed within Sverdrup PSR boundary
-86.125,319.375,9,3.2222,0.0,9.15,0.0,Cabeus,38.0,True,Background,confirmed within Cabeus PSR boundary
-88.625,313.875,6,3.0,0.0,11.45,0.0,de_Gerlache,34.0,False,Background,
-89.125,154.125,7,3.5714,0.0,6.93,0.0,Shackleton,17.9,False,Background,
-88.875,151.375,3,3.6667,0.0,6.22,0.0,Shackleton,25.1,False,Background,
-88.625,149.625,3,4.3333,0.0,9.17,0.0,Sverdrup,19.1,False,Background,
-85.875,318.625,5,3.2,0.0,5.22,0.0,Cabeus,30.2,True,Background,confirmed within Cabeus PSR boundary
-87.625,316.375,3,3.0,0.0,28.06,0.0,Haworth,49.8,False,Background,
-87.625,142.125,5,3.4,0.0,7.74,0.0,Sverdrup,16.5,True,Background,confirmed within Sverdrup PSR boundary
-87.125,141.625,7,4.0,0.0,4.94,0.0,Sverdrup,29.9,False,Background,
-88.875,144.375,4,3.0,0.0,12.76,0.0,Shackleton,24.6,False,Background,
-88.375,142.125,4,3.25,0.0,7.07,0.0,Sverdrup,15.1,True,Background,confirmed within Sverdrup PSR boundary
-88.125,141.375,4,5.25,0.0,7.5,0.0,Sverdrup,12.0,True,Background,confirmed within Sverdrup PSR boundary
-85.125,138.125,7,3.0,0.0,3.61,0.0,Sverdrup,90.3,False,Background,
-85.375,136.875,4,3.5,0.0,3.32,0.0,Sverdrup,83.5,False,Background,
-87.875,133.875,6,3.5,0.0,11.15,0.0,Sverdrup,20.6,False,Background,
-87.125,313.375,9,3.6667,0.0,12.71,0.0,Haworth,59.5,False,Background,
-87.125,132.125,7,3.7143,0.0,8.69,0.0,Sverdrup,36.9,False,Background,
-87.625,313.375,17,4.1765,0.0,20.96,0.0,de_Gerlache,47.7,False,Background,
-87.125,130.375,7,3.2857,0.0,4.49,0.0,Sverdrup,38.5,False,Background,
-85.375,311.125,4,4.75,0.0,10.68,0.0,Cabeus,19.1,True,Background,confirmed within Cabeus PSR boundary
-86.375,125.625,7,3.5714,0.0,8.54,0.0,Sverdrup,62.2,False,Background,
-85.875,310.875,5,4.2,0.0,10.05,0.0,Cabeus,32.1,True,Background,confirmed within Cabeus PSR boundary
-87.375,122.625,4,3.75,0.0,10.42,0.0,Sverdrup,40.5,False,Background,
-86.375,123.875,4,3.0,0.0,5.19,0.0,Sverdrup,63.7,False,Background,
-86.125,124.375,4,4.0,0.0,6.51,0.0,Sverdrup,70.1,False,Background,
-86.375,122.375,5,3.2,0.0,5.46,0.0,Sverdrup,65.0,False,Background,
-87.875,313.375,6,4.3333,0.0,15.36,0.0,de_Gerlache,42.6,False,Background,
-89.125,328.875,3,5.6667,0.0,14.93,0.0,Shackleton,36.1,False,Background,
-89.625,346.625,3,3.0,0.0,6.99,0.0,Shackleton,20.3,False,Background,
-89.625,67.125,3,3.3333,0.0,15.45,0.0,Shackleton,11.1,False,Background,
-86.125,118.125,4,3.5,0.0,5.97,0.0,Faustini,68.1,False,Background,
-86.625,309.125,3,4.0,0.0,5.31,0.0,Cabeus,54.4,False,Background,
-89.625,10.875,5,4.0,0.0,8.48,0.0,Shackleton,18.4,False,Background,
-87.375,112.125,3,3.3333,0.0,13.09,0.0,Faustini,41.3,False,Background,
-87.625,311.125,4,3.75,0.0,28.08,0.0,de_Gerlache,45.7,False,Background,
-86.875,308.125,5,3.0,0.0,6.78,0.0,de_Gerlache,61.6,False,Background,
-86.375,110.375,3,3.0,0.0,8.82,0.0,Faustini,51.7,False,Background,
-85.875,111.375,4,3.0,0.0,4.47,0.0,Faustini,64.2,False,Background,
-87.875,102.625,3,4.0,0.0,9.82,0.0,Faustini,32.2,False,Background,
-88.125,97.625,3,4.0,0.0,8.64,0.0,Faustini,33.0,False,Background,
-89.375,45.125,4,3.0,0.0,5.24,0.0,Shackleton,20.5,False,Background,
-87.125,103.125,3,4.3333,0.0,12.31,0.0,Faustini,29.8,False,Background,
-86.125,106.375,3,5.0,0.0,7.56,0.0,Faustini,51.6,False,Background,
-86.625,303.375,4,3.0,0.0,11.18,0.0,Cabeus,59.2,False,Background,
-87.875,309.625,3,3.6667,0.0,8.9,0.0,de_Gerlache,39.3,False,Background,
-88.125,311.875,3,3.3333,0.0,6.54,0.0,de_Gerlache,37.1,False,Background,
-89.375,34.875,4,3.5,0.0,7.31,0.0,Shackleton,22.1,False,Background,
-87.125,304.125,5,3.2,0.0,11.36,0.0,de_Gerlache,51.8,False,Background,
-85.875,100.375,4,4.25,0.0,10.19,0.0,Faustini,50.5,False,Background,
-86.625,301.375,3,4.3333,0.0,5.26,0.0,Cabeus,61.3,False,Background,
-85.875,99.125,4,3.25,0.0,10.89,0.0,Faustini,49.2,False,Background,
-85.625,99.625,3,4.0,0.0,19.81,0.0,Faustini,56.5,False,Background,
-87.875,306.625,5,3.8,0.0,4.77,0.0,de_Gerlache,36.7,False,Background,
-85.875,98.125,4,3.5,0.0,15.63,0.0,Faustini,48.2,False,Background,
-85.625,296.375,3,3.0,0.0,12.3,0.0,Cabeus,53.5,False,Background,
-87.625,302.875,4,3.75,0.0,4.16,0.0,de_Gerlache,38.6,False,Background,
-87.875,304.125,3,4.3333,0.0,3.03,0.0,de_Gerlache,34.5,False,Background,
-86.625,92.875,3,3.0,0.0,6.53,0.0,Faustini,23.4,False,Background,
-85.375,292.875,4,3.75,0.0,7.46,0.0,Cabeus,60.7,False,Background,
-85.375,94.875,3,3.0,0.0,6.11,0.0,Faustini,59.6,False,Background,
-85.375,291.625,5,3.4,0.0,7.36,0.0,Cabeus,63.8,False,Background,
-88.375,308.875,4,3.5,0.0,10.76,0.0,de_Gerlache,31.6,False,Background,
-88.625,311.625,3,3.0,0.0,12.14,0.0,de_Gerlache,32.4,False,Background,
-88.125,303.875,4,3.25,0.0,16.44,0.0,de_Gerlache,30.1,False,Background,
-89.125,353.375,8,3.375,0.0,11.95,0.0,Shackleton,34.4,False,Background,
-89.125,44.125,3,4.0,0.0,3.71,0.0,Shackleton,27.6,False,Background,
-85.625,87.125,3,3.0,0.0,12.1,0.0,Faustini,48.3,False,Background,
-85.625,287.375,3,3.3333,0.0,11.21,0.0,Cabeus,74.1,False,Background,
-85.125,86.875,4,3.25,0.0,3.27,0.0,Faustini,63.3,False,Background,
-89.125,4.875,4,4.0,0.0,7.93,0.0,Shackleton,33.3,False,Background,
-88.875,36.875,8,3.125,0.0,14.68,0.0,Shackleton,36.0,False,Background,
-86.625,79.375,3,3.0,0.0,12.58,0.0,Faustini,18.5,True,Background,confirmed within Faustini PSR boundary
-87.875,296.125,3,3.3333,0.0,8.59,0.0,de_Gerlache,27.6,False,Background,
-86.375,282.125,3,5.3333,0.0,14.26,0.0,de_Gerlache,60.7,False,Background,
-87.375,286.375,3,3.3333,0.0,7.25,0.0,de_Gerlache,33.0,False,Background,
-85.375,277.625,5,3.4,0.0,3.75,0.0,de_Gerlache,90.0,False,Background,
-86.375,279.625,4,3.25,0.0,4.3,0.0,de_Gerlache,60.1,False,Background,
-85.875,275.375,4,5.0,0.0,3.3,0.0,de_Gerlache,74.6,False,Background,
-85.875,272.125,4,4.5,0.0,3.56,0.0,de_Gerlache,74.4,False,Background,
-85.625,270.875,3,4.6667,0.0,3.8,0.0,de_Gerlache,82.0,False,Background,
-88.625,37.375,4,4.0,0.0,14.75,0.0,Shackleton,43.2,False,Background,
-86.625,63.375,4,4.25,0.0,13.95,0.0,Faustini,36.6,False,Background,
-88.625,41.125,4,3.25,0.0,13.0,0.0,Shackleton,42.6,False,Background,
-88.625,290.875,3,3.0,0.0,16.6,0.0,de_Gerlache,17.5,False,Background,
-85.125,263.125,5,3.0,0.0,5.57,0.0,de_Gerlache,98.1,False,Background,
-86.125,265.125,3,4.0,0.0,5.69,0.0,de_Gerlache,67.5,False,Background,
-86.125,261.625,3,3.0,0.0,3.46,0.0,de_Gerlache,68.3,False,Background,
-87.625,52.875,5,3.2,0.0,17.57,0.0,Faustini,42.9,False,Background,
-85.125,255.125,3,3.6667,0.0,4.99,0.0,de_Gerlache,100.5,False,Background,
-86.625,56.375,3,3.6667,0.0,9.87,0.0,Nobile,44.2,False,Background,
-86.375,253.125,4,4.75,0.0,7.11,0.0,de_Gerlache,64.1,False,Background,
-85.625,55.625,5,3.0,0.0,7.24,0.0,Nobile,14.4,True,Background,confirmed within Nobile PSR boundary
-88.875,28.875,6,3.1667,0.0,13.46,0.0,Shackleton,37.3,False,Background,
-87.125,50.375,3,4.3333,0.0,5.22,0.0,Faustini,48.7,False,Background,
-85.375,54.125,3,3.6667,0.0,8.7,0.0,Nobile,6.1,True,Background,confirmed within Nobile PSR boundary
-86.375,247.875,3,3.3333,0.0,11.72,0.0,de_Gerlache,67.0,False,Background,
-88.625,33.375,6,3.3333,0.0,15.14,0.0,Shackleton,43.9,False,Background,
-85.875,244.375,4,3.0,0.0,12.47,0.0,de_Gerlache,83.6,False,Background,
-87.625,250.125,3,4.0,0.0,12.82,0.0,de_Gerlache,31.3,False,Background,
-88.375,255.625,3,3.6667,0.0,13.29,0.0,de_Gerlache,14.3,True,Background,confirmed within de_Gerlache PSR boundary
-89.375,3.625,4,3.5,0.0,13.46,0.0,Shackleton,26.1,False,Background,
-87.625,248.625,3,3.6667,0.0,6.26,0.0,de_Gerlache,32.5,False,Background,
-87.125,244.875,3,3.3333,0.0,5.62,0.0,de_Gerlache,48.0,False,Background,
-87.375,246.375,3,3.0,0.0,5.15,0.0,de_Gerlache,40.4,False,Background,
-88.625,254.875,4,3.5,0.0,15.28,0.0,de_Gerlache,16.4,False,Background,
-85.125,239.875,3,3.0,0.0,7.7,0.0,de_Gerlache,108.3,False,Background,
-88.625,254.125,3,3.6667,0.0,14.82,0.0,de_Gerlache,16.9,False,Background,
-88.125,246.625,3,3.3333,0.0,9.73,0.0,de_Gerlache,24.4,False,Background,
-88.375,248.125,3,3.6667,0.0,13.9,0.0,de_Gerlache,20.7,False,Background,
-88.875,257.125,3,3.0,0.0,16.42,0.0,de_Gerlache,19.7,False,Background,
-88.625,249.875,4,4.5,0.0,10.66,0.0,de_Gerlache,19.8,False,Background,
-86.625,41.625,5,4.0,0.0,8.4,0.0,Nobile,50.6,False,Background,
-88.625,242.875,3,4.3333,0.0,17.02,0.0,de_Gerlache,24.8,False,Background,
-88.375,32.375,8,3.375,0.0,12.94,0.0,Haworth,47.7,False,Background,
-85.625,41.125,5,3.0,0.0,24.38,0.0,Nobile,32.9,True,Background,confirmed within Nobile PSR boundary
-85.125,41.625,5,4.6,0.0,18.85,0.0,Nobile,30.5,True,Background,confirmed within Nobile PSR boundary
-86.875,37.875,4,5.0,0.0,8.61,0.0,Nobile,60.6,False,Background,
-89.625,10.125,3,3.6667,0.0,8.82,0.0,Shackleton,18.5,False,Background,
-87.375,35.375,4,3.5,0.0,10.36,0.0,Haworth,53.6,False,Background,
-88.875,200.625,4,3.0,0.0,10.83,0.0,Shackleton,32.3,False,Background,
-86.375,31.375,4,3.75,0.0,12.85,0.0,Nobile,60.7,False,Background,
-89.625,160.125,3,3.3333,0.0,30.56,0.0,Shackleton,5.8,True,Background,confirmed within Shackleton PSR boundary
-85.625,203.875,4,3.75,0.0,6.57,0.0,Sverdrup,106.0,False,Background,
-85.375,202.625,5,4.2,0.0,3.79,0.0,Sverdrup,111.5,False,Background,
-87.875,31.625,3,3.0,0.0,12.49,0.0,Haworth,45.5,False,Background,
-88.125,31.875,3,4.0,0.0,11.83,0.0,Haworth,45.9,False,Background,
-89.375,158.875,5,3.0,0.0,14.65,0.0,Shackleton,11.4,False,Background,
-86.375,26.125,3,4.3333,0.0,5.98,0.0,Haworth,59.0,False,Background,
-89.625,147.875,3,3.0,0.0,24.29,0.0,Shackleton,3.7,True,Background,confirmed within Shackleton PSR boundary
-85.625,193.375,3,5.3333,0.0,5.63,0.0,Sverdrup,95.4,False,Background,
-86.375,190.125,3,4.0,0.0,2.94,0.0,Sverdrup,72.1,False,Background,
-85.375,189.625,3,4.0,0.0,5.11,0.0,Sverdrup,98.9,False,Background,
-86.125,188.625,3,3.6667,0.0,4.41,0.0,Sverdrup,77.3,False,Background,
-88.125,180.625,3,3.6667,0.0,9.03,0.0,Sverdrup,28.8,False,Background,
-85.125,186.625,5,3.0,0.0,15.88,0.0,Sverdrup,103.4,False,Background,
-86.625,185.125,3,3.3333,0.0,3.57,0.0,Sverdrup,60.8,False,Background,
-85.375,13.875,5,3.6,0.0,10.03,0.0,Haworth,71.8,False,Background,
-85.875,185.125,3,3.3333,0.0,6.66,0.0,Sverdrup,80.9,False,Background,
-85.875,13.125,3,3.0,0.0,7.13,0.0,Haworth,57.1,False,Background,
-86.625,182.875,3,5.0,0.0,3.54,0.0,Sverdrup,58.7,False,Background,
-89.625,155.625,3,3.0,0.0,29.55,0.0,Shackleton,5.0,True,Background,confirmed within Shackleton PSR boundary
-89.625,156.875,4,3.0,0.0,29.74,0.0,Shackleton,5.2,True,Background,confirmed within Shackleton PSR boundary
-89.625,141.875,3,3.3333,0.0,16.04,0.0,Shackleton,2.7,True,Background,confirmed within Shackleton PSR boundary
-86.625,179.125,3,3.0,0.0,4.12,0.0,Sverdrup,55.3,False,Background,
-86.125,176.125,4,4.5,0.0,3.96,0.0,Sverdrup,66.5,False,Background,
-86.875,0.125,4,4.5,0.0,15.89,0.0,Haworth,19.4,True,Background,confirmed within Haworth PSR boundary
-87.125,170.125,4,3.5,0.0,8.99,0.0,Sverdrup,34.6,False,Background,
-85.875,168.625,4,5.0,0.0,3.64,0.0,Sverdrup,68.9,False,Background,
-86.875,353.875,4,3.75,0.0,14.58,0.0,Haworth,18.2,True,Background,confirmed within Haworth PSR boundary
-89.125,157.125,7,3.2857,0.0,7.44,0.0,Shackleton,18.3,False,Background,
-87.625,353.875,3,3.3333,0.0,4.94,0.0,Haworth,5.1,True,Background,confirmed within Haworth PSR boundary
-88.875,151.625,6,3.5,0.0,5.87,0.0,Shackleton,25.1,False,Background,
-87.125,347.375,3,3.6667,0.0,16.36,0.0,Haworth,15.4,True,Background,confirmed within Haworth PSR boundary
-85.875,158.375,3,3.6667,0.0,4.36,0.0,Sverdrup,65.1,False,Background,
-89.125,141.875,3,4.0,0.0,13.4,0.0,Shackleton,16.9,False,Background,
-85.875,155.125,5,3.4,0.0,4.44,0.0,Sverdrup,64.6,False,Background,
-86.625,152.125,3,3.0,0.0,9.03,0.0,Sverdrup,41.7,False,Background,
-88.375,141.375,4,4.0,0.0,4.89,0.0,Sverdrup,15.5,True,Background,confirmed within Sverdrup PSR boundary
-88.375,139.625,12,3.75,0.0,6.63,0.0,Sverdrup,16.7,False,Background,
-85.625,141.625,5,3.8,0.0,5.47,0.0,Sverdrup,74.0,False,Background,
-86.625,324.625,3,3.0,0.0,14.9,0.0,Haworth,53.4,False,Background,
-87.875,138.875,4,4.75,0.0,6.27,0.0,Sverdrup,15.3,True,Background,confirmed within Sverdrup PSR boundary
-87.625,138.375,4,3.0,0.0,7.12,0.0,Sverdrup,19.8,False,Background,
-85.875,316.625,5,3.6,0.0,4.95,0.0,Cabeus,29.6,True,Background,confirmed within Cabeus PSR boundary
-85.875,310.625,5,3.4,0.0,14.4,0.0,Cabeus,32.3,True,Background,confirmed within Cabeus PSR boundary
-86.375,134.375,4,3.75,0.0,8.69,0.0,Sverdrup,55.6,False,Background,
-86.625,134.375,3,3.0,0.0,5.82,0.0,Sverdrup,48.5,False,Background,
-85.375,133.125,4,4.25,0.0,3.32,0.0,Sverdrup,85.4,False,Background,
-87.625,135.125,7,11.1429,0.0,15.06,0.0,Sverdrup,23.0,False,Background,
-86.375,132.625,4,4.5,0.0,8.96,0.0,Sverdrup,56.8,False,Background,
-87.625,133.625,3,3.6667,0.0,8.37,0.0,Sverdrup,24.5,False,Background,
-85.625,292.625,3,5.3333,0.0,7.86,0.0,Cabeus,62.0,False,Background,
-85.875,126.375,3,4.3333,0.0,4.5,0.0,Sverdrup,75.5,False,Background,
-87.875,134.125,4,5.25,0.0,12.2,0.0,Sverdrup,20.3,False,Background,
-85.625,122.125,3,3.3333,0.0,6.05,0.0,Faustini,85.2,False,Background,
-85.375,120.125,3,3.3333,0.0,3.54,0.0,Faustini,88.4,False,Background,
-88.375,132.875,3,3.3333,0.0,9.53,0.0,Sverdrup,21.8,False,Background,
-87.375,117.875,3,3.0,0.0,9.59,0.0,Sverdrup,45.5,False,Background,
-88.625,227.375,3,3.6667,0.0,6.23,0.0,de_Gerlache,36.0,False,Background,
-85.625,47.125,3,3.3333,0.0,7.77,0.0,Nobile,20.6,True,Background,confirmed within Nobile PSR boundary
-87.625,233.625,5,4.0,0.0,10.94,0.0,de_Gerlache,45.1,False,Background,
-86.875,238.375,5,3.0,0.0,4.66,0.0,de_Gerlache,59.6,False,Background,
-85.875,241.625,3,4.0,0.0,16.77,0.0,de_Gerlache,85.3,False,Background,
-89.125,123.625,4,4.0,0.0,7.74,0.0,Shackleton,16.6,False,Background,
-88.375,221.875,8,3.375,0.0,6.87,0.0,de_Gerlache,42.3,False,Background,
-88.375,224.625,4,3.0,0.0,4.32,0.0,de_Gerlache,40.2,False,Background,
-85.125,242.875,3,3.0,0.0,15.33,0.0,de_Gerlache,106.5,False,Background,
-85.875,80.375,3,4.0,0.0,14.17,0.0,Faustini,40.5,False,Background,
-87.875,90.125,3,3.6667,0.0,8.75,0.0,Faustini,22.3,False,Background,
-86.375,80.625,3,3.0,0.0,8.28,0.0,Faustini,25.4,False,Background,
-86.625,81.625,4,3.25,0.0,15.52,0.0,Faustini,17.6,True,Background,confirmed within Faustini PSR boundary
-85.625,239.875,3,3.3333,0.0,11.04,0.0,de_Gerlache,93.7,False,Background,
-89.125,189.625,8,3.0,0.0,8.45,0.0,Shackleton,23.2,False,Background,
-88.875,215.125,5,4.2,0.0,13.49,0.0,Shackleton,34.8,False,Background,
-87.125,81.125,3,3.0,0.0,3.54,0.0,Faustini,3.9,True,Background,confirmed within Faustini PSR boundary
-88.375,92.875,4,3.0,0.0,5.42,0.0,Faustini,37.2,False,Background,
-85.875,237.875,4,4.75,0.0,11.55,0.0,de_Gerlache,87.9,False,Background,
-85.875,238.125,3,3.6667,0.0,11.89,0.0,de_Gerlache,87.7,False,Background,
-86.625,77.625,4,3.0,0.0,9.08,0.0,Faustini,19.7,True,Background,confirmed within Faustini PSR boundary
-87.875,83.125,4,3.5,0.0,9.11,0.0,Faustini,20.5,True,Background,confirmed within Faustini PSR boundary
-85.125,238.625,9,3.1111,0.0,9.88,0.0,de_Gerlache,109.2,False,Background,
-88.125,85.875,3,4.0,0.0,7.95,0.0,Faustini,28.2,False,Background,
-88.375,220.625,10,4.1,0.0,2.77,0.0,de_Gerlache,43.3,False,Background,
-86.625,234.375,3,3.0,0.0,4.46,0.0,de_Gerlache,69.5,False,Background,
-86.125,235.875,4,3.0,0.0,13.3,0.0,de_Gerlache,82.2,False,Background,
-87.125,76.125,4,3.5,0.0,21.23,0.0,Faustini,10.9,True,Background,confirmed within Faustini PSR boundary
-87.625,79.125,4,3.25,0.0,16.88,0.0,Faustini,14.1,True,Background,confirmed within Faustini PSR boundary
-88.875,97.375,3,3.0,0.0,11.47,0.0,Shackleton,26.2,False,Background,
-89.125,116.875,5,3.0,0.0,8.51,0.0,Shackleton,16.9,False,Background,
-89.375,123.625,4,3.25,0.0,24.95,0.0,Shackleton,9.1,True,Background,confirmed within Shackleton PSR boundary
-89.375,164.625,8,3.75,0.0,13.18,0.0,Shackleton,12.2,False,Background,
-87.875,226.875,4,4.0,0.0,14.04,0.0,de_Gerlache,46.0,False,Background,
-87.125,74.625,4,3.0,0.0,21.48,0.0,Faustini,13.1,True,Background,confirmed within Faustini PSR boundary
-88.375,84.125,6,3.5,0.0,17.18,0.0,Faustini,35.6,False,Background,
-87.375,229.125,4,3.75,0.0,5.38,0.0,de_Gerlache,54.7,False,Background,
-85.875,68.875,4,3.25,0.0,19.44,0.0,Nobile,41.8,False,Background,
-87.625,75.375,3,3.6667,0.0,12.82,0.0,Faustini,16.8,True,Background,confirmed within Faustini PSR boundary
-88.125,78.375,3,3.6667,0.0,8.84,0.0,Faustini,28.7,False,Background,
-88.125,79.875,3,3.0,0.0,10.56,0.0,Faustini,28.3,False,Background,
-89.375,110.875,4,3.5,0.0,21.56,0.0,Shackleton,10.0,True,Background,confirmed within Shackleton PSR boundary
-89.375,117.625,5,3.0,0.0,23.54,0.0,Shackleton,9.4,True,Background,confirmed within Shackleton PSR boundary
-88.125,222.875,3,4.0,0.0,13.17,0.0,de_Gerlache,45.0,False,Background,
-85.875,68.125,6,3.6667,0.0,16.83,0.0,Nobile,40.3,False,Background,
-87.625,73.375,4,3.75,0.0,12.83,0.0,Faustini,18.6,True,Background,confirmed within Faustini PSR boundary
-88.625,85.125,4,3.0,0.0,6.63,0.0,Shackleton,35.2,False,Background,
-89.125,95.625,5,4.6,0.0,6.88,0.0,Shackleton,19.1,False,Background,
-85.875,232.125,3,3.6667,0.0,9.53,0.0,de_Gerlache,92.1,False,Background,
-86.625,68.875,5,4.0,0.0,6.72,0.0,Faustini,29.1,False,Background,
-86.875,69.125,4,3.0,0.0,5.34,0.0,Faustini,24.2,False,Background,
-88.875,85.875,3,3.3333,0.0,5.56,0.0,Shackleton,27.7,False,Background,
-89.375,150.625,5,3.4,0.0,18.19,0.0,Shackleton,10.3,True,Background,confirmed within Shackleton PSR boundary
-89.375,155.875,3,3.6667,0.0,14.91,0.0,Shackleton,10.9,False,Background,
-86.625,229.625,4,3.5,0.0,6.62,0.0,de_Gerlache,73.4,False,Background,
-88.875,84.875,4,4.5,0.0,5.88,0.0,Shackleton,27.9,False,Background,
-88.625,213.625,15,3.4667,0.0,6.59,0.0,Shackleton,41.9,False,Background,
-85.375,231.625,6,3.3333,0.0,16.37,0.0,de_Gerlache,106.8,False,Background,
-86.125,64.875,3,3.3333,0.0,11.27,0.0,Nobile,38.6,False,Background,
-87.875,71.625,3,4.0,0.0,7.98,0.0,Faustini,25.4,False,Background,
-89.375,167.625,8,3.375,0.0,11.65,0.0,Shackleton,12.7,False,Background,
-89.375,191.125,7,3.5714,0.0,11.55,0.0,Shackleton,16.7,False,Background,
-88.125,219.875,4,3.5,0.0,9.4,0.0,de_Gerlache,47.6,False,Background,
-85.875,63.125,3,3.6667,0.0,8.82,0.0,Nobile,30.9,True,Background,confirmed within Nobile PSR boundary
-87.875,68.875,5,4.2,0.0,12.22,0.0,Faustini,27.6,False,Background,
-88.125,70.625,3,4.0,0.0,16.59,0.0,Faustini,31.9,False,Background,
-89.375,136.875,3,3.0,0.0,23.76,0.0,Shackleton,9.1,True,Background,confirmed within Shackleton PSR boundary
-85.875,228.125,3,4.3333,0.0,5.23,0.0,de_Gerlache,95.3,False,Background,
-88.375,71.625,3,3.0,0.0,12.15,0.0,Faustini,38.0,False,Background,
-87.125,223.375,3,4.3333,0.0,6.7,0.0,de_Gerlache,65.8,False,Background,
-85.125,56.625,3,3.3333,0.0,8.43,0.0,Nobile,8.1,True,Background,confirmed within Nobile PSR boundary
-89.125,85.875,3,4.3333,0.0,6.08,0.0,Shackleton,20.5,False,Background,
-89.125,192.125,8,3.125,0.0,9.92,0.0,Shackleton,23.7,False,Background,
-88.875,205.375,9,3.1111,0.0,14.72,0.0,Shackleton,33.1,False,Background,
-87.125,220.375,4,3.75,0.0,7.2,0.0,de_Gerlache,68.4,False,Background,
-85.125,224.375,8,3.25,0.0,4.11,0.0,de_Gerlache,119.7,False,Background,
-88.375,66.125,3,4.0,0.0,16.09,0.0,Faustini,40.5,False,Background,
-89.375,184.875,6,3.0,0.0,8.05,0.0,Shackleton,15.6,False,Background,
-88.125,213.375,11,3.3636,0.0,5.99,0.0,de_Gerlache,52.9,False,Background,
-85.875,222.375,5,4.4,0.0,3.26,0.0,de_Gerlache,100.0,False,Background,
-87.875,60.125,3,3.3333,0.0,12.52,0.0,Faustini,36.0,False,Background,
-87.625,216.375,7,3.4286,0.0,10.25,0.0,de_Gerlache,60.3,False,Background,
-86.375,220.625,5,3.6,0.0,7.92,0.0,de_Gerlache,87.7,False,Background,
-87.125,55.625,3,5.0,0.0,6.5,0.0,Faustini,41.1,False,Background,
-88.125,61.125,3,3.6667,0.0,13.21,0.0,Faustini,38.7,False,Background,
-85.625,220.625,5,3.0,0.0,7.57,0.0,de_Gerlache,108.5,False,Background,
-87.375,53.375,4,3.0,0.0,13.42,0.0,Faustini,42.7,False,Background,
-87.875,54.875,3,3.0,0.0,9.02,0.0,Faustini,41.6,False,Background,
-86.375,218.875,4,3.0,0.0,9.18,0.0,de_Gerlache,89.3,False,Background,
-89.125,63.875,3,4.0,0.0,6.08,0.0,Shackleton,24.2,False,Background,
-89.125,63.125,3,3.0,0.0,4.29,0.0,Shackleton,24.3,False,Background,
-89.375,192.625,8,3.375,0.0,12.27,0.0,Shackleton,17.0,False,Background,
-86.875,46.625,5,3.2,0.0,10.73,0.0,Nobile,53.3,False,Background,
-89.625,165.375,3,3.6667,0.0,31.3,0.0,Shackleton,6.7,True,Background,confirmed within Shackleton PSR boundary
-86.875,45.125,4,3.75,0.0,8.35,0.0,Nobile,54.2,False,Background,
-88.875,53.125,5,3.8,0.0,17.87,0.0,Shackleton,33.2,False,Background,
-87.125,216.375,9,8.8889,0.0,5.73,0.0,de_Gerlache,72.0,False,Background,
-87.125,41.625,4,3.5,0.0,21.77,0.0,Faustini,61.2,False,Background,
-85.375,217.125,3,3.6667,0.0,7.03,0.0,de_Gerlache,118.6,False,Background,
-85.125,39.125,9,3.1111,0.0,26.96,0.0,Nobile,36.9,False,Background,
-87.125,40.125,7,3.2857,0.0,21.86,0.0,Haworth,63.2,False,Background,
-87.625,214.875,12,3.4167,0.0,8.7,0.0,de_Gerlache,61.6,False,Background,
-85.375,215.875,4,3.25,0.0,5.56,0.0,de_Gerlache,119.6,False,Background,
-86.125,214.625,4,3.5,0.0,7.29,0.0,de_Gerlache,99.8,False,Background,
-89.625,216.875,4,3.25,0.0,13.91,0.0,Shackleton,14.8,False,Background,
-89.125,29.125,4,3.25,0.0,15.09,0.0,Shackleton,30.0,False,Background,
-86.875,28.375,5,4.0,0.0,8.23,0.0,Haworth,51.7,False,Background,
-86.125,212.625,5,4.8,0.0,3.63,0.0,de_Gerlache,101.5,False,Background,
-86.125,25.875,5,3.4,0.0,10.71,0.0,Haworth,64.5,False,Background,
-89.375,7.625,8,3.5,0.0,8.46,0.0,Shackleton,25.7,False,Background,
-89.125,220.375,3,4.3333,0.0,14.58,0.0,Shackleton,28.5,False,Background,
-88.875,16.625,3,5.0,0.0,8.9,0.0,Shackleton,39.1,False,Background,
-89.625,242.875,3,3.6667,0.0,6.29,0.0,Shackleton,17.9,False,Background,
-88.875,220.375,6,3.3333,0.0,11.36,0.0,Shackleton,35.7,False,Background,
-87.625,212.125,6,4.0,0.0,6.13,0.0,de_Gerlache,64.0,False,Background,
-87.375,19.625,5,3.6,0.0,3.85,0.0,Haworth,33.0,False,Background,
-87.625,18.875,3,3.3333,0.0,10.33,0.0,Haworth,30.7,False,Background,
-89.375,233.375,3,4.0,0.0,8.66,0.0,Shackleton,23.5,False,Background,
-89.125,224.875,5,3.0,0.0,14.67,0.0,Shackleton,29.2,False,Background,
-88.875,220.625,7,3.1429,0.0,11.37,0.0,Shackleton,35.7,False,Background,
-89.625,253.875,6,3.5,0.0,19.35,0.0,Shackleton,18.9,False,Background,
-88.125,9.875,3,4.3333,0.0,12.58,0.0,Haworth,26.0,False,Background,
-89.375,246.625,3,4.0,0.0,9.52,0.0,Shackleton,25.1,False,Background,
-86.125,14.625,6,3.0,0.0,9.61,0.0,Haworth,51.7,False,Background,
-86.625,12.375,3,4.6667,0.0,9.04,0.0,Haworth,36.7,False,Background,
-88.625,2.125,3,3.3333,0.0,19.17,0.0,Haworth,35.7,False,Background,
-87.125,206.875,5,4.4,0.0,8.4,0.0,Sverdrup,71.5,False,Background,
-85.875,12.875,3,3.0,0.0,6.04,0.0,Haworth,56.8,False,Background,
-87.375,206.875,3,3.3333,0.0,4.49,0.0,Sverdrup,66.2,False,Background,
-88.875,351.875,6,3.1667,0.0,19.12,0.0,Shackleton,42.0,False,Background,
-89.625,258.125,3,4.0,0.0,20.78,0.0,Shackleton,19.3,False,Background,
-86.625,7.375,3,3.6667,0.0,10.97,0.0,Haworth,31.7,False,Background,
-87.375,5.625,3,3.3333,0.0,8.79,0.0,Haworth,14.3,True,Background,confirmed within Haworth PSR boundary
-88.125,0.625,5,3.2,0.0,19.11,0.0,Haworth,20.8,True,Background,confirmed within Haworth PSR boundary
-88.625,357.125,5,4.2,0.0,8.34,0.0,Haworth,35.1,False,Background,
-89.625,283.125,3,3.6667,0.0,11.07,0.0,Shackleton,20.8,False,Background,
-85.125,6.125,9,3.2222,0.0,10.63,0.0,Haworth,73.9,False,Background,
-86.375,4.625,3,3.0,0.0,11.05,0.0,Haworth,36.4,False,Background,
-86.625,4.375,3,4.0,0.0,9.89,0.0,Haworth,29.2,False,Background,
-88.125,359.625,4,4.0,0.0,19.85,0.0,Haworth,20.5,True,Background,confirmed within Haworth PSR boundary
-88.625,204.125,4,4.25,0.0,13.94,0.0,Shackleton,40.2,False,Background,
-87.875,0.375,3,4.0,0.0,8.49,0.0,Haworth,13.8,True,Background,confirmed within Haworth PSR boundary
-86.125,3.625,3,5.3333,0.0,15.09,0.0,Haworth,43.0,False,Background,
-88.125,358.375,4,3.25,0.0,18.37,0.0,Haworth,20.2,True,Background,confirmed within Haworth PSR boundary
-89.625,239.375,3,5.3333,0.0,6.01,0.0,Shackleton,17.5,False,Background,
-88.375,187.875,3,3.0,0.0,10.5,0.0,Sverdrup,35.1,False,Background,
-88.125,187.125,4,3.25,0.0,12.74,0.0,Sverdrup,35.1,False,Background,
-85.875,184.375,5,3.0,0.0,6.11,0.0,Sverdrup,80.2,False,Background,
-88.125,185.875,3,3.0,0.0,9.34,0.0,Sverdrup,33.9,False,Background,
-86.875,183.625,3,3.3333,0.0,5.88,0.0,Sverdrup,53.1,False,Background,
-86.375,183.375,4,3.0,0.0,6.94,0.0,Sverdrup,65.7,False,Background,
-85.125,182.625,9,3.0,0.0,8.75,0.0,Sverdrup,100.1,False,Background,
-88.125,353.375,4,3.5,0.0,10.77,0.0,Haworth,20.0,True,Background,confirmed within Haworth PSR boundary
-86.875,180.375,4,3.25,0.0,3.9,0.0,Sverdrup,50.0,False,Background,
-87.625,179.875,3,4.0,0.0,8.49,0.0,Sverdrup,33.3,False,Background,
-85.375,178.125,10,3.2,0.0,14.01,0.0,Sverdrup,89.5,False,Background,
-86.625,352.625,4,4.0,0.0,15.07,0.0,Haworth,26.0,False,Background,
-87.875,351.125,3,3.3333,0.0,4.83,0.0,Haworth,13.3,True,Background,confirmed within Haworth PSR boundary
-88.375,179.625,7,4.4286,0.0,7.73,0.0,Sverdrup,28.0,False,Background,
-87.125,176.375,5,3.0,0.0,4.06,0.0,Sverdrup,40.1,False,Background,
-86.875,348.625,7,3.8571,0.0,15.48,0.0,Haworth,20.6,True,Background,confirmed within Haworth PSR boundary
-87.625,347.375,5,3.8,0.0,9.12,0.0,Haworth,11.3,True,Background,confirmed within Haworth PSR boundary
-88.375,345.625,3,3.0,0.0,16.42,0.0,Haworth,29.3,False,Background,
-86.875,175.625,6,4.0,0.0,3.31,0.0,Sverdrup,45.7,False,Background,
-86.625,347.625,7,3.7143,0.0,6.99,0.0,Haworth,28.3,False,Background,
-88.125,176.625,4,3.5,0.0,5.36,0.0,Sverdrup,24.8,False,Background,
-87.375,173.625,3,3.3333,0.0,11.76,0.0,Sverdrup,31.7,False,Background,
-86.875,172.625,7,3.0,0.0,5.53,0.0,Sverdrup,43.2,False,Background,
-89.125,333.625,9,3.2222,0.0,5.2,0.0,Shackleton,35.9,False,Background,
-86.125,170.875,5,3.8,0.0,3.85,0.0,Sverdrup,62.9,False,Background,
-88.375,174.625,5,3.4,0.0,7.44,0.0,Sverdrup,23.9,False,Background,
-86.875,171.125,3,4.0,0.0,4.68,0.0,Sverdrup,42.0,False,Background,
-87.375,171.125,6,5.1667,0.0,9.82,0.0,Sverdrup,29.4,False,Background,
-85.125,341.625,7,3.5714,0.0,13.91,0.0,Cabeus,67.3,False,Background,
-88.875,177.125,4,3.25,0.0,9.94,0.0,Shackleton,28.4,False,Background,
-87.625,170.875,5,3.2,0.0,16.02,0.0,Sverdrup,24.0,False,Background,
-86.125,168.625,7,3.4286,0.0,4.74,0.0,Sverdrup,61.6,False,Background,
-85.125,340.375,4,4.0,0.0,13.8,0.0,Cabeus,64.1,False,Background,
-87.625,337.125,4,3.25,0.0,10.46,0.0,Haworth,24.0,True,Background,confirmed within Haworth PSR boundary
-88.875,328.625,6,3.5,0.0,11.81,0.0,de_Gerlache,42.7,False,Background,
-86.125,167.625,4,3.0,0.0,4.2,0.0,Sverdrup,61.0,False,Background,
-87.375,335.375,3,3.6667,0.0,10.56,0.0,Haworth,27.2,False,Background,
-88.875,327.375,3,3.6667,0.0,9.57,0.0,de_Gerlache,42.0,False,Background,
-85.875,164.625,4,3.0,0.0,10.48,0.0,Sverdrup,67.0,False,Background,
-85.875,335.125,4,4.0,0.0,11.47,0.0,Cabeus,54.8,False,Background,
-86.625,334.125,6,3.1667,0.0,6.43,0.0,Haworth,41.5,False,Background,
-87.875,167.875,3,3.6667,0.0,7.57,0.0,Sverdrup,17.1,False,Background,
-88.375,326.625,4,3.0,0.0,7.0,0.0,Haworth,41.0,False,Background,
-86.125,332.625,4,3.0,0.0,12.23,0.0,Cabeus,53.8,False,Background,
-88.125,327.875,3,4.0,0.0,5.79,0.0,Haworth,37.1,False,Background,
-88.875,321.875,4,3.5,0.0,13.78,0.0,de_Gerlache,38.7,False,Background,
-89.125,178.875,5,3.2,0.0,7.51,0.0,Shackleton,21.4,False,Background,
-86.875,163.375,6,3.5,0.0,9.36,0.0,Sverdrup,37.0,False,Background,
-88.875,320.875,6,4.3333,0.0,11.46,0.0,de_Gerlache,38.1,False,Background,
-87.125,162.875,3,3.6667,0.0,9.32,0.0,Sverdrup,29.6,False,Background,
-88.375,323.625,3,4.0,0.0,8.18,0.0,Haworth,43.4,False,Background,
-86.125,328.125,3,5.0,0.0,10.06,0.0,Cabeus,46.8,True,Background,confirmed within Cabeus PSR boundary
-88.125,163.875,3,4.0,0.0,7.27,0.0,Sverdrup,12.2,True,Background,confirmed within Sverdrup PSR boundary
-88.625,165.125,3,4.0,0.0,10.65,0.0,Sverdrup,21.9,False,Background,
-88.375,163.125,3,3.6667,0.0,7.57,0.0,Sverdrup,15.2,True,Background,confirmed within Sverdrup PSR boundary
-87.375,322.625,4,4.0,0.0,13.47,0.0,Haworth,44.1,False,Background,
-87.875,157.625,3,3.6667,0.0,6.4,0.0,Sverdrup,6.8,True,Background,confirmed within Sverdrup PSR boundary
-85.625,324.375,9,3.4444,0.0,4.79,0.0,Cabeus,30.3,True,Background,confirmed within Cabeus PSR boundary
-85.875,324.125,3,3.3333,0.0,12.1,0.0,Cabeus,35.5,True,Background,confirmed within Cabeus PSR boundary
-86.875,153.125,3,4.0,0.0,7.71,0.0,Sverdrup,34.1,False,Background,
-88.875,159.875,3,6.6667,0.0,14.84,0.0,Shackleton,26.0,False,Background,
-86.375,322.125,8,3.125,0.0,12.22,0.0,Cabeus,46.8,True,Background,confirmed within Cabeus PSR boundary
-86.125,321.625,5,3.4,0.0,12.19,0.0,Cabeus,39.4,True,Background,confirmed within Cabeus PSR boundary
-86.625,320.875,6,3.8333,0.0,10.78,0.0,Cabeus,53.4,False,Background,
-86.125,148.625,5,3.6,0.0,8.28,0.0,Sverdrup,57.1,False,Background,
-85.625,148.125,7,3.0,0.0,12.77,0.0,Sverdrup,72.3,False,Background,
-87.125,148.125,5,3.4,0.0,4.62,0.0,Sverdrup,27.1,False,Background,
-86.125,147.125,5,3.4,0.0,8.69,0.0,Sverdrup,57.4,False,Background,
-89.125,311.125,5,4.0,0.0,5.96,0.0,de_Gerlache,34.4,False,Background,
-85.875,319.375,7,3.5714,0.0,7.6,0.0,Cabeus,30.7,True,Background,confirmed within Cabeus PSR boundary
-88.125,316.125,3,3.3333,0.0,5.4,0.0,de_Gerlache,40.8,False,Background,
-87.125,144.125,4,3.5,0.0,4.22,0.0,Sverdrup,28.6,False,Background,
-85.625,143.125,7,3.0,0.0,4.56,0.0,Sverdrup,73.5,False,Background,
-88.625,146.125,5,3.8,0.0,7.85,0.0,Sverdrup,19.8,False,Background,
-88.375,145.625,3,3.0,0.0,5.95,0.0,Sverdrup,13.1,True,Background,confirmed within Sverdrup PSR boundary
-85.625,317.125,5,4.0,0.0,7.44,0.0,Cabeus,22.2,True,Background,confirmed within Cabeus PSR boundary
-88.125,143.125,4,4.0,0.0,7.66,0.0,Sverdrup,10.3,True,Background,confirmed within Sverdrup PSR boundary
-85.875,315.375,6,4.1667,0.0,6.35,0.0,Cabeus,29.6,True,Background,confirmed within Cabeus PSR boundary
-87.625,139.125,5,4.2,0.0,6.18,0.0,Sverdrup,19.1,False,Background,
-88.625,136.875,7,3.1429,0.0,6.99,0.0,Sverdrup,23.4,False,Background,
-87.875,136.125,29,3.3793,0.0,5.62,0.0,Sverdrup,18.2,False,Background,
-86.125,313.375,4,3.5,0.0,6.2,0.0,Cabeus,37.7,True,Background,confirmed within Cabeus PSR boundary
-86.625,130.625,7,3.4286,0.0,8.4,0.0,Sverdrup,51.3,False,Background,
-85.875,312.375,5,4.2,0.0,4.37,0.0,Cabeus,30.8,True,Background,confirmed within Cabeus PSR boundary
-86.125,311.875,3,3.3333,0.0,6.36,0.0,Cabeus,38.4,True,Background,confirmed within Cabeus PSR boundary
-87.125,126.625,4,3.25,0.0,9.54,0.0,Sverdrup,42.0,False,Background,
-87.125,126.875,3,4.0,0.0,9.62,0.0,Sverdrup,41.8,False,Background,
-89.625,79.375,3,3.0,0.0,21.82,0.0,Shackleton,9.1,True,Background,confirmed within Shackleton PSR boundary
-88.375,116.875,3,3.3333,0.0,7.14,0.0,Sverdrup,35.3,False,Background,
-89.625,16.125,4,3.5,0.0,6.85,0.0,Shackleton,17.9,False,Background,
-87.375,119.125,5,3.6,0.0,9.91,0.0,Sverdrup,44.2,False,Background,
-87.375,311.625,4,3.0,0.0,14.31,0.0,de_Gerlache,51.9,False,Background,
-87.625,114.125,3,4.0,0.0,8.44,0.0,Faustini,43.6,False,Background,
-86.625,117.125,4,3.0,0.0,6.87,0.0,Faustini,57.0,False,Background,
-86.375,117.625,4,4.25,0.0,4.89,0.0,Faustini,62.3,False,Background,
-88.875,322.375,4,4.0,0.0,13.69,0.0,de_Gerlache,39.0,False,Background,
-87.125,112.875,3,3.3333,0.0,12.77,0.0,Faustini,44.0,False,Background,
-86.375,114.875,3,4.0,0.0,9.32,0.0,Faustini,58.3,False,Background,
-87.375,310.375,3,3.0,0.0,14.65,0.0,de_Gerlache,50.8,False,Background,
-89.125,335.625,3,3.0,0.0,6.94,0.0,Shackleton,35.8,False,Background,
-85.625,111.875,3,3.3333,0.0,3.61,0.0,Faustini,70.9,False,Background,
-85.375,111.875,5,3.0,0.0,3.3,0.0,Faustini,77.3,False,Background,
-85.625,304.375,6,3.1667,0.0,17.32,0.0,Cabeus,36.4,True,Background,confirmed within Cabeus PSR boundary
-85.375,303.125,5,3.4,0.0,5.76,0.0,Cabeus,36.0,True,Background,confirmed within Cabeus PSR boundary
-86.375,305.125,4,4.25,0.0,10.67,0.0,Cabeus,51.1,False,Background,
-89.375,10.125,10,3.6,0.0,5.05,0.0,Shackleton,25.4,False,Background,
-85.625,301.625,3,4.0,0.0,6.59,0.0,Cabeus,42.0,True,Background,confirmed within Cabeus PSR boundary
-86.625,303.625,3,3.3333,0.0,11.82,0.0,Cabeus,58.9,False,Background,
-89.375,353.625,3,3.6667,0.0,5.97,0.0,Shackleton,27.0,False,Background,
-85.125,105.625,3,4.0,0.0,4.98,0.0,Faustini,76.5,False,Background,
-87.375,306.125,3,3.0,0.0,6.72,0.0,de_Gerlache,47.2,False,Background,
-87.375,305.375,3,3.0,0.0,6.72,0.0,de_Gerlache,46.5,False,Background,
-87.875,308.875,5,3.0,0.0,7.5,0.0,de_Gerlache,38.7,False,Background,
-89.375,13.125,3,3.6667,0.0,7.3,0.0,Shackleton,25.1,False,Background,
-87.375,96.875,3,4.0,0.0,12.02,0.0,Faustini,20.2,True,Background,confirmed within Faustini PSR boundary
-88.125,88.375,3,4.3333,0.0,9.84,0.0,Faustini,28.7,False,Background,
-86.125,299.375,4,4.5,0.0,7.38,0.0,Cabeus,53.8,False,Background,
-86.125,297.625,4,3.25,0.0,7.4,0.0,Cabeus,56.8,False,Background,
-88.125,308.125,5,3.0,0.0,10.88,0.0,de_Gerlache,33.8,False,Background,
-85.625,295.625,4,4.0,0.0,11.74,0.0,Cabeus,55.2,False,Background,
-89.125,37.875,3,4.3333,0.0,4.9,0.0,Shackleton,28.6,False,Background,
-85.625,95.875,3,4.6667,0.0,8.63,0.0,Faustini,53.2,False,Background,
-88.375,306.375,4,3.75,0.0,14.44,0.0,de_Gerlache,29.5,False,Background,
-86.375,291.375,3,4.3333,0.0,8.14,0.0,de_Gerlache,64.4,False,Background,
-87.375,295.625,4,4.0,0.0,5.61,0.0,de_Gerlache,38.9,False,Background,
-87.625,297.375,6,3.8333,0.0,4.08,0.0,de_Gerlache,34.1,False,Background,
-88.125,301.875,7,3.2857,0.0,12.97,0.0,de_Gerlache,28.3,False,Background,
-89.125,23.875,7,3.2857,0.0,9.83,0.0,Shackleton,30.8,False,Background,
-86.375,86.375,3,3.0,0.0,11.17,0.0,Faustini,25.6,False,Background,
-87.125,293.375,3,3.6667,0.0,4.71,0.0,de_Gerlache,44.1,False,Background,
-87.375,294.875,3,3.0,0.0,4.37,0.0,de_Gerlache,38.4,False,Background,
-89.125,30.125,5,4.4,0.0,12.15,0.0,Shackleton,29.8,False,Background,
-86.125,287.625,4,3.75,0.0,12.67,0.0,de_Gerlache,70.1,False,Background,
-87.625,295.125,3,4.3333,0.0,6.8,0.0,de_Gerlache,32.3,False,Background,
-88.875,46.375,3,3.0,0.0,11.52,0.0,Shackleton,34.4,False,Background,
-87.875,67.625,3,3.0,0.0,12.69,0.0,Faustini,28.7,False,Background,
-85.375,282.125,4,3.5,0.0,13.61,0.0,Cabeus,86.9,False,Background,
-88.125,297.125,3,3.6667,0.0,9.31,0.0,de_Gerlache,24.1,False,Background,
-85.375,79.875,4,3.25,0.0,14.53,0.0,Faustini,55.7,False,Background,
-85.125,278.125,4,4.25,0.0,3.85,0.0,de_Gerlache,97.6,False,Background,
-85.375,277.875,3,4.3333,0.0,4.62,0.0,de_Gerlache,90.0,False,Background,
-85.625,278.125,4,3.25,0.0,6.94,0.0,de_Gerlache,82.5,False,Background,
-85.125,77.375,3,3.6667,0.0,10.12,0.0,Nobile,60.7,False,Background,
-88.875,32.875,9,3.0,0.0,13.29,0.0,Shackleton,36.6,False,Background,
-85.125,275.125,5,5.0,0.0,4.09,0.0,de_Gerlache,97.3,False,Background,
-85.375,275.875,3,3.3333,0.0,5.1,0.0,de_Gerlache,89.8,False,Background,
-87.375,282.875,3,5.6667,0.0,9.94,0.0,de_Gerlache,31.4,False,Background,
-88.875,308.125,4,4.25,0.0,11.91,0.0,de_Gerlache,30.6,False,Background,
-88.625,39.375,4,3.0,0.0,15.01,0.0,Shackleton,42.9,False,Background,
-85.625,70.125,3,3.3333,0.0,8.14,0.0,Nobile,42.4,False,Background,
-87.875,284.375,3,4.3333,0.0,10.05,0.0,de_Gerlache,18.5,False,Background,
-86.125,272.375,3,3.3333,0.0,8.5,0.0,de_Gerlache,66.9,False,Background,
-86.125,269.375,3,3.6667,0.0,8.38,0.0,de_Gerlache,67.0,False,Background,
-85.875,65.125,3,3.0,0.0,5.89,0.0,Nobile,34.5,True,Background,confirmed within Nobile PSR boundary
-85.375,66.375,3,3.3333,0.0,4.99,0.0,Nobile,32.5,True,Background,confirmed within Nobile PSR boundary
-85.125,264.375,4,4.25,0.0,8.3,0.0,de_Gerlache,97.9,False,Background,
-85.875,266.125,3,4.0,0.0,6.33,0.0,de_Gerlache,74.9,False,Background,
-87.125,268.875,3,4.3333,0.0,11.15,0.0,de_Gerlache,36.7,False,Background,
-85.875,260.625,3,3.3333,0.0,4.52,0.0,de_Gerlache,76.1,False,Background,
-87.625,51.125,3,3.0,0.0,15.98,0.0,Faustini,45.1,False,Background,
-87.625,262.375,3,4.0,0.0,8.86,0.0,de_Gerlache,23.7,False,Background,
-89.375,351.375,3,3.0,0.0,4.41,0.0,Shackleton,27.2,False,Background,
-88.125,44.625,3,3.0,0.0,5.52,0.0,Faustini,53.8,False,Background,
-86.875,52.375,3,3.6667,0.0,14.01,0.0,Faustini,48.7,False,Background,
-87.125,253.625,3,4.0,0.0,6.95,0.0,de_Gerlache,42.3,False,Background,
-89.125,268.625,6,3.3333,0.0,14.02,0.0,de_Gerlache,24.2,False,Background,
-86.875,45.625,3,3.6667,0.0,9.67,0.0,Nobile,53.9,False,Background,
-86.375,44.875,3,3.6667,0.0,30.38,0.0,Nobile,41.0,False,Background,
-87.375,242.625,3,3.3333,0.0,2.32,0.0,de_Gerlache,43.3,False,Background,
-89.375,276.375,3,4.6667,0.0,16.07,0.0,Shackleton,27.9,False,Background,
-85.375,43.875,8,3.0,0.0,18.49,0.0,Nobile,24.8,True,Background,confirmed within Nobile PSR boundary
-87.875,240.375,3,3.0,0.0,8.26,0.0,de_Gerlache,34.1,False,Background,
-88.625,230.625,5,3.8,0.0,3.45,0.0,de_Gerlache,33.7,False,Background,
-86.125,223.375,4,3.75,0.0,6.38,0.0,de_Gerlache,92.2,False,Background,
-88.625,228.875,3,4.3333,0.0,3.08,0.0,de_Gerlache,34.9,False,Background,
-86.375,33.875,5,3.2,0.0,21.09,0.0,Nobile,56.4,False,Background,
-86.125,33.875,4,3.25,0.0,16.22,0.0,Nobile,53.1,False,Background,
-85.125,33.875,5,4.2,0.0,10.16,0.0,Nobile,50.1,False,Background,
-85.125,211.125,5,3.8,0.0,6.39,0.0,Sverdrup,127.2,False,Background,
-88.375,209.375,7,3.4286,0.0,3.0,0.0,Shackleton,48.5,False,Background,
-87.625,30.625,3,3.0,0.0,17.2,0.0,Haworth,45.3,False,Background,
-89.625,151.125,3,3.3333,0.0,27.69,0.0,Shackleton,4.2,True,Background,confirmed within Shackleton PSR boundary
-85.625,24.375,4,3.25,0.0,21.96,0.0,Nobile,71.3,False,Background,
-86.125,192.625,3,4.0,0.0,3.95,0.0,Sverdrup,81.1,False,Background,
-85.875,19.625,4,3.0,0.0,13.02,0.0,Haworth,63.5,False,Background,
-86.125,187.875,3,3.3333,0.0,4.7,0.0,Sverdrup,76.6,False,Background,
-87.875,182.125,3,3.0,0.0,7.23,0.0,Sverdrup,32.2,False,Background,
-85.375,185.625,5,3.0,0.0,19.6,0.0,Sverdrup,95.4,False,Background,
-89.125,169.375,7,3.2857,0.0,8.62,0.0,Shackleton,19.9,False,Background,
-85.125,177.375,5,3.0,0.0,23.15,0.0,Sverdrup,96.2,False,Background,
-85.875,177.125,4,3.0,0.0,5.3,0.0,Sverdrup,74.4,False,Background,
-86.125,0.875,5,3.2,0.0,17.0,0.0,Haworth,41.8,False,Background,
-86.125,173.125,4,3.5,0.0,2.42,0.0,Sverdrup,64.4,False,Background,
-86.125,356.625,3,3.6667,0.0,18.67,0.0,Haworth,40.8,False,Background,
-85.625,354.625,3,3.0,0.0,19.41,0.0,Haworth,56.0,False,Background,
-89.125,162.375,5,4.4,0.0,8.4,0.0,Shackleton,18.9,False,Background,
-85.625,165.625,4,4.0,0.0,15.93,0.0,Sverdrup,74.9,False,Background,
-86.875,350.375,4,3.0,0.0,13.03,0.0,Haworth,19.5,True,Background,confirmed within Haworth PSR boundary
-85.875,349.625,3,4.6667,0.0,16.27,0.0,Haworth,49.3,False,Background,
-86.125,161.625,3,3.6667,0.0,9.19,0.0,Sverdrup,58.4,False,Background,
-85.875,159.625,4,4.0,0.0,8.2,0.0,Sverdrup,65.3,False,Background,
-86.125,345.375,4,4.0,0.0,5.54,0.0,Haworth,44.0,False,Background,
-89.625,106.375,3,3.3333,0.0,29.99,0.0,Shackleton,4.5,True,Background,confirmed within Shackleton PSR boundary
-85.875,335.875,4,3.25,0.0,10.25,0.0,Cabeus,56.3,False,Background,
-85.625,148.375,3,3.3333,0.0,12.53,0.0,Sverdrup,72.3,False,Background,
-85.375,147.625,3,4.3333,0.0,5.72,0.0,Sverdrup,80.0,False,Background,
-85.875,145.375,3,3.3333,0.0,10.45,0.0,Sverdrup,65.3,False,Background,
-85.125,330.625,4,4.25,0.0,5.56,0.0,Cabeus,39.0,True,Background,confirmed within Cabeus PSR boundary
-86.125,328.625,3,3.3333,0.0,9.18,0.0,Cabeus,47.5,True,Background,confirmed within Cabeus PSR boundary
-85.375,142.625,5,3.0,0.0,4.31,0.0,Sverdrup,81.2,False,Background,
-85.625,142.375,5,5.6,0.0,4.92,0.0,Sverdrup,73.7,False,Background,
-88.375,137.625,7,3.5714,0.0,7.67,0.0,Sverdrup,18.2,False,Background,
-85.875,320.625,4,4.5,0.0,6.07,0.0,Cabeus,31.6,True,Background,confirmed within Cabeus PSR boundary
-85.625,319.375,5,4.0,0.0,4.59,0.0,Cabeus,23.5,True,Background,confirmed within Cabeus PSR boundary
-87.125,136.625,5,4.6,0.0,6.91,0.0,Sverdrup,33.3,False,Background,
-86.875,316.875,5,3.2,0.0,10.69,0.0,Haworth,59.0,False,Background,
-85.375,133.625,5,3.0,0.0,3.59,0.0,Sverdrup,85.1,False,Background,
-86.375,133.125,3,3.3333,0.0,10.44,0.0,Sverdrup,56.4,False,Background,
-87.375,134.125,6,4.0,0.0,6.26,0.0,Sverdrup,29.2,False,Background,
-88.125,238.625,3,3.6667,0.0,12.31,0.0,de_Gerlache,31.4,False,Background,
-85.875,54.875,3,3.3333,0.0,9.03,0.0,Nobile,21.3,True,Background,confirmed within Nobile PSR boundary
-85.375,48.375,3,3.0,0.0,11.32,0.0,Nobile,14.2,True,Background,confirmed within Nobile PSR boundary
-85.875,47.375,3,3.3333,0.0,14.41,0.0,Nobile,25.6,True,Background,confirmed within Nobile PSR boundary
-86.125,216.875,4,3.0,0.0,11.4,0.0,de_Gerlache,97.8,False,Background,
-87.125,87.625,3,4.3333,0.0,3.29,0.0,Faustini,6.9,True,Background,confirmed within Faustini PSR boundary
-85.125,80.375,7,3.1429,0.0,6.29,0.0,Faustini,63.2,False,Background,
-86.875,85.625,3,4.3333,0.0,12.45,0.0,Faustini,10.5,True,Background,confirmed within Faustini PSR boundary
-89.125,199.375,7,3.8571,0.0,12.4,0.0,Shackleton,24.9,False,Background,
-87.375,235.375,5,3.8,0.0,10.16,0.0,de_Gerlache,49.3,False,Background,
-85.125,79.125,4,3.25,0.0,6.12,0.0,Faustini,63.4,False,Background,
-88.625,101.625,3,3.3333,0.0,10.47,0.0,Shackleton,33.2,False,Background,
-89.375,177.875,5,3.2,0.0,8.6,0.0,Shackleton,14.4,False,Background,
-85.875,239.375,3,3.3333,0.0,11.98,0.0,de_Gerlache,86.8,False,Background,
-87.125,82.625,3,4.3333,0.0,3.15,0.0,Faustini,2.5,True,Background,confirmed within Faustini PSR boundary
-88.875,208.875,14,3.2857,0.0,16.28,0.0,Shackleton,33.7,False,Background,
-85.125,75.125,5,3.6,0.0,13.79,0.0,Nobile,55.0,False,Background,
-86.875,77.875,3,4.3333,0.0,16.23,0.0,Faustini,13.0,True,Background,confirmed within Faustini PSR boundary
-87.125,78.625,3,5.0,0.0,10.93,0.0,Faustini,7.3,True,Background,confirmed within Faustini PSR boundary
-87.875,84.875,3,3.0,0.0,8.43,0.0,Faustini,20.6,True,Background,confirmed within Faustini PSR boundary
-89.375,182.875,7,3.2857,0.0,7.64,0.0,Shackleton,15.3,False,Background,
-86.375,75.375,5,3.0,0.0,4.4,0.0,Faustini,28.3,False,Background,
-87.375,79.375,4,3.0,0.0,6.09,0.0,Faustini,7.7,True,Background,confirmed within Faustini PSR boundary
-88.625,90.125,3,3.3333,0.0,8.39,0.0,Shackleton,34.5,False,Background,
-88.875,206.875,12,3.25,0.0,16.65,0.0,Shackleton,33.4,False,Background,
-85.625,72.375,5,3.4,0.0,14.9,0.0,Nobile,47.5,False,Background,
-89.125,197.875,12,3.0833,0.0,13.16,0.0,Shackleton,24.7,False,Background,
-88.875,214.125,9,4.5556,0.0,14.48,0.0,Shackleton,34.6,False,Background,
-87.125,232.125,4,3.25,0.0,6.35,0.0,de_Gerlache,58.2,False,Background,
-85.375,236.625,8,3.0,0.0,14.38,0.0,de_Gerlache,103.2,False,Background,
-85.125,236.125,5,3.6,0.0,21.59,0.0,de_Gerlache,110.8,False,Background,
-86.875,73.125,3,3.6667,0.0,13.24,0.0,Faustini,18.6,True,Background,confirmed within Faustini PSR boundary
-89.375,186.625,6,3.1667,0.0,8.26,0.0,Shackleton,15.9,False,Background,
-89.125,193.125,4,3.5,0.0,9.59,0.0,Shackleton,23.8,False,Background,
-85.625,233.625,5,4.0,0.0,13.05,0.0,de_Gerlache,98.1,False,Background,
-89.375,113.375,3,3.3333,0.0,21.61,0.0,Shackleton,9.7,True,Background,confirmed within Shackleton PSR boundary
-89.125,198.625,8,3.375,0.0,12.85,0.0,Shackleton,24.8,False,Background,
-88.875,210.875,9,3.0,0.0,16.07,0.0,Shackleton,34.1,False,Background,
-85.625,66.625,6,3.6667,0.0,7.38,0.0,Nobile,34.5,True,Background,confirmed within Nobile PSR boundary
-86.625,68.125,3,3.6667,0.0,7.44,0.0,Faustini,30.1,False,Background,
-86.625,67.125,4,5.0,0.0,6.81,0.0,Faustini,31.4,False,Background,
-87.125,68.625,3,3.3333,0.0,6.71,0.0,Faustini,22.0,False,Background,
-87.625,71.625,3,3.3333,0.0,6.74,0.0,Faustini,20.4,True,Background,confirmed within Faustini PSR boundary
-85.875,64.375,5,3.4,0.0,7.57,0.0,Nobile,33.1,True,Background,confirmed within Nobile PSR boundary
-86.375,65.375,3,3.0,0.0,9.64,0.0,Faustini,39.1,False,Background,
-89.375,151.625,4,3.0,0.0,17.61,0.0,Shackleton,10.4,True,Background,confirmed within Shackleton PSR boundary
-89.375,172.375,3,3.6667,0.0,10.05,0.0,Shackleton,13.5,False,Background,
-87.375,224.375,3,3.3333,0.0,9.02,0.0,de_Gerlache,58.9,False,Background,
-86.125,228.125,7,3.4286,0.0,3.92,0.0,de_Gerlache,88.3,False,Background,
-86.125,62.875,6,3.8333,0.0,9.01,0.0,Nobile,35.7,True,Background,confirmed within Nobile PSR boundary
-89.125,91.375,4,3.75,0.0,8.7,0.0,Shackleton,19.7,False,Background,
-87.625,66.875,4,3.0,0.0,13.7,0.0,Faustini,25.7,False,Background,
-88.125,70.125,3,3.3333,0.0,16.21,0.0,Faustini,32.2,False,Background,
-88.625,76.125,4,3.25,0.0,5.03,0.0,Shackleton,36.6,False,Background,
-88.875,80.375,4,3.25,0.0,4.26,0.0,Shackleton,28.6,False,Background,
-88.125,217.375,5,3.0,0.0,5.39,0.0,de_Gerlache,49.6,False,Background,
-87.625,64.125,3,3.0,0.0,13.03,0.0,Faustini,29.0,False,Background,
-88.125,66.625,4,3.0,0.0,13.96,0.0,Faustini,34.5,False,Background,
-88.375,214.625,13,3.6154,0.0,3.78,0.0,de_Gerlache,48.0,False,Background,
-85.125,55.625,7,3.0,0.0,7.55,0.0,Nobile,5.6,True,Background,confirmed within Nobile PSR boundary
-86.375,57.625,4,3.5,0.0,16.59,0.0,Nobile,37.3,False,Background,
-85.375,224.125,7,3.0,0.0,5.7,0.0,de_Gerlache,112.7,False,Background,
-85.125,54.625,7,3.0,0.0,9.45,0.0,Nobile,3.3,True,Background,confirmed within Nobile PSR boundary
-87.375,58.625,4,3.5,0.0,11.07,0.0,Faustini,35.4,False,Background,
-87.625,58.875,4,3.0,0.0,19.31,0.0,Faustini,35.4,False,Background,
-87.625,59.875,4,4.0,0.0,18.75,0.0,Faustini,34.2,False,Background,
-89.625,156.375,3,3.3333,0.0,29.72,0.0,Shackleton,5.1,True,Background,confirmed within Shackleton PSR boundary
-86.375,220.125,3,4.6667,0.0,8.63,0.0,de_Gerlache,88.2,False,Background,
-88.875,66.625,3,3.0,0.0,8.22,0.0,Shackleton,30.9,False,Background,
-86.125,50.625,7,3.0,0.0,16.38,0.0,Nobile,29.4,True,Background,confirmed within Nobile PSR boundary
-86.375,50.875,5,3.2,0.0,23.98,0.0,Nobile,36.7,False,Background,
-86.875,51.875,3,3.0,0.0,12.47,0.0,Faustini,49.5,False,Background,
-87.125,52.625,6,3.0,0.0,8.94,0.0,Faustini,45.5,False,Background,
-87.875,55.125,3,5.3333,0.0,9.68,0.0,Faustini,41.4,False,Background,
-85.625,220.125,4,5.0,0.0,5.22,0.0,de_Gerlache,108.9,False,Background,
-85.875,48.625,5,3.0,0.0,16.21,0.0,Nobile,24.0,True,Background,confirmed within Nobile PSR boundary
-86.125,49.125,4,3.25,0.0,19.87,0.0,Nobile,30.4,True,Background,confirmed within Nobile PSR boundary
-86.375,218.375,7,3.0,0.0,10.49,0.0,de_Gerlache,89.7,False,Background,
-85.125,219.875,9,3.6667,0.0,6.44,0.0,de_Gerlache,123.4,False,Background,
-87.375,49.375,4,3.5,0.0,17.12,0.0,Faustini,48.2,False,Background,
-88.375,54.125,3,3.0,0.0,4.8,0.0,Shackleton,47.7,False,Background,
-86.625,217.625,7,3.5714,0.0,3.84,0.0,de_Gerlache,83.7,False,Background,
-86.625,46.125,3,4.3333,0.0,22.13,0.0,Nobile,46.6,False,Background,
-87.875,49.125,5,3.2,0.0,5.63,0.0,Faustini,48.0,False,Background,
-89.375,201.625,3,5.3333,0.0,8.95,0.0,Shackleton,18.5,False,Background,
-89.375,199.875,4,3.5,0.0,11.2,0.0,Shackleton,18.2,False,Background,
-85.625,217.875,4,3.0,0.0,4.9,0.0,de_Gerlache,110.9,False,Background,
-85.125,218.125,6,3.5,0.0,4.03,0.0,de_Gerlache,124.9,False,Background,
-88.375,44.375,4,3.5,0.0,4.18,0.0,Shackleton,49.4,False,Background,
-86.625,39.625,4,3.25,0.0,11.15,0.0,Nobile,52.9,False,Background,
-85.625,37.875,5,4.2,0.0,14.44,0.0,Nobile,40.2,False,Background,
-89.375,43.375,4,3.0,0.0,4.49,0.0,Shackleton,20.8,False,Background,
-85.125,36.375,7,3.2857,0.0,8.0,0.0,Nobile,43.8,False,Background,
-89.375,39.625,3,5.0,0.0,5.39,0.0,Shackleton,21.4,False,Background,
-89.625,41.375,3,3.3333,0.0,11.86,0.0,Shackleton,14.9,False,Background,
-89.125,212.625,4,4.0,0.0,16.7,0.0,Shackleton,27.2,False,Background,
-85.375,34.875,5,3.2,0.0,10.44,0.0,Nobile,46.7,False,Background,
-86.625,34.875,10,3.1,0.0,12.65,0.0,Nobile,59.1,False,Background,
-88.875,29.875,11,3.9091,0.0,11.62,0.0,Shackleton,37.1,False,Background,
-89.625,223.875,4,4.5,0.0,15.7,0.0,Shackleton,15.7,False,Background,
-85.125,30.625,9,3.4444,0.0,8.8,0.0,Nobile,58.3,False,Background,
-89.875,258.875,3,4.6667,0.0,15.3,0.0,Shackleton,12.8,False,Background,
-89.125,217.625,3,3.0,0.0,16.3,0.0,Shackleton,28.1,False,Background,
-86.125,213.125,5,3.4,0.0,6.63,0.0,de_Gerlache,101.1,False,Background,
-89.875,275.875,3,4.3333,0.0,15.54,0.0,Shackleton,13.3,False,Background,
-85.625,26.125,5,3.2,0.0,14.08,0.0,Nobile,67.3,False,Background,
-88.875,218.625,9,3.3333,0.0,11.6,0.0,Shackleton,35.4,False,Background,
-87.625,213.125,4,5.5,0.0,7.69,0.0,de_Gerlache,63.1,False,Background,
-88.125,20.875,3,4.3333,0.0,10.29,0.0,Haworth,35.3,False,Background,
-85.125,20.875,4,3.5,0.0,23.25,0.0,Nobile,82.6,False,Background,
-87.375,210.625,3,3.3333,0.0,4.69,0.0,Sverdrup,70.1,False,Background,
-89.375,230.375,4,3.75,0.0,15.05,0.0,Shackleton,23.0,False,Background,
-87.625,210.125,7,3.1429,0.0,5.25,0.0,Sverdrup,64.7,False,Background,
-87.625,11.625,3,4.0,0.0,16.38,0.0,Haworth,21.6,True,Background,confirmed within Haworth PSR boundary
-89.625,303.375,3,4.0,0.0,12.74,0.0,Shackleton,21.3,False,Background,
-86.125,206.125,4,4.25,0.0,11.61,0.0,Sverdrup,95.0,False,Background,
-89.625,292.375,5,3.0,0.0,14.6,0.0,Shackleton,21.1,False,Background,
-85.125,202.875,8,3.125,0.0,8.69,0.0,Sverdrup,118.7,False,Background,
-89.625,309.375,3,3.6667,0.0,8.47,0.0,Shackleton,21.4,False,Background,
-87.875,5.125,3,3.0,0.0,12.96,0.0,Haworth,17.2,True,Background,confirmed within Haworth PSR boundary
-89.125,348.375,6,5.0,0.0,12.41,0.0,Shackleton,34.9,False,Background,
-89.125,226.375,3,3.3333,0.0,15.26,0.0,Shackleton,29.5,False,Background,
-86.125,9.375,6,3.8333,0.0,13.64,0.0,Haworth,46.9,False,Background,
-88.125,207.375,3,3.6667,0.0,8.63,0.0,Sverdrup,54.2,False,Background,
-89.375,323.625,6,3.0,0.0,4.66,0.0,Shackleton,28.8,False,Background,
-88.125,205.625,3,4.3333,0.0,6.48,0.0,Sverdrup,52.6,False,Background,
-89.375,226.125,3,3.3333,0.0,15.29,0.0,Shackleton,22.4,False,Background,
-85.375,193.875,3,3.0,0.0,5.32,0.0,Sverdrup,102.9,False,Background,
-89.125,203.625,6,3.0,0.0,11.2,0.0,Shackleton,25.7,False,Background,
-87.875,194.125,3,4.3333,0.0,17.86,0.0,Sverdrup,44.6,False,Background,
-86.875,191.625,4,3.75,0.0,9.14,0.0,Sverdrup,61.2,False,Background,
-89.375,336.875,8,3.125,0.0,3.96,0.0,Shackleton,28.2,False,Background,
-85.375,1.875,4,3.25,0.0,14.25,0.0,Haworth,64.6,False,Background,
-88.125,357.375,5,5.6,0.0,11.81,0.0,Haworth,20.0,True,Background,confirmed within Haworth PSR boundary
-85.875,187.875,3,4.3333,0.0,4.94,0.0,Sverdrup,83.4,False,Background,
-85.125,1.125,5,3.4,0.0,11.36,0.0,Haworth,71.9,False,Background,
-85.375,1.125,3,4.0,0.0,10.34,0.0,Haworth,64.4,False,Background,
-85.875,0.625,6,3.3333,0.0,18.71,0.0,Haworth,49.2,False,Background,
-89.625,218.625,3,4.0,0.0,14.23,0.0,Shackleton,15.0,False,Background,
-85.375,186.375,8,3.5,0.0,15.2,0.0,Sverdrup,96.0,False,Background,
-89.375,198.625,3,4.6667,0.0,11.48,0.0,Shackleton,18.0,False,Background,
-87.375,186.875,3,4.3333,0.0,7.29,0.0,Sverdrup,45.2,False,Background,
-85.625,184.125,3,3.3333,0.0,19.6,0.0,Sverdrup,87.0,False,Background,
-87.625,184.875,3,3.6667,0.0,8.78,0.0,Sverdrup,38.6,False,Background,
-88.375,183.875,3,3.0,0.0,8.07,0.0,Sverdrup,31.7,False,Background,
-87.125,181.375,4,3.75,0.0,5.86,0.0,Sverdrup,44.9,False,Background,
-87.125,354.375,3,3.3333,0.0,9.72,0.0,Haworth,10.6,True,Background,confirmed within Haworth PSR boundary
-87.875,181.625,5,3.0,0.0,8.72,0.0,Sverdrup,31.7,False,Background,
-87.125,353.375,4,3.5,0.0,10.77,0.0,Haworth,10.8,True,Background,confirmed within Haworth PSR boundary
-86.625,352.375,3,3.6667,0.0,14.95,0.0,Haworth,26.0,False,Background,
-86.875,352.375,3,3.3333,0.0,13.25,0.0,Haworth,18.6,True,Background,confirmed within Haworth PSR boundary
-87.875,350.875,3,4.0,0.0,5.24,0.0,Haworth,13.4,True,Background,confirmed within Haworth PSR boundary
-88.125,350.125,4,3.5,0.0,12.23,0.0,Haworth,20.7,True,Background,confirmed within Haworth PSR boundary
-88.375,349.875,3,3.3333,0.0,3.82,0.0,Haworth,28.1,False,Background,
-89.125,343.125,6,3.3333,0.0,9.9,0.0,Shackleton,35.3,False,Background,
-89.125,341.375,8,3.375,0.0,8.0,0.0,Shackleton,35.4,False,Background,
-88.375,180.375,4,4.5,0.0,6.49,0.0,Sverdrup,28.7,False,Background,
-85.875,176.375,5,3.4,0.0,5.16,0.0,Sverdrup,73.8,False,Background,
-88.625,179.875,3,4.0,0.0,5.56,0.0,Sverdrup,30.4,False,Background,
-88.125,346.125,4,3.75,0.0,15.87,0.0,Haworth,22.5,True,Background,confirmed within Haworth PSR boundary
-87.125,346.875,3,3.3333,0.0,15.73,0.0,Haworth,16.0,True,Background,confirmed within Haworth PSR boundary
-87.375,174.375,5,4.2,0.0,11.01,0.0,Sverdrup,32.5,False,Background,
-87.625,343.625,3,4.3333,0.0,13.34,0.0,Haworth,15.9,True,Background,confirmed within Haworth PSR boundary
-87.625,343.375,4,3.0,0.0,13.34,0.0,Haworth,16.2,True,Background,confirmed within Haworth PSR boundary
-87.125,173.375,3,4.3333,0.0,8.39,0.0,Sverdrup,37.4,False,Background,
-87.125,173.125,3,3.6667,0.0,9.1,0.0,Sverdrup,37.2,False,Background,
-86.625,172.375,3,3.6667,0.0,3.99,0.0,Sverdrup,49.8,False,Background,
-86.125,344.375,9,3.7778,0.0,5.46,0.0,Haworth,44.6,False,Background,
-86.625,171.625,7,3.5714,0.0,2.79,0.0,Sverdrup,49.2,False,Background,
-87.625,338.375,4,3.25,0.0,16.29,0.0,Haworth,22.4,True,Background,confirmed within Haworth PSR boundary
-88.875,330.375,3,3.3333,0.0,12.87,0.0,Shackleton,43.6,False,Background,
-86.875,337.125,6,4.0,0.0,5.73,0.0,Haworth,32.4,False,Background,
-87.125,335.625,3,4.3333,0.0,9.3,0.0,Haworth,29.9,False,Background,
-88.375,171.625,4,3.25,0.0,8.2,0.0,Sverdrup,21.4,False,Background,
-86.625,166.375,3,3.6667,0.0,4.57,0.0,Sverdrup,45.8,False,Background,
-85.375,165.125,4,3.5,0.0,16.33,0.0,Sverdrup,82.1,False,Background,
-87.125,333.375,5,3.8,0.0,13.31,0.0,Haworth,32.8,False,Background,
-88.625,171.125,5,3.6,0.0,10.1,0.0,Sverdrup,25.0,False,Background,
-87.125,332.125,6,3.6667,0.0,11.0,0.0,Haworth,34.5,False,Background,
-85.625,333.125,6,3.0,0.0,14.28,0.0,Cabeus,47.9,True,Background,confirmed within Cabeus PSR boundary
-88.875,172.375,5,3.0,0.0,9.03,0.0,Shackleton,27.6,False,Background,
-86.625,161.875,3,4.6667,0.0,13.58,0.0,Sverdrup,43.6,False,Background,
-85.875,159.875,3,4.3333,0.0,8.83,0.0,Sverdrup,65.4,False,Background,
-89.375,304.625,3,3.0,0.0,6.83,0.0,Shackleton,28.9,False,Background,
-86.625,160.125,6,4.1667,0.0,7.08,0.0,Sverdrup,43.0,False,Background,
-88.875,313.625,11,3.0,0.0,7.45,0.0,de_Gerlache,33.8,False,Background,
-88.125,321.625,7,3.1429,0.0,5.15,0.0,Haworth,43.1,False,Background,
-86.875,158.375,3,5.6667,0.0,4.43,0.0,Sverdrup,35.0,False,Background,
-88.375,162.625,3,3.0,0.0,8.14,0.0,Sverdrup,14.9,True,Background,confirmed within Sverdrup PSR boundary
-87.625,157.125,3,3.0,0.0,4.72,0.0,Sverdrup,12.6,True,Background,confirmed within Sverdrup PSR boundary
-89.375,305.875,6,3.5,0.0,5.95,0.0,Shackleton,28.9,False,Background,
-86.625,322.625,3,3.3333,0.0,11.26,0.0,Cabeus,54.3,False,Background,
-87.125,152.375,5,4.0,0.0,3.82,0.0,Sverdrup,26.5,False,Background,
-86.375,151.125,3,3.3333,0.0,8.12,0.0,Sverdrup,49.3,False,Background,
-87.375,151.875,3,4.0,0.0,4.05,0.0,Sverdrup,19.0,False,Background,
-87.875,318.625,3,3.3333,0.0,12.63,0.0,Haworth,45.9,False,Background,
-87.875,318.375,7,3.7143,0.0,13.12,0.0,Haworth,46.2,False,Background,
-87.375,148.625,4,3.25,0.0,4.53,0.0,Sverdrup,19.5,False,Background,
-85.375,320.625,10,3.4,0.0,8.08,0.0,Cabeus,18.7,True,Background,confirmed within Cabeus PSR boundary
-86.625,319.625,9,3.4444,0.0,10.71,0.0,Cabeus,52.9,False,Background,
-86.125,145.875,4,3.0,0.0,6.56,0.0,Sverdrup,57.7,False,Background,
-85.125,145.375,5,3.4,0.0,24.69,0.0,Sverdrup,88.0,False,Background,
-86.625,318.875,4,3.5,0.0,10.9,0.0,Cabeus,52.7,False,Background,
-88.375,315.375,9,3.0,0.0,7.77,0.0,de_Gerlache,36.9,False,Background,
-86.875,317.125,4,3.75,0.0,10.89,0.0,Haworth,58.6,False,Background,
-88.625,313.375,7,3.5714,0.0,10.78,0.0,de_Gerlache,33.7,False,Background,
-89.375,307.125,3,4.0,0.0,6.25,0.0,Shackleton,29.0,False,Background,
-86.375,142.375,5,4.4,0.0,9.18,0.0,Sverdrup,51.3,False,Background,
-89.625,158.875,4,4.0,0.0,30.42,0.0,Shackleton,5.6,True,Background,confirmed within Shackleton PSR boundary
-88.875,144.625,6,3.1667,0.0,13.07,0.0,Shackleton,24.6,False,Background,
-88.625,142.875,6,3.8333,0.0,8.05,0.0,Sverdrup,20.7,False,Background,
-87.125,140.375,4,3.5,0.0,6.61,0.0,Sverdrup,30.7,False,Background,
-85.625,139.375,3,3.0,0.0,7.3,0.0,Sverdrup,74.9,False,Background,
-89.125,144.125,4,4.0,0.0,14.05,0.0,Shackleton,17.0,False,Background,
-89.625,145.875,4,3.5,0.0,21.97,0.0,Shackleton,3.3,True,Background,confirmed within Shackleton PSR boundary
-88.875,140.125,4,3.25,0.0,11.05,0.0,Shackleton,24.4,False,Background,
-86.125,136.875,5,4.2,0.0,7.83,0.0,Sverdrup,61.3,False,Background,
-85.875,314.375,5,3.8,0.0,7.36,0.0,Cabeus,29.8,True,Background,confirmed within Cabeus PSR boundary
-88.625,136.375,11,3.9091,0.0,8.15,0.0,Sverdrup,23.6,False,Background,
-87.375,135.875,8,3.375,0.0,6.02,0.0,Sverdrup,27.6,False,Background,
-85.625,133.875,10,3.3,0.0,4.4,0.0,Sverdrup,77.6,False,Background,
-86.625,132.375,6,4.5,0.0,7.05,0.0,Sverdrup,50.0,False,Background,
-85.125,312.625,5,3.4,0.0,6.05,0.0,Cabeus,11.2,True,Background,confirmed within Cabeus PSR boundary
-85.625,312.625,5,3.6,0.0,8.09,0.0,Cabeus,23.5,True,Background,confirmed within Cabeus PSR boundary
-85.125,130.875,5,4.0,0.0,3.18,0.0,Sverdrup,94.1,False,Background,
-87.125,312.875,5,3.0,0.0,11.44,0.0,de_Gerlache,59.0,False,Background,
-87.375,313.125,7,3.1429,0.0,13.37,0.0,de_Gerlache,53.2,False,Background,
-89.625,115.125,4,3.75,0.0,17.4,0.0,Shackleton,3.0,True,Background,confirmed within Shackleton PSR boundary
-88.375,127.125,3,4.3333,0.0,11.1,0.0,Sverdrup,26.6,False,Background,
-85.125,129.375,9,3.6667,0.0,3.42,0.0,Sverdrup,95.1,False,Background,
-89.625,336.875,4,4.0,0.0,5.73,0.0,Shackleton,20.8,False,Background,
-87.625,122.125,5,3.0,0.0,14.33,0.0,Sverdrup,36.4,False,Background,
-87.125,121.375,4,3.0,0.0,10.93,0.0,Sverdrup,47.2,False,Background,
-85.375,309.375,5,4.2,0.0,13.1,0.0,Cabeus,22.3,True,Background,confirmed within Cabeus PSR boundary
-88.875,107.125,3,3.3333,0.0,7.26,0.0,Shackleton,25.1,False,Background,
-87.625,116.375,3,4.0,0.0,18.77,0.0,Sverdrup,42.5,False,Background,
-87.125,310.125,4,3.25,0.0,9.79,0.0,de_Gerlache,56.7,False,Background,
-88.375,107.375,3,3.0,0.0,9.16,0.0,Shackleton,40.2,False,Background,
-86.875,115.125,4,3.25,0.0,9.68,0.0,Faustini,50.2,False,Background,
-86.125,116.625,3,3.0,0.0,7.49,0.0,Faustini,66.0,False,Background,
-86.125,113.875,3,3.0,0.0,5.22,0.0,Faustini,62.0,False,Background,
-89.375,358.125,3,3.6667,0.0,8.75,0.0,Shackleton,26.6,False,Background,
-86.625,111.125,4,3.5,0.0,8.55,0.0,Faustini,48.2,False,Background,
-85.875,305.875,4,3.75,0.0,16.31,0.0,Cabeus,38.4,True,Background,confirmed within Cabeus PSR boundary
-86.125,110.625,4,3.25,0.0,10.74,0.0,Faustini,57.4,False,Background,
-87.375,308.875,3,4.3333,0.0,6.84,0.0,de_Gerlache,49.5,False,Background,
-87.375,105.875,3,4.6667,0.0,9.41,0.0,Faustini,32.7,False,Background,
-88.125,312.875,8,3.25,0.0,8.61,0.0,de_Gerlache,38.0,False,Background,
-85.625,302.875,6,5.0,0.0,7.95,0.0,Cabeus,39.4,True,Background,confirmed within Cabeus PSR boundary
-87.375,307.875,3,3.6667,0.0,8.89,0.0,de_Gerlache,48.6,False,Background,
-86.625,304.875,4,3.0,0.0,17.17,0.0,Cabeus,57.7,False,Background,
-85.625,106.375,5,3.6,0.0,7.7,0.0,Faustini,63.9,False,Background,
-85.375,106.625,5,3.6,0.0,5.54,0.0,Faustini,70.8,False,Background,
-88.375,86.625,3,4.0,0.0,8.25,0.0,Faustini,35.8,False,Background,
-86.125,300.875,3,3.3333,0.0,12.4,0.0,Cabeus,51.3,False,Background,
-87.625,307.125,3,4.6667,0.0,6.64,0.0,de_Gerlache,42.2,False,Background,
-87.125,302.375,3,3.0,0.0,6.54,0.0,de_Gerlache,50.5,False,Background,
-87.875,87.125,3,4.0,0.0,10.09,0.0,Faustini,21.1,True,Background,confirmed within Faustini PSR boundary
-89.125,332.125,6,3.6667,0.0,6.11,0.0,Shackleton,36.0,False,Background,
-85.625,95.625,4,3.75,0.0,8.25,0.0,Faustini,53.0,False,Background,
-85.375,291.875,3,4.6667,0.0,6.61,0.0,Cabeus,63.1,False,Background,
-86.875,294.125,4,3.5,0.0,8.06,0.0,de_Gerlache,51.5,False,Background,
-87.625,297.125,4,4.0,0.0,4.6,0.0,de_Gerlache,33.9,False,Background,
-85.875,289.125,4,3.75,0.0,10.84,0.0,Cabeus,71.0,False,Background,
-89.125,15.875,5,3.6,0.0,7.04,0.0,Shackleton,31.9,False,Background,
-85.875,287.875,3,3.0,0.0,9.57,0.0,Cabeus,73.7,False,Background,
-85.125,85.875,3,4.6667,0.0,4.33,0.0,Faustini,63.1,False,Background,
-85.875,285.375,4,3.0,0.0,8.35,0.0,de_Gerlache,76.7,False,Background,
-86.125,286.125,3,4.3333,0.0,14.52,0.0,de_Gerlache,69.5,False,Background,
-86.625,288.625,3,5.0,0.0,7.39,0.0,de_Gerlache,55.7,False,Background,
-86.875,289.375,3,3.0,0.0,3.77,0.0,de_Gerlache,48.8,False,Background,
-88.875,40.125,3,3.6667,0.0,15.88,0.0,Shackleton,35.4,False,Background,
-86.125,80.375,3,3.3333,0.0,13.7,0.0,Faustini,33.0,False,Background,
-86.625,286.125,3,4.3333,0.0,6.18,0.0,de_Gerlache,54.6,False,Background,
-86.125,78.875,4,3.75,0.0,11.29,0.0,Faustini,33.5,False,Background,
-86.125,283.125,4,3.75,0.0,12.73,0.0,de_Gerlache,68.5,False,Background,
-88.875,33.875,6,3.0,0.0,14.34,0.0,Shackleton,36.5,False,Background,
-88.375,57.375,3,4.0,0.0,9.1,0.0,Faustini,45.9,False,Background,
-86.875,284.875,3,3.0,0.0,4.11,0.0,de_Gerlache,46.8,False,Background,
-87.375,287.375,3,4.0,0.0,9.31,0.0,de_Gerlache,33.6,False,Background,
-86.125,280.875,3,4.3333,0.0,12.07,0.0,de_Gerlache,67.9,False,Background,
-88.875,32.125,6,3.5,0.0,12.25,0.0,Shackleton,36.8,False,Background,
-89.125,21.625,5,4.0,0.0,6.34,0.0,Shackleton,31.1,False,Background,
-87.375,283.625,3,4.6667,0.0,9.08,0.0,de_Gerlache,31.7,False,Background,
-87.625,285.125,3,4.3333,0.0,10.11,0.0,de_Gerlache,25.4,False,Background,
-85.375,74.625,4,3.0,0.0,13.14,0.0,Nobile,52.7,False,Background,
-85.875,276.125,3,4.6667,0.0,6.04,0.0,de_Gerlache,74.7,False,Background,
-89.125,0.125,5,4.0,0.0,6.51,0.0,Shackleton,33.8,False,Background,
-88.875,27.375,7,3.4286,0.0,13.22,0.0,Shackleton,37.5,False,Background,
-86.625,272.375,3,5.0,0.0,4.36,0.0,de_Gerlache,51.7,False,Background,
-88.875,28.375,9,3.1111,0.0,13.88,0.0,Shackleton,37.4,False,Background,
-85.375,265.875,3,4.0,0.0,7.98,0.0,de_Gerlache,90.1,False,Background,
-88.375,285.375,3,3.3333,0.0,16.26,0.0,de_Gerlache,11.7,True,Background,confirmed within de_Gerlache PSR boundary
-89.125,15.125,7,4.5714,0.0,7.16,0.0,Shackleton,32.0,False,Background,
-86.625,61.125,3,3.0,0.0,11.98,0.0,Faustini,39.8,False,Background,
-85.625,64.625,3,4.0,0.0,8.87,0.0,Nobile,30.1,True,Background,confirmed within Nobile PSR boundary
-85.125,65.875,4,3.0,0.0,14.15,0.0,Nobile,31.6,True,Background,confirmed within Nobile PSR boundary
-85.625,264.125,3,3.0,0.0,7.53,0.0,de_Gerlache,82.8,False,Background,
-87.875,271.625,3,3.0,0.0,9.58,0.0,de_Gerlache,13.8,True,Background,confirmed within de_Gerlache PSR boundary
-87.375,53.875,4,3.0,0.0,13.11,0.0,Faustini,42.0,False,Background,
-85.125,256.625,3,3.0,0.0,4.87,0.0,de_Gerlache,99.9,False,Background,
-85.375,257.125,3,4.0,0.0,4.17,0.0,de_Gerlache,92.2,False,Background,
-85.625,256.375,3,3.6667,0.0,7.22,0.0,de_Gerlache,85.0,False,Background,
-86.125,57.625,5,3.4,0.0,11.44,0.0,Nobile,30.1,True,Background,confirmed within Nobile PSR boundary
-86.625,255.125,3,5.0,0.0,4.95,0.0,de_Gerlache,55.9,False,Background,
-88.875,274.875,4,3.0,0.0,14.99,0.0,de_Gerlache,16.7,False,Background,
-86.125,55.375,5,3.6,0.0,12.35,0.0,Nobile,29.0,True,Background,confirmed within Nobile PSR boundary
-86.875,254.875,3,3.0,0.0,5.16,0.0,de_Gerlache,48.7,False,Background,
-86.125,250.875,3,4.0,0.0,14.7,0.0,de_Gerlache,72.6,False,Background,
-86.375,251.625,3,5.0,0.0,11.55,0.0,de_Gerlache,64.9,False,Background,
-86.125,249.625,4,4.25,0.0,17.0,0.0,de_Gerlache,73.3,False,Background,
-88.375,258.375,4,3.25,0.0,15.11,0.0,de_Gerlache,11.9,True,Background,confirmed within de_Gerlache PSR boundary
-88.625,32.375,4,4.0,0.0,15.87,0.0,Shackleton,44.1,False,Background,
-88.375,248.625,3,3.0,0.0,13.56,0.0,de_Gerlache,20.3,False,Background,
-87.875,243.125,3,4.3333,0.0,9.43,0.0,de_Gerlache,31.7,False,Background,
-88.125,244.875,3,3.0,0.0,12.52,0.0,de_Gerlache,25.9,False,Background,
-88.375,245.125,3,4.3333,0.0,12.04,0.0,de_Gerlache,23.3,False,Background,
-85.375,42.875,3,4.0,0.0,12.22,0.0,Nobile,27.2,True,Background,confirmed within Nobile PSR boundary
-87.375,37.375,3,3.6667,0.0,13.11,0.0,Haworth,56.1,False,Background,
-87.125,37.875,4,3.5,0.0,8.41,0.0,Haworth,60.2,False,Background,
-89.125,242.125,3,3.6667,0.0,18.26,0.0,de_Gerlache,30.6,False,Background,
-85.375,38.375,4,3.75,0.0,22.16,0.0,Nobile,38.2,False,Background,
-85.375,37.625,5,3.6,0.0,17.66,0.0,Nobile,40.0,False,Background,
-89.125,232.375,3,3.0,0.0,16.65,0.0,Shackleton,30.4,False,Background,
-85.875,36.875,3,4.0,0.0,16.96,0.0,Nobile,44.4,False,Background,
-87.875,34.125,13,3.1538,0.0,10.25,0.0,Haworth,48.3,False,Background,
-85.125,216.875,8,3.5,0.0,4.95,0.0,de_Gerlache,125.9,False,Background,
-85.625,215.375,5,3.2,0.0,7.53,0.0,de_Gerlache,113.0,False,Background,
-89.375,34.125,4,3.25,0.0,7.07,0.0,Shackleton,22.2,False,Background,
-86.875,33.875,4,3.75,0.0,10.69,0.0,Haworth,59.1,False,Background,
-85.625,209.375,5,3.4,0.0,4.97,0.0,Sverdrup,111.7,False,Background,
-85.625,31.625,4,3.25,0.0,21.81,0.0,Nobile,54.6,False,Background,
-89.625,160.625,3,3.3333,0.0,30.61,0.0,Shackleton,5.9,True,Background,confirmed within Shackleton PSR boundary
-87.875,31.875,4,4.25,0.0,12.88,0.0,Haworth,45.8,False,Background,
-85.625,28.125,5,3.4,0.0,16.89,0.0,Nobile,62.6,False,Background,
-89.625,114.875,4,3.25,0.0,17.72,0.0,Shackleton,3.0,True,Background,confirmed within Shackleton PSR boundary
-85.125,27.125,4,3.0,0.0,6.03,0.0,Nobile,67.1,False,Background,
-85.125,22.875,3,3.0,0.0,13.88,0.0,Nobile,77.6,False,Background,
-85.375,20.125,4,3.75,0.0,15.8,0.0,Haworth,77.6,False,Background,
-85.875,187.375,4,3.75,0.0,5.37,0.0,Sverdrup,82.9,False,Background,
-89.625,128.375,4,3.25,0.0,9.8,0.0,Shackleton,1.4,True,Background,confirmed within Shackleton PSR boundary
-85.625,186.875,3,4.3333,0.0,16.77,0.0,Sverdrup,89.4,False,Background,
-89.125,165.625,7,3.8571,0.0,6.77,0.0,Shackleton,19.4,False,Background,
-87.125,11.875,3,3.6667,0.0,8.37,0.0,Haworth,25.7,False,Background,
-87.375,181.125,3,3.6667,0.0,4.47,0.0,Sverdrup,39.2,False,Background,
-86.625,9.875,4,4.0,0.0,8.25,0.0,Haworth,34.1,False,Background,
-89.625,145.125,3,4.6667,0.0,21.61,0.0,Shackleton,3.2,True,Background,confirmed within Shackleton PSR boundary
-85.625,5.375,3,3.3333,0.0,26.38,0.0,Haworth,58.7,False,Background,
-85.125,178.375,5,3.6,0.0,14.42,0.0,Sverdrup,96.9,False,Background,
-86.125,177.875,5,4.0,0.0,5.25,0.0,Sverdrup,67.9,False,Background,
-85.375,177.375,5,3.2,0.0,17.76,0.0,Sverdrup,89.0,False,Background,
-85.375,0.625,5,3.4,0.0,9.61,0.0,Haworth,64.2,False,Background,
-85.375,171.125,4,4.75,0.0,5.23,0.0,Sverdrup,85.0,False,Background,
-88.625,358.375,3,3.6667,0.0,9.42,0.0,Haworth,35.2,False,Background,
-86.375,354.375,3,4.3333,0.0,10.45,0.0,Haworth,33.2,False,Background,
-85.625,351.125,5,3.2,0.0,14.4,0.0,Haworth,56.4,False,Background,
-89.125,154.375,3,4.0,0.0,7.05,0.0,Shackleton,18.0,False,Background,
-85.625,160.875,4,3.25,0.0,6.56,0.0,Sverdrup,73.2,False,Background,
-85.375,158.875,5,3.8,0.0,6.58,0.0,Sverdrup,80.3,False,Background,
-86.375,156.875,4,3.25,0.0,5.01,0.0,Sverdrup,49.7,False,Background,
-88.125,347.125,3,3.3333,0.0,16.35,0.0,Haworth,22.0,True,Background,confirmed within Haworth PSR boundary
-85.625,342.875,3,3.0,0.0,9.66,0.0,Haworth,60.1,False,Background,
-85.625,342.125,3,4.0,0.0,12.44,0.0,Haworth,60.6,False,Background,
-85.375,150.125,3,4.0,0.0,8.44,0.0,Sverdrup,79.7,False,Background,
-85.625,336.875,4,4.25,0.0,6.0,0.0,Cabeus,56.3,False,Background,
-87.875,143.125,3,4.3333,0.0,5.23,0.0,Sverdrup,10.9,True,Background,confirmed within Sverdrup PSR boundary
-85.875,332.125,3,4.3333,0.0,14.46,0.0,Cabeus,48.9,True,Background,confirmed within Cabeus PSR boundary
-86.375,145.125,4,4.5,0.0,6.45,0.0,Sverdrup,50.4,False,Background,
-87.375,142.625,4,3.0,0.0,5.04,0.0,Sverdrup,22.4,False,Background,
-86.625,141.875,3,5.0,0.0,6.31,0.0,Sverdrup,44.2,False,Background,
-85.375,141.625,5,3.2,0.0,5.51,0.0,Sverdrup,81.5,False,Background,
-86.125,141.375,4,4.75,0.0,6.16,0.0,Sverdrup,59.2,False,Background,
-88.375,139.125,12,3.0833,0.0,6.99,0.0,Sverdrup,17.1,False,Background,
-87.375,140.125,3,3.0,0.0,9.52,0.0,Sverdrup,24.2,False,Background,
-88.625,138.125,5,3.2,0.0,11.35,0.0,Sverdrup,22.7,False,Background,
-88.125,138.625,8,3.75,0.0,6.42,0.0,Sverdrup,14.7,True,Background,confirmed within Sverdrup PSR boundary
-87.375,138.625,3,4.0,0.0,6.96,0.0,Sverdrup,25.3,False,Background,
-86.375,320.875,3,3.0,0.0,7.91,0.0,Cabeus,46.1,True,Background,confirmed within Cabeus PSR boundary
-88.375,136.875,7,3.8571,0.0,6.55,0.0,Sverdrup,18.7,False,Background,
-85.375,135.875,5,3.0,0.0,3.63,0.0,Sverdrup,83.9,False,Background,
-85.625,135.875,5,3.4,0.0,4.81,0.0,Sverdrup,76.5,False,Background,
-87.375,136.125,5,4.0,0.0,6.99,0.0,Sverdrup,27.4,False,Background,
-85.625,312.375,5,5.4,0.0,9.54,0.0,Cabeus,23.8,True,Background,confirmed within Cabeus PSR boundary
-85.875,134.375,5,3.0,0.0,5.74,0.0,Sverdrup,70.0,False,Background,
-86.875,134.625,4,3.25,0.0,11.0,0.0,Sverdrup,41.5,False,Background,
-87.125,134.625,5,3.0,0.0,7.16,0.0,Sverdrup,34.8,False,Background,
-85.625,132.875,4,4.25,0.0,4.21,0.0,Sverdrup,78.2,False,Background,
-86.625,132.625,3,4.6667,0.0,5.65,0.0,Sverdrup,49.8,False,Background,
-86.625,131.375,3,4.3333,0.0,8.95,0.0,Sverdrup,50.7,False,Background,
-87.875,134.375,3,4.6667,0.0,13.42,0.0,Sverdrup,20.1,False,Background,
-88.125,125.625,5,3.8,0.0,8.78,0.0,Sverdrup,27.5,False,Background,
-88.375,128.125,3,3.6667,0.0,11.79,0.0,Sverdrup,25.7,False,Background,
-87.625,119.125,3,5.3333,0.0,5.78,0.0,Sverdrup,39.6,False,Background,
-86.375,110.875,3,3.0,0.0,9.22,0.0,Faustini,52.5,False,Background,
-88.375,120.375,3,3.3333,0.0,12.83,0.0,Sverdrup,32.3,False,Background,
-86.125,220.875,3,3.6667,0.0,10.4,0.0,de_Gerlache,94.3,False,Background,
-85.875,41.125,5,3.2,0.0,21.03,0.0,Nobile,36.0,True,Background,confirmed within Nobile PSR boundary
-89.125,153.375,6,4.0,0.0,6.97,0.0,Shackleton,17.9,False,Background,
-89.125,193.375,14,3.2857,0.0,9.08,0.0,Shackleton,23.9,False,Background,
-89.125,201.375,6,4.0,0.0,13.28,0.0,Shackleton,25.3,False,Background,
-87.375,235.625,6,3.8333,0.0,10.41,0.0,de_Gerlache,49.1,False,Background,
-86.875,237.125,6,3.1667,0.0,3.14,0.0,de_Gerlache,60.6,False,Background,
-85.875,240.875,6,3.5,0.0,13.6,0.0,de_Gerlache,85.8,False,Background,
-86.125,81.125,3,3.0,0.0,13.89,0.0,Faustini,32.8,False,Background,
-86.375,82.375,5,3.0,0.0,10.07,0.0,Faustini,25.1,False,Background,
-88.125,92.125,3,3.3333,0.0,8.03,0.0,Faustini,30.0,False,Background,
-89.375,149.125,5,3.0,0.0,19.12,0.0,Shackleton,10.1,True,Background,confirmed within Shackleton PSR boundary
-85.625,240.625,6,3.3333,0.0,10.97,0.0,de_Gerlache,93.2,False,Background,
-85.875,79.375,6,3.6667,0.0,12.72,0.0,Faustini,40.8,False,Background,
-87.625,85.875,4,3.75,0.0,14.07,0.0,Faustini,13.4,True,Background,confirmed within Faustini PSR boundary
-88.625,102.625,4,3.0,0.0,6.27,0.0,Shackleton,33.1,False,Background,
-86.375,237.875,4,3.25,0.0,5.06,0.0,de_Gerlache,73.7,False,Background,
-85.875,239.625,7,3.0,0.0,12.0,0.0,de_Gerlache,86.7,False,Background,
-87.875,229.375,5,3.0,0.0,11.6,0.0,de_Gerlache,43.8,False,Background,
-87.625,231.125,5,16.8,0.0,11.4,0.0,de_Gerlache,47.3,False,Background,
-85.875,238.875,3,4.0,0.0,12.17,0.0,de_Gerlache,87.2,False,Background,
-85.875,76.375,4,4.5,0.0,6.71,0.0,Faustini,42.0,False,Background,
-88.125,87.375,4,4.25,0.0,6.09,0.0,Faustini,28.5,False,Background,
-89.375,137.625,5,3.2,0.0,23.32,0.0,Shackleton,9.2,True,Background,confirmed within Shackleton PSR boundary
-89.375,180.625,4,3.25,0.0,8.23,0.0,Shackleton,14.9,False,Background,
-87.625,230.375,5,4.0,0.0,12.77,0.0,de_Gerlache,47.9,False,Background,
-86.375,76.625,4,3.0,0.0,6.55,0.0,Faustini,27.4,False,Background,
-88.875,212.125,8,4.0,0.0,14.91,0.0,Shackleton,34.3,False,Background,
-86.375,75.125,3,5.6667,0.0,4.98,0.0,Faustini,28.5,False,Background,
-85.375,237.625,5,3.4,0.0,16.26,0.0,de_Gerlache,102.5,False,Background,
-88.875,95.875,4,4.25,0.0,11.8,0.0,Shackleton,26.4,False,Background,
-86.125,235.375,6,4.1667,0.0,10.48,0.0,de_Gerlache,82.6,False,Background,
-88.125,81.375,3,3.0,0.0,9.57,0.0,Faustini,28.1,False,Background,
-89.125,102.875,3,3.0,0.0,5.2,0.0,Shackleton,18.1,False,Background,
-87.125,230.375,3,3.3333,0.0,5.32,0.0,de_Gerlache,59.7,False,Background,
-85.375,234.875,5,3.4,0.0,17.13,0.0,de_Gerlache,104.4,False,Background,
-85.875,69.125,5,3.4,0.0,19.28,0.0,Nobile,42.3,False,Background,
-85.375,234.125,8,3.0,0.0,14.48,0.0,de_Gerlache,105.0,False,Background,
-86.625,230.875,3,3.0,0.0,5.77,0.0,de_Gerlache,72.3,False,Background,
-85.875,232.375,9,3.0,0.0,11.19,0.0,de_Gerlache,91.9,False,Background,
-86.125,67.125,5,3.0,0.0,8.52,0.0,Nobile,42.2,False,Background,
-87.625,72.375,3,4.0,0.0,10.35,0.0,Faustini,19.6,True,Background,confirmed within Faustini PSR boundary
-89.375,175.875,3,3.0,0.0,9.73,0.0,Shackleton,14.1,False,Background,
-89.125,193.625,9,3.0,0.0,8.83,0.0,Shackleton,23.9,False,Background,
-87.375,226.625,7,3.2857,0.0,7.55,0.0,de_Gerlache,56.9,False,Background,
-85.875,65.375,3,4.6667,0.0,6.89,0.0,Nobile,34.9,True,Background,confirmed within Nobile PSR boundary
-86.375,229.875,3,4.6667,0.0,5.85,0.0,de_Gerlache,79.9,False,Background,
-85.625,230.875,3,3.0,0.0,17.17,0.0,de_Gerlache,100.2,False,Background,
-86.625,65.875,4,3.25,0.0,11.86,0.0,Faustini,33.1,False,Background,
-89.125,89.125,4,3.5,0.0,6.44,0.0,Shackleton,20.0,False,Background,
-89.125,90.875,3,3.6667,0.0,8.74,0.0,Shackleton,19.7,False,Background,
-85.875,63.375,4,3.0,0.0,7.1,0.0,Nobile,31.3,True,Background,confirmed within Nobile PSR boundary
-86.125,64.125,4,3.0,0.0,10.88,0.0,Nobile,37.5,False,Background,
-87.625,69.625,4,3.0,0.0,7.42,0.0,Faustini,22.6,False,Background,
-88.125,220.125,6,3.6667,0.0,10.92,0.0,de_Gerlache,47.4,False,Background,
-87.125,225.625,3,3.0,0.0,3.27,0.0,de_Gerlache,63.8,False,Background,
-88.375,74.875,5,3.6,0.0,21.74,0.0,Faustini,36.9,False,Background,
-86.625,62.875,4,3.5,0.0,11.39,0.0,Faustini,37.3,False,Background,
-86.875,63.625,3,5.3333,0.0,8.96,0.0,Faustini,32.1,False,Background,
-87.625,66.375,3,4.6667,0.0,13.54,0.0,Faustini,26.3,False,Background,
-88.125,69.625,5,3.0,0.0,16.08,0.0,Faustini,32.5,False,Background,
-88.375,73.375,3,5.6667,0.0,16.58,0.0,Faustini,37.3,False,Background,
-89.375,161.125,7,3.0,0.0,14.54,0.0,Shackleton,11.7,False,Background,
-88.625,209.625,7,3.0,0.0,8.37,0.0,Shackleton,41.2,False,Background,
-88.125,216.375,5,3.4,0.0,6.2,0.0,de_Gerlache,50.5,False,Background,
-85.625,226.625,3,4.6667,0.0,8.28,0.0,de_Gerlache,103.6,False,Background,
-87.125,222.375,3,5.0,0.0,4.89,0.0,de_Gerlache,66.7,False,Background,
-85.375,57.125,6,3.5,0.0,6.18,0.0,Nobile,10.7,True,Background,confirmed within Nobile PSR boundary
-88.125,65.375,4,3.5,0.0,13.48,0.0,Faustini,35.4,False,Background,
-88.125,65.875,4,3.0,0.0,14.44,0.0,Faustini,35.0,False,Background,
-85.125,225.375,6,3.0,0.0,3.52,0.0,de_Gerlache,118.9,False,Background,
-86.625,58.625,5,3.4,0.0,5.55,0.0,Faustini,43.4,False,Background,
-87.375,60.375,3,3.3333,0.0,9.73,0.0,Faustini,33.0,False,Background,
-87.875,63.625,3,3.3333,0.0,16.13,0.0,Faustini,32.5,False,Background,
-87.875,216.125,4,3.0,0.0,13.21,0.0,de_Gerlache,55.3,False,Background,
-86.125,55.875,3,3.0,0.0,11.22,0.0,Nobile,29.2,True,Background,confirmed within Nobile PSR boundary
-88.875,72.625,3,3.3333,0.0,6.41,0.0,Shackleton,29.8,False,Background,
-89.625,147.375,5,3.4,0.0,23.91,0.0,Shackleton,3.6,True,Background,confirmed within Shackleton PSR boundary
-87.875,215.875,9,3.0,0.0,14.06,0.0,de_Gerlache,55.5,False,Background,
-86.375,53.875,4,3.25,0.0,13.67,0.0,Nobile,36.2,True,Background,confirmed within Nobile PSR boundary
-86.375,52.375,4,3.75,0.0,20.87,0.0,Nobile,36.3,True,Background,confirmed within Nobile PSR boundary
-87.625,55.875,4,4.75,0.0,16.38,0.0,Faustini,39.2,False,Background,
-85.125,221.125,10,3.2,0.0,4.32,0.0,de_Gerlache,122.3,False,Background,
-89.625,150.375,5,3.6,0.0,27.14,0.0,Shackleton,4.1,True,Background,confirmed within Shackleton PSR boundary
-85.625,219.625,5,3.2,0.0,3.66,0.0,de_Gerlache,109.4,False,Background,
-87.125,48.875,5,3.6,0.0,9.2,0.0,Faustini,50.9,False,Background,
-89.625,139.625,6,3.3333,0.0,13.71,0.0,Shackleton,2.3,True,Background,confirmed within Shackleton PSR boundary
-89.625,149.375,6,4.1667,0.0,26.51,0.0,Shackleton,3.9,True,Background,confirmed within Shackleton PSR boundary
-86.875,46.875,4,3.75,0.0,10.83,0.0,Nobile,53.2,False,Background,
-87.375,47.875,4,3.25,0.0,14.99,0.0,Faustini,50.2,False,Background,
-89.625,197.625,6,4.6667,0.0,11.21,0.0,Shackleton,12.0,False,Background,
-89.125,208.625,3,3.6667,0.0,9.92,0.0,Shackleton,26.5,False,Background,
-89.125,209.125,3,3.0,0.0,9.79,0.0,Shackleton,26.6,False,Background,
-89.375,54.625,4,3.5,0.0,6.26,0.0,Shackleton,19.0,False,Background,
-86.625,216.125,4,3.0,0.0,4.71,0.0,de_Gerlache,85.0,False,Background,
-85.875,216.375,4,3.5,0.0,7.18,0.0,de_Gerlache,105.2,False,Background,
-86.875,38.375,5,4.0,0.0,8.96,0.0,Nobile,60.0,False,Background,
-88.875,40.625,5,3.8,0.0,15.16,0.0,Shackleton,35.4,False,Background,
-87.625,29.375,6,3.1667,0.0,12.12,0.0,Haworth,43.8,False,Background,
-86.875,28.125,3,3.6667,0.0,7.58,0.0,Haworth,51.4,False,Background,
-89.375,225.125,3,3.6667,0.0,14.09,0.0,Shackleton,22.3,False,Background,
-87.625,213.375,3,3.6667,0.0,7.13,0.0,de_Gerlache,62.9,False,Background,
-87.875,23.125,3,4.0,0.0,11.59,0.0,Haworth,35.9,False,Background,
-89.625,244.875,3,4.0,0.0,5.11,0.0,Shackleton,18.1,False,Background,
-85.125,210.875,5,3.0,0.0,6.32,0.0,Sverdrup,127.0,False,Background,
-87.875,213.375,13,3.0,0.0,12.62,0.0,de_Gerlache,57.6,False,Background,
-85.875,210.625,4,3.5,0.0,6.08,0.0,Sverdrup,106.3,False,Background,
-89.125,10.875,5,3.4,0.0,7.88,0.0,Shackleton,32.5,False,Background,
-89.375,2.875,10,3.0,0.0,13.09,0.0,Shackleton,26.2,False,Background,
-89.625,315.875,3,3.0,0.0,9.38,0.0,Shackleton,21.3,False,Background,
-85.125,18.375,4,3.5,0.0,16.95,0.0,Haworth,82.9,False,Background,
-88.875,4.375,3,3.0,0.0,6.32,0.0,Shackleton,40.7,False,Background,
-89.375,341.875,4,3.0,0.0,8.01,0.0,Shackleton,27.9,False,Background,
-89.625,285.125,4,4.0,0.0,12.76,0.0,Shackleton,20.9,False,Background,
-86.375,206.875,3,4.6667,0.0,14.2,0.0,Sverdrup,89.4,False,Background,
-85.375,205.875,3,3.0,0.0,10.32,0.0,Sverdrup,114.9,False,Background,
-87.875,210.125,3,3.3333,0.0,14.09,0.0,de_Gerlache,60.3,False,Background,
-86.375,205.375,3,3.0,0.0,10.22,0.0,Sverdrup,87.8,False,Background,
-88.875,358.875,4,3.25,0.0,7.46,0.0,Shackleton,41.3,False,Background,
-86.375,10.875,7,3.1429,0.0,8.18,0.0,Haworth,41.5,False,Background,
-87.125,8.875,3,3.0,0.0,16.03,0.0,Haworth,21.9,True,Background,confirmed within Haworth PSR boundary
-85.875,10.375,7,3.4286,0.0,13.6,0.0,Haworth,54.7,False,Background,
-89.375,330.875,3,4.3333,0.0,5.72,0.0,Shackleton,28.5,False,Background,
-86.625,202.875,6,4.1667,0.0,13.29,0.0,Sverdrup,78.9,False,Background,
-88.375,0.375,3,6.0,0.0,15.12,0.0,Haworth,28.0,False,Background,
-89.625,264.875,3,3.0,0.0,18.52,0.0,Shackleton,19.8,False,Background,
-87.125,202.375,4,4.25,0.0,9.08,0.0,Sverdrup,66.8,False,Background,
-85.625,199.625,5,4.2,0.0,11.14,0.0,Sverdrup,101.6,False,Background,
-86.875,6.125,5,5.2,0.0,17.75,0.0,Haworth,24.1,True,Background,confirmed within Haworth PSR boundary
-89.125,342.625,3,4.3333,0.0,8.7,0.0,Shackleton,35.3,False,Background,
-89.375,332.375,5,3.2,0.0,4.69,0.0,Shackleton,28.4,False,Background,
-85.875,6.625,5,3.4,0.0,23.59,0.0,Haworth,52.1,False,Background,
-89.375,334.875,3,3.3333,0.0,5.76,0.0,Shackleton,28.3,False,Background,
-89.625,316.125,3,3.0,0.0,9.29,0.0,Shackleton,21.3,False,Background,
-86.375,192.375,6,3.0,0.0,3.99,0.0,Sverdrup,74.3,False,Background,
-89.375,208.375,4,5.5,0.0,8.89,0.0,Shackleton,19.7,False,Background,
-85.625,190.125,5,3.0,0.0,4.19,0.0,Sverdrup,92.4,False,Background,
-87.625,359.875,6,3.3333,0.0,3.44,0.0,Haworth,7.5,True,Background,confirmed within Haworth PSR boundary
-86.875,190.125,3,4.6667,0.0,5.95,0.0,Sverdrup,59.6,False,Background,
-85.875,1.625,3,3.6667,0.0,17.14,0.0,Haworth,49.5,False,Background,
-87.375,188.375,4,3.25,0.0,6.69,0.0,Sverdrup,46.8,False,Background,
-85.125,186.125,4,3.5,0.0,17.31,0.0,Sverdrup,102.9,False,Background,
-85.375,0.125,4,3.75,0.0,9.03,0.0,Haworth,64.1,False,Background,
-86.875,358.125,9,3.7778,0.0,14.51,0.0,Haworth,18.5,True,Background,confirmed within Haworth PSR boundary
-89.625,337.625,3,3.3333,0.0,5.54,0.0,Shackleton,20.7,False,Background,
-87.875,184.125,3,3.3333,0.0,8.63,0.0,Sverdrup,34.3,False,Background,
-87.875,183.875,4,3.5,0.0,9.03,0.0,Sverdrup,34.0,False,Background,
-86.625,182.375,5,4.6,0.0,5.65,0.0,Sverdrup,58.2,False,Background,
-88.125,353.875,4,3.5,0.0,11.0,0.0,Haworth,19.9,True,Background,confirmed within Haworth PSR boundary
-89.125,186.625,10,3.9,0.0,6.65,0.0,Shackleton,22.7,False,Background,
-85.875,354.125,6,3.3333,0.0,16.72,0.0,Haworth,48.4,False,Background,
-88.125,181.125,5,4.8,0.0,9.46,0.0,Sverdrup,29.3,False,Background,
-89.125,186.875,4,4.25,0.0,6.87,0.0,Shackleton,22.8,False,Background,
-87.375,178.875,3,3.3333,0.0,7.33,0.0,Sverdrup,36.9,False,Background,
-86.625,177.875,4,3.5,0.0,5.03,0.0,Sverdrup,54.2,False,Background,
-85.625,352.125,6,4.0,0.0,19.14,0.0,Haworth,56.2,False,Background,
-87.875,349.625,3,3.0,0.0,8.24,0.0,Haworth,14.1,True,Background,confirmed within Haworth PSR boundary
-88.625,180.625,3,4.0,0.0,4.05,0.0,Sverdrup,30.9,False,Background,
-86.875,177.375,6,3.3333,0.0,4.08,0.0,Sverdrup,47.2,False,Background,
-86.875,176.375,6,3.1667,0.0,4.23,0.0,Sverdrup,46.3,False,Background,
-85.125,175.125,5,3.4,0.0,8.64,0.0,Sverdrup,94.8,False,Background,
-85.625,349.625,5,3.2,0.0,11.57,0.0,Haworth,56.8,False,Background,
-89.125,339.375,5,3.6,0.0,7.69,0.0,Shackleton,35.6,False,Background,
-87.375,176.125,6,3.0,0.0,9.88,0.0,Sverdrup,34.2,False,Background,
-86.375,346.625,5,3.0,0.0,5.03,0.0,Haworth,36.0,False,Background,
-87.875,343.875,3,3.0,0.0,16.89,0.0,Haworth,18.6,True,Background,confirmed within Haworth PSR boundary
-88.375,176.375,5,3.2,0.0,8.66,0.0,Sverdrup,25.3,False,Background,
-85.625,170.625,5,3.2,0.0,6.01,0.0,Sverdrup,77.4,False,Background,
-87.125,342.125,4,4.0,0.0,13.1,0.0,Haworth,21.5,True,Background,confirmed within Haworth PSR boundary
-87.875,340.625,3,3.3333,0.0,16.41,0.0,Haworth,21.8,True,Background,confirmed within Haworth PSR boundary
-87.875,172.875,3,3.6667,0.0,3.99,0.0,Sverdrup,22.4,False,Background,
-87.125,340.875,3,4.6667,0.0,10.09,0.0,Haworth,23.1,True,Background,confirmed within Haworth PSR boundary
-87.875,339.125,3,3.3333,0.0,14.49,0.0,Haworth,23.3,True,Background,confirmed within Haworth PSR boundary
-86.125,339.375,5,3.4,0.0,10.17,0.0,Haworth,48.6,False,Background,
-86.875,168.625,3,3.0,0.0,4.19,0.0,Sverdrup,40.2,False,Background,
-85.375,166.875,6,4.6667,0.0,9.47,0.0,Sverdrup,82.9,False,Background,
-88.875,326.125,8,3.25,0.0,9.74,0.0,de_Gerlache,41.3,False,Background,
-87.375,333.875,5,4.0,0.0,11.41,0.0,Haworth,29.2,False,Background,
-87.125,166.625,4,4.25,0.0,8.23,0.0,Sverdrup,32.0,False,Background,
-87.625,331.625,4,3.75,0.0,12.84,0.0,Haworth,30.9,False,Background,
-88.125,329.375,3,4.0,0.0,5.41,0.0,Haworth,35.7,False,Background,
-85.375,163.375,6,3.0,0.0,15.68,0.0,Sverdrup,81.5,False,Background,
-88.375,169.125,3,5.0,0.0,6.28,0.0,Sverdrup,19.5,False,Background,
-87.375,165.125,5,3.6,0.0,9.03,0.0,Sverdrup,24.3,False,Background,
-87.375,164.125,3,4.0,0.0,8.72,0.0,Sverdrup,23.6,False,Background,
-85.125,332.375,4,3.25,0.0,9.31,0.0,Cabeus,43.6,True,Background,confirmed within Cabeus PSR boundary
-88.875,172.875,7,3.1429,0.0,9.23,0.0,Shackleton,27.7,False,Background,
-85.375,159.375,4,3.25,0.0,6.5,0.0,Sverdrup,80.4,False,Background,
-88.375,165.625,3,3.6667,0.0,6.4,0.0,Sverdrup,16.9,False,Background,
-86.375,327.125,3,5.0,0.0,8.98,0.0,Cabeus,51.4,False,Background,
-88.625,317.875,5,3.2,0.0,5.32,0.0,de_Gerlache,36.9,False,Background,
-89.375,294.625,3,3.3333,0.0,6.54,0.0,Shackleton,28.7,False,Background,
-88.125,161.125,3,4.3333,0.0,4.02,0.0,Sverdrup,9.6,True,Background,confirmed within Sverdrup PSR boundary
-85.625,326.125,5,3.2,0.0,7.52,0.0,Cabeus,33.5,True,Background,confirmed within Cabeus PSR boundary
-88.875,313.125,4,4.5,0.0,7.64,0.0,de_Gerlache,33.5,False,Background,
-89.375,299.875,5,5.2,0.0,10.99,0.0,Shackleton,28.9,False,Background,
-86.875,155.625,3,3.6667,0.0,5.49,0.0,Sverdrup,34.4,False,Background,
-85.625,154.125,6,3.6667,0.0,7.82,0.0,Sverdrup,72.1,False,Background,
-88.625,316.875,8,3.625,0.0,7.08,0.0,de_Gerlache,36.2,False,Background,
-87.625,155.125,3,3.0,0.0,6.38,0.0,Sverdrup,11.8,True,Background,confirmed within Sverdrup PSR boundary
-87.875,319.875,4,3.25,0.0,17.65,0.0,Haworth,44.5,False,Background,
-88.625,315.875,9,3.7778,0.0,10.06,0.0,de_Gerlache,35.5,False,Background,
-87.625,152.375,4,3.75,0.0,6.6,0.0,Sverdrup,11.4,True,Background,confirmed within Sverdrup PSR boundary
-87.625,152.125,3,3.3333,0.0,7.14,0.0,Sverdrup,11.4,True,Background,confirmed within Sverdrup PSR boundary
-85.875,321.875,8,3.75,0.0,8.46,0.0,Cabeus,32.8,True,Background,confirmed within Cabeus PSR boundary
-88.875,156.125,3,3.0,0.0,14.63,0.0,Shackleton,25.6,False,Background,
-86.375,148.625,3,3.6667,0.0,5.29,0.0,Sverdrup,49.6,False,Background,
-88.625,151.125,3,4.6667,0.0,12.04,0.0,Sverdrup,19.0,False,Background,
-87.125,146.875,4,3.5,0.0,3.92,0.0,Sverdrup,27.5,False,Background,
-87.125,318.375,8,3.625,0.0,13.31,0.0,Haworth,52.9,False,Background,
-86.125,318.625,3,3.3333,0.0,8.62,0.0,Cabeus,37.7,True,Background,confirmed within Cabeus PSR boundary
-89.625,289.125,3,3.3333,0.0,15.91,0.0,Shackleton,21.0,False,Background,
-89.125,150.875,6,3.1667,0.0,7.72,0.0,Shackleton,17.6,False,Background,
-88.125,146.125,3,3.3333,0.0,10.03,0.0,Sverdrup,7.5,True,Background,confirmed within Sverdrup PSR boundary
-85.875,317.875,4,3.5,0.0,4.35,0.0,Cabeus,29.9,True,Background,confirmed within Cabeus PSR boundary
-87.375,316.625,4,4.0,0.0,9.33,0.0,Haworth,51.9,False,Background,
-89.375,151.875,4,4.5,0.0,17.51,0.0,Shackleton,10.4,True,Background,confirmed within Shackleton PSR boundary
-87.875,143.875,4,3.75,0.0,6.14,0.0,Sverdrup,10.1,True,Background,confirmed within Sverdrup PSR boundary
-88.625,142.625,11,3.0909,0.0,8.47,0.0,Sverdrup,20.8,False,Background,
-86.125,138.375,5,3.0,0.0,7.76,0.0,Sverdrup,60.5,False,Background,
-85.625,314.875,5,4.2,0.0,8.08,0.0,Cabeus,22.2,True,Background,confirmed within Cabeus PSR boundary
-87.125,137.375,5,3.4,0.0,4.77,0.0,Sverdrup,32.7,False,Background,
-85.125,136.625,9,3.7778,0.0,4.89,0.0,Sverdrup,91.0,False,Background,
-85.375,314.375,4,4.25,0.0,7.48,0.0,Cabeus,15.0,True,Background,confirmed within Cabeus PSR boundary
-85.375,313.125,5,3.6,0.0,4.73,0.0,Cabeus,16.2,True,Background,confirmed within Cabeus PSR boundary
-89.625,122.875,3,4.0,0.0,12.2,0.0,Shackleton,1.8,True,Background,confirmed within Shackleton PSR boundary
-89.375,320.375,4,3.0,0.0,4.13,0.0,Shackleton,28.8,False,Background,
-88.125,127.375,6,4.5,0.0,5.21,0.0,Sverdrup,25.8,False,Background,
-86.375,128.875,6,3.3333,0.0,8.48,0.0,Sverdrup,59.5,False,Background,
-86.125,312.125,7,3.1429,0.0,8.98,0.0,Cabeus,38.2,True,Background,confirmed within Cabeus PSR boundary
-85.125,127.875,7,3.2857,0.0,5.53,0.0,Sverdrup,96.1,False,Background,
-87.375,312.625,6,4.5,0.0,13.54,0.0,de_Gerlache,52.7,False,Background,
-86.875,125.125,5,3.0,0.0,7.62,0.0,Sverdrup,49.5,False,Background,
-88.875,319.625,3,3.6667,0.0,10.31,0.0,de_Gerlache,37.4,False,Background,
-86.875,123.625,3,5.0,0.0,10.55,0.0,Sverdrup,50.9,False,Background,
-86.375,124.125,3,3.6667,0.0,5.37,0.0,Sverdrup,63.5,False,Background,
-86.125,310.625,4,3.75,0.0,6.85,0.0,Cabeus,39.2,True,Background,confirmed within Cabeus PSR boundary
-86.375,310.875,4,3.5,0.0,8.18,0.0,Cabeus,46.2,True,Background,confirmed within Cabeus PSR boundary
-86.875,311.375,3,4.6667,0.0,11.99,0.0,Cabeus,60.7,False,Background,
-89.125,106.875,3,4.0,0.0,6.7,0.0,Shackleton,17.7,False,Background,
-87.625,312.625,5,4.2,0.0,19.88,0.0,de_Gerlache,47.0,False,Background,
-85.375,121.875,7,3.4286,0.0,3.43,0.0,Faustini,90.9,False,Background,
-88.625,109.125,3,4.0,0.0,8.58,0.0,Shackleton,32.5,False,Background,
-87.125,310.625,3,3.0,0.0,10.18,0.0,de_Gerlache,57.1,False,Background,
-87.625,108.875,3,3.0,0.0,6.0,0.0,Faustini,37.0,False,Background,
-87.625,107.625,3,4.3333,0.0,5.33,0.0,Faustini,35.4,False,Background,
-86.375,111.375,3,3.3333,0.0,8.24,0.0,Faustini,53.2,False,Background,
-89.375,6.125,7,3.0,0.0,11.39,0.0,Shackleton,25.8,False,Background,
-88.125,101.375,3,3.3333,0.0,8.1,0.0,Faustini,35.6,False,Background,
-86.125,305.625,5,4.0,0.0,7.97,0.0,Cabeus,44.4,True,Background,confirmed within Cabeus PSR boundary
-85.125,111.125,3,4.6667,0.0,6.32,0.0,Faustini,82.9,False,Background,
-87.625,309.875,3,3.0,0.0,29.37,0.0,de_Gerlache,44.6,False,Background,
-89.375,2.625,7,3.4286,0.0,13.08,0.0,Shackleton,26.2,False,Background,
-85.875,108.625,3,4.3333,0.0,4.17,0.0,Faustini,60.5,False,Background,
-89.375,25.125,3,3.0,0.0,5.88,0.0,Shackleton,23.5,False,Background,
-88.875,86.375,5,3.2,0.0,5.29,0.0,Shackleton,27.7,False,Background,
-86.375,106.125,3,4.3333,0.0,7.08,0.0,Faustini,45.7,False,Background,
-89.375,50.875,4,3.75,0.0,5.42,0.0,Shackleton,19.6,False,Background,
-86.375,103.375,4,4.0,0.0,5.95,0.0,Faustini,42.0,False,Background,
-88.875,72.375,4,3.5,0.0,6.56,0.0,Shackleton,29.9,False,Background,
-86.875,302.625,3,3.0,0.0,8.58,0.0,de_Gerlache,57.3,False,Background,
-85.375,297.125,3,3.0,0.0,14.84,0.0,Cabeus,50.3,False,Background,
-87.625,304.875,4,4.0,0.0,4.43,0.0,de_Gerlache,40.3,False,Background,
-85.125,295.375,3,4.3333,0.0,15.92,0.0,Cabeus,54.5,False,Background,
-89.375,5.875,4,3.75,0.0,11.89,0.0,Shackleton,25.9,False,Background,
-87.125,89.125,3,3.0,0.0,4.28,0.0,Faustini,9.1,True,Background,confirmed within Faustini PSR boundary
-88.375,308.125,3,3.3333,0.0,11.27,0.0,de_Gerlache,31.0,False,Background,
-85.375,94.125,4,4.75,0.0,5.39,0.0,Faustini,59.1,False,Background,
-86.125,91.125,3,4.0,0.0,12.77,0.0,Faustini,35.4,False,Background,
-85.125,289.375,6,3.6667,0.0,10.45,0.0,Cabeus,69.9,False,Background,
-85.125,90.875,3,3.3333,0.0,5.59,0.0,Faustini,64.7,False,Background,
-85.125,288.125,5,3.2,0.0,10.18,0.0,Cabeus,73.1,False,Background,
-85.375,288.375,3,3.6667,0.0,11.99,0.0,Cabeus,71.7,False,Background,
-86.125,290.125,5,3.4,0.0,4.99,0.0,Cabeus,70.8,False,Background,
-86.375,289.625,5,3.2,0.0,8.69,0.0,de_Gerlache,63.5,False,Background,
-88.625,309.625,3,4.0,0.0,11.92,0.0,de_Gerlache,30.9,False,Background,
-88.875,35.125,7,3.2857,0.0,15.71,0.0,Shackleton,36.3,False,Background,
-87.125,71.875,3,4.0,0.0,13.09,0.0,Faustini,17.2,True,Background,confirmed within Faustini PSR boundary
-86.375,75.875,3,4.0,0.0,4.91,0.0,Faustini,27.9,False,Background,
-86.625,283.125,3,3.0,0.0,7.49,0.0,de_Gerlache,53.5,False,Background,
-88.875,37.125,5,4.0,0.0,14.55,0.0,Shackleton,35.9,False,Background,
-85.125,276.125,6,5.0,0.0,5.81,0.0,de_Gerlache,97.4,False,Background,
-87.625,286.375,3,5.0,0.0,6.07,0.0,de_Gerlache,26.2,False,Background,
-85.625,75.125,5,3.2,0.0,13.53,0.0,Faustini,50.1,False,Background,
-85.125,275.375,3,3.0,0.0,3.91,0.0,de_Gerlache,97.3,False,Background,
-85.875,276.875,3,4.0,0.0,4.95,0.0,de_Gerlache,74.8,False,Background,
-87.375,284.125,3,3.3333,0.0,8.42,0.0,de_Gerlache,31.9,False,Background,
-87.875,60.875,3,6.0,0.0,11.93,0.0,Faustini,35.2,False,Background,
-87.125,279.875,3,4.3333,0.0,2.61,0.0,de_Gerlache,37.7,False,Background,
-88.375,49.625,4,4.25,0.0,2.04,0.0,Shackleton,48.5,False,Background,
-87.875,283.125,3,3.0,0.0,10.78,0.0,de_Gerlache,17.7,False,Background,
-88.375,292.875,3,6.3333,0.0,17.02,0.0,de_Gerlache,18.1,False,Background,
-86.375,66.125,3,3.0,0.0,11.35,0.0,Faustini,38.1,False,Background,
-88.375,288.875,3,4.0,0.0,17.67,0.0,de_Gerlache,14.7,True,Background,confirmed within de_Gerlache PSR boundary
-89.125,17.125,5,3.4,0.0,6.33,0.0,Shackleton,31.7,False,Background,
-86.375,64.875,3,3.0,0.0,9.83,0.0,Faustini,39.7,False,Background,
-85.375,67.625,3,3.6667,0.0,6.62,0.0,Nobile,35.6,True,Background,confirmed within Nobile PSR boundary
-88.125,282.375,3,3.6667,0.0,14.67,0.0,de_Gerlache,11.5,True,Background,confirmed within de_Gerlache PSR boundary
-85.625,263.875,4,3.25,0.0,7.22,0.0,de_Gerlache,82.8,False,Background,
-86.375,265.875,3,3.3333,0.0,3.66,0.0,de_Gerlache,59.8,False,Background,
-87.375,270.625,3,3.3333,0.0,11.57,0.0,de_Gerlache,29.0,False,Background,
-87.375,268.125,3,3.6667,0.0,9.71,0.0,de_Gerlache,29.3,False,Background,
-86.875,57.375,3,5.3333,0.0,7.44,0.0,Faustini,41.3,False,Background,
-86.125,60.125,3,3.6667,0.0,6.64,0.0,Nobile,32.4,True,Background,confirmed within Nobile PSR boundary
-85.125,62.625,5,4.0,0.0,7.9,0.0,Nobile,23.3,True,Background,confirmed within Nobile PSR boundary
-85.625,258.875,4,3.25,0.0,4.63,0.0,de_Gerlache,84.1,False,Background,
-89.125,292.125,3,3.6667,0.0,12.07,0.0,de_Gerlache,27.3,False,Background,
-86.375,258.375,4,3.5,0.0,4.66,0.0,de_Gerlache,61.9,False,Background,
-88.625,273.625,3,3.6667,0.0,7.2,0.0,de_Gerlache,9.0,True,Background,confirmed within de_Gerlache PSR boundary
-88.625,274.625,3,4.0,0.0,5.29,0.0,de_Gerlache,9.2,True,Background,confirmed within de_Gerlache PSR boundary
-87.375,51.875,3,4.3333,0.0,17.31,0.0,Faustini,44.8,False,Background,
-85.875,254.125,5,3.8,0.0,10.2,0.0,de_Gerlache,78.4,False,Background,
-89.125,282.625,4,3.25,0.0,9.24,0.0,de_Gerlache,25.0,False,Background,
-86.125,252.125,3,4.0,0.0,12.64,0.0,de_Gerlache,72.0,False,Background,
-86.375,252.625,3,4.3333,0.0,8.29,0.0,de_Gerlache,64.4,False,Background,
-87.375,256.625,3,3.6667,0.0,7.45,0.0,de_Gerlache,33.6,False,Background,
-86.125,248.375,3,3.0,0.0,19.37,0.0,de_Gerlache,73.9,False,Background,
-89.125,274.125,3,3.6667,0.0,14.15,0.0,de_Gerlache,24.1,False,Background,
-86.875,249.125,3,3.6667,0.0,5.47,0.0,de_Gerlache,52.0,False,Background,
-88.875,265.375,3,3.6667,0.0,18.04,0.0,de_Gerlache,17.2,False,Background,
-88.625,34.125,8,4.75,0.0,15.27,0.0,Shackleton,43.8,False,Background,
-87.125,47.875,3,3.0,0.0,9.71,0.0,Faustini,52.3,False,Background,
-85.625,245.125,5,4.0,0.0,13.71,0.0,de_Gerlache,90.4,False,Background,
-88.875,263.625,4,4.75,0.0,17.41,0.0,de_Gerlache,17.6,False,Background,
-86.375,49.625,4,3.0,0.0,21.78,0.0,Nobile,37.3,False,Background,
-87.125,247.125,3,3.0,0.0,5.27,0.0,de_Gerlache,46.4,False,Background,
-86.125,49.375,4,3.25,0.0,18.24,0.0,Nobile,30.2,True,Background,confirmed within Nobile PSR boundary
-86.875,244.375,3,3.0,0.0,3.07,0.0,de_Gerlache,55.1,False,Background,
-85.875,48.125,3,4.3333,0.0,16.98,0.0,Nobile,24.6,True,Background,confirmed within Nobile PSR boundary
-87.875,247.625,4,4.5,0.0,8.62,0.0,de_Gerlache,27.8,False,Background,
-85.375,46.875,6,3.3333,0.0,7.37,0.0,Nobile,17.6,True,Background,confirmed within Nobile PSR boundary
-87.625,240.875,3,3.0,0.0,5.29,0.0,de_Gerlache,38.8,False,Background,
-88.625,249.125,5,3.0,0.0,13.58,0.0,de_Gerlache,20.3,False,Background,
-88.375,31.125,5,3.2,0.0,12.96,0.0,Haworth,46.7,False,Background,
-87.875,237.375,3,4.0,0.0,10.6,0.0,de_Gerlache,36.7,False,Background,
-86.125,38.875,3,3.0,0.0,15.57,0.0,Nobile,44.0,False,Background,
-88.375,232.375,4,4.25,0.0,4.36,0.0,de_Gerlache,33.9,False,Background,
-86.625,37.125,3,3.6667,0.0,10.0,0.0,Nobile,56.0,False,Background,
-86.375,37.375,3,5.0,0.0,10.76,0.0,Nobile,50.8,False,Background,
-88.875,227.375,3,3.6667,0.0,9.01,0.0,de_Gerlache,35.6,False,Background,
-88.875,222.125,4,3.75,0.0,11.82,0.0,Shackleton,36.0,False,Background,
-87.625,33.625,6,3.6667,0.0,17.29,0.0,Haworth,49.0,False,Background,
-85.125,209.625,4,4.0,0.0,11.38,0.0,Sverdrup,125.7,False,Background,
-85.375,31.625,3,3.3333,0.0,8.32,0.0,Nobile,54.7,False,Background,
-87.625,32.875,3,4.6667,0.0,15.48,0.0,Haworth,48.1,False,Background,
-85.625,30.875,3,4.6667,0.0,21.63,0.0,Nobile,56.3,False,Background,
-87.125,203.875,3,3.3333,0.0,11.17,0.0,Sverdrup,68.4,False,Background,
-85.375,30.125,5,3.8,0.0,8.25,0.0,Nobile,58.3,False,Background,
-86.375,203.125,3,3.0,0.0,7.84,0.0,Sverdrup,85.4,False,Background,
-89.375,49.125,3,3.3333,0.0,5.49,0.0,Shackleton,19.9,False,Background,
-89.625,153.625,4,4.0,0.0,29.19,0.0,Shackleton,4.7,True,Background,confirmed within Shackleton PSR boundary
-89.625,98.625,4,3.0,0.0,32.03,0.0,Shackleton,5.8,True,Background,confirmed within Shackleton PSR boundary
-87.625,30.125,3,3.0,0.0,16.0,0.0,Haworth,44.7,False,Background,
-85.125,192.875,3,3.6667,0.0,5.98,0.0,Sverdrup,108.9,False,Background,
-86.125,191.625,4,4.5,0.0,4.65,0.0,Sverdrup,80.2,False,Background,
-89.625,89.375,3,3.6667,0.0,30.18,0.0,Shackleton,7.4,True,Background,confirmed within Shackleton PSR boundary
-85.625,188.375,3,3.0,0.0,6.53,0.0,Sverdrup,90.8,False,Background,
-87.625,184.125,3,4.3333,0.0,7.63,0.0,Sverdrup,37.8,False,Background,
-89.625,126.125,4,3.75,0.0,9.94,0.0,Shackleton,1.5,True,Background,confirmed within Shackleton PSR boundary
-86.375,185.375,4,3.75,0.0,5.86,0.0,Sverdrup,67.5,False,Background,
-87.625,178.625,3,3.6667,0.0,9.69,0.0,Sverdrup,32.0,False,Background,
-87.125,178.625,3,4.0,0.0,6.73,0.0,Sverdrup,42.2,False,Background,
-89.125,164.625,7,3.0,0.0,8.4,0.0,Shackleton,19.2,False,Background,
-86.125,352.375,5,4.8,0.0,12.22,0.0,Haworth,41.1,False,Background,
-85.125,351.875,5,3.6,0.0,12.26,0.0,Haworth,71.4,False,Background,
-88.875,153.625,4,3.5,0.0,9.6,0.0,Shackleton,25.3,False,Background,
-86.375,344.625,4,3.5,0.0,7.44,0.0,Haworth,37.4,False,Background,
-85.875,344.125,5,3.2,0.0,11.91,0.0,Haworth,52.0,False,Background,
-85.375,156.625,5,4.0,0.0,11.09,0.0,Sverdrup,79.9,False,Background,
-85.125,155.625,4,3.0,0.0,13.33,0.0,Sverdrup,87.3,False,Background,
-86.125,153.875,3,4.3333,0.0,6.72,0.0,Sverdrup,56.9,False,Background,
-85.125,340.625,4,4.0,0.0,13.22,0.0,Cabeus,64.8,False,Background,
-89.125,138.375,4,3.0,0.0,11.42,0.0,Shackleton,16.7,False,Background,
-85.375,151.125,4,4.75,0.0,10.16,0.0,Sverdrup,79.6,False,Background,
-88.875,140.375,5,3.8,0.0,10.51,0.0,Shackleton,24.4,False,Background,
-86.875,148.625,3,5.0,0.0,3.58,0.0,Sverdrup,34.5,False,Background,
-86.125,337.375,5,5.2,0.0,7.49,0.0,Haworth,50.4,False,Background,
-85.875,334.625,3,5.3333,0.0,11.47,0.0,Cabeus,53.8,False,Background,
-86.375,332.625,4,3.0,0.0,13.42,0.0,Haworth,49.1,False,Background,
-85.375,331.875,5,3.6,0.0,6.8,0.0,Cabeus,43.1,True,Background,confirmed within Cabeus PSR boundary
-86.625,326.125,4,6.5,0.0,15.04,0.0,Haworth,51.5,False,Background,
-88.125,139.375,3,3.6667,0.0,3.93,0.0,Sverdrup,13.9,True,Background,confirmed within Sverdrup PSR boundary
-85.375,139.875,4,3.75,0.0,5.26,0.0,Sverdrup,82.1,False,Background,
-85.875,139.875,5,3.8,0.0,7.12,0.0,Sverdrup,67.2,False,Background,
-85.875,138.875,3,3.6667,0.0,6.82,0.0,Sverdrup,67.7,False,Background,
-88.625,137.375,6,3.0,0.0,7.88,0.0,Sverdrup,23.1,False,Background,
-88.125,136.625,9,3.3333,0.0,9.91,0.0,Sverdrup,16.7,False,Background,
-85.125,133.125,4,4.0,0.0,4.61,0.0,Sverdrup,92.8,False,Background,
-85.125,303.375,4,4.0,0.0,8.81,0.0,Cabeus,33.9,True,Background,confirmed within Cabeus PSR boundary
-85.375,130.125,3,4.0,0.0,4.13,0.0,Sverdrup,87.3,False,Background,
-87.875,135.125,4,3.0,0.0,9.05,0.0,Sverdrup,19.3,False,Background,
-87.625,133.125,4,3.25,0.0,7.17,0.0,Sverdrup,25.0,False,Background,
-89.125,164.375,3,3.6667,0.0,9.0,0.0,Shackleton,19.2,False,Background,
-85.375,290.375,3,3.6667,0.0,9.96,0.0,Cabeus,66.8,False,Background,
-87.625,131.375,3,5.0,0.0,6.36,0.0,Sverdrup,26.8,False,Background,
-87.875,120.125,3,4.6667,0.0,12.44,0.0,Sverdrup,35.1,False,Background,
-88.625,225.625,3,4.0,0.0,4.97,0.0,de_Gerlache,37.3,False,Background,
-85.875,52.125,3,4.0,0.0,11.7,0.0,Nobile,21.3,True,Background,confirmed within Nobile PSR boundary
-85.125,81.625,6,3.6667,0.0,3.84,0.0,Faustini,63.0,False,Background,
-89.125,172.875,5,4.0,0.0,6.17,0.0,Shackleton,20.5,False,Background,
-86.125,241.375,5,3.8,0.0,14.78,0.0,de_Gerlache,78.3,False,Background,
-85.625,240.875,5,3.2,0.0,8.73,0.0,de_Gerlache,93.1,False,Background,
-85.375,241.125,5,4.2,0.0,6.99,0.0,de_Gerlache,100.2,False,Background,
-89.375,161.625,6,3.1667,0.0,15.04,0.0,Shackleton,11.8,False,Background,
-86.375,238.125,5,3.2,0.0,4.82,0.0,de_Gerlache,73.5,False,Background,
-87.375,232.875,5,3.4,0.0,11.79,0.0,de_Gerlache,51.4,False,Background,
-86.125,237.125,3,3.3333,0.0,10.0,0.0,de_Gerlache,81.3,False,Background,
-89.125,205.375,3,3.0,0.0,12.49,0.0,Shackleton,26.0,False,Background,
-87.375,231.625,4,3.0,0.0,9.7,0.0,de_Gerlache,52.5,False,Background,
-88.375,87.625,4,3.0,0.0,5.19,0.0,Faustini,36.0,False,Background,
-88.625,90.875,4,3.0,0.0,7.84,0.0,Shackleton,34.4,False,Background,
-85.625,236.875,6,3.0,0.0,8.97,0.0,de_Gerlache,95.8,False,Background,
-86.875,75.875,4,3.75,0.0,12.12,0.0,Faustini,15.2,True,Background,confirmed within Faustini PSR boundary
-87.125,76.875,4,3.5,0.0,18.39,0.0,Faustini,9.8,True,Background,confirmed within Faustini PSR boundary
-88.375,85.625,4,3.0,0.0,9.12,0.0,Faustini,35.7,False,Background,
-88.625,90.375,3,4.6667,0.0,7.98,0.0,Shackleton,34.5,False,Background,
-86.375,234.375,4,3.25,0.0,11.34,0.0,de_Gerlache,76.4,False,Background,
-89.375,144.625,7,3.2857,0.0,20.97,0.0,Shackleton,9.7,True,Background,confirmed within Shackleton PSR boundary
-89.375,149.625,4,3.5,0.0,18.56,0.0,Shackleton,10.2,True,Background,confirmed within Shackleton PSR boundary
-87.375,229.625,3,4.0,0.0,5.17,0.0,de_Gerlache,54.3,False,Background,
-85.875,234.875,6,3.3333,0.0,17.01,0.0,de_Gerlache,90.1,False,Background,
-85.125,236.375,9,3.1111,0.0,20.15,0.0,de_Gerlache,110.7,False,Background,
-87.375,74.875,3,4.0,0.0,17.71,0.0,Faustini,13.1,True,Background,confirmed within Faustini PSR boundary
-88.125,80.125,3,3.0,0.0,11.04,0.0,Faustini,28.3,False,Background,
-89.375,182.625,3,3.0,0.0,7.66,0.0,Shackleton,15.2,False,Background,
-85.125,235.125,4,4.25,0.0,19.69,0.0,de_Gerlache,111.5,False,Background,
-86.375,70.375,5,3.4,0.0,6.67,0.0,Faustini,33.1,False,Background,
-87.375,73.125,4,3.5,0.0,11.8,0.0,Faustini,15.4,True,Background,confirmed within Faustini PSR boundary
-88.625,84.625,3,5.0,0.0,6.89,0.0,Shackleton,35.3,False,Background,
-86.375,67.875,3,3.0,0.0,11.06,0.0,Faustini,36.0,False,Background,
-86.125,66.125,4,4.5,0.0,9.34,0.0,Nobile,40.6,False,Background,
-89.375,180.375,4,3.5,0.0,7.78,0.0,Shackleton,14.8,False,Background,
-88.375,218.375,8,3.0,0.0,2.77,0.0,de_Gerlache,45.1,False,Background,
-85.125,231.625,4,3.25,0.0,16.28,0.0,de_Gerlache,114.1,False,Background,
-86.375,65.625,4,4.25,0.0,8.97,0.0,Faustini,38.7,False,Background,
-87.125,68.125,3,3.0,0.0,6.84,0.0,Faustini,22.8,False,Background,
-87.625,224.125,3,4.0,0.0,4.79,0.0,de_Gerlache,53.5,False,Background,
-89.125,88.375,3,3.0,0.0,6.96,0.0,Shackleton,20.1,False,Background,
-89.375,152.625,4,4.75,0.0,17.81,0.0,Shackleton,10.5,False,Background,
-89.375,191.625,4,3.0,0.0,12.19,0.0,Shackleton,16.8,False,Background,
-88.125,218.125,8,3.25,0.0,5.48,0.0,de_Gerlache,49.0,False,Background,
-87.375,223.625,3,3.0,0.0,5.39,0.0,de_Gerlache,59.5,False,Background,
-87.125,224.625,4,3.0,0.0,3.97,0.0,de_Gerlache,64.7,False,Background,
-87.875,67.375,5,3.6,0.0,13.03,0.0,Faustini,28.9,False,Background,
-87.875,68.375,3,3.3333,0.0,12.42,0.0,Faustini,28.0,False,Background,
-89.125,87.125,4,3.25,0.0,7.2,0.0,Shackleton,20.3,False,Background,
-87.125,224.125,4,3.0,0.0,6.14,0.0,de_Gerlache,65.1,False,Background,
-85.625,227.625,4,4.25,0.0,6.98,0.0,de_Gerlache,102.8,False,Background,
-85.375,226.625,3,4.0,0.0,4.3,0.0,de_Gerlache,110.7,False,Background,
-86.625,60.625,4,3.5,0.0,12.16,0.0,Faustini,40.5,False,Background,
-86.625,223.625,5,3.2,0.0,8.47,0.0,de_Gerlache,78.4,False,Background,
-85.625,57.375,5,3.6,0.0,9.01,0.0,Nobile,16.4,True,Background,confirmed within Nobile PSR boundary
-86.375,223.125,4,3.25,0.0,4.98,0.0,de_Gerlache,85.6,False,Background,
-86.125,223.625,5,3.8,0.0,6.01,0.0,de_Gerlache,92.0,False,Background,
-85.875,223.375,6,3.5,0.0,3.55,0.0,de_Gerlache,99.2,False,Background,
-87.875,61.375,4,3.5,0.0,13.69,0.0,Faustini,34.7,False,Background,
-89.625,122.625,4,4.5,0.0,12.18,0.0,Shackleton,1.9,True,Background,confirmed within Shackleton PSR boundary
-86.125,54.625,3,4.6667,0.0,12.44,0.0,Nobile,28.8,True,Background,confirmed within Nobile PSR boundary
-89.625,130.875,4,3.5,0.0,12.04,0.0,Shackleton,1.4,True,Background,confirmed within Shackleton PSR boundary
-89.625,159.125,4,3.0,0.0,30.36,0.0,Shackleton,5.6,True,Background,confirmed within Shackleton PSR boundary
-87.125,217.875,6,3.1667,0.0,5.22,0.0,de_Gerlache,70.6,False,Background,
-85.625,221.375,6,3.3333,0.0,6.91,0.0,de_Gerlache,107.9,False,Background,
-86.875,218.125,6,3.6667,0.0,5.82,0.0,de_Gerlache,76.7,False,Background,
-86.625,218.875,10,3.7,0.0,5.1,0.0,de_Gerlache,82.6,False,Background,
-87.625,215.375,14,3.2143,0.0,9.54,0.0,de_Gerlache,61.1,False,Background,
-89.625,177.875,4,3.75,0.0,22.95,0.0,Shackleton,8.9,True,Background,confirmed within Shackleton PSR boundary
-88.125,52.375,3,4.3333,0.0,4.56,0.0,Faustini,46.4,False,Background,
-89.375,71.125,3,4.0,0.0,11.0,0.0,Shackleton,16.1,False,Background,
-85.625,218.375,10,3.8,0.0,6.41,0.0,de_Gerlache,110.4,False,Background,
-86.875,216.375,6,3.6667,0.0,4.61,0.0,de_Gerlache,78.3,False,Background,
-86.625,216.875,7,3.1429,0.0,5.42,0.0,de_Gerlache,84.3,False,Background,
-87.375,40.375,4,3.0,0.0,17.11,0.0,Haworth,59.9,False,Background,
-86.625,215.875,9,3.2222,0.0,5.06,0.0,de_Gerlache,85.2,False,Background,
-87.375,38.625,5,3.4,0.0,14.25,0.0,Haworth,57.7,False,Background,
-89.625,47.375,4,4.0,0.0,14.0,0.0,Shackleton,14.1,False,Background,
-86.125,36.375,5,4.0,0.0,10.55,0.0,Nobile,48.4,False,Background,
-89.125,38.375,3,4.3333,0.0,4.89,0.0,Shackleton,28.5,False,Background,
-87.125,34.875,7,3.0,0.0,5.54,0.0,Haworth,56.3,False,Background,
-85.875,214.625,5,3.4,0.0,8.06,0.0,de_Gerlache,106.7,False,Background,
-89.125,215.125,6,3.1667,0.0,16.17,0.0,Shackleton,27.6,False,Background,
-85.875,214.125,5,4.2,0.0,6.08,0.0,de_Gerlache,107.1,False,Background,
-89.375,217.625,3,6.0,0.0,12.14,0.0,Shackleton,21.1,False,Background,
-87.625,214.125,16,3.0,0.0,6.13,0.0,de_Gerlache,62.2,False,Background,
-86.125,213.625,5,4.8,0.0,8.61,0.0,de_Gerlache,100.6,False,Background,
-87.125,29.875,5,3.2,0.0,5.69,0.0,Haworth,49.7,False,Background,
-89.625,11.125,3,3.3333,0.0,8.33,0.0,Shackleton,18.4,False,Background,
-86.375,26.875,5,3.0,0.0,10.89,0.0,Haworth,59.9,False,Background,
-89.625,3.875,4,3.75,0.0,10.12,0.0,Shackleton,19.0,False,Background,
-89.125,222.125,3,4.0,0.0,14.77,0.0,Shackleton,28.8,False,Background,
-85.875,24.625,4,3.5,0.0,19.63,0.0,Haworth,69.2,False,Background,
-86.125,24.375,5,3.0,0.0,13.51,0.0,Haworth,62.7,False,Background,
-86.375,24.125,3,4.6667,0.0,9.77,0.0,Haworth,56.4,False,Background,
-87.125,23.125,4,3.25,0.0,4.03,0.0,Haworth,40.6,False,Background,
-86.375,22.625,6,3.6667,0.0,11.15,0.0,Haworth,54.6,False,Background,
-85.375,22.125,6,3.6667,0.0,17.47,0.0,Nobile,77.6,False,Background,
-89.125,224.125,5,3.0,0.0,14.84,0.0,Shackleton,29.1,False,Background,
-86.125,209.375,5,3.8,0.0,10.69,0.0,Sverdrup,98.5,False,Background,
-89.375,1.125,8,3.5,0.0,10.71,0.0,Shackleton,26.4,False,Background,
-86.125,18.875,4,3.5,0.0,12.44,0.0,Haworth,56.2,False,Background,
-86.125,18.625,6,3.0,0.0,13.41,0.0,Haworth,56.0,False,Background,
-87.375,16.375,3,3.0,0.0,8.37,0.0,Haworth,28.7,False,Background,
-89.125,3.375,4,3.5,0.0,11.47,0.0,Shackleton,33.4,False,Background,
-89.625,307.375,5,3.2,0.0,8.31,0.0,Shackleton,21.4,False,Background,
-87.125,209.875,3,5.0,0.0,7.11,0.0,Sverdrup,74.7,False,Background,
-87.625,14.625,3,3.3333,0.0,9.43,0.0,Haworth,25.3,True,Background,confirmed within Haworth PSR boundary
-85.125,205.375,6,3.1667,0.0,12.47,0.0,Sverdrup,121.3,False,Background,
-86.875,13.125,3,4.6667,0.0,8.09,0.0,Haworth,31.9,False,Background,
-89.125,228.375,3,4.0,0.0,16.71,0.0,Shackleton,29.8,False,Background,
-86.375,206.125,6,3.0,0.0,13.43,0.0,Sverdrup,88.6,False,Background,
-85.375,205.125,3,5.6667,0.0,13.1,0.0,Sverdrup,114.1,False,Background,
-87.625,9.875,3,3.3333,0.0,13.74,0.0,Haworth,19.4,True,Background,confirmed within Haworth PSR boundary
-89.125,354.625,4,3.0,0.0,11.77,0.0,Shackleton,34.3,False,Background,
-85.625,12.875,6,3.8333,0.0,11.47,0.0,Haworth,63.8,False,Background,
-87.375,8.125,4,4.0,0.0,12.53,0.0,Haworth,17.6,True,Background,confirmed within Haworth PSR boundary
-88.625,0.125,3,5.0,0.0,14.42,0.0,Haworth,35.3,False,Background,
-85.125,10.375,4,3.0,0.0,3.39,0.0,Haworth,76.4,False,Background,
-86.125,9.125,3,3.3333,0.0,15.28,0.0,Haworth,46.7,False,Background,
-89.375,334.625,7,3.5714,0.0,5.46,0.0,Shackleton,28.3,False,Background,
-86.375,201.875,4,3.25,0.0,7.96,0.0,Sverdrup,84.1,False,Background,
-87.375,5.375,3,3.0,0.0,9.88,0.0,Haworth,14.0,True,Background,confirmed within Haworth PSR boundary
-89.125,345.875,7,3.1429,0.0,9.88,0.0,Shackleton,35.1,False,Background,
-89.625,265.625,4,3.75,0.0,17.88,0.0,Shackleton,19.8,False,Background,
-87.875,204.375,3,3.0,0.0,18.78,0.0,Sverdrup,54.8,False,Background,
-89.625,299.875,5,3.2,0.0,13.33,0.0,Shackleton,21.3,False,Background,
-85.375,196.625,4,4.25,0.0,6.61,0.0,Sverdrup,105.5,False,Background,
-85.125,195.125,7,3.4286,0.0,5.5,0.0,Sverdrup,111.1,False,Background,
-89.625,244.625,3,3.0,0.0,5.35,0.0,Shackleton,18.1,False,Background,
-85.625,194.125,3,3.6667,0.0,7.22,0.0,Sverdrup,96.2,False,Background,
-86.125,193.375,4,3.0,0.0,4.52,0.0,Sverdrup,81.9,False,Background,
-86.375,192.125,3,6.3333,0.0,4.36,0.0,Sverdrup,74.1,False,Background,
-87.375,192.625,3,3.0,0.0,6.96,0.0,Sverdrup,51.3,False,Background,
-86.625,191.375,3,3.0,0.0,4.53,0.0,Sverdrup,67.0,False,Background,
-85.125,189.875,7,3.5714,0.0,3.94,0.0,Sverdrup,106.2,False,Background,
-87.125,0.875,3,3.0,0.0,12.54,0.0,Haworth,13.1,True,Background,confirmed within Haworth PSR boundary
-85.125,2.125,3,4.3333,0.0,8.83,0.0,Haworth,72.2,False,Background,
-88.875,195.875,3,3.6667,0.0,8.35,0.0,Shackleton,31.5,False,Background,
-85.875,188.125,5,3.4,0.0,5.26,0.0,Sverdrup,83.6,False,Background,
-87.125,186.875,3,3.6667,0.0,5.56,0.0,Sverdrup,50.5,False,Background,
-85.375,185.125,5,3.6,0.0,14.26,0.0,Sverdrup,95.0,False,Background,
-86.125,184.375,6,3.3333,0.0,4.62,0.0,Sverdrup,73.4,False,Background,
-86.625,357.625,5,5.0,0.0,15.82,0.0,Haworth,25.9,False,Background,
-88.125,186.125,3,4.0,0.0,9.8,0.0,Sverdrup,34.2,False,Background,
-87.125,183.875,4,3.5,0.0,4.97,0.0,Sverdrup,47.4,False,Background,
-87.125,182.875,5,3.8,0.0,5.85,0.0,Sverdrup,46.4,False,Background,
-87.625,182.375,3,3.6667,0.0,8.95,0.0,Sverdrup,35.9,False,Background,
-85.375,180.375,5,4.2,0.0,10.26,0.0,Sverdrup,91.1,False,Background,
-87.875,353.375,3,4.0,0.0,5.77,0.0,Haworth,12.5,True,Background,confirmed within Haworth PSR boundary
-85.875,179.375,3,3.6667,0.0,6.52,0.0,Sverdrup,76.1,False,Background,
-85.375,179.125,7,3.4286,0.0,13.35,0.0,Sverdrup,90.2,False,Background,
-87.625,352.625,3,4.0,0.0,6.4,0.0,Haworth,5.9,True,Background,confirmed within Haworth PSR boundary
-88.625,182.625,3,4.3333,0.0,5.01,0.0,Sverdrup,32.3,False,Background,
-88.375,349.125,3,3.3333,0.0,5.74,0.0,Haworth,28.2,False,Background,
-87.875,178.625,4,3.0,0.0,11.99,0.0,Sverdrup,28.5,False,Background,
-88.125,347.875,4,4.75,0.0,16.56,0.0,Haworth,21.6,True,Background,confirmed within Haworth PSR boundary
-88.625,346.125,3,3.6667,0.0,17.47,0.0,Haworth,36.2,False,Background,
-87.125,176.625,3,4.0,0.0,3.12,0.0,Sverdrup,40.3,False,Background,
-89.125,182.875,8,3.375,0.0,7.14,0.0,Shackleton,22.1,False,Background,
-87.125,175.625,4,3.0,0.0,3.79,0.0,Sverdrup,39.4,False,Background,
-89.125,337.625,4,4.0,0.0,6.86,0.0,Shackleton,35.7,False,Background,
-89.125,335.875,10,3.1,0.0,7.11,0.0,Shackleton,35.8,False,Background,
-85.625,173.625,3,3.0,0.0,6.35,0.0,Sverdrup,79.2,False,Background,
-86.125,346.875,4,3.75,0.0,7.54,0.0,Haworth,43.1,False,Background,
-86.875,173.625,6,3.8333,0.0,4.49,0.0,Sverdrup,44.0,False,Background,
-86.125,172.875,5,3.6,0.0,1.99,0.0,Sverdrup,64.2,False,Background,
-85.625,172.625,5,4.4,0.0,6.03,0.0,Sverdrup,78.5,False,Background,
-89.375,326.125,3,3.3333,0.0,4.09,0.0,Shackleton,28.7,False,Background,
-88.125,175.125,5,3.6,0.0,5.75,0.0,Sverdrup,23.3,False,Background,
-85.375,344.875,6,4.3333,0.0,8.34,0.0,Haworth,66.3,False,Background,
-89.125,331.625,7,3.1429,0.0,7.81,0.0,Shackleton,36.0,False,Background,
-89.125,328.625,5,3.0,0.0,14.15,0.0,Shackleton,36.1,False,Background,
-89.625,280.875,4,3.25,0.0,11.69,0.0,Shackleton,20.7,False,Background,
-88.625,175.625,7,4.1429,0.0,13.74,0.0,Sverdrup,27.7,False,Background,
-88.125,172.875,3,3.3333,0.0,4.63,0.0,Sverdrup,21.1,False,Background,
-86.125,169.375,4,3.5,0.0,2.91,0.0,Sverdrup,62.0,False,Background,
-88.875,329.625,4,3.25,0.0,13.33,0.0,de_Gerlache,43.3,False,Background,
-88.375,173.375,4,3.25,0.0,7.88,0.0,Sverdrup,22.8,False,Background,
-89.375,317.375,7,3.2857,0.0,4.29,0.0,Shackleton,28.9,False,Background,
-89.625,288.375,3,4.0,0.0,15.57,0.0,Shackleton,21.0,False,Background,
-89.375,195.375,3,4.0,0.0,12.57,0.0,Shackleton,17.4,False,Background,
-85.875,338.625,3,3.0,0.0,13.59,0.0,Haworth,56.1,False,Background,
-86.125,338.375,5,4.8,0.0,6.58,0.0,Haworth,49.5,False,Background,
-88.875,327.125,5,4.0,0.0,9.42,0.0,de_Gerlache,41.9,False,Background,
-86.875,167.625,3,4.3333,0.0,6.58,0.0,Sverdrup,39.5,False,Background,
-85.125,164.875,4,3.0,0.0,16.25,0.0,Sverdrup,89.5,False,Background,
-85.875,336.125,4,4.25,0.0,9.28,0.0,Cabeus,56.8,False,Background,
-88.125,331.125,3,3.3333,0.0,7.83,0.0,Haworth,34.1,False,Background,
-85.625,335.375,5,3.4,0.0,7.76,0.0,Cabeus,52.9,False,Background,
-89.125,317.125,6,3.1667,0.0,3.68,0.0,Shackleton,36.5,False,Background,
-89.125,311.875,5,3.4,0.0,4.85,0.0,de_Gerlache,34.7,False,Background,
-87.625,164.875,3,5.0,0.0,8.95,0.0,Sverdrup,18.2,False,Background,
-88.875,318.375,6,3.0,0.0,9.5,0.0,de_Gerlache,36.7,False,Background,
-89.125,311.375,7,3.7143,0.0,5.64,0.0,de_Gerlache,34.5,False,Background,
-87.625,163.625,5,3.2,0.0,4.42,0.0,Sverdrup,17.1,False,Background,
-86.625,327.625,3,3.3333,0.0,14.34,0.0,Haworth,49.6,False,Background,
-85.375,157.375,4,3.25,0.0,10.78,0.0,Sverdrup,80.0,False,Background,
-86.125,327.375,4,3.5,0.0,10.56,0.0,Cabeus,45.7,True,Background,confirmed within Cabeus PSR boundary
-86.875,326.375,4,3.0,0.0,7.05,0.0,Haworth,46.3,False,Background,
-87.875,322.875,6,3.8333,0.0,9.31,0.0,Haworth,41.2,False,Background,
-88.875,167.875,3,4.0,0.0,9.28,0.0,Shackleton,27.0,False,Background,
-87.375,157.875,5,3.8,0.0,4.61,0.0,Sverdrup,20.0,False,Background,
-87.875,158.125,4,3.75,0.0,5.69,0.0,Sverdrup,7.2,True,Background,confirmed within Sverdrup PSR boundary
-88.375,317.875,5,3.4,0.0,6.8,0.0,de_Gerlache,38.9,False,Background,
-86.375,152.625,3,4.0,0.0,8.91,0.0,Sverdrup,49.3,False,Background,
-86.375,151.375,6,3.5,0.0,9.69,0.0,Sverdrup,49.3,False,Background,
-85.625,149.375,5,3.2,0.0,11.38,0.0,Sverdrup,72.2,False,Background,
-87.375,319.625,3,3.3333,0.0,16.39,0.0,Haworth,48.0,False,Background,
-88.375,315.625,13,3.0769,0.0,7.45,0.0,de_Gerlache,37.1,False,Background,
-87.625,148.125,3,5.3333,0.0,7.5,0.0,Sverdrup,12.4,True,Background,confirmed within Sverdrup PSR boundary
-86.875,318.625,4,4.25,0.0,11.28,0.0,Haworth,56.6,False,Background,
-88.375,314.875,14,4.0,0.0,8.66,0.0,de_Gerlache,36.5,False,Background,
-88.125,144.875,3,4.0,0.0,9.88,0.0,Sverdrup,8.7,True,Background,confirmed within Sverdrup PSR boundary
-87.875,144.375,3,3.3333,0.0,8.01,0.0,Sverdrup,9.6,True,Background,confirmed within Sverdrup PSR boundary
-87.125,143.125,4,3.5,0.0,5.37,0.0,Sverdrup,29.1,False,Background,
-85.875,317.125,4,4.5,0.0,4.4,0.0,Cabeus,29.7,True,Background,confirmed within Cabeus PSR boundary
-88.875,146.625,9,3.0,0.0,8.71,0.0,Shackleton,24.7,False,Background,
-86.375,141.125,5,4.0,0.0,8.2,0.0,Sverdrup,51.9,False,Background,
-88.375,141.875,7,3.2857,0.0,6.1,0.0,Sverdrup,15.2,True,Background,confirmed within Sverdrup PSR boundary
-87.125,315.125,6,3.3333,0.0,14.2,0.0,Haworth,57.2,False,Background,
-88.125,313.875,19,3.2105,0.0,7.84,0.0,de_Gerlache,38.8,False,Background,
-86.375,314.625,3,3.0,0.0,7.11,0.0,Cabeus,44.8,True,Background,confirmed within Cabeus PSR boundary
-88.375,138.375,12,3.4167,0.0,8.54,0.0,Sverdrup,17.6,False,Background,
-87.875,135.875,10,3.0,0.0,4.9,0.0,Sverdrup,18.5,False,Background,
-85.375,313.875,10,3.7,0.0,7.38,0.0,Cabeus,15.4,True,Background,confirmed within Cabeus PSR boundary
-89.375,313.375,4,3.0,0.0,6.55,0.0,Shackleton,28.9,False,Background,
-89.625,328.125,3,3.0,0.0,4.42,0.0,Shackleton,21.1,False,Background,
-89.625,336.125,3,4.3333,0.0,4.52,0.0,Shackleton,20.8,False,Background,
-85.625,129.125,3,3.0,0.0,4.28,0.0,Sverdrup,80.7,False,Background,
-85.625,129.375,7,3.5714,0.0,4.52,0.0,Sverdrup,80.5,False,Background,
-87.375,126.625,3,3.0,0.0,6.22,0.0,Sverdrup,36.4,False,Background,
-85.375,126.375,7,3.1429,0.0,2.55,0.0,Sverdrup,89.8,False,Background,
-88.875,320.625,7,3.2857,0.0,10.42,0.0,de_Gerlache,38.0,False,Background,
-89.625,4.625,3,3.6667,0.0,10.36,0.0,Shackleton,19.0,False,Background,
-86.375,310.375,8,4.0,0.0,9.73,0.0,Cabeus,46.5,True,Background,confirmed within Cabeus PSR boundary
-86.375,120.875,5,3.2,0.0,4.25,0.0,Sverdrup,66.4,False,Background,
-85.875,309.125,3,4.6667,0.0,16.81,0.0,Cabeus,33.9,True,Background,confirmed within Cabeus PSR boundary
-85.875,308.875,5,3.8,0.0,17.41,0.0,Cabeus,34.2,True,Background,confirmed within Cabeus PSR boundary
-89.125,325.875,4,4.0,0.0,9.24,0.0,Shackleton,36.2,False,Background,
-87.875,109.875,3,3.6667,0.0,11.49,0.0,Faustini,39.7,False,Background,
-86.875,113.625,4,3.0,0.0,9.83,0.0,Faustini,48.0,False,Background,
-85.625,115.875,5,3.8,0.0,3.16,0.0,Faustini,76.4,False,Background,
-89.125,331.875,5,3.6,0.0,6.79,0.0,Shackleton,36.0,False,Background,
-87.125,111.125,4,3.25,0.0,9.13,0.0,Faustini,41.5,False,Background,
-87.375,309.875,4,3.0,0.0,13.82,0.0,de_Gerlache,50.4,False,Background,
-86.625,110.875,3,3.3333,0.0,8.25,0.0,Faustini,47.8,False,Background,
-85.375,113.125,5,4.2,0.0,4.08,0.0,Faustini,78.9,False,Background,
-86.875,109.125,3,3.0,0.0,7.64,0.0,Faustini,41.3,False,Background,
-86.125,109.375,4,3.5,0.0,6.1,0.0,Faustini,55.7,False,Background,
-85.875,109.625,3,4.6667,0.0,5.25,0.0,Faustini,61.8,False,Background,
-89.125,336.375,4,3.5,0.0,7.3,0.0,Shackleton,35.7,False,Background,
-85.875,303.625,3,3.3333,0.0,5.61,0.0,Cabeus,42.1,True,Background,confirmed within Cabeus PSR boundary
-87.625,308.875,3,3.6667,0.0,25.48,0.0,de_Gerlache,43.8,False,Background,
-85.125,107.125,3,3.0,0.0,5.16,0.0,Faustini,78.1,False,Background,
-86.375,103.125,3,3.3333,0.0,5.42,0.0,Faustini,41.7,False,Background,
-85.875,301.125,4,3.5,0.0,5.4,0.0,Cabeus,46.6,True,Background,confirmed within Cabeus PSR boundary
-85.125,299.125,5,4.0,0.0,9.84,0.0,Cabeus,44.8,True,Background,confirmed within Cabeus PSR boundary
-85.625,102.625,3,4.6667,0.0,9.66,0.0,Faustini,59.6,False,Background,
-87.125,303.875,3,4.3333,0.0,11.81,0.0,de_Gerlache,51.6,False,Background,
-86.375,99.375,4,4.0,0.0,5.35,0.0,Faustini,36.9,False,Background,
-85.875,297.875,4,3.0,0.0,9.02,0.0,Cabeus,52.8,False,Background,
-88.375,82.625,4,3.25,0.0,19.59,0.0,Faustini,35.6,False,Background,
-85.125,99.875,3,4.3333,0.0,13.38,0.0,Faustini,70.8,False,Background,
-87.375,302.125,3,3.6667,0.0,6.81,0.0,de_Gerlache,43.9,False,Background,
-88.875,62.125,4,3.75,0.0,11.69,0.0,Shackleton,31.6,False,Background,
-86.375,297.125,4,3.75,0.0,5.37,0.0,Cabeus,61.9,False,Background,
-89.125,43.375,6,3.1667,0.0,3.72,0.0,Shackleton,27.7,False,Background,
-86.875,294.375,4,3.25,0.0,7.91,0.0,de_Gerlache,51.7,False,Background,
-87.625,298.375,4,4.5,0.0,3.81,0.0,de_Gerlache,34.9,False,Background,
-89.125,39.625,4,3.25,0.0,4.56,0.0,Shackleton,28.3,False,Background,
-87.375,295.875,4,4.75,0.0,6.65,0.0,de_Gerlache,39.1,False,Background,
-87.375,80.875,3,5.3333,0.0,4.7,0.0,Faustini,6.3,True,Background,confirmed within Faustini PSR boundary
-85.375,88.875,3,3.6667,0.0,7.06,0.0,Faustini,56.4,False,Background,
-85.125,287.125,3,4.6667,0.0,11.38,0.0,Cabeus,75.6,False,Background,
-85.125,88.125,4,3.5,0.0,2.99,0.0,Faustini,63.6,False,Background,
-85.125,87.125,4,4.0,0.0,3.75,0.0,Faustini,63.4,False,Background,
-86.625,80.875,3,3.6667,0.0,15.86,0.0,Faustini,17.9,True,Background,confirmed within Faustini PSR boundary
-86.125,83.125,3,4.3333,0.0,15.91,0.0,Faustini,32.6,False,Background,
-86.625,287.875,3,5.6667,0.0,6.55,0.0,de_Gerlache,55.4,False,Background,
-87.375,292.875,3,5.0,0.0,5.21,0.0,de_Gerlache,37.0,False,Background,
-85.125,82.375,3,4.6667,0.0,3.29,0.0,Faustini,62.9,False,Background,
-85.125,281.375,3,3.6667,0.0,11.0,0.0,Cabeus,90.1,False,Background,
-86.125,284.125,3,3.3333,0.0,12.74,0.0,de_Gerlache,68.8,False,Background,
-86.375,283.625,4,3.75,0.0,16.21,0.0,de_Gerlache,61.2,False,Background,
-88.375,300.625,3,4.6667,0.0,14.14,0.0,de_Gerlache,24.7,False,Background,
-85.875,280.125,4,4.0,0.0,5.27,0.0,de_Gerlache,75.3,False,Background,
-86.875,283.625,3,3.0,0.0,5.67,0.0,de_Gerlache,46.3,False,Background,
-87.375,286.625,3,4.3333,0.0,7.67,0.0,de_Gerlache,33.2,False,Background,
-88.875,39.125,3,3.6667,0.0,16.42,0.0,Shackleton,35.6,False,Background,
-85.625,278.375,4,4.25,0.0,10.42,0.0,de_Gerlache,82.5,False,Background,
-88.875,30.625,8,3.75,0.0,10.04,0.0,Shackleton,37.0,False,Background,
-85.125,273.125,4,3.75,0.0,6.82,0.0,de_Gerlache,97.2,False,Background,
-88.875,35.875,7,3.4286,0.0,15.12,0.0,Shackleton,36.1,False,Background,
-85.625,272.625,3,3.6667,0.0,4.79,0.0,de_Gerlache,82.0,False,Background,
-86.375,273.625,4,3.0,0.0,4.74,0.0,de_Gerlache,59.3,False,Background,
-85.375,269.875,4,3.0,0.0,7.21,0.0,de_Gerlache,89.7,False,Background,
-88.375,289.875,3,3.6667,0.0,16.67,0.0,de_Gerlache,15.6,True,Background,confirmed within de_Gerlache PSR boundary
-86.375,270.625,3,4.3333,0.0,6.78,0.0,de_Gerlache,59.3,False,Background,
-85.125,265.625,5,3.0,0.0,10.22,0.0,de_Gerlache,97.7,False,Background,
-88.875,299.875,3,3.0,0.0,14.21,0.0,de_Gerlache,26.0,False,Background,
-88.875,28.625,4,4.0,0.0,13.82,0.0,Shackleton,37.3,False,Background,
-85.875,264.375,3,4.6667,0.0,8.12,0.0,de_Gerlache,75.2,False,Background,
-86.125,261.125,3,3.6667,0.0,4.45,0.0,de_Gerlache,68.4,False,Background,
-88.375,274.375,3,4.3333,0.0,14.61,0.0,de_Gerlache,2.5,True,Background,confirmed within de_Gerlache PSR boundary
-86.375,259.375,3,6.0,0.0,5.24,0.0,de_Gerlache,61.5,False,Background,
-87.625,51.375,3,5.0,0.0,16.3,0.0,Faustini,44.8,False,Background,
-88.875,284.375,3,4.3333,0.0,13.62,0.0,de_Gerlache,18.8,False,Background,
-85.625,254.875,4,4.0,0.0,4.36,0.0,de_Gerlache,85.6,False,Background,
-85.125,253.125,3,3.0,0.0,10.03,0.0,de_Gerlache,101.2,False,Background,
-89.125,26.375,3,3.3333,0.0,13.45,0.0,Shackleton,30.4,False,Background,
-85.125,57.375,3,3.0,0.0,8.17,0.0,Nobile,10.0,True,Background,confirmed within Nobile PSR boundary
-87.875,260.125,3,3.3333,0.0,7.2,0.0,de_Gerlache,18.2,False,Background,
-86.125,53.875,4,3.25,0.0,13.39,0.0,Nobile,28.7,True,Background,confirmed within Nobile PSR boundary
-87.375,254.125,3,3.0,0.0,23.08,0.0,de_Gerlache,35.0,False,Background,
-87.125,251.375,3,3.0,0.0,7.71,0.0,de_Gerlache,43.6,False,Background,
-88.125,256.875,3,3.6667,0.0,11.44,0.0,de_Gerlache,15.4,True,Background,confirmed within de_Gerlache PSR boundary
-88.625,260.625,3,4.0,0.0,6.49,0.0,de_Gerlache,12.8,True,Background,confirmed within de_Gerlache PSR boundary
-87.375,246.875,3,3.3333,0.0,4.51,0.0,de_Gerlache,40.0,False,Background,
-87.875,250.125,3,3.3333,0.0,6.08,0.0,de_Gerlache,25.7,False,Background,
-85.625,49.375,3,4.3333,0.0,8.37,0.0,Nobile,16.8,True,Background,confirmed within Nobile PSR boundary
-88.625,31.375,6,3.5,0.0,15.7,0.0,Shackleton,44.2,False,Background,
-87.625,245.125,3,4.3333,0.0,5.65,0.0,de_Gerlache,35.3,False,Background,
-87.875,244.875,3,3.3333,0.0,8.52,0.0,de_Gerlache,30.1,False,Background,
-86.375,44.125,3,3.3333,0.0,24.68,0.0,Nobile,41.8,False,Background,
-88.625,29.875,6,3.1667,0.0,14.47,0.0,Shackleton,44.5,False,Background,
-85.875,236.125,4,4.5,0.0,12.99,0.0,de_Gerlache,89.1,False,Background,
-88.625,250.375,4,5.5,0.0,8.32,0.0,de_Gerlache,19.4,False,Background,
-88.875,255.375,4,4.5,0.0,14.78,0.0,de_Gerlache,20.4,False,Background,
-85.125,44.125,4,3.25,0.0,14.2,0.0,Nobile,24.1,True,Background,confirmed within Nobile PSR boundary
-89.625,342.875,3,5.0,0.0,6.11,0.0,Shackleton,20.5,False,Background,
-86.625,38.375,3,3.6667,0.0,10.0,0.0,Nobile,54.4,False,Background,
-85.125,225.625,6,3.5,0.0,3.59,0.0,de_Gerlache,118.7,False,Background,
-88.625,226.625,3,3.0,0.0,6.82,0.0,de_Gerlache,36.6,False,Background,
-86.375,213.875,5,3.0,0.0,5.6,0.0,de_Gerlache,93.6,False,Background,
-85.125,31.375,5,3.2,0.0,12.74,0.0,Nobile,56.4,False,Background,
-86.625,204.375,4,3.5,0.0,6.61,0.0,Sverdrup,80.5,False,Background,
-87.875,32.625,4,3.25,0.0,12.7,0.0,Haworth,46.6,False,Background,
-85.375,25.875,3,5.0,0.0,11.3,0.0,Nobile,68.6,False,Background,
-89.375,163.125,5,3.2,0.0,13.61,0.0,Shackleton,12.0,False,Background,
-85.375,24.125,4,3.5,0.0,22.94,0.0,Nobile,72.8,False,Background,
-85.375,193.625,4,3.5,0.0,4.43,0.0,Sverdrup,102.6,False,Background,
-89.625,120.375,6,3.0,0.0,12.85,0.0,Shackleton,2.2,True,Background,confirmed within Shackleton PSR boundary
-86.125,23.125,3,3.3333,0.0,13.36,0.0,Haworth,61.2,False,Background,
-89.625,127.125,3,3.6667,0.0,9.18,0.0,Shackleton,1.4,True,Background,confirmed within Shackleton PSR boundary
-89.625,70.875,3,3.3333,0.0,18.03,0.0,Shackleton,10.5,False,Background,
-89.125,172.625,5,3.8,0.0,6.03,0.0,Shackleton,20.4,False,Background,
-85.625,184.625,5,4.6,0.0,18.54,0.0,Sverdrup,87.5,False,Background,
-85.125,9.875,5,4.2,0.0,4.28,0.0,Haworth,76.0,False,Background,
-89.625,13.125,6,3.6667,0.0,7.3,0.0,Shackleton,18.2,False,Background,
-87.375,358.625,3,3.3333,0.0,5.69,0.0,Haworth,5.3,True,Background,confirmed within Haworth PSR boundary
-86.625,357.875,4,4.5,0.0,15.82,0.0,Haworth,25.9,False,Background,
-89.125,1.625,5,5.4,0.0,11.9,0.0,Shackleton,33.6,False,Background,
-89.125,162.875,7,3.2857,0.0,9.68,0.0,Shackleton,19.0,False,Background,
-86.125,169.625,3,4.0,0.0,2.84,0.0,Sverdrup,62.2,False,Background,
-85.625,353.875,4,3.25,0.0,19.94,0.0,Haworth,56.0,False,Background,
-86.125,353.125,3,6.6667,0.0,13.76,0.0,Haworth,40.9,False,Background,
-85.875,167.625,5,3.4,0.0,4.0,0.0,Sverdrup,68.4,False,Background,
-86.125,166.375,5,4.2,0.0,3.44,0.0,Sverdrup,60.4,False,Background,
-85.375,165.625,5,5.4,0.0,17.06,0.0,Sverdrup,82.3,False,Background,
-89.125,153.625,4,4.0,0.0,6.76,0.0,Shackleton,17.9,False,Background,
-87.375,349.625,3,4.6667,0.0,8.91,0.0,Haworth,8.3,True,Background,confirmed within Haworth PSR boundary
-89.125,150.125,5,3.0,0.0,7.38,0.0,Shackleton,17.5,False,Background,
-85.125,157.875,5,3.2,0.0,8.21,0.0,Sverdrup,87.6,False,Background,
-85.875,157.375,5,3.6,0.0,3.58,0.0,Sverdrup,64.9,False,Background,
-89.125,136.625,8,4.125,0.0,6.12,0.0,Shackleton,16.7,False,Background,
-85.625,146.375,3,3.6667,0.0,10.45,0.0,Sverdrup,72.7,False,Background,
-86.625,144.125,5,3.2,0.0,4.42,0.0,Sverdrup,43.3,False,Background,
-86.625,143.375,5,4.2,0.0,5.54,0.0,Sverdrup,43.5,False,Background,
-87.875,141.625,3,4.3333,0.0,5.06,0.0,Sverdrup,12.4,True,Background,confirmed within Sverdrup PSR boundary
-85.375,143.375,5,4.2,0.0,8.47,0.0,Sverdrup,80.9,False,Background,
-86.125,325.875,5,3.4,0.0,7.75,0.0,Cabeus,43.8,True,Background,confirmed within Cabeus PSR boundary
-86.625,322.125,5,5.2,0.0,10.51,0.0,Cabeus,54.0,False,Background,
-87.125,137.125,4,4.0,0.0,4.66,0.0,Sverdrup,32.9,False,Background,
-86.375,135.125,4,3.0,0.0,8.93,0.0,Sverdrup,55.1,False,Background,
-87.125,135.375,6,3.5,0.0,7.25,0.0,Sverdrup,34.2,False,Background,
-86.125,134.625,4,3.0,0.0,6.63,0.0,Sverdrup,62.6,False,Background,
-85.375,132.625,5,4.2,0.0,3.56,0.0,Sverdrup,85.7,False,Background,
-86.875,129.875,3,5.6667,0.0,12.08,0.0,Sverdrup,45.3,False,Background,
-85.625,125.875,3,4.0,0.0,4.48,0.0,Sverdrup,83.0,False,Background,
-86.875,128.375,3,4.3333,0.0,15.8,0.0,Sverdrup,46.6,False,Background,
-86.875,127.875,3,4.3333,0.0,15.73,0.0,Sverdrup,47.0,False,Background,
-88.375,131.125,4,3.0,0.0,14.33,0.0,Sverdrup,23.2,False,Background,
-87.625,121.625,3,3.6667,0.0,13.56,0.0,Sverdrup,37.0,False,Background,
-88.375,130.625,6,3.0,0.0,14.79,0.0,Sverdrup,23.7,False,Background,
-87.375,114.625,3,3.6667,0.0,16.44,0.0,Faustini,44.8,False,Background,
-87.375,104.625,3,3.0,0.0,11.82,0.0,Faustini,30.9,False,Background,
-88.375,229.125,3,3.0,0.0,4.47,0.0,de_Gerlache,36.5,False,Background,
-89.125,102.125,3,3.0,0.0,6.51,0.0,Shackleton,18.2,False,Background,
-86.375,46.375,3,3.0,0.0,29.15,0.0,Nobile,39.5,False,Background,
-85.875,217.125,3,3.0,0.0,9.42,0.0,de_Gerlache,104.5,False,Background,
-85.125,81.375,6,4.1667,0.0,4.63,0.0,Faustini,63.0,False,Background,
-89.125,127.125,3,4.0,0.0,4.61,0.0,Shackleton,16.5,False,Background,
-85.875,241.375,3,3.0,0.0,16.74,0.0,de_Gerlache,85.5,False,Background,
-86.625,84.375,3,3.0,0.0,14.43,0.0,Faustini,17.5,True,Background,confirmed within Faustini PSR boundary
-89.125,145.625,3,3.6667,0.0,12.67,0.0,Shackleton,17.1,False,Background,
-87.625,232.375,4,3.25,0.0,9.66,0.0,de_Gerlache,46.2,False,Background,
-85.375,79.625,5,3.2,0.0,11.56,0.0,Faustini,55.8,False,Background,
-86.125,80.875,3,4.0,0.0,15.06,0.0,Faustini,32.9,False,Background,
-89.125,188.125,9,3.8889,0.0,8.02,0.0,Shackleton,23.0,False,Background,
-85.625,78.375,3,3.0,0.0,10.04,0.0,Faustini,48.6,False,Background,
-87.125,82.875,3,3.0,0.0,2.79,0.0,Faustini,2.3,True,Background,confirmed within Faustini PSR boundary
-89.125,202.375,5,3.6,0.0,12.58,0.0,Shackleton,25.5,False,Background,
-87.125,235.125,4,3.25,0.0,3.59,0.0,de_Gerlache,55.7,False,Background,
-87.625,85.125,5,3.0,0.0,14.13,0.0,Faustini,13.1,True,Background,confirmed within Faustini PSR boundary
-89.125,195.625,9,3.1111,0.0,10.77,0.0,Shackleton,24.3,False,Background,
-85.375,75.625,6,3.3333,0.0,9.42,0.0,Nobile,55.1,False,Background,
-87.375,80.375,3,3.0,0.0,4.09,0.0,Faustini,6.7,True,Background,confirmed within Faustini PSR boundary
-87.125,78.125,4,3.5,0.0,15.81,0.0,Faustini,8.0,True,Background,confirmed within Faustini PSR boundary
-88.875,98.875,3,3.3333,0.0,11.83,0.0,Shackleton,26.0,False,Background,
-87.375,77.625,3,4.3333,0.0,13.12,0.0,Faustini,9.7,True,Background,confirmed within Faustini PSR boundary
-87.625,78.875,4,3.25,0.0,16.39,0.0,Faustini,14.2,True,Background,confirmed within Faustini PSR boundary
-89.375,127.625,4,4.0,0.0,23.3,0.0,Shackleton,9.0,True,Background,confirmed within Shackleton PSR boundary
-86.375,234.125,3,3.3333,0.0,10.47,0.0,de_Gerlache,76.5,False,Background,
-85.375,70.625,7,3.2857,0.0,20.57,0.0,Nobile,42.9,False,Background,
-85.375,70.875,3,3.6667,0.0,20.56,0.0,Nobile,43.5,False,Background,
-87.125,74.875,3,3.0,0.0,21.66,0.0,Faustini,12.8,True,Background,confirmed within Faustini PSR boundary
-86.875,72.875,3,3.3333,0.0,12.08,0.0,Faustini,19.0,True,Background,confirmed within Faustini PSR boundary
-87.875,225.625,7,3.0,0.0,12.93,0.0,de_Gerlache,47.1,False,Background,
-88.375,80.875,3,3.0,0.0,15.12,0.0,Faustini,35.7,False,Background,
-86.375,231.875,3,3.0,0.0,4.98,0.0,de_Gerlache,78.3,False,Background,
-85.375,67.125,5,3.8,0.0,5.29,0.0,Nobile,34.4,True,Background,confirmed within Nobile PSR boundary
-89.125,97.375,3,3.0,0.0,7.86,0.0,Shackleton,18.8,False,Background,
-89.375,179.625,7,3.2857,0.0,8.08,0.0,Shackleton,14.7,False,Background,
-86.875,69.375,3,3.0,0.0,5.15,0.0,Faustini,23.8,False,Background,
-88.625,84.875,3,4.6667,0.0,6.92,0.0,Shackleton,35.3,False,Background,
-88.875,88.625,5,4.2,0.0,7.24,0.0,Shackleton,27.3,False,Background,
-86.875,228.375,5,4.2,0.0,7.69,0.0,de_Gerlache,67.8,False,Background,
-86.125,230.375,3,3.6667,0.0,4.96,0.0,de_Gerlache,86.5,False,Background,
-85.125,62.375,8,3.625,0.0,8.76,0.0,Nobile,22.7,True,Background,confirmed within Nobile PSR boundary
-86.625,64.625,3,3.0,0.0,8.41,0.0,Faustini,34.8,False,Background,
-87.375,67.125,3,4.6667,0.0,6.47,0.0,Faustini,23.7,False,Background,
-87.625,68.625,3,3.0,0.0,10.65,0.0,Faustini,23.7,False,Background,
-87.125,225.125,3,3.3333,0.0,4.51,0.0,de_Gerlache,64.3,False,Background,
-86.625,227.125,7,3.2857,0.0,8.31,0.0,de_Gerlache,75.5,False,Background,
-86.375,227.625,3,3.6667,0.0,6.08,0.0,de_Gerlache,81.8,False,Background,
-85.125,230.125,7,4.0,0.0,9.36,0.0,de_Gerlache,115.2,False,Background,
-88.125,70.375,3,4.0,0.0,16.76,0.0,Faustini,32.1,False,Background,
-88.625,77.125,3,4.3333,0.0,5.76,0.0,Shackleton,36.5,False,Background,
-89.375,142.625,4,3.75,0.0,21.24,0.0,Shackleton,9.5,True,Background,confirmed within Shackleton PSR boundary
-89.125,191.875,5,3.4,0.0,9.57,0.0,Shackleton,23.6,False,Background,
-86.875,63.375,4,3.5,0.0,9.4,0.0,Faustini,32.5,False,Background,
-88.375,216.125,8,3.875,0.0,2.6,0.0,de_Gerlache,46.8,False,Background,
-86.875,62.625,5,3.2,0.0,13.42,0.0,Faustini,33.6,False,Background,
-89.375,100.875,3,4.6667,0.0,17.91,0.0,Shackleton,11.2,False,Background,
-87.875,218.625,4,4.0,0.0,13.4,0.0,de_Gerlache,53.1,False,Background,
-87.625,220.125,3,4.0,0.0,5.65,0.0,de_Gerlache,57.0,False,Background,
-87.125,222.625,7,3.0,0.0,6.41,0.0,de_Gerlache,66.5,False,Background,
-86.875,224.125,5,3.8,0.0,5.65,0.0,de_Gerlache,71.5,False,Background,
-85.625,226.375,6,4.1667,0.0,8.0,0.0,de_Gerlache,103.8,False,Background,
-89.375,162.125,3,4.3333,0.0,14.86,0.0,Shackleton,11.8,False,Background,
-86.875,60.125,3,4.6667,0.0,15.86,0.0,Faustini,37.3,False,Background,
-87.625,218.625,4,3.5,0.0,7.48,0.0,de_Gerlache,58.3,False,Background,
-87.875,216.625,3,3.3333,0.0,13.33,0.0,de_Gerlache,54.9,False,Background,
-87.375,219.375,9,3.2222,0.0,3.77,0.0,de_Gerlache,63.3,False,Background,
-87.875,61.875,3,4.3333,0.0,14.59,0.0,Faustini,34.2,False,Background,
-86.375,221.625,3,3.3333,0.0,5.64,0.0,de_Gerlache,86.9,False,Background,
-87.875,214.875,19,3.0,0.0,12.9,0.0,de_Gerlache,56.3,False,Background,
-89.625,153.125,3,4.3333,0.0,28.58,0.0,Shackleton,4.6,True,Background,confirmed within Shackleton PSR boundary
-89.375,181.875,6,3.5,0.0,7.74,0.0,Shackleton,15.1,False,Background,
-86.625,219.375,3,3.0,0.0,6.09,0.0,de_Gerlache,82.1,False,Background,
-85.625,51.375,8,3.25,0.0,5.66,0.0,Nobile,14.5,True,Background,confirmed within Nobile PSR boundary
-88.625,63.625,3,4.0,0.0,17.8,0.0,Shackleton,38.7,False,Background,
-86.125,219.625,5,5.0,0.0,13.65,0.0,de_Gerlache,95.4,False,Background,
-86.125,50.375,3,3.3333,0.0,16.49,0.0,Nobile,29.5,True,Background,confirmed within Nobile PSR boundary
-86.875,52.125,6,3.8333,0.0,13.58,0.0,Faustini,49.1,False,Background,
-86.875,50.375,6,3.3333,0.0,14.52,0.0,Faustini,51.7,False,Background,
-85.625,46.875,6,3.1667,0.0,9.07,0.0,Nobile,21.0,True,Background,confirmed within Nobile PSR boundary
-89.625,158.125,4,3.0,0.0,30.08,0.0,Shackleton,5.5,True,Background,confirmed within Shackleton PSR boundary
-89.125,205.125,4,3.0,0.0,12.14,0.0,Shackleton,25.9,False,Background,
-86.125,45.875,5,3.6,0.0,23.18,0.0,Nobile,33.6,True,Background,confirmed within Nobile PSR boundary
-88.625,53.625,4,3.75,0.0,12.74,0.0,Shackleton,40.4,False,Background,
-88.375,48.875,4,4.75,0.0,1.9,0.0,Shackleton,48.7,False,Background,
-88.625,49.875,3,3.6667,0.0,12.48,0.0,Shackleton,41.1,False,Background,
-89.375,199.625,3,4.3333,0.0,11.11,0.0,Shackleton,18.2,False,Background,
-85.875,217.375,7,3.0,0.0,8.71,0.0,de_Gerlache,104.3,False,Background,
-85.125,40.625,8,3.125,0.0,19.64,0.0,Nobile,33.0,True,Background,confirmed within Nobile PSR boundary
-89.125,47.875,4,3.5,0.0,4.0,0.0,Shackleton,27.0,False,Background,
-89.125,209.875,3,3.0,0.0,11.44,0.0,Shackleton,26.8,False,Background,
-85.375,216.875,11,3.3636,0.0,7.31,0.0,de_Gerlache,118.8,False,Background,
-89.125,45.875,4,3.25,0.0,4.19,0.0,Shackleton,27.3,False,Background,
-85.125,37.625,4,3.75,0.0,6.63,0.0,Nobile,40.7,False,Background,
-88.125,37.375,4,3.0,0.0,3.19,0.0,Haworth,51.4,False,Background,
-85.125,34.875,4,3.0,0.0,8.42,0.0,Nobile,47.6,False,Background,
-86.875,33.375,5,3.2,0.0,9.38,0.0,Haworth,58.4,False,Background,
-85.625,31.875,5,3.0,0.0,21.04,0.0,Nobile,54.0,False,Background,
-86.625,28.375,6,3.3333,0.0,12.07,0.0,Haworth,56.5,False,Background,
-87.375,27.625,4,3.5,0.0,7.7,0.0,Haworth,43.5,False,Background,
-89.125,219.125,3,3.6667,0.0,16.04,0.0,Shackleton,28.3,False,Background,
-85.625,212.375,9,3.3333,0.0,5.99,0.0,Sverdrup,114.9,False,Background,
-85.625,27.625,3,3.3333,0.0,14.4,0.0,Nobile,63.8,False,Background,
-86.625,26.875,6,3.0,0.0,10.86,0.0,Haworth,54.5,False,Background,
-87.125,26.125,4,3.0,0.0,4.55,0.0,Haworth,44.7,False,Background,
-87.625,212.875,3,3.3333,0.0,7.67,0.0,de_Gerlache,63.3,False,Background,
-85.375,210.375,4,3.25,0.0,5.43,0.0,Sverdrup,119.6,False,Background,
-89.125,9.875,3,3.3333,0.0,7.4,0.0,Shackleton,32.7,False,Background,
-85.125,22.375,4,3.25,0.0,14.27,0.0,Nobile,78.9,False,Background,
-89.625,254.875,5,3.0,0.0,20.03,0.0,Shackleton,19.0,False,Background,
-86.125,20.125,5,3.2,0.0,8.78,0.0,Haworth,57.7,False,Background,
-87.625,17.375,4,3.25,0.0,10.14,0.0,Haworth,28.8,False,Background,
-87.625,211.375,3,5.0,0.0,4.19,0.0,de_Gerlache,64.6,False,Background,
-87.375,210.375,7,4.1429,0.0,3.94,0.0,Sverdrup,69.8,False,Background,
-86.375,15.625,3,3.3333,0.0,10.82,0.0,Haworth,46.4,False,Background,
-87.375,13.875,3,3.3333,0.0,6.79,0.0,Haworth,25.3,True,Background,confirmed within Haworth PSR boundary
-87.875,11.875,3,3.0,0.0,13.25,0.0,Haworth,23.7,True,Background,confirmed within Haworth PSR boundary
-89.625,316.875,6,3.5,0.0,8.64,0.0,Shackleton,21.3,False,Background,
-87.375,208.875,3,3.6667,0.0,4.31,0.0,Sverdrup,68.3,False,Background,
-87.625,209.125,3,3.0,0.0,5.98,0.0,Sverdrup,63.7,False,Background,
-85.125,14.625,4,3.5,0.0,11.32,0.0,Haworth,79.6,False,Background,
-87.375,10.875,3,5.0,0.0,18.4,0.0,Haworth,21.3,True,Background,confirmed within Haworth PSR boundary
-89.625,319.125,4,4.0,0.0,7.97,0.0,Shackleton,21.3,False,Background,
-89.125,348.625,9,3.2222,0.0,12.85,0.0,Shackleton,34.9,False,Background,
-88.375,1.125,4,4.5,0.0,16.29,0.0,Haworth,28.1,False,Background,
-89.375,242.625,4,3.75,0.0,13.35,0.0,Shackleton,24.7,False,Background,
-88.375,0.125,3,4.3333,0.0,13.71,0.0,Haworth,27.9,False,Background,
-88.375,209.625,6,3.8333,0.0,2.83,0.0,Shackleton,48.6,False,Background,
-85.625,8.875,6,3.0,0.0,11.49,0.0,Haworth,60.8,False,Background,
-88.875,353.375,7,4.1429,0.0,18.69,0.0,Shackleton,41.9,False,Background,
-88.625,356.875,6,3.5,0.0,7.91,0.0,Haworth,35.1,False,Background,
-85.875,198.625,3,6.0,0.0,8.15,0.0,Sverdrup,93.8,False,Background,
-87.125,4.125,3,3.0,0.0,15.9,0.0,Haworth,16.3,True,Background,confirmed within Haworth PSR boundary
-88.625,355.375,5,4.2,0.0,8.16,0.0,Haworth,35.0,False,Background,
-86.125,4.375,8,3.25,0.0,18.71,0.0,Haworth,43.4,False,Background,
-89.375,217.125,3,3.3333,0.0,12.14,0.0,Shackleton,21.1,False,Background,
-86.375,193.625,5,3.0,0.0,3.15,0.0,Sverdrup,75.6,False,Background,
-87.625,194.875,3,4.0,0.0,11.92,0.0,Sverdrup,49.1,False,Background,
-86.125,3.125,5,3.4,0.0,14.45,0.0,Haworth,42.8,False,Background,
-87.125,190.625,4,3.5,0.0,12.34,0.0,Sverdrup,54.4,False,Background,
-85.375,188.875,6,4.6667,0.0,9.45,0.0,Sverdrup,98.2,False,Background,
-88.125,357.625,3,4.3333,0.0,13.47,0.0,Haworth,20.0,True,Background,confirmed within Haworth PSR boundary
-88.375,356.125,5,3.0,0.0,7.72,0.0,Haworth,27.5,False,Background,
-87.875,190.875,3,3.3333,0.0,17.98,0.0,Sverdrup,41.3,False,Background,
-87.375,190.125,3,3.0,0.0,5.16,0.0,Sverdrup,48.6,False,Background,
-85.125,187.375,9,3.1111,0.0,18.34,0.0,Sverdrup,104.0,False,Background,
-87.125,187.875,3,3.0,0.0,6.99,0.0,Sverdrup,51.5,False,Background,
-86.375,187.125,5,3.0,0.0,5.59,0.0,Sverdrup,69.2,False,Background,
-86.375,358.625,5,3.2,0.0,8.51,0.0,Haworth,33.6,False,Background,
-87.375,357.375,3,3.0,0.0,2.55,0.0,Haworth,4.0,True,Background,confirmed within Haworth PSR boundary
-87.125,185.375,5,3.6,0.0,7.99,0.0,Sverdrup,49.0,False,Background,
-85.125,183.875,4,5.5,0.0,4.36,0.0,Sverdrup,101.1,False,Background,
-86.875,357.125,6,4.1667,0.0,15.19,0.0,Haworth,18.2,True,Background,confirmed within Haworth PSR boundary
-87.375,184.125,3,3.6667,0.0,7.77,0.0,Sverdrup,42.3,False,Background,
-87.125,356.125,3,4.0,0.0,9.7,0.0,Haworth,10.5,True,Background,confirmed within Haworth PSR boundary
-86.875,182.375,4,3.0,0.0,4.91,0.0,Sverdrup,51.9,False,Background,
-87.375,354.875,3,4.3333,0.0,3.14,0.0,Haworth,2.9,True,Background,confirmed within Haworth PSR boundary
-88.625,351.625,3,3.6667,0.0,14.06,0.0,Haworth,35.2,False,Background,
-86.625,180.875,4,3.25,0.0,9.37,0.0,Sverdrup,56.8,False,Background,
-89.375,190.125,8,4.75,0.0,10.53,0.0,Shackleton,16.5,False,Background,
-88.625,183.875,3,3.3333,0.0,4.95,0.0,Sverdrup,33.1,False,Background,
-85.375,354.375,5,4.0,0.0,8.34,0.0,Haworth,63.6,False,Background,
-86.375,353.875,4,4.25,0.0,13.74,0.0,Haworth,33.3,False,Background,
-87.125,179.375,6,4.1667,0.0,5.22,0.0,Sverdrup,43.0,False,Background,
-85.375,353.375,3,4.0,0.0,12.27,0.0,Haworth,63.6,False,Background,
-86.625,348.875,4,3.5,0.0,10.2,0.0,Haworth,27.5,False,Background,
-88.375,178.375,5,3.0,0.0,7.09,0.0,Sverdrup,27.0,False,Background,
-88.375,177.875,5,4.0,0.0,8.27,0.0,Sverdrup,26.6,False,Background,
-89.625,323.125,4,3.25,0.0,5.89,0.0,Shackleton,21.2,False,Background,
-87.625,174.875,6,3.5,0.0,11.15,0.0,Sverdrup,28.0,False,Background,
-86.375,345.375,5,4.6,0.0,5.68,0.0,Haworth,36.8,False,Background,
-87.375,344.125,6,4.1667,0.0,16.79,0.0,Haworth,15.5,True,Background,confirmed within Haworth PSR boundary
-86.375,172.125,3,3.0,0.0,2.97,0.0,Sverdrup,56.6,False,Background,
-85.625,171.625,5,3.0,0.0,4.56,0.0,Sverdrup,77.9,False,Background,
-85.375,170.625,3,3.3333,0.0,7.24,0.0,Sverdrup,84.7,False,Background,
-85.125,170.375,4,3.25,0.0,7.22,0.0,Sverdrup,92.0,False,Background,
-88.875,178.375,4,3.5,0.0,5.94,0.0,Shackleton,28.6,False,Background,
-88.375,174.875,3,3.6667,0.0,7.43,0.0,Sverdrup,24.1,False,Background,
-85.875,341.125,3,3.0,0.0,12.67,0.0,Haworth,54.1,False,Background,
-86.875,339.625,6,3.1667,0.0,7.34,0.0,Haworth,29.5,False,Background,
-88.625,174.875,4,4.25,0.0,12.81,0.0,Sverdrup,27.2,False,Background,
-87.625,170.625,4,3.25,0.0,13.54,0.0,Sverdrup,23.7,False,Background,
-86.125,339.625,5,3.8,0.0,11.94,0.0,Haworth,48.3,False,Background,
-89.625,228.875,3,4.0,0.0,11.47,0.0,Shackleton,16.3,False,Background,
-89.125,180.125,3,4.0,0.0,7.2,0.0,Shackleton,21.6,False,Background,
-85.875,166.375,5,3.0,0.0,6.02,0.0,Sverdrup,67.8,False,Background,
-86.875,335.875,5,3.2,0.0,5.35,0.0,Haworth,34.0,False,Background,
-87.375,335.125,4,5.0,0.0,11.25,0.0,Haworth,27.6,False,Background,
-88.375,331.625,3,4.6667,0.0,6.47,0.0,Haworth,37.3,False,Background,
-89.125,178.625,6,3.3333,0.0,7.36,0.0,Shackleton,21.4,False,Background,
-86.125,336.125,6,3.0,0.0,12.87,0.0,Haworth,51.6,False,Background,
-88.375,328.375,3,3.6667,0.0,9.06,0.0,Haworth,39.7,False,Background,
-88.875,322.125,6,4.5,0.0,13.73,0.0,de_Gerlache,38.9,False,Background,
-87.125,165.625,5,3.4,0.0,7.1,0.0,Sverdrup,31.3,False,Background,
-85.625,334.375,4,3.25,0.0,11.83,0.0,Cabeus,50.7,False,Background,
-88.875,174.875,11,3.3636,0.0,8.82,0.0,Shackleton,28.0,False,Background,
-86.875,164.125,3,4.6667,0.0,9.94,0.0,Sverdrup,37.4,False,Background,
-88.875,173.875,10,3.7,0.0,8.24,0.0,Shackleton,27.9,False,Background,
-85.375,161.125,6,3.0,0.0,9.2,0.0,Sverdrup,80.8,False,Background,
-87.125,329.375,5,3.6,0.0,8.31,0.0,Haworth,38.2,False,Background,
-85.875,160.625,3,4.0,0.0,5.17,0.0,Sverdrup,65.6,False,Background,
-85.625,329.875,3,3.3333,0.0,11.65,0.0,Cabeus,41.0,True,Background,confirmed within Cabeus PSR boundary
-89.125,310.125,7,4.0,0.0,6.51,0.0,de_Gerlache,34.0,False,Background,
-89.125,308.375,6,3.5,0.0,8.66,0.0,de_Gerlache,33.2,False,Background,
-89.625,270.875,3,4.0,0.0,16.8,0.0,Shackleton,20.2,False,Background,
-86.625,158.875,7,4.0,0.0,5.08,0.0,Sverdrup,42.6,False,Background,
-86.875,326.125,5,3.2,0.0,7.96,0.0,Haworth,46.6,False,Background,
-86.125,325.625,4,5.25,0.0,8.2,0.0,Cabeus,43.5,True,Background,confirmed within Cabeus PSR boundary
-88.375,318.875,4,4.0,0.0,6.85,0.0,de_Gerlache,39.7,False,Background,
-86.125,154.875,5,3.8,0.0,5.85,0.0,Sverdrup,57.0,False,Background,
-89.375,293.625,4,3.25,0.0,6.62,0.0,Shackleton,28.7,False,Background,
-88.875,157.125,6,3.1667,0.0,15.62,0.0,Shackleton,25.7,False,Background,
-88.625,155.125,3,4.0,0.0,10.69,0.0,Sverdrup,19.1,False,Background,
-87.875,151.625,4,3.75,0.0,12.04,0.0,Sverdrup,3.9,True,Background,confirmed within Sverdrup PSR boundary
-88.625,149.875,3,3.0,0.0,10.45,0.0,Sverdrup,19.1,False,Background,
-87.875,146.875,3,3.0,0.0,9.51,0.0,Sverdrup,7.2,True,Background,confirmed within Sverdrup PSR boundary
-87.375,145.875,4,4.0,0.0,4.54,0.0,Sverdrup,20.6,False,Background,
-86.125,144.625,8,3.75,0.0,6.4,0.0,Sverdrup,58.0,False,Background,
-88.125,144.375,4,4.25,0.0,9.88,0.0,Sverdrup,9.1,True,Background,confirmed within Sverdrup PSR boundary
-85.375,141.875,5,3.6,0.0,4.88,0.0,Sverdrup,81.4,False,Background,
-87.375,140.625,7,3.7143,0.0,10.6,0.0,Sverdrup,23.8,False,Background,
-86.375,139.875,5,4.2,0.0,7.07,0.0,Sverdrup,52.4,False,Background,
-88.125,313.625,21,3.0,0.0,7.98,0.0,de_Gerlache,38.6,False,Background,
-88.625,140.875,8,4.125,0.0,9.51,0.0,Sverdrup,21.5,False,Background,
-86.875,138.625,8,3.875,0.0,5.14,0.0,Sverdrup,38.7,False,Background,
-89.375,141.875,5,3.6,0.0,21.82,0.0,Shackleton,9.4,True,Background,confirmed within Shackleton PSR boundary
-89.125,140.875,3,3.6667,0.0,11.39,0.0,Shackleton,16.8,False,Background,
-85.375,135.375,10,3.7,0.0,3.13,0.0,Sverdrup,84.2,False,Background,
-87.375,313.625,5,3.8,0.0,12.77,0.0,de_Gerlache,53.6,False,Background,
-88.125,134.125,7,3.1429,0.0,11.8,0.0,Sverdrup,19.1,False,Background,
-87.375,313.375,15,3.4667,0.0,12.98,0.0,de_Gerlache,53.4,False,Background,
-88.125,131.875,5,3.2,0.0,13.32,0.0,Sverdrup,21.4,False,Background,
-88.625,128.625,3,3.3333,0.0,9.69,0.0,Sverdrup,28.1,False,Background,
-86.875,128.625,6,3.3333,0.0,14.77,0.0,Sverdrup,46.3,False,Background,
-86.375,312.125,7,3.2857,0.0,7.47,0.0,Cabeus,45.6,True,Background,confirmed within Cabeus PSR boundary
-86.625,312.375,3,5.0,0.0,11.32,0.0,Cabeus,52.9,False,Background,
-87.125,124.875,3,3.6667,0.0,5.78,0.0,Sverdrup,43.7,False,Background,
-88.125,120.625,4,3.0,0.0,9.2,0.0,Sverdrup,32.5,False,Background,
-86.125,124.125,5,3.0,0.0,6.21,0.0,Sverdrup,70.3,False,Background,
-87.375,120.875,4,3.25,0.0,14.42,0.0,Sverdrup,42.3,False,Background,
-86.375,309.875,3,3.3333,0.0,9.06,0.0,Cabeus,46.8,True,Background,confirmed within Cabeus PSR boundary
-87.125,118.125,3,3.6667,0.0,7.93,0.0,Sverdrup,50.5,False,Background,
-85.875,119.875,4,4.0,0.0,3.54,0.0,Faustini,76.2,False,Background,
-86.125,308.875,7,3.5714,0.0,7.53,0.0,Cabeus,40.7,True,Background,confirmed within Cabeus PSR boundary
-87.625,312.125,5,3.0,0.0,23.66,0.0,de_Gerlache,46.6,False,Background,
-89.625,25.625,3,4.6667,0.0,8.76,0.0,Shackleton,16.8,False,Background,
-87.875,113.125,3,4.0,0.0,11.13,0.0,Sverdrup,42.3,False,Background,
-86.125,117.875,3,3.0,0.0,7.69,0.0,Faustini,67.8,False,Background,
-87.125,310.375,3,5.0,0.0,10.23,0.0,de_Gerlache,56.9,False,Background,
-87.875,312.625,5,3.2,0.0,14.86,0.0,de_Gerlache,42.0,False,Background,
-85.125,305.875,4,3.75,0.0,8.25,0.0,Cabeus,27.5,True,Background,confirmed within Cabeus PSR boundary
-86.875,112.125,3,3.3333,0.0,7.58,0.0,Faustini,45.8,False,Background,
-86.125,113.375,3,5.3333,0.0,4.34,0.0,Faustini,61.3,False,Background,
-87.375,309.375,5,3.8,0.0,9.1,0.0,de_Gerlache,49.9,False,Background,
-85.625,111.625,5,4.4,0.0,3.54,0.0,Faustini,70.6,False,Background,
-85.375,112.125,4,3.25,0.0,3.69,0.0,Faustini,77.6,False,Background,
-87.375,105.375,3,4.0,0.0,10.36,0.0,Faustini,32.0,False,Background,
-86.625,107.875,3,3.6667,0.0,9.98,0.0,Faustini,43.4,False,Background,
-85.375,303.375,3,3.6667,0.0,5.38,0.0,Cabeus,35.4,True,Background,confirmed within Cabeus PSR boundary
-85.875,107.125,4,3.75,0.0,8.18,0.0,Faustini,58.6,False,Background,
-88.875,326.375,4,4.0,0.0,10.01,0.0,de_Gerlache,41.4,False,Background,
-87.875,309.125,4,5.0,0.0,8.04,0.0,de_Gerlache,38.9,False,Background,
-86.625,99.625,4,3.5,0.0,6.05,0.0,Faustini,31.8,False,Background,
-85.375,298.625,5,3.0,0.0,14.44,0.0,Cabeus,46.7,True,Background,confirmed within Cabeus PSR boundary
-85.375,101.625,3,3.3333,0.0,10.22,0.0,Faustini,65.4,False,Background,
-86.875,94.375,3,3.3333,0.0,12.32,0.0,Faustini,20.0,True,Background,confirmed within Faustini PSR boundary
-85.625,94.875,3,3.3333,0.0,9.92,0.0,Faustini,52.4,False,Background,
-85.125,94.625,4,3.5,0.0,5.95,0.0,Faustini,66.7,False,Background,
-85.625,291.125,4,3.25,0.0,8.79,0.0,Cabeus,65.4,False,Background,
-87.875,300.625,4,3.5,0.0,8.53,0.0,de_Gerlache,31.4,False,Background,
-88.875,60.875,3,3.6667,0.0,12.88,0.0,Shackleton,31.9,False,Background,
-85.125,93.625,4,4.25,0.0,3.9,0.0,Faustini,66.1,False,Background,
-86.625,291.875,3,3.0,0.0,7.88,0.0,de_Gerlache,57.4,False,Background,
-87.875,76.875,3,3.3333,0.0,6.35,0.0,Faustini,22.1,False,Background,
-85.375,285.125,3,3.3333,0.0,11.9,0.0,Cabeus,79.6,False,Background,
-89.125,31.375,3,3.6667,0.0,7.11,0.0,Shackleton,29.6,False,Background,
-85.125,84.375,4,3.25,0.0,5.27,0.0,Faustini,63.0,False,Background,
-87.625,293.625,3,3.3333,0.0,8.46,0.0,de_Gerlache,31.1,False,Background,
-87.875,296.625,3,4.3333,0.0,9.76,0.0,de_Gerlache,28.0,False,Background,
-86.375,286.375,3,4.0,0.0,20.54,0.0,de_Gerlache,62.1,False,Background,
-87.375,291.125,3,4.0,0.0,4.48,0.0,de_Gerlache,35.8,False,Background,
-87.875,297.875,3,3.3333,0.0,7.1,0.0,de_Gerlache,29.1,False,Background,
-85.625,81.625,3,3.3333,0.0,5.66,0.0,Faustini,47.9,False,Background,
-87.125,287.125,3,3.3333,0.0,9.58,0.0,de_Gerlache,40.5,False,Background,
-85.875,279.875,3,5.3333,0.0,4.82,0.0,de_Gerlache,75.2,False,Background,
-86.625,282.875,3,4.0,0.0,6.01,0.0,de_Gerlache,53.5,False,Background,
-86.875,283.375,3,3.3333,0.0,5.36,0.0,de_Gerlache,46.2,False,Background,
-88.875,34.625,7,3.4286,0.0,15.89,0.0,Shackleton,36.4,False,Background,
-88.625,301.625,3,3.3333,0.0,10.25,0.0,de_Gerlache,25.1,False,Background,
-86.125,73.875,4,3.5,0.0,18.0,0.0,Faustini,36.5,False,Background,
-86.125,277.125,4,3.0,0.0,2.63,0.0,de_Gerlache,67.2,False,Background,
-85.875,275.125,3,3.6667,0.0,5.05,0.0,de_Gerlache,74.6,False,Background,
-87.625,283.375,3,3.6667,0.0,10.03,0.0,de_Gerlache,24.5,False,Background,
-85.125,73.125,3,3.6667,0.0,11.57,0.0,Nobile,50.0,False,Background,
-87.125,279.375,3,3.6667,0.0,3.52,0.0,de_Gerlache,37.5,False,Background,
-86.375,68.375,3,3.6667,0.0,9.09,0.0,Faustini,35.4,False,Background,
-88.625,38.625,6,3.8333,0.0,15.65,0.0,Shackleton,43.0,False,Background,
-87.375,278.875,3,4.0,0.0,11.07,0.0,de_Gerlache,29.9,False,Background,
-88.625,36.625,14,3.0,0.0,14.9,0.0,Shackleton,43.4,False,Background,
-86.875,62.875,4,3.25,0.0,11.09,0.0,Faustini,33.2,False,Background,
-85.625,67.875,4,3.5,0.0,6.28,0.0,Nobile,37.3,False,Background,
-88.875,302.375,3,5.6667,0.0,14.28,0.0,de_Gerlache,27.3,False,Background,
-85.125,265.375,3,4.3333,0.0,8.4,0.0,de_Gerlache,97.7,False,Background,
-86.625,267.125,3,3.0,0.0,6.16,0.0,de_Gerlache,52.1,False,Background,
-88.125,271.625,3,3.3333,0.0,17.82,0.0,de_Gerlache,6.2,True,Background,confirmed within de_Gerlache PSR boundary
-85.625,61.375,5,3.6,0.0,7.39,0.0,Nobile,23.3,True,Background,confirmed within Nobile PSR boundary
-85.875,259.125,3,4.0,0.0,5.15,0.0,de_Gerlache,76.6,False,Background,
-86.375,260.375,3,5.0,0.0,4.15,0.0,de_Gerlache,61.2,False,Background,
-85.875,258.125,4,4.0,0.0,3.59,0.0,de_Gerlache,76.9,False,Background,
-85.625,256.125,4,3.25,0.0,6.04,0.0,de_Gerlache,85.1,False,Background,
-85.125,252.875,5,3.0,0.0,9.27,0.0,de_Gerlache,101.4,False,Background,
-85.125,251.625,5,3.4,0.0,8.74,0.0,de_Gerlache,101.9,False,Background,
-87.625,254.125,3,4.0,0.0,13.94,0.0,de_Gerlache,28.4,False,Background,
-86.875,248.125,3,3.3333,0.0,5.4,0.0,de_Gerlache,52.6,False,Background,
-87.125,248.875,3,4.3333,0.0,9.55,0.0,de_Gerlache,45.2,False,Background,
-86.375,49.875,3,4.3333,0.0,21.22,0.0,Nobile,37.1,False,Background,
-87.875,43.625,3,3.0,0.0,3.19,0.0,Faustini,54.1,False,Background,
-87.125,45.875,3,4.3333,0.0,10.89,0.0,Faustini,55.2,False,Background,
-86.125,242.375,3,3.6667,0.0,15.52,0.0,de_Gerlache,77.6,False,Background,
-88.375,251.875,4,3.25,0.0,6.23,0.0,de_Gerlache,17.5,False,Background,
-85.125,48.125,8,3.125,0.0,11.46,0.0,Nobile,13.9,True,Background,confirmed within Nobile PSR boundary
-88.875,255.125,4,4.5,0.0,14.25,0.0,de_Gerlache,20.5,False,Background,
-88.125,243.625,4,3.25,0.0,8.72,0.0,de_Gerlache,27.0,False,Background,
-89.125,258.125,4,3.0,0.0,7.86,0.0,de_Gerlache,25.7,False,Background,
-85.375,234.375,5,3.6,0.0,15.16,0.0,de_Gerlache,104.8,False,Background,
-86.625,38.875,3,3.0,0.0,10.97,0.0,Nobile,53.8,False,Background,
-86.875,37.625,3,3.3333,0.0,8.34,0.0,Nobile,60.8,False,Background,
-89.375,261.875,3,4.3333,0.0,15.51,0.0,Shackleton,26.7,False,Background,
-85.625,224.375,4,3.0,0.0,6.12,0.0,de_Gerlache,105.4,False,Background,
-85.125,36.625,3,3.0,0.0,6.34,0.0,Nobile,43.2,False,Background,
-86.625,35.375,5,4.2,0.0,11.52,0.0,Nobile,58.4,False,Background,
-85.375,35.125,4,3.75,0.0,10.71,0.0,Nobile,46.1,False,Background,
-85.125,34.625,5,3.0,0.0,11.31,0.0,Nobile,48.3,False,Background,
-87.375,33.875,5,3.6,0.0,12.07,0.0,Haworth,51.7,False,Background,
-89.625,37.125,3,4.0,0.0,10.88,0.0,Shackleton,15.5,False,Background,
-87.375,33.375,4,3.0,0.0,13.13,0.0,Haworth,51.0,False,Background,
-85.625,32.125,4,4.0,0.0,20.38,0.0,Nobile,53.4,False,Background,
-89.625,190.875,3,3.3333,0.0,14.49,0.0,Shackleton,11.0,False,Background,
-87.125,32.625,3,3.6667,0.0,8.07,0.0,Haworth,53.3,False,Background,
-87.125,30.625,3,3.3333,0.0,5.35,0.0,Haworth,50.7,False,Background,
-88.125,32.375,4,5.0,0.0,10.59,0.0,Haworth,46.4,False,Background,
-86.125,193.875,4,3.0,0.0,4.58,0.0,Sverdrup,82.4,False,Background,
-89.125,170.625,5,3.2,0.0,9.41,0.0,Shackleton,20.1,False,Background,
-89.375,144.375,6,4.6667,0.0,21.03,0.0,Shackleton,9.6,True,Background,confirmed within Shackleton PSR boundary
-88.125,182.625,3,3.3333,0.0,6.85,0.0,Sverdrup,30.7,False,Background,
-85.375,19.125,3,4.6667,0.0,15.85,0.0,Haworth,76.6,False,Background,
-87.125,17.625,3,3.0,0.0,6.29,0.0,Haworth,33.3,False,Background,
-86.625,1.125,4,4.0,0.0,14.11,0.0,Haworth,27.1,False,Background,
-86.375,359.875,4,3.0,0.0,6.42,0.0,Haworth,34.0,False,Background,
-87.125,356.625,3,4.0,0.0,9.76,0.0,Haworth,10.6,True,Background,confirmed within Haworth PSR boundary
-85.625,171.125,5,3.4,0.0,5.5,0.0,Sverdrup,77.6,False,Background,
-87.375,347.125,3,3.3333,0.0,16.8,0.0,Haworth,11.5,True,Background,confirmed within Haworth PSR boundary
-87.125,154.625,3,4.6667,0.0,6.49,0.0,Sverdrup,26.7,False,Background,
-86.625,343.125,3,3.0,0.0,7.58,0.0,Haworth,31.8,False,Background,
-89.375,131.125,4,4.25,0.0,23.44,0.0,Shackleton,9.0,True,Background,confirmed within Shackleton PSR boundary
-85.375,153.375,3,4.3333,0.0,13.96,0.0,Sverdrup,79.6,False,Background,
-86.875,151.625,3,3.0,0.0,3.45,0.0,Sverdrup,34.1,False,Background,
-88.875,138.375,12,3.1667,0.0,11.82,0.0,Shackleton,24.3,False,Background,
-87.125,146.625,3,3.3333,0.0,3.55,0.0,Sverdrup,27.6,False,Background,
-86.875,324.875,5,3.2,0.0,10.5,0.0,Haworth,48.3,False,Background,
-87.375,139.375,3,3.0,0.0,7.45,0.0,Sverdrup,24.7,False,Background,
-85.875,137.375,4,3.0,0.0,6.09,0.0,Sverdrup,68.4,False,Background,
-87.625,137.125,5,3.0,0.0,13.33,0.0,Sverdrup,21.0,False,Background,
-86.125,136.625,5,4.2,0.0,7.0,0.0,Sverdrup,61.4,False,Background,
-86.875,136.125,5,3.0,0.0,6.56,0.0,Sverdrup,40.4,False,Background,
-89.375,137.375,3,5.0,0.0,23.31,0.0,Shackleton,9.1,True,Background,confirmed within Shackleton PSR boundary
-86.875,133.375,4,3.25,0.0,8.98,0.0,Sverdrup,42.4,False,Background,
-85.875,129.625,3,3.0,0.0,7.5,0.0,Sverdrup,73.1,False,Background,
-87.125,132.375,3,3.3333,0.0,7.1,0.0,Sverdrup,36.7,False,Background,
-87.625,133.375,3,5.0,0.0,7.47,0.0,Sverdrup,24.7,False,Background,
-87.625,132.375,4,4.5,0.0,5.26,0.0,Sverdrup,25.7,False,Background,
-85.125,124.375,3,3.3333,0.0,3.62,0.0,Sverdrup,98.6,False,Background,
-89.125,188.875,9,3.2222,0.0,8.78,0.0,Shackleton,23.1,False,Background,
-88.375,132.625,4,3.25,0.0,10.09,0.0,Sverdrup,22.0,False,Background,
-87.125,237.625,6,3.0,0.0,8.28,0.0,de_Gerlache,53.6,False,Background,
-86.875,84.625,3,3.3333,0.0,12.3,0.0,Faustini,10.1,True,Background,confirmed within Faustini PSR boundary
-89.125,135.125,7,3.1429,0.0,5.89,0.0,Shackleton,16.6,False,Background,
-89.125,180.875,6,4.6667,0.0,8.12,0.0,Shackleton,21.7,False,Background,
-89.125,190.875,9,3.3333,0.0,8.63,0.0,Shackleton,23.5,False,Background,
-89.125,193.875,9,3.0,0.0,9.12,0.0,Shackleton,24.0,False,Background,
-87.375,86.625,3,3.3333,0.0,3.13,0.0,Faustini,7.2,True,Background,confirmed within Faustini PSR boundary
-88.875,113.625,3,4.0,0.0,11.61,0.0,Shackleton,24.6,False,Background,
-89.375,173.625,4,3.0,0.0,10.44,0.0,Shackleton,13.7,False,Background,
-85.875,240.125,4,3.75,0.0,14.79,0.0,de_Gerlache,86.3,False,Background,
-87.875,88.625,3,3.6667,0.0,9.37,0.0,Faustini,21.6,False,Background,
-85.125,241.125,8,3.25,0.0,11.27,0.0,de_Gerlache,107.5,False,Background,
-88.875,213.625,10,3.5,0.0,14.4,0.0,Shackleton,34.6,False,Background,
-86.875,78.375,3,4.6667,0.0,17.24,0.0,Faustini,12.5,True,Background,confirmed within Faustini PSR boundary
-88.375,90.875,3,3.0,0.0,4.89,0.0,Faustini,36.7,False,Background,
-89.375,166.125,10,3.1,0.0,11.96,0.0,Shackleton,12.5,False,Background,
-89.375,155.625,11,3.5455,0.0,15.36,0.0,Shackleton,10.9,False,Background,
-89.125,192.375,9,3.2222,0.0,10.3,0.0,Shackleton,23.7,False,Background,
-87.125,232.625,4,3.5,0.0,6.46,0.0,de_Gerlache,57.8,False,Background,
-87.375,78.125,3,3.0,0.0,11.04,0.0,Faustini,9.1,True,Background,confirmed within Faustini PSR boundary
-88.625,93.375,3,3.3333,0.0,6.6,0.0,Shackleton,34.1,False,Background,
-85.625,70.875,3,5.6667,0.0,14.89,0.0,Nobile,44.1,False,Background,
-85.625,71.125,7,3.4286,0.0,14.95,0.0,Nobile,44.6,False,Background,
-88.875,93.125,3,4.3333,0.0,6.87,0.0,Shackleton,26.7,False,Background,
-89.375,119.125,3,3.6667,0.0,23.98,0.0,Shackleton,9.3,True,Background,confirmed within Shackleton PSR boundary
-87.625,228.125,3,3.0,0.0,10.42,0.0,de_Gerlache,49.9,False,Background,
-87.875,77.875,3,3.0,0.0,10.04,0.0,Faustini,21.6,False,Background,
-86.375,232.875,4,4.75,0.0,5.07,0.0,de_Gerlache,77.5,False,Background,
-87.875,76.375,3,3.0,0.0,6.91,0.0,Faustini,22.3,False,Background,
-89.375,189.875,9,3.2222,0.0,10.45,0.0,Shackleton,16.5,False,Background,
-86.125,231.625,4,3.0,0.0,4.81,0.0,de_Gerlache,85.5,False,Background,
-85.375,65.875,5,3.2,0.0,10.9,0.0,Nobile,31.3,True,Background,confirmed within Nobile PSR boundary
-88.125,75.625,4,3.5,0.0,9.86,0.0,Faustini,29.5,False,Background,
-85.375,231.375,6,4.3333,0.0,17.82,0.0,de_Gerlache,107.0,False,Background,
-86.875,66.625,5,3.0,0.0,6.38,0.0,Faustini,27.7,False,Background,
-88.875,83.875,4,3.0,0.0,5.29,0.0,Shackleton,28.0,False,Background,
-89.375,145.875,4,3.0,0.0,20.71,0.0,Shackleton,9.8,True,Background,confirmed within Shackleton PSR boundary
-88.625,212.125,9,3.1111,0.0,7.84,0.0,Shackleton,41.6,False,Background,
-87.875,222.125,4,3.0,0.0,7.93,0.0,de_Gerlache,50.1,False,Background,
-85.875,229.625,4,3.5,0.0,6.21,0.0,de_Gerlache,94.1,False,Background,
-86.875,65.375,4,3.5,0.0,5.47,0.0,Faustini,29.6,False,Background,
-86.875,66.125,3,4.0,0.0,6.9,0.0,Faustini,28.5,False,Background,
-89.375,158.125,12,3.4167,0.0,14.47,0.0,Shackleton,11.2,False,Background,
-86.625,63.625,3,3.3333,0.0,12.66,0.0,Faustini,36.2,False,Background,
-87.125,65.375,5,4.2,0.0,7.46,0.0,Faustini,26.8,False,Background,
-87.875,221.625,4,3.5,0.0,9.34,0.0,de_Gerlache,50.5,False,Background,
-86.625,225.875,3,4.3333,0.0,6.44,0.0,de_Gerlache,76.5,False,Background,
-85.875,61.125,5,4.0,0.0,4.64,0.0,Nobile,27.6,True,Background,confirmed within Nobile PSR boundary
-86.375,62.125,5,3.8,0.0,12.92,0.0,Nobile,40.9,False,Background,
-87.125,64.625,3,3.3333,0.0,11.11,0.0,Faustini,27.9,False,Background,
-86.625,60.875,5,4.2,0.0,12.47,0.0,Faustini,40.1,False,Background,
-87.875,65.125,4,3.75,0.0,11.98,0.0,Faustini,31.0,False,Background,
-85.875,57.875,5,3.6,0.0,9.34,0.0,Nobile,23.4,True,Background,confirmed within Nobile PSR boundary
-86.875,222.125,3,3.6667,0.0,7.36,0.0,de_Gerlache,73.2,False,Background,
-86.625,221.625,4,3.75,0.0,6.23,0.0,de_Gerlache,80.2,False,Background,
-86.625,56.875,3,3.3333,0.0,6.58,0.0,Nobile,44.4,False,Background,
-85.125,53.625,6,3.1667,0.0,9.18,0.0,Nobile,1.7,True,Background,confirmed within Nobile PSR boundary
-85.875,54.625,5,3.0,0.0,10.64,0.0,Nobile,21.2,True,Background,confirmed within Nobile PSR boundary
-86.875,56.375,3,3.3333,0.0,10.8,0.0,Faustini,42.8,False,Background,
-86.875,56.625,5,3.4,0.0,10.13,0.0,Faustini,42.5,False,Background,
-86.625,220.375,6,3.3333,0.0,4.64,0.0,de_Gerlache,81.3,False,Background,
-88.875,70.375,3,4.3333,0.0,5.67,0.0,Shackleton,30.2,False,Background,
-89.625,126.375,7,3.1429,0.0,9.73,0.0,Shackleton,1.5,True,Background,confirmed within Shackleton PSR boundary
-87.125,218.125,3,3.0,0.0,4.68,0.0,de_Gerlache,70.4,False,Background,
-86.125,220.375,5,3.0,0.0,12.01,0.0,de_Gerlache,94.8,False,Background,
-85.375,221.625,3,3.0,0.0,3.9,0.0,de_Gerlache,114.8,False,Background,
-85.125,50.875,7,3.2857,0.0,14.25,0.0,Nobile,7.0,True,Background,confirmed within Nobile PSR boundary
-85.625,51.625,4,3.25,0.0,6.39,0.0,Nobile,14.3,True,Background,confirmed within Nobile PSR boundary
-88.375,60.375,3,4.0,0.0,14.63,0.0,Faustini,43.9,False,Background,
-89.625,112.125,4,3.25,0.0,21.73,0.0,Shackleton,3.5,True,Background,confirmed within Shackleton PSR boundary
-87.875,52.875,4,3.0,0.0,4.58,0.0,Faustini,43.8,False,Background,
-86.375,218.625,11,3.4545,0.0,10.36,0.0,de_Gerlache,89.5,False,Background,
-85.125,46.625,5,3.0,0.0,13.93,0.0,Nobile,17.8,True,Background,confirmed within Nobile PSR boundary
-88.625,56.625,3,3.3333,0.0,16.75,0.0,Shackleton,39.9,False,Background,
-89.125,56.375,3,4.0,0.0,2.9,0.0,Shackleton,25.5,False,Background,
-89.375,58.625,3,3.3333,0.0,6.37,0.0,Shackleton,18.3,False,Background,
-86.625,42.875,5,3.6,0.0,13.04,0.0,Nobile,49.3,False,Background,
-87.625,44.125,4,3.25,0.0,11.92,0.0,Faustini,53.9,False,Background,
-89.625,191.625,3,3.3333,0.0,14.34,0.0,Shackleton,11.1,False,Background,
-87.875,42.625,3,3.0,0.0,3.81,0.0,Faustini,55.3,False,Background,
-86.875,216.125,7,3.1429,0.0,5.33,0.0,de_Gerlache,78.5,False,Background,
-86.875,215.875,5,3.8,0.0,5.69,0.0,de_Gerlache,78.7,False,Background,
-86.125,38.125,5,3.2,0.0,16.29,0.0,Nobile,45.3,False,Background,
-87.125,36.625,9,3.0,0.0,6.38,0.0,Haworth,58.6,False,Background,
-87.625,33.125,9,4.0,0.0,16.1,0.0,Haworth,48.4,False,Background,
-88.125,32.875,8,3.25,0.0,7.31,0.0,Haworth,46.9,False,Background,
-88.625,32.875,5,3.0,0.0,15.01,0.0,Shackleton,44.0,False,Background,
-86.875,29.875,7,3.4286,0.0,5.92,0.0,Haworth,53.7,False,Background,
-88.125,28.625,3,3.0,0.0,13.36,0.0,Haworth,42.7,False,Background,
-87.625,27.375,5,4.0,0.0,13.83,0.0,Haworth,41.3,False,Background,
-88.875,24.125,6,3.5,0.0,9.65,0.0,Shackleton,38.0,False,Background,
-88.875,21.875,5,3.6,0.0,9.23,0.0,Shackleton,38.3,False,Background,
-85.125,26.375,7,3.8571,0.0,4.65,0.0,Nobile,69.0,False,Background,
-87.125,24.625,4,3.5,0.0,3.75,0.0,Haworth,42.6,False,Background,
-87.625,23.875,3,3.0,0.0,6.69,0.0,Haworth,36.9,False,Background,
-87.875,23.375,3,3.3333,0.0,11.55,0.0,Haworth,36.2,False,Background,
-85.125,24.875,7,3.2857,0.0,5.65,0.0,Nobile,72.7,False,Background,
-89.375,232.875,3,3.3333,0.0,9.38,0.0,Shackleton,23.4,False,Background,
-89.125,224.375,7,3.5714,0.0,14.61,0.0,Shackleton,29.1,False,Background,
-85.875,21.625,4,3.25,0.0,5.62,0.0,Haworth,65.8,False,Background,
-87.875,212.625,3,3.0,0.0,13.93,0.0,de_Gerlache,58.2,False,Background,
-85.625,209.125,3,4.0,0.0,7.74,0.0,Sverdrup,111.4,False,Background,
-87.625,17.125,3,4.0,0.0,7.64,0.0,Haworth,28.5,False,Background,
-89.375,232.625,4,3.5,0.0,9.89,0.0,Shackleton,23.4,False,Background,
-86.125,15.875,5,3.4,0.0,9.02,0.0,Haworth,53.0,False,Background,
-89.625,309.625,4,3.0,0.0,8.63,0.0,Shackleton,21.4,False,Background,
-89.125,229.625,5,3.2,0.0,16.36,0.0,Shackleton,30.0,False,Background,
-88.125,211.375,5,3.4,0.0,4.39,0.0,de_Gerlache,54.5,False,Background,
-89.125,353.625,4,3.75,0.0,11.94,0.0,Shackleton,34.4,False,Background,
-89.375,243.625,3,4.6667,0.0,13.21,0.0,Shackleton,24.8,False,Background,
-89.125,344.875,4,3.0,0.0,11.03,0.0,Shackleton,35.2,False,Background,
-86.375,203.375,3,4.0,0.0,7.87,0.0,Sverdrup,85.7,False,Background,
-86.625,7.125,5,3.0,0.0,10.87,0.0,Haworth,31.4,False,Background,
-85.625,7.125,4,3.0,0.0,20.91,0.0,Haworth,59.7,False,Background,
-88.875,352.875,6,3.5,0.0,18.97,0.0,Shackleton,42.0,False,Background,
-89.625,322.375,3,4.3333,0.0,6.88,0.0,Shackleton,21.2,False,Background,
-85.625,5.125,3,3.6667,0.0,26.04,0.0,Haworth,58.5,False,Background,
-86.875,3.625,4,3.5,0.0,20.72,0.0,Haworth,21.9,True,Background,confirmed within Haworth PSR boundary
-89.625,301.125,3,3.0,0.0,13.29,0.0,Shackleton,21.3,False,Background,
-86.125,192.125,3,4.0,0.0,5.05,0.0,Sverdrup,80.7,False,Background,
-87.875,359.125,5,4.2,0.0,12.5,0.0,Haworth,13.1,True,Background,confirmed within Haworth PSR boundary
-86.625,0.875,4,3.75,0.0,13.83,0.0,Haworth,27.0,False,Background,
-86.625,188.875,3,4.0,0.0,3.62,0.0,Sverdrup,64.5,False,Background,
-86.625,359.875,3,3.0,0.0,15.31,0.0,Haworth,26.6,False,Background,
-88.125,356.625,4,3.5,0.0,12.91,0.0,Haworth,19.9,True,Background,confirmed within Haworth PSR boundary
-86.125,359.625,6,3.0,0.0,17.25,0.0,Haworth,41.4,False,Background,
-86.875,186.375,5,3.4,0.0,3.35,0.0,Sverdrup,55.8,False,Background,
-85.625,185.375,7,4.2857,0.0,16.2,0.0,Sverdrup,88.1,False,Background,
-88.125,355.875,3,4.0,0.0,11.42,0.0,Haworth,19.9,True,Background,confirmed within Haworth PSR boundary
-86.375,184.625,6,4.0,0.0,7.12,0.0,Sverdrup,66.8,False,Background,
-87.125,184.125,5,3.0,0.0,5.21,0.0,Sverdrup,47.7,False,Background,
-85.625,357.375,8,3.0,0.0,15.7,0.0,Haworth,56.1,False,Background,
-88.375,184.875,3,4.0,0.0,8.59,0.0,Sverdrup,32.5,False,Background,
-87.125,182.625,4,5.5,0.0,5.89,0.0,Sverdrup,46.2,False,Background,
-87.875,352.875,3,3.0,0.0,4.39,0.0,Haworth,12.6,True,Background,confirmed within Haworth PSR boundary
-88.125,352.625,4,4.25,0.0,9.84,0.0,Haworth,20.1,True,Background,confirmed within Haworth PSR boundary
-88.625,350.875,3,4.0,0.0,15.17,0.0,Haworth,35.3,False,Background,
-89.375,341.375,5,3.8,0.0,7.2,0.0,Shackleton,28.0,False,Background,
-87.375,180.875,3,3.0,0.0,4.28,0.0,Sverdrup,39.0,False,Background,
-87.625,350.125,5,3.4,0.0,4.13,0.0,Haworth,8.2,True,Background,confirmed within Haworth PSR boundary
-88.375,179.875,5,3.8,0.0,7.17,0.0,Sverdrup,28.3,False,Background,
-86.875,177.125,4,3.25,0.0,4.83,0.0,Sverdrup,47.0,False,Background,
-85.125,350.875,6,3.5,0.0,10.2,0.0,Haworth,71.6,False,Background,
-86.625,350.125,9,3.2222,0.0,10.31,0.0,Haworth,26.9,False,Background,
-89.125,338.375,6,3.0,0.0,6.87,0.0,Shackleton,35.6,False,Background,
-86.125,174.625,3,4.0,0.0,3.89,0.0,Sverdrup,65.4,False,Background,
-85.125,174.125,4,4.5,0.0,4.17,0.0,Sverdrup,94.1,False,Background,
-87.875,345.875,3,5.6667,0.0,13.65,0.0,Haworth,16.9,True,Background,confirmed within Haworth PSR boundary
-88.625,178.625,6,3.0,0.0,8.32,0.0,Sverdrup,29.6,False,Background,
-86.875,174.625,6,3.8333,0.0,5.58,0.0,Sverdrup,44.8,False,Background,
-88.625,340.625,3,3.0,0.0,22.75,0.0,Haworth,37.9,False,Background,
-87.875,175.625,3,4.3333,0.0,7.99,0.0,Sverdrup,25.3,False,Background,
-86.375,173.125,7,3.5714,0.0,3.18,0.0,Sverdrup,57.3,False,Background,
-88.625,177.625,7,3.7143,0.0,13.67,0.0,Sverdrup,28.9,False,Background,
-88.375,176.125,3,4.3333,0.0,8.45,0.0,Sverdrup,25.1,False,Background,
-85.125,171.375,8,3.5,0.0,4.82,0.0,Sverdrup,92.5,False,Background,
-85.625,344.875,7,3.4286,0.0,5.95,0.0,Haworth,58.9,False,Background,
-89.125,332.625,4,4.0,0.0,5.34,0.0,Shackleton,36.0,False,Background,
-88.125,174.125,4,3.25,0.0,4.06,0.0,Sverdrup,22.4,False,Background,
-86.125,171.125,3,4.0,0.0,3.01,0.0,Sverdrup,63.1,False,Background,
-85.875,170.875,8,3.375,0.0,5.55,0.0,Sverdrup,70.2,False,Background,
-88.375,174.375,4,4.5,0.0,7.55,0.0,Sverdrup,23.7,False,Background,
-87.625,339.875,3,6.0,0.0,19.94,0.0,Haworth,20.5,True,Background,confirmed within Haworth PSR boundary
-85.125,341.375,3,3.0,0.0,14.91,0.0,Cabeus,66.7,False,Background,
-86.625,168.125,6,4.1667,0.0,4.52,0.0,Sverdrup,46.9,False,Background,
-85.625,167.125,4,3.75,0.0,13.74,0.0,Sverdrup,75.5,False,Background,
-87.625,169.625,5,3.6,0.0,8.45,0.0,Sverdrup,22.7,False,Background,
-87.375,168.625,6,3.6667,0.0,10.7,0.0,Sverdrup,27.2,False,Background,
-88.875,323.875,5,3.6,0.0,13.22,0.0,de_Gerlache,39.9,False,Background,
-85.125,335.875,3,3.3333,0.0,10.28,0.0,Cabeus,52.6,False,Background,
-89.625,283.375,4,4.5,0.0,10.99,0.0,Shackleton,20.8,False,Background,
-88.625,321.875,6,3.3333,0.0,8.09,0.0,de_Gerlache,39.8,False,Background,
-89.125,313.375,6,3.8333,0.0,4.0,0.0,de_Gerlache,35.4,False,Background,
-89.125,308.875,7,3.1429,0.0,7.39,0.0,de_Gerlache,33.4,False,Background,
-86.625,161.125,4,4.5,0.0,12.53,0.0,Sverdrup,43.3,False,Background,
-88.625,320.625,9,3.1111,0.0,5.93,0.0,de_Gerlache,38.9,False,Background,
-87.375,161.375,5,3.2,0.0,7.34,0.0,Sverdrup,21.8,False,Background,
-85.125,329.375,6,3.0,0.0,15.05,0.0,Cabeus,35.8,True,Background,confirmed within Cabeus PSR boundary
-86.625,327.375,6,4.0,0.0,14.11,0.0,Haworth,49.9,False,Background,
-87.625,325.375,4,4.25,0.0,12.94,0.0,Haworth,38.7,False,Background,
-86.125,158.375,3,3.0,0.0,5.74,0.0,Sverdrup,57.5,False,Background,
-85.125,328.125,4,3.25,0.0,13.07,0.0,Cabeus,32.6,True,Background,confirmed within Cabeus PSR boundary
-89.125,312.625,3,3.3333,0.0,4.39,0.0,de_Gerlache,35.0,False,Background,
-88.875,169.375,3,4.6667,0.0,8.79,0.0,Shackleton,27.2,False,Background,
-85.625,156.625,3,5.3333,0.0,4.74,0.0,Sverdrup,72.3,False,Background,
-88.875,167.625,3,3.3333,0.0,9.3,0.0,Shackleton,27.0,False,Background,
-86.875,323.625,5,3.2,0.0,14.85,0.0,Haworth,49.9,False,Background,
-87.375,322.375,4,4.25,0.0,12.31,0.0,Haworth,44.4,False,Background,
-87.125,322.375,7,3.4286,0.0,10.7,0.0,Haworth,47.5,False,Background,
-87.375,321.375,3,4.3333,0.0,11.27,0.0,Haworth,45.7,False,Background,
-88.625,314.875,9,4.1111,0.0,12.9,0.0,de_Gerlache,34.7,False,Background,
-85.125,323.125,5,3.2,0.0,7.1,0.0,Cabeus,20.0,True,Background,confirmed within Cabeus PSR boundary
-88.875,311.625,9,3.2222,0.0,8.23,0.0,de_Gerlache,32.7,False,Background,
-89.375,167.875,7,4.1429,0.0,11.67,0.0,Shackleton,12.7,False,Background,
-85.375,321.375,4,3.5,0.0,5.44,0.0,Cabeus,19.9,True,Background,confirmed within Cabeus PSR boundary
-85.875,321.125,3,3.3333,0.0,4.77,0.0,Cabeus,32.1,True,Background,confirmed within Cabeus PSR boundary
-86.375,320.625,6,3.3333,0.0,7.24,0.0,Cabeus,45.9,True,Background,confirmed within Cabeus PSR boundary
-88.875,152.375,9,3.2222,0.0,7.57,0.0,Shackleton,25.2,False,Background,
-87.375,147.125,3,4.0,0.0,4.43,0.0,Sverdrup,20.0,False,Background,
-85.875,143.125,7,4.2857,0.0,7.23,0.0,Sverdrup,66.0,False,Background,
-89.125,151.125,4,3.5,0.0,8.3,0.0,Shackleton,17.6,False,Background,
-89.125,149.125,4,4.75,0.0,8.57,0.0,Shackleton,17.4,False,Background,
-88.625,146.375,6,3.1667,0.0,7.19,0.0,Sverdrup,19.7,False,Background,
-85.125,141.625,3,4.0,0.0,3.51,0.0,Sverdrup,89.0,False,Background,
-88.875,145.625,7,3.2857,0.0,10.96,0.0,Shackleton,24.7,False,Background,
-88.875,145.375,9,3.4444,0.0,11.71,0.0,Shackleton,24.6,False,Background,
-87.625,314.125,5,3.2,0.0,26.63,0.0,de_Gerlache,48.4,False,Background,
-86.375,135.625,6,3.0,0.0,9.18,0.0,Sverdrup,54.8,False,Background,
-85.375,132.375,5,3.4,0.0,3.4,0.0,Sverdrup,85.9,False,Background,
-85.125,132.375,7,3.5714,0.0,3.31,0.0,Sverdrup,93.2,False,Background,
-87.625,127.875,4,4.0,0.0,6.72,0.0,Sverdrup,30.4,False,Background,
-86.875,126.875,8,3.0,0.0,11.23,0.0,Sverdrup,47.9,False,Background,
-86.375,127.375,7,3.7143,0.0,8.04,0.0,Sverdrup,60.7,False,Background,
-87.375,124.375,5,3.2,0.0,6.03,0.0,Sverdrup,38.7,False,Background,
-86.125,125.875,7,3.0,0.0,4.91,0.0,Sverdrup,68.9,False,Background,
-89.125,322.375,3,3.0,0.0,3.39,0.0,Shackleton,36.4,False,Background,
-87.875,121.125,3,3.6667,0.0,8.97,0.0,Sverdrup,34.0,False,Background,
-87.125,121.125,3,4.0,0.0,10.32,0.0,Sverdrup,47.4,False,Background,
-86.625,122.125,4,3.25,0.0,9.47,0.0,Sverdrup,58.7,False,Background,
-85.875,309.875,3,4.0,0.0,13.76,0.0,Cabeus,33.1,True,Background,confirmed within Cabeus PSR boundary
-86.625,309.625,3,4.0,0.0,7.13,0.0,Cabeus,54.1,False,Background,
-89.625,10.375,4,4.75,0.0,9.04,0.0,Shackleton,18.4,False,Background,
-88.125,112.875,6,3.3333,0.0,3.19,0.0,Sverdrup,40.0,False,Background,
-87.125,116.125,4,3.5,0.0,9.63,0.0,Faustini,48.7,False,Background,
-86.875,116.625,3,4.3333,0.0,10.42,0.0,Faustini,52.4,False,Background,
-86.875,116.875,3,5.3333,0.0,10.62,0.0,Faustini,52.8,False,Background,
-88.875,324.125,5,3.2,0.0,12.86,0.0,de_Gerlache,40.1,False,Background,
-89.125,334.625,5,3.6,0.0,7.17,0.0,Shackleton,35.8,False,Background,
-85.875,116.875,3,3.6667,0.0,2.84,0.0,Faustini,71.9,False,Background,
-86.125,307.875,3,3.0,0.0,6.71,0.0,Cabeus,41.8,True,Background,confirmed within Cabeus PSR boundary
-89.375,350.375,7,3.5714,0.0,4.07,0.0,Shackleton,27.3,False,Background,
-86.625,114.125,4,3.25,0.0,10.02,0.0,Faustini,52.6,False,Background,
-86.125,114.875,3,3.3333,0.0,6.32,0.0,Faustini,63.4,False,Background,
-85.375,116.125,6,3.1667,0.0,5.6,0.0,Faustini,82.9,False,Background,
-87.125,109.875,4,3.5,0.0,3.16,0.0,Faustini,39.7,False,Background,
-86.875,108.625,3,3.0,0.0,8.96,0.0,Faustini,40.6,False,Background,
-89.375,41.875,3,4.6667,0.0,5.64,0.0,Shackleton,21.1,False,Background,
-85.625,303.875,3,4.6667,0.0,15.46,0.0,Cabeus,37.4,True,Background,confirmed within Cabeus PSR boundary
-86.375,305.375,4,3.0,0.0,11.77,0.0,Cabeus,50.8,False,Background,
-86.875,306.375,6,4.3333,0.0,14.51,0.0,de_Gerlache,60.2,False,Background,
-85.875,108.375,4,3.0,0.0,6.18,0.0,Faustini,60.2,False,Background,
-89.125,337.125,6,4.3333,0.0,6.57,0.0,Shackleton,35.7,False,Background,
-89.375,22.375,6,3.1667,0.0,10.83,0.0,Shackleton,23.9,False,Background,
-87.125,102.125,3,5.3333,0.0,16.65,0.0,Faustini,28.3,False,Background,
-87.125,305.875,3,5.0,0.0,7.0,0.0,de_Gerlache,53.2,False,Background,
-85.125,299.875,3,4.0,0.0,8.72,0.0,Cabeus,42.9,True,Background,confirmed within Cabeus PSR boundary
-85.375,300.375,3,3.3333,0.0,7.99,0.0,Cabeus,42.5,True,Background,confirmed within Cabeus PSR boundary
-87.625,307.375,4,3.5,0.0,6.18,0.0,de_Gerlache,42.5,False,Background,
-89.375,11.875,4,3.0,0.0,4.82,0.0,Shackleton,25.2,False,Background,
-89.375,26.625,3,3.3333,0.0,4.93,0.0,Shackleton,23.3,False,Background,
-89.125,60.125,3,3.3333,0.0,3.48,0.0,Shackleton,24.8,False,Background,
-86.375,298.625,4,4.0,0.0,4.49,0.0,Cabeus,59.6,False,Background,
-87.125,300.875,3,4.3333,0.0,11.77,0.0,de_Gerlache,49.3,False,Background,
-86.125,96.625,3,3.6667,0.0,8.31,0.0,Faustini,40.0,False,Background,
-88.625,73.375,7,3.4286,0.0,6.16,0.0,Shackleton,37.1,False,Background,
-85.375,96.875,3,3.0,0.0,11.58,0.0,Faustini,61.1,False,Background,
-85.375,293.875,3,3.0,0.0,9.65,0.0,Cabeus,58.3,False,Background,
-88.375,310.125,4,4.25,0.0,11.07,0.0,de_Gerlache,32.6,False,Background,
-88.125,305.125,3,5.6667,0.0,11.12,0.0,de_Gerlache,31.2,False,Background,
-86.875,296.125,4,3.25,0.0,11.54,0.0,de_Gerlache,52.8,False,Background,
-86.875,294.625,4,5.0,0.0,8.68,0.0,de_Gerlache,51.8,False,Background,
-88.375,307.125,3,4.3333,0.0,12.76,0.0,de_Gerlache,30.2,False,Background,
-88.375,307.625,4,3.25,0.0,12.29,0.0,de_Gerlache,30.6,False,Background,
-86.375,87.625,3,3.0,0.0,6.61,0.0,Faustini,26.1,False,Background,
-85.375,87.625,3,4.3333,0.0,5.41,0.0,Faustini,56.0,False,Background,
-85.375,86.125,3,4.6667,0.0,6.01,0.0,Faustini,55.6,False,Background,
-85.125,83.125,3,3.0,0.0,3.36,0.0,Faustini,62.9,False,Background,
-85.125,282.625,4,5.5,0.0,13.29,0.0,Cabeus,87.0,False,Background,
-85.125,281.625,5,3.6,0.0,13.47,0.0,Cabeus,89.5,False,Background,
-86.875,286.875,3,4.3333,0.0,4.92,0.0,de_Gerlache,47.6,False,Background,
-85.375,281.125,5,4.0,0.0,6.66,0.0,Cabeus,89.3,False,Background,
-88.375,299.625,4,3.25,0.0,14.73,0.0,de_Gerlache,23.9,False,Background,
-85.125,80.625,4,3.0,0.0,4.89,0.0,Faustini,63.1,False,Background,
-86.125,281.625,3,4.3333,0.0,9.57,0.0,de_Gerlache,68.1,False,Background,
-87.125,285.625,3,4.0,0.0,6.33,0.0,de_Gerlache,39.8,False,Background,
-89.125,17.625,4,3.25,0.0,6.15,0.0,Shackleton,31.7,False,Background,
-87.125,283.625,3,3.0,0.0,4.53,0.0,de_Gerlache,38.9,False,Background,
-88.875,310.375,5,3.8,0.0,8.12,0.0,de_Gerlache,31.9,False,Background,
-89.125,18.625,11,4.5455,0.0,6.45,0.0,Shackleton,31.5,False,Background,
-86.125,278.875,3,3.6667,0.0,7.36,0.0,de_Gerlache,67.5,False,Background,
-88.875,28.125,12,3.3333,0.0,13.78,0.0,Shackleton,37.4,False,Background,
-86.625,279.125,3,5.6667,0.0,3.75,0.0,de_Gerlache,52.5,False,Background,
-85.625,274.125,3,3.6667,0.0,7.87,0.0,de_Gerlache,82.1,False,Background,
-85.625,274.625,3,3.6667,0.0,4.53,0.0,de_Gerlache,82.1,False,Background,
-86.125,273.625,3,5.0,0.0,6.4,0.0,de_Gerlache,66.9,False,Background,
-87.875,56.125,3,3.3333,0.0,9.68,0.0,Faustini,40.3,False,Background,
-86.125,272.625,3,4.0,0.0,8.22,0.0,de_Gerlache,66.9,False,Background,
-85.875,271.375,3,4.3333,0.0,2.77,0.0,de_Gerlache,74.4,False,Background,
-86.125,271.625,3,4.0,0.0,8.24,0.0,de_Gerlache,66.9,False,Background,
-87.625,279.625,3,5.0,0.0,7.17,0.0,de_Gerlache,22.8,False,Background,
-85.875,270.125,3,3.0,0.0,2.7,0.0,de_Gerlache,74.5,False,Background,
-86.125,269.625,3,3.3333,0.0,8.35,0.0,de_Gerlache,66.9,False,Background,
-85.375,266.125,4,3.25,0.0,8.07,0.0,de_Gerlache,90.0,False,Background,
-85.625,266.625,4,3.25,0.0,5.26,0.0,de_Gerlache,82.4,False,Background,
-86.375,62.875,3,5.3333,0.0,12.8,0.0,Nobile,41.7,False,Background,
-88.875,22.875,4,3.25,0.0,9.22,0.0,Shackleton,38.2,False,Background,
-88.375,44.875,5,3.6,0.0,5.01,0.0,Shackleton,49.3,False,Background,
-87.375,57.375,3,5.6667,0.0,15.74,0.0,Faustini,37.2,False,Background,
-85.875,259.625,3,4.0,0.0,8.24,0.0,de_Gerlache,76.4,False,Background,
-87.625,265.625,3,3.6667,0.0,4.88,0.0,de_Gerlache,22.4,False,Background,
-85.625,60.125,4,3.0,0.0,12.92,0.0,Nobile,20.9,True,Background,confirmed within Nobile PSR boundary
-86.375,54.625,3,3.0,0.0,16.25,0.0,Nobile,36.3,True,Background,confirmed within Nobile PSR boundary
-86.625,253.875,3,3.3333,0.0,2.76,0.0,de_Gerlache,56.5,False,Background,
-86.625,250.875,4,3.0,0.0,3.06,0.0,de_Gerlache,58.1,False,Background,
-88.125,258.125,3,4.3333,0.0,15.98,0.0,de_Gerlache,14.4,True,Background,confirmed within de_Gerlache PSR boundary
-88.625,265.125,3,3.3333,0.0,7.84,0.0,de_Gerlache,10.5,True,Background,confirmed within de_Gerlache PSR boundary
-85.625,53.125,6,3.3333,0.0,9.73,0.0,Nobile,13.5,True,Background,confirmed within Nobile PSR boundary
-87.375,251.375,3,5.3333,0.0,14.43,0.0,de_Gerlache,36.8,False,Background,
-88.625,34.375,8,3.0,0.0,15.68,0.0,Shackleton,43.7,False,Background,
-85.625,244.125,5,4.0,0.0,18.66,0.0,de_Gerlache,91.0,False,Background,
-87.875,250.875,3,6.0,0.0,5.87,0.0,de_Gerlache,25.1,False,Background,
-88.125,252.625,3,4.3333,0.0,6.66,0.0,de_Gerlache,19.1,False,Background,
-87.125,245.625,3,4.3333,0.0,5.62,0.0,de_Gerlache,47.5,False,Background,
-87.375,43.375,3,3.6667,0.0,17.76,0.0,Faustini,56.3,False,Background,
-86.625,46.625,4,3.0,0.0,23.23,0.0,Nobile,46.2,False,Background,
-87.125,43.875,4,3.5,0.0,16.33,0.0,Faustini,58.0,False,Background,
-85.875,46.125,3,3.3333,0.0,14.35,0.0,Nobile,27.4,True,Background,confirmed within Nobile PSR boundary
-88.625,29.375,5,3.2,0.0,16.02,0.0,Shackleton,44.6,False,Background,
-88.375,33.875,12,3.0833,0.0,12.54,0.0,Haworth,49.0,False,Background,
-87.125,42.375,4,4.25,0.0,24.9,0.0,Faustini,60.1,False,Background,
-86.625,43.375,5,3.2,0.0,14.61,0.0,Nobile,48.9,False,Background,
-87.625,241.375,3,4.3333,0.0,7.48,0.0,de_Gerlache,38.4,False,Background,
-87.125,237.875,3,3.0,0.0,8.12,0.0,de_Gerlache,53.4,False,Background,
-88.625,28.375,5,3.0,0.0,18.3,0.0,Shackleton,44.7,False,Background,
-86.375,38.875,3,5.6667,0.0,11.27,0.0,Nobile,48.5,False,Background,
-88.375,234.375,5,3.2,0.0,5.04,0.0,de_Gerlache,32.3,False,Background,
-88.875,232.125,4,4.0,0.0,12.11,0.0,de_Gerlache,32.8,False,Background,
-89.625,12.625,5,3.2,0.0,7.65,0.0,Shackleton,18.2,False,Background,
-87.125,36.125,3,3.6667,0.0,7.48,0.0,Haworth,57.9,False,Background,
-88.875,224.625,3,3.3333,0.0,9.67,0.0,Shackleton,36.4,False,Background,
-85.625,35.125,5,3.0,0.0,18.7,0.0,Nobile,46.5,False,Background,
-85.125,215.375,5,3.0,0.0,4.63,0.0,de_Gerlache,127.2,False,Background,
-89.875,36.625,3,4.3333,0.0,16.71,0.0,Shackleton,10.9,False,Background,
-87.625,33.875,5,3.6,0.0,17.01,0.0,Haworth,49.3,False,Background,
-85.375,33.875,4,5.25,0.0,8.46,0.0,Nobile,49.2,False,Background,
-85.625,32.875,5,3.2,0.0,20.38,0.0,Nobile,51.7,False,Background,
-85.375,205.375,4,3.25,0.0,12.54,0.0,Sverdrup,114.3,False,Background,
-86.625,29.875,3,4.0,0.0,17.58,0.0,Haworth,58.5,False,Background,
-86.625,28.625,3,3.3333,0.0,12.6,0.0,Haworth,56.9,False,Background,
-86.625,28.125,3,3.3333,0.0,10.77,0.0,Haworth,56.2,False,Background,
-86.625,194.375,3,4.3333,0.0,5.59,0.0,Sverdrup,70.0,False,Background,
-85.875,194.125,3,3.0,0.0,8.01,0.0,Sverdrup,89.3,False,Background,
-85.625,191.125,3,3.3333,0.0,6.92,0.0,Sverdrup,93.3,False,Background,
-89.125,171.125,12,3.5,0.0,8.46,0.0,Shackleton,20.2,False,Background,
-86.375,188.125,3,3.3333,0.0,3.8,0.0,Sverdrup,70.2,False,Background,
-85.125,188.875,4,3.5,0.0,7.03,0.0,Sverdrup,105.3,False,Background,
-85.125,17.625,4,3.5,0.0,15.27,0.0,Haworth,82.2,False,Background,
-87.125,14.625,3,3.3333,0.0,11.81,0.0,Haworth,29.3,False,Background,
-85.125,184.125,4,3.75,0.0,3.65,0.0,Sverdrup,101.3,False,Background,
-87.125,10.625,3,3.6667,0.0,15.1,0.0,Haworth,24.1,True,Background,confirmed within Haworth PSR boundary
-85.375,1.625,5,4.4,0.0,13.47,0.0,Haworth,64.5,False,Background,
-86.625,174.875,4,3.25,0.0,2.7,0.0,Sverdrup,51.7,False,Background,
-89.375,1.625,5,3.2,0.0,9.99,0.0,Shackleton,26.3,False,Background,
-88.875,152.125,4,4.0,0.0,6.61,0.0,Shackleton,25.2,False,Background,
-88.875,149.625,7,3.2857,0.0,5.31,0.0,Shackleton,25.0,False,Background,
-86.875,344.375,4,3.75,0.0,13.4,0.0,Haworth,24.3,True,Background,confirmed within Haworth PSR boundary
-88.625,147.125,4,5.0,0.0,6.82,0.0,Sverdrup,19.5,False,Background,
-86.125,152.625,5,3.0,0.0,5.33,0.0,Sverdrup,56.9,False,Background,
-89.125,139.625,3,3.3333,0.0,13.1,0.0,Shackleton,16.8,False,Background,
-86.125,147.875,5,3.4,0.0,9.6,0.0,Sverdrup,57.3,False,Background,
-88.625,140.375,6,3.6667,0.0,10.25,0.0,Sverdrup,21.7,False,Background,
-87.125,145.875,4,3.25,0.0,4.16,0.0,Sverdrup,27.8,False,Background,
-85.625,333.375,3,4.3333,0.0,12.68,0.0,Cabeus,48.5,True,Background,confirmed within Cabeus PSR boundary
-88.375,140.875,4,4.5,0.0,5.28,0.0,Sverdrup,15.9,True,Background,confirmed within Sverdrup PSR boundary
-87.375,141.375,4,4.0,0.0,7.45,0.0,Sverdrup,23.2,False,Background,
-89.625,129.875,4,3.5,0.0,10.83,0.0,Shackleton,1.4,True,Background,confirmed within Shackleton PSR boundary
-85.875,140.625,4,3.75,0.0,9.13,0.0,Sverdrup,66.9,False,Background,
-86.125,140.625,5,3.4,0.0,4.76,0.0,Sverdrup,59.5,False,Background,
-86.375,323.375,5,4.0,0.0,15.91,0.0,Cabeus,47.8,True,Background,confirmed within Cabeus PSR boundary
-86.625,138.125,3,4.0,0.0,6.45,0.0,Sverdrup,46.1,False,Background,
-85.125,134.625,5,4.4,0.0,6.1,0.0,Sverdrup,92.0,False,Background,
-86.125,133.625,3,4.0,0.0,6.2,0.0,Sverdrup,63.2,False,Background,
-85.375,131.375,3,3.3333,0.0,3.44,0.0,Sverdrup,86.5,False,Background,
-85.875,131.875,3,3.6667,0.0,7.08,0.0,Sverdrup,71.6,False,Background,
-85.875,131.375,4,3.75,0.0,7.52,0.0,Sverdrup,71.9,False,Background,
-86.375,131.625,3,3.0,0.0,8.07,0.0,Sverdrup,57.5,False,Background,
-86.625,131.875,3,5.6667,0.0,8.62,0.0,Sverdrup,50.3,False,Background,
-88.125,138.375,3,3.0,0.0,8.34,0.0,Sverdrup,14.9,True,Background,confirmed within Sverdrup PSR boundary
-87.625,134.375,3,3.3333,0.0,10.08,0.0,Sverdrup,23.7,False,Background,
-88.875,150.125,8,3.5,0.0,5.1,0.0,Shackleton,25.0,False,Background,
-89.125,159.625,8,3.0,0.0,9.49,0.0,Shackleton,18.6,False,Background,
-87.375,130.875,3,5.0,0.0,4.74,0.0,Sverdrup,32.2,False,Background,
-88.375,269.625,3,3.0,0.0,10.18,0.0,de_Gerlache,2.5,True,Background,confirmed within de_Gerlache PSR boundary
-88.125,134.875,4,3.5,0.0,14.66,0.0,Sverdrup,18.4,False,Background,
-88.625,134.875,4,3.25,0.0,10.75,0.0,Sverdrup,24.4,False,Background,
-88.125,121.375,3,3.6667,0.0,8.47,0.0,Sverdrup,31.7,False,Background,
-88.125,122.125,3,3.3333,0.0,7.46,0.0,Sverdrup,31.0,False,Background,
-88.625,220.875,4,3.75,0.0,9.9,0.0,de_Gerlache,40.7,False,Background,
-87.375,235.875,4,3.5,0.0,10.82,0.0,de_Gerlache,48.9,False,Background,
-85.875,81.875,4,3.25,0.0,13.1,0.0,Faustini,40.3,False,Background,
-89.125,117.625,4,4.5,0.0,9.92,0.0,Shackleton,16.9,False,Background,
-89.125,196.875,13,3.0769,0.0,12.15,0.0,Shackleton,24.5,False,Background,
-86.125,239.375,4,3.5,0.0,12.92,0.0,de_Gerlache,79.7,False,Background,
-85.625,78.875,3,4.3333,0.0,7.92,0.0,Faustini,48.4,False,Background,
-87.625,86.125,3,4.0,0.0,14.1,0.0,Faustini,13.5,True,Background,confirmed within Faustini PSR boundary
-89.375,165.875,11,3.2727,0.0,12.48,0.0,Shackleton,12.4,False,Background,
-88.875,204.625,9,4.3333,0.0,12.9,0.0,Shackleton,33.0,False,Background,
-87.375,233.375,3,5.0,0.0,11.48,0.0,de_Gerlache,51.0,False,Background,
-87.375,233.625,6,3.1667,0.0,11.02,0.0,de_Gerlache,50.8,False,Background,
-86.375,79.125,4,3.75,0.0,9.28,0.0,Faustini,26.0,False,Background,
-88.875,104.125,4,3.5,0.0,4.41,0.0,Shackleton,25.4,False,Background,
-89.125,200.625,9,3.2222,0.0,12.76,0.0,Shackleton,25.2,False,Background,
-86.375,237.125,4,3.25,0.0,6.65,0.0,de_Gerlache,74.3,False,Background,
-86.125,237.875,5,3.0,0.0,9.87,0.0,de_Gerlache,80.7,False,Background,
-89.375,138.875,5,3.8,0.0,22.98,0.0,Shackleton,9.2,True,Background,confirmed within Shackleton PSR boundary
-85.875,237.625,4,4.0,0.0,11.49,0.0,de_Gerlache,88.1,False,Background,
-89.375,165.125,7,3.0,0.0,13.06,0.0,Shackleton,12.3,False,Background,
-85.125,237.625,5,3.0,0.0,21.17,0.0,de_Gerlache,109.8,False,Background,
-87.125,76.625,3,3.0,0.0,19.32,0.0,Faustini,10.2,True,Background,confirmed within Faustini PSR boundary
-87.375,77.875,4,3.25,0.0,11.94,0.0,Faustini,9.4,True,Background,confirmed within Faustini PSR boundary
-86.875,232.625,6,3.1667,0.0,6.17,0.0,de_Gerlache,64.2,False,Background,
-86.875,74.125,3,3.3333,0.0,12.46,0.0,Faustini,17.3,True,Background,confirmed within Faustini PSR boundary
-87.375,76.625,3,4.3333,0.0,15.71,0.0,Faustini,10.9,True,Background,confirmed within Faustini PSR boundary
-87.125,231.125,4,3.25,0.0,5.37,0.0,de_Gerlache,59.1,False,Background,
-89.375,126.125,3,3.0,0.0,23.57,0.0,Shackleton,9.0,True,Background,confirmed within Shackleton PSR boundary
-86.625,71.125,5,3.4,0.0,5.24,0.0,Faustini,26.3,False,Background,
-87.625,74.375,3,5.0,0.0,12.49,0.0,Faustini,17.7,True,Background,confirmed within Faustini PSR boundary
-88.125,79.375,4,4.0,0.0,8.91,0.0,Faustini,28.4,False,Background,
-88.375,219.125,3,5.3333,0.0,2.65,0.0,de_Gerlache,44.5,False,Background,
-86.375,232.125,4,3.75,0.0,6.76,0.0,de_Gerlache,78.1,False,Background,
-88.375,79.625,5,3.4,0.0,17.69,0.0,Faustini,35.9,False,Background,
-85.625,66.125,3,3.0,0.0,13.62,0.0,Nobile,33.4,True,Background,confirmed within Nobile PSR boundary
-86.375,68.125,4,11.0,0.0,11.11,0.0,Faustini,35.7,False,Background,
-87.375,71.625,4,3.5,0.0,10.93,0.0,Faustini,17.5,True,Background,confirmed within Faustini PSR boundary
-88.125,220.625,3,3.3333,0.0,13.26,0.0,de_Gerlache,46.9,False,Background,
-86.875,227.875,4,4.5,0.0,7.32,0.0,de_Gerlache,68.2,False,Background,
-86.125,65.125,5,3.2,0.0,11.93,0.0,Nobile,39.0,False,Background,
-88.125,72.875,3,3.3333,0.0,11.91,0.0,Faustini,30.7,False,Background,
-88.375,75.625,4,3.5,0.0,20.1,0.0,Faustini,36.7,False,Background,
-86.375,64.125,4,3.5,0.0,12.15,0.0,Faustini,40.7,False,Background,
-85.625,229.375,4,3.0,0.0,8.16,0.0,de_Gerlache,101.4,False,Background,
-86.625,64.375,4,3.5,0.0,8.84,0.0,Faustini,35.2,False,Background,
-87.625,67.125,4,3.0,0.0,13.32,0.0,Faustini,25.4,False,Background,
-87.625,222.375,3,4.0,0.0,4.59,0.0,de_Gerlache,55.0,False,Background,
-87.875,68.125,3,3.0,0.0,12.76,0.0,Faustini,28.2,False,Background,
-89.375,132.375,9,4.1111,0.0,24.03,0.0,Shackleton,9.0,True,Background,confirmed within Shackleton PSR boundary
-86.625,225.375,8,3.875,0.0,6.53,0.0,de_Gerlache,76.9,False,Background,
-88.625,210.625,9,3.2222,0.0,7.79,0.0,Shackleton,41.4,False,Background,
-86.875,223.625,3,4.0,0.0,6.03,0.0,de_Gerlache,71.9,False,Background,
-86.125,225.375,4,3.5,0.0,3.32,0.0,de_Gerlache,90.5,False,Background,
-85.875,58.875,3,3.3333,0.0,9.57,0.0,Nobile,24.6,True,Background,confirmed within Nobile PSR boundary
-85.875,59.125,5,3.2,0.0,8.73,0.0,Nobile,24.9,True,Background,confirmed within Nobile PSR boundary
-89.375,156.625,7,4.0,0.0,14.84,0.0,Shackleton,11.0,False,Background,
-87.375,220.875,3,5.6667,0.0,4.79,0.0,de_Gerlache,62.0,False,Background,
-87.375,221.375,3,3.0,0.0,3.85,0.0,de_Gerlache,61.5,False,Background,
-87.125,61.125,4,3.25,0.0,6.64,0.0,Faustini,33.1,False,Background,
-87.625,63.375,5,3.6,0.0,14.99,0.0,Faustini,29.9,False,Background,
-88.125,66.375,4,3.25,0.0,14.77,0.0,Faustini,34.7,False,Background,
-85.375,56.125,8,3.125,0.0,5.77,0.0,Nobile,8.8,True,Background,confirmed within Nobile PSR boundary
-85.875,56.875,6,3.6667,0.0,11.35,0.0,Nobile,22.5,True,Background,confirmed within Nobile PSR boundary
-88.125,64.375,4,3.25,0.0,13.41,0.0,Faustini,36.1,False,Background,
-89.375,186.125,5,3.6,0.0,8.05,0.0,Shackleton,15.8,False,Background,
-87.625,218.375,3,3.3333,0.0,8.37,0.0,de_Gerlache,58.5,False,Background,
-85.625,223.875,3,4.3333,0.0,5.08,0.0,de_Gerlache,105.8,False,Background,
-85.375,223.875,4,3.5,0.0,5.03,0.0,de_Gerlache,112.9,False,Background,
-88.125,64.125,5,4.6,0.0,13.82,0.0,Faustini,36.3,False,Background,
-88.375,67.125,3,5.3333,0.0,15.74,0.0,Faustini,40.0,False,Background,
-86.125,222.125,3,3.3333,0.0,7.97,0.0,de_Gerlache,93.3,False,Background,
-85.875,222.625,3,3.3333,0.0,3.19,0.0,de_Gerlache,99.8,False,Background,
-89.375,103.375,3,3.6667,0.0,20.06,0.0,Shackleton,10.9,False,Background,
-85.625,52.875,7,3.4286,0.0,10.91,0.0,Nobile,13.6,True,Background,confirmed within Nobile PSR boundary
-89.625,133.125,3,4.0,0.0,12.86,0.0,Shackleton,1.5,True,Background,confirmed within Shackleton PSR boundary
-89.375,178.375,4,3.0,0.0,8.78,0.0,Shackleton,14.5,False,Background,
-85.125,221.625,5,3.2,0.0,4.59,0.0,de_Gerlache,121.9,False,Background,
-88.375,60.625,3,3.3333,0.0,14.67,0.0,Faustini,43.7,False,Background,
-88.875,69.625,3,4.0,0.0,6.71,0.0,Shackleton,30.3,False,Background,
-88.125,212.625,13,3.3846,0.0,5.01,0.0,de_Gerlache,53.5,False,Background,
-85.125,49.375,5,3.6,0.0,11.48,0.0,Nobile,10.8,True,Background,confirmed within Nobile PSR boundary
-87.125,52.375,4,3.75,0.0,9.41,0.0,Faustini,45.8,False,Background,
-88.625,59.875,3,3.6667,0.0,18.27,0.0,Shackleton,39.3,False,Background,
-88.625,57.875,3,3.0,0.0,17.39,0.0,Shackleton,39.7,False,Background,
-89.625,172.875,4,3.0,0.0,27.31,0.0,Shackleton,8.0,True,Background,confirmed within Shackleton PSR boundary
-89.375,198.875,3,3.3333,0.0,11.2,0.0,Shackleton,18.1,False,Background,
-85.125,45.125,8,3.125,0.0,12.23,0.0,Nobile,21.6,True,Background,confirmed within Nobile PSR boundary
-85.375,45.125,8,3.375,0.0,16.69,0.0,Nobile,21.8,True,Background,confirmed within Nobile PSR boundary
-87.625,48.375,5,4.6,0.0,12.76,0.0,Faustini,48.6,False,Background,
-89.125,206.125,3,3.0,0.0,12.72,0.0,Shackleton,26.1,False,Background,
-87.125,43.625,4,4.0,0.0,19.86,0.0,Faustini,58.3,False,Background,
-86.375,41.375,5,3.0,0.0,13.41,0.0,Nobile,45.1,False,Background,
-88.625,44.625,4,5.5,0.0,12.83,0.0,Shackleton,42.0,False,Background,
-89.125,48.375,3,4.3333,0.0,4.87,0.0,Shackleton,26.9,False,Background,
-88.375,213.875,15,3.3333,0.0,4.23,0.0,de_Gerlache,48.6,False,Background,
-87.375,215.375,11,3.2727,0.0,4.3,0.0,de_Gerlache,66.8,False,Background,
-86.125,216.125,5,3.2,0.0,11.09,0.0,de_Gerlache,98.5,False,Background,
-88.625,40.125,6,3.5,0.0,14.26,0.0,Shackleton,42.8,False,Background,
-88.875,38.375,8,3.0,0.0,16.02,0.0,Shackleton,35.7,False,Background,
-89.375,213.625,7,4.1429,0.0,7.39,0.0,Shackleton,20.5,False,Background,
-88.875,32.625,8,3.5,0.0,13.22,0.0,Shackleton,36.7,False,Background,
-87.375,214.125,6,3.0,0.0,4.14,0.0,de_Gerlache,67.9,False,Background,
-86.875,214.125,5,3.0,0.0,10.39,0.0,de_Gerlache,80.3,False,Background,
-87.125,31.625,7,3.4286,0.0,7.69,0.0,Haworth,52.0,False,Background,
-85.125,213.375,5,3.4,0.0,6.39,0.0,de_Gerlache,128.9,False,Background,
-88.375,28.375,5,3.4,0.0,16.54,0.0,Haworth,44.4,False,Background,
-87.125,213.375,4,3.5,0.0,6.83,0.0,de_Gerlache,74.6,False,Background,
-88.125,26.625,3,3.3333,0.0,16.01,0.0,Haworth,40.8,False,Background,
-89.375,19.875,6,4.0,0.0,11.23,0.0,Shackleton,24.2,False,Background,
-89.625,13.375,6,3.1667,0.0,7.17,0.0,Shackleton,18.2,False,Background,
-87.125,26.375,4,3.25,0.0,6.91,0.0,Haworth,45.0,False,Background,
-89.375,15.375,4,3.0,0.0,10.3,0.0,Shackleton,24.8,False,Background,
-87.375,213.125,3,4.6667,0.0,4.27,0.0,de_Gerlache,68.8,False,Background,
-85.875,25.875,5,3.6,0.0,20.17,0.0,Nobile,67.9,False,Background,
-88.875,219.125,7,3.2857,0.0,11.25,0.0,Shackleton,35.5,False,Background,
-86.125,211.375,3,4.0,0.0,3.03,0.0,Sverdrup,100.6,False,Background,
-86.125,22.875,5,3.2,0.0,13.46,0.0,Haworth,60.9,False,Background,
-89.625,335.625,5,4.2,0.0,4.69,0.0,Shackleton,20.8,False,Background,
-89.375,1.375,9,3.4444,0.0,10.36,0.0,Shackleton,26.3,False,Background,
-89.375,229.875,3,3.0,0.0,16.47,0.0,Shackleton,23.0,False,Background,
-85.375,208.875,4,3.25,0.0,8.74,0.0,Sverdrup,118.0,False,Background,
-89.125,6.125,4,3.25,0.0,7.94,0.0,Shackleton,33.1,False,Background,
-89.125,3.875,9,3.5556,0.0,10.09,0.0,Shackleton,33.4,False,Background,
-87.125,210.375,6,3.1667,0.0,4.53,0.0,Sverdrup,75.2,False,Background,
-88.625,8.875,3,4.0,0.0,9.42,0.0,Haworth,37.5,False,Background,
-88.875,221.625,4,4.0,0.0,12.12,0.0,Shackleton,35.9,False,Background,
-86.375,208.375,3,4.3333,0.0,12.07,0.0,Sverdrup,91.0,False,Background,
-85.875,207.875,8,3.875,0.0,4.04,0.0,Sverdrup,103.4,False,Background,
-85.125,206.375,5,3.8,0.0,14.64,0.0,Sverdrup,122.3,False,Background,
-85.375,15.625,4,3.25,0.0,8.2,0.0,Haworth,73.3,False,Background,
-89.375,337.125,3,4.3333,0.0,4.25,0.0,Shackleton,28.2,False,Background,
-89.375,340.125,5,3.6,0.0,6.75,0.0,Shackleton,28.0,False,Background,
-87.125,207.125,4,3.25,0.0,7.82,0.0,Sverdrup,71.8,False,Background,
-85.375,203.875,4,3.5,0.0,4.8,0.0,Sverdrup,112.8,False,Background,
-85.375,13.375,3,3.3333,0.0,8.87,0.0,Haworth,71.4,False,Background,
-89.125,347.125,11,3.0,0.0,12.02,0.0,Shackleton,35.0,False,Background,
-85.875,203.625,7,3.7143,0.0,8.62,0.0,Sverdrup,99.0,False,Background,
-85.125,12.375,9,3.7778,0.0,4.88,0.0,Haworth,77.8,False,Background,
-88.625,358.875,3,3.3333,0.0,10.03,0.0,Haworth,35.2,False,Background,
-89.125,350.125,6,3.5,0.0,15.49,0.0,Shackleton,34.7,False,Background,
-89.375,329.875,3,4.0,0.0,4.79,0.0,Shackleton,28.5,False,Background,
-89.625,295.375,6,3.1667,0.0,6.45,0.0,Shackleton,21.2,False,Background,
-86.375,203.625,3,3.6667,0.0,7.42,0.0,Sverdrup,86.0,False,Background,
-85.875,202.875,3,3.0,0.0,10.3,0.0,Sverdrup,98.2,False,Background,
-88.125,2.875,3,3.3333,0.0,19.1,0.0,Haworth,21.7,True,Background,confirmed within Haworth PSR boundary
-85.375,9.125,4,4.0,0.0,11.35,0.0,Haworth,68.2,False,Background,
-87.125,5.125,5,4.2,0.0,13.74,0.0,Haworth,17.4,True,Background,confirmed within Haworth PSR boundary
-88.625,355.625,8,3.375,0.0,8.02,0.0,Haworth,35.0,False,Background,
-85.375,7.375,4,3.25,0.0,12.57,0.0,Haworth,67.1,False,Background,
-89.625,260.875,3,3.6667,0.0,20.33,0.0,Shackleton,19.5,False,Background,
-87.125,199.125,4,3.75,0.0,5.24,0.0,Sverdrup,63.4,False,Background,
-88.375,357.875,6,4.3333,0.0,10.2,0.0,Haworth,27.6,False,Background,
-87.125,197.625,3,3.0,0.0,11.77,0.0,Sverdrup,61.8,False,Background,
-89.125,345.625,6,3.6667,0.0,10.03,0.0,Shackleton,35.1,False,Background,
-86.125,194.875,3,4.0,0.0,4.45,0.0,Sverdrup,83.4,False,Background,
-87.625,196.625,3,3.0,0.0,13.32,0.0,Sverdrup,50.9,False,Background,
-86.625,194.125,5,3.0,0.0,5.7,0.0,Sverdrup,69.8,False,Background,
-87.625,0.875,5,3.4,0.0,5.66,0.0,Haworth,8.6,True,Background,confirmed within Haworth PSR boundary
-86.125,190.625,5,3.2,0.0,4.77,0.0,Sverdrup,79.2,False,Background,
-89.625,312.625,3,4.0,0.0,8.32,0.0,Shackleton,21.4,False,Background,
-87.625,191.625,3,4.6667,0.0,7.78,0.0,Sverdrup,45.7,False,Background,
-86.125,1.375,4,3.25,0.0,17.15,0.0,Haworth,42.0,False,Background,
-85.625,186.375,5,3.0,0.0,16.69,0.0,Sverdrup,89.0,False,Background,
-85.875,359.875,5,3.0,0.0,19.17,0.0,Haworth,49.0,False,Background,
-87.875,357.125,3,4.6667,0.0,7.64,0.0,Haworth,12.5,True,Background,confirmed within Haworth PSR boundary
-87.125,357.125,3,4.3333,0.0,10.26,0.0,Haworth,10.8,True,Background,confirmed within Haworth PSR boundary
-88.125,354.875,4,4.75,0.0,11.45,0.0,Haworth,19.9,True,Background,confirmed within Haworth PSR boundary
-88.875,188.625,3,4.0,0.0,6.43,0.0,Shackleton,30.2,False,Background,
-87.375,184.375,6,3.5,0.0,7.59,0.0,Sverdrup,42.6,False,Background,
-88.125,184.625,3,3.3333,0.0,7.34,0.0,Sverdrup,32.7,False,Background,
-85.375,181.625,7,3.2857,0.0,8.64,0.0,Sverdrup,92.1,False,Background,
-86.875,355.625,4,3.25,0.0,14.8,0.0,Haworth,18.0,True,Background,confirmed within Haworth PSR boundary
-87.625,354.875,4,3.5,0.0,4.38,0.0,Haworth,4.7,True,Background,confirmed within Haworth PSR boundary
-88.375,352.875,3,3.0,0.0,4.61,0.0,Haworth,27.6,False,Background,
-86.875,181.375,5,3.4,0.0,3.92,0.0,Sverdrup,50.9,False,Background,
-89.125,345.125,7,3.7143,0.0,9.57,0.0,Shackleton,35.2,False,Background,
-85.125,353.375,4,3.5,0.0,9.41,0.0,Haworth,71.2,False,Background,
-89.375,339.125,6,3.0,0.0,5.94,0.0,Shackleton,28.1,False,Background,
-87.375,350.375,5,3.2,0.0,7.04,0.0,Haworth,7.3,True,Background,confirmed within Haworth PSR boundary
-87.375,177.625,6,3.1667,0.0,6.28,0.0,Sverdrup,35.7,False,Background,
-87.625,348.625,4,5.25,0.0,8.54,0.0,Haworth,9.9,True,Background,confirmed within Haworth PSR boundary
-89.375,192.125,4,4.0,0.0,11.49,0.0,Shackleton,16.9,False,Background,
-85.375,174.375,9,3.1111,0.0,5.24,0.0,Sverdrup,86.9,False,Background,
-85.625,348.375,6,3.5,0.0,14.73,0.0,Haworth,57.3,False,Background,
-87.375,346.625,3,3.6667,0.0,19.48,0.0,Haworth,12.2,True,Background,confirmed within Haworth PSR boundary
-85.625,173.375,7,3.1429,0.0,6.16,0.0,Sverdrup,79.0,False,Background,
-88.875,336.625,3,3.6667,0.0,17.49,0.0,Shackleton,43.3,False,Background,
-89.625,308.375,3,3.6667,0.0,8.18,0.0,Shackleton,21.4,False,Background,
-88.875,179.125,3,3.0,0.0,4.46,0.0,Shackleton,28.7,False,Background,
-86.125,171.875,5,3.2,0.0,3.09,0.0,Sverdrup,63.6,False,Background,
-87.375,172.375,3,3.0,0.0,13.25,0.0,Sverdrup,30.6,False,Background,
-87.125,172.375,5,3.2,0.0,9.06,0.0,Sverdrup,36.5,False,Background,
-86.125,343.375,5,3.0,0.0,7.07,0.0,Haworth,45.3,False,Background,
-87.375,341.375,5,4.0,0.0,17.71,0.0,Haworth,19.2,True,Background,confirmed within Haworth PSR boundary
-87.875,340.375,3,3.3333,0.0,15.88,0.0,Haworth,22.0,True,Background,confirmed within Haworth PSR boundary
-88.875,331.875,3,3.3333,0.0,11.57,0.0,Shackleton,43.5,False,Background,
-87.875,172.625,5,3.0,0.0,4.41,0.0,Sverdrup,22.2,False,Background,
-87.625,171.875,5,3.4,0.0,15.73,0.0,Sverdrup,25.0,False,Background,
-86.625,169.875,4,3.25,0.0,2.59,0.0,Sverdrup,48.0,False,Background,
-89.625,290.125,3,3.6667,0.0,15.73,0.0,Shackleton,21.1,False,Background,
-87.875,171.625,4,3.25,0.0,7.2,0.0,Sverdrup,21.1,False,Background,
-85.875,339.625,3,4.6667,0.0,17.19,0.0,Haworth,55.3,False,Background,
-86.625,338.875,4,4.0,0.0,9.72,0.0,Haworth,36.0,False,Background,
-88.875,176.625,6,4.0,0.0,10.2,0.0,Shackleton,28.3,False,Background,
-87.375,336.375,4,4.75,0.0,11.14,0.0,Haworth,25.9,False,Background,
-89.625,297.875,3,4.0,0.0,10.49,0.0,Shackleton,21.3,False,Background,
-86.625,167.375,4,4.25,0.0,4.97,0.0,Sverdrup,46.4,False,Background,
-85.125,338.125,3,3.0,0.0,10.7,0.0,Cabeus,58.4,False,Background,
-87.625,334.625,3,3.3333,0.0,20.06,0.0,Haworth,27.1,False,Background,
-88.875,324.625,14,3.7857,0.0,12.48,0.0,de_Gerlache,40.4,False,Background,
-87.625,333.125,3,3.3333,0.0,17.58,0.0,Haworth,29.0,False,Background,
-85.125,163.875,4,3.75,0.0,15.42,0.0,Sverdrup,89.2,False,Background,
-87.875,330.125,3,3.0,0.0,13.25,0.0,Haworth,33.0,False,Background,
-88.875,174.125,8,3.25,0.0,8.35,0.0,Shackleton,27.9,False,Background,
-88.375,169.375,3,3.3333,0.0,5.13,0.0,Sverdrup,19.7,False,Background,
-87.625,165.875,5,4.2,0.0,7.64,0.0,Sverdrup,19.1,False,Background,
-85.125,333.625,3,3.3333,0.0,8.68,0.0,Cabeus,46.8,True,Background,confirmed within Cabeus PSR boundary
-87.875,328.875,4,5.5,0.0,17.61,0.0,Haworth,34.4,False,Background,
-87.125,163.625,3,3.0,0.0,9.61,0.0,Sverdrup,30.0,False,Background,
-86.375,162.625,5,3.6,0.0,8.49,0.0,Sverdrup,51.3,False,Background,
-88.125,326.375,3,3.3333,0.0,9.05,0.0,Haworth,38.5,False,Background,
-89.125,179.125,7,3.5714,0.0,7.54,0.0,Shackleton,21.5,False,Background,
-86.875,162.125,4,4.0,0.0,7.11,0.0,Sverdrup,36.4,False,Background,
-87.625,163.375,3,4.0,0.0,4.32,0.0,Sverdrup,16.9,False,Background,
-86.125,329.125,3,3.0,0.0,12.83,0.0,Cabeus,48.2,True,Background,confirmed within Cabeus PSR boundary
-86.625,328.375,3,4.6667,0.0,14.51,0.0,Haworth,48.6,False,Background,
-86.125,159.375,6,3.3333,0.0,7.18,0.0,Sverdrup,57.8,False,Background,
-87.875,162.875,3,3.3333,0.0,4.92,0.0,Sverdrup,11.9,True,Background,confirmed within Sverdrup PSR boundary
-86.625,156.375,3,3.3333,0.0,7.89,0.0,Sverdrup,42.0,False,Background,
-85.125,154.875,5,4.0,0.0,13.16,0.0,Sverdrup,87.3,False,Background,
-89.375,173.125,5,4.6,0.0,10.58,0.0,Shackleton,13.6,False,Background,
-85.375,151.625,4,4.25,0.0,11.77,0.0,Sverdrup,79.6,False,Background,
-88.375,316.875,13,3.2308,0.0,7.75,0.0,de_Gerlache,38.1,False,Background,
-87.625,153.875,3,3.3333,0.0,7.85,0.0,Sverdrup,11.5,True,Background,confirmed within Sverdrup PSR boundary
-86.125,151.125,3,3.3333,0.0,3.37,0.0,Sverdrup,56.9,False,Background,
-88.875,159.375,4,3.0,0.0,15.25,0.0,Shackleton,25.9,False,Background,
-86.375,321.375,4,4.0,0.0,10.94,0.0,Cabeus,46.4,True,Background,confirmed within Cabeus PSR boundary
-88.375,316.375,13,4.0,0.0,7.76,0.0,de_Gerlache,37.7,False,Background,
-89.625,174.125,4,4.0,0.0,26.44,0.0,Shackleton,8.2,True,Background,confirmed within Shackleton PSR boundary
-89.125,160.125,6,3.1667,0.0,9.69,0.0,Shackleton,18.6,False,Background,
-89.125,158.375,3,3.3333,0.0,7.71,0.0,Shackleton,18.4,False,Background,
-88.375,151.375,4,3.5,0.0,10.65,0.0,Sverdrup,11.4,True,Background,confirmed within Sverdrup PSR boundary
-85.875,145.625,5,3.6,0.0,11.59,0.0,Sverdrup,65.3,False,Background,
-89.125,152.625,4,3.75,0.0,7.05,0.0,Shackleton,17.8,False,Background,
-87.875,145.625,4,3.25,0.0,10.08,0.0,Sverdrup,8.4,True,Background,confirmed within Sverdrup PSR boundary
-88.125,315.125,8,3.0,0.0,5.57,0.0,de_Gerlache,39.9,False,Background,
-88.625,146.875,3,3.0,0.0,6.61,0.0,Sverdrup,19.6,False,Background,
-88.625,146.625,3,3.3333,0.0,6.64,0.0,Sverdrup,19.6,False,Background,
-85.625,140.625,3,5.6667,0.0,6.75,0.0,Sverdrup,74.4,False,Background,
-85.625,316.375,5,3.0,0.0,6.41,0.0,Cabeus,22.0,True,Background,confirmed within Cabeus PSR boundary
-86.375,316.125,4,4.0,0.0,4.77,0.0,Cabeus,44.7,True,Background,confirmed within Cabeus PSR boundary
-87.625,315.125,6,3.6667,0.0,27.91,0.0,de_Gerlache,49.3,False,Background,
-85.375,138.125,10,3.4,0.0,2.88,0.0,Sverdrup,82.9,False,Background,
-88.625,138.875,7,3.5714,0.0,12.57,0.0,Sverdrup,22.4,False,Background,
-87.625,137.625,10,3.0,0.0,8.82,0.0,Sverdrup,20.5,False,Background,
-85.625,136.875,5,3.2,0.0,6.05,0.0,Sverdrup,76.0,False,Background,
-86.375,314.125,5,3.2,0.0,6.9,0.0,Cabeus,44.9,True,Background,confirmed within Cabeus PSR boundary
-87.625,313.875,5,3.0,0.0,25.56,0.0,de_Gerlache,48.2,False,Background,
-86.875,313.375,6,3.0,0.0,11.72,0.0,Cabeus,60.1,False,Background,
-85.875,312.875,3,4.0,0.0,3.06,0.0,Cabeus,30.5,True,Background,confirmed within Cabeus PSR boundary
-87.375,130.125,6,3.5,0.0,8.16,0.0,Sverdrup,33.0,False,Background,
-85.625,130.875,5,5.2,0.0,5.2,0.0,Sverdrup,79.5,False,Background,
-86.875,312.625,4,4.75,0.0,8.74,0.0,Cabeus,60.3,False,Background,
-87.375,128.375,6,3.1667,0.0,6.96,0.0,Sverdrup,34.7,False,Background,
-87.125,312.625,4,4.75,0.0,11.73,0.0,de_Gerlache,58.8,False,Background,
-86.625,311.375,3,6.3333,0.0,11.35,0.0,Cabeus,53.3,False,Background,
-87.875,119.625,3,3.3333,0.0,13.1,0.0,Sverdrup,35.6,False,Background,
-85.875,122.875,6,3.5,0.0,4.05,0.0,Sverdrup,78.3,False,Background,
-86.875,120.125,3,4.0,0.0,5.12,0.0,Sverdrup,54.3,False,Background,
-87.375,117.375,4,3.25,0.0,10.55,0.0,Sverdrup,46.0,False,Background,
-86.375,119.125,3,4.3333,0.0,4.17,0.0,Faustini,64.5,False,Background,
-86.375,119.375,4,3.0,0.0,3.89,0.0,Faustini,64.9,False,Background,
-87.125,114.625,4,5.0,0.0,12.55,0.0,Faustini,46.6,False,Background,
-85.875,307.375,6,3.0,0.0,18.17,0.0,Cabeus,36.2,True,Background,confirmed within Cabeus PSR boundary
-87.125,112.625,3,4.6667,0.0,12.41,0.0,Faustini,43.7,False,Background,
-86.625,113.875,4,3.0,0.0,10.84,0.0,Faustini,52.2,False,Background,
-85.375,306.125,7,3.0,0.0,10.06,0.0,Cabeus,29.1,True,Background,confirmed within Cabeus PSR boundary
-86.625,308.375,6,3.5,0.0,6.58,0.0,Cabeus,54.9,False,Background,
-87.125,309.625,5,3.0,0.0,9.87,0.0,de_Gerlache,56.3,False,Background,
-89.375,346.875,6,3.8333,0.0,5.29,0.0,Shackleton,27.6,False,Background,
-89.375,4.125,6,3.6667,0.0,14.68,0.0,Shackleton,26.1,False,Background,
-87.625,109.375,3,4.3333,0.0,5.81,0.0,Faustini,37.6,False,Background,
-85.375,114.875,3,3.3333,0.0,4.34,0.0,Faustini,81.2,False,Background,
-85.125,115.125,3,3.3333,0.0,3.07,0.0,Faustini,88.0,False,Background,
-86.875,110.375,3,3.0,0.0,9.46,0.0,Faustini,43.2,False,Background,
-85.375,304.625,5,3.2,0.0,14.16,0.0,Cabeus,32.5,True,Background,confirmed within Cabeus PSR boundary
-89.375,64.125,3,4.6667,0.0,7.31,0.0,Shackleton,17.4,False,Background,
-89.375,60.375,3,3.3333,0.0,7.02,0.0,Shackleton,18.0,False,Background,
-87.375,105.625,3,5.0,0.0,10.18,0.0,Faustini,32.3,False,Background,
-85.125,109.625,5,3.6,0.0,5.81,0.0,Faustini,81.0,False,Background,
-87.625,309.125,6,3.1667,0.0,27.74,0.0,de_Gerlache,44.0,False,Background,
-87.375,307.125,3,3.0,0.0,8.04,0.0,de_Gerlache,48.0,False,Background,
-89.375,54.125,4,3.75,0.0,5.86,0.0,Shackleton,19.1,False,Background,
-85.875,104.625,4,3.25,0.0,6.82,0.0,Faustini,55.4,False,Background,
-85.375,104.125,3,3.6667,0.0,6.95,0.0,Faustini,68.0,False,Background,
-86.625,98.875,3,3.6667,0.0,7.64,0.0,Faustini,30.8,False,Background,
-86.125,299.125,4,3.75,0.0,8.58,0.0,Cabeus,54.2,False,Background,
-86.375,97.625,3,3.0,0.0,6.56,0.0,Faustini,34.8,False,Background,
-87.125,302.125,3,3.3333,0.0,7.36,0.0,de_Gerlache,50.3,False,Background,
-89.125,54.875,3,5.3333,0.0,2.61,0.0,Shackleton,25.8,False,Background,
-85.875,98.375,3,4.3333,0.0,15.48,0.0,Faustini,48.5,False,Background,
-87.125,92.125,3,3.3333,0.0,17.86,0.0,Faustini,13.5,True,Background,confirmed within Faustini PSR boundary
-86.875,299.375,4,4.5,0.0,7.09,0.0,de_Gerlache,55.0,False,Background,
-88.125,306.875,3,3.0,0.0,11.78,0.0,de_Gerlache,32.7,False,Background,
-86.875,297.875,3,5.3333,0.0,11.77,0.0,de_Gerlache,53.9,False,Background,
-87.125,298.875,3,3.3333,0.0,10.12,0.0,de_Gerlache,47.8,False,Background,
-85.125,292.375,3,4.3333,0.0,3.73,0.0,Cabeus,62.2,False,Background,
-87.625,301.375,3,4.3333,0.0,4.09,0.0,de_Gerlache,37.3,False,Background,
-89.125,333.125,3,3.3333,0.0,5.8,0.0,Shackleton,35.9,False,Background,
-89.375,19.125,3,4.0,0.0,10.72,0.0,Shackleton,24.3,False,Background,
-87.875,81.125,3,4.3333,0.0,9.79,0.0,Faustini,20.7,True,Background,confirmed within Faustini PSR boundary
-88.125,302.625,6,3.6667,0.0,13.61,0.0,de_Gerlache,29.0,False,Background,
-86.125,88.375,3,4.6667,0.0,14.95,0.0,Faustini,33.8,False,Background,
-86.375,291.125,4,3.0,0.0,8.06,0.0,de_Gerlache,64.2,False,Background,
-89.125,40.125,4,5.25,0.0,4.56,0.0,Shackleton,28.3,False,Background,
-89.125,23.625,4,4.0,0.0,10.17,0.0,Shackleton,30.8,False,Background,
-85.625,284.625,3,4.0,0.0,10.68,0.0,Cabeus,80.4,False,Background,
-86.625,77.875,3,3.3333,0.0,8.9,0.0,Faustini,19.5,True,Background,confirmed within Faustini PSR boundary
-85.875,283.625,4,3.0,0.0,6.02,0.0,de_Gerlache,76.2,False,Background,
-86.625,284.375,3,3.0,0.0,6.88,0.0,de_Gerlache,54.0,False,Background,
-88.125,296.375,3,3.3333,0.0,9.1,0.0,de_Gerlache,23.5,False,Background,
-88.625,307.125,3,4.0,0.0,11.02,0.0,de_Gerlache,29.1,False,Background,
-87.875,289.125,3,4.0,0.0,8.44,0.0,de_Gerlache,21.9,False,Background,
-86.375,278.375,3,3.6667,0.0,3.24,0.0,de_Gerlache,59.9,False,Background,
-86.625,279.375,3,3.6667,0.0,6.09,0.0,de_Gerlache,52.5,False,Background,
-87.125,282.125,3,4.3333,0.0,4.44,0.0,de_Gerlache,38.4,False,Background,
-88.375,293.625,3,3.0,0.0,15.66,0.0,de_Gerlache,18.8,False,Background,
-88.375,292.375,3,3.3333,0.0,14.73,0.0,de_Gerlache,17.7,False,Background,
-85.375,272.125,3,3.3333,0.0,2.57,0.0,de_Gerlache,89.6,False,Background,
-87.625,281.625,4,3.5,0.0,12.96,0.0,de_Gerlache,23.7,False,Background,
-86.375,273.125,4,3.0,0.0,5.31,0.0,de_Gerlache,59.3,False,Background,
-86.625,273.375,3,3.3333,0.0,6.27,0.0,de_Gerlache,51.7,False,Background,
-85.875,268.625,3,5.0,0.0,8.44,0.0,de_Gerlache,74.6,False,Background,
-86.375,269.875,3,4.0,0.0,6.13,0.0,de_Gerlache,59.3,False,Background,
-86.625,268.875,4,3.5,0.0,4.75,0.0,de_Gerlache,51.9,False,Background,
-85.875,264.625,4,3.25,0.0,7.9,0.0,de_Gerlache,75.1,False,Background,
-87.625,268.625,4,4.0,0.0,7.32,0.0,de_Gerlache,21.7,False,Background,
-88.875,27.625,7,3.4286,0.0,13.66,0.0,Shackleton,37.5,False,Background,
-88.125,272.625,3,5.0,0.0,16.95,0.0,de_Gerlache,6.2,True,Background,confirmed within de_Gerlache PSR boundary
-86.375,259.125,3,3.3333,0.0,5.15,0.0,de_Gerlache,61.6,False,Background,
-87.875,266.875,3,3.0,0.0,8.12,0.0,de_Gerlache,14.7,True,Background,confirmed within de_Gerlache PSR boundary
-86.375,57.125,4,6.0,0.0,14.37,0.0,Nobile,37.1,False,Background,
-86.625,257.375,3,3.3333,0.0,5.11,0.0,de_Gerlache,54.9,False,Background,
-86.875,54.375,3,5.0,0.0,12.7,0.0,Faustini,45.8,False,Background,
-87.375,258.125,3,4.0,0.0,6.99,0.0,de_Gerlache,32.8,False,Background,
-87.875,260.625,3,5.0,0.0,7.39,0.0,de_Gerlache,17.9,False,Background,
-87.375,50.375,3,3.0,0.0,16.41,0.0,Faustini,46.8,False,Background,
-87.125,255.625,3,3.3333,0.0,7.61,0.0,de_Gerlache,41.2,False,Background,
-88.125,260.875,3,3.3333,0.0,21.03,0.0,de_Gerlache,12.1,True,Background,confirmed within de_Gerlache PSR boundary
-88.125,44.125,4,3.5,0.0,4.31,0.0,Faustini,54.3,False,Background,
-86.625,51.875,4,4.0,0.0,21.63,0.0,Nobile,44.0,False,Background,
-85.875,246.875,3,3.3333,0.0,13.52,0.0,de_Gerlache,82.1,False,Background,
-87.125,247.875,3,4.0,0.0,9.15,0.0,de_Gerlache,45.9,False,Background,
-86.125,243.625,4,3.0,0.0,16.01,0.0,de_Gerlache,76.8,False,Background,
-86.625,242.375,3,3.3333,0.0,6.6,0.0,de_Gerlache,63.5,False,Background,
-89.125,270.875,5,3.2,0.0,17.47,0.0,de_Gerlache,24.1,False,Background,
-88.375,249.625,3,3.0,0.0,13.19,0.0,de_Gerlache,19.4,False,Background,
-88.625,253.125,4,3.0,0.0,11.58,0.0,de_Gerlache,17.5,False,Background,
-88.625,31.125,5,3.2,0.0,15.54,0.0,Shackleton,44.3,False,Background,
-87.875,35.625,4,3.25,0.0,6.25,0.0,Haworth,50.0,False,Background,
-88.375,31.875,3,3.3333,0.0,13.15,0.0,Haworth,47.3,False,Background,
-87.375,36.125,5,3.0,0.0,10.41,0.0,Haworth,54.5,False,Background,
-87.875,34.375,16,3.4375,0.0,10.03,0.0,Haworth,48.6,False,Background,
-85.125,38.375,4,4.25,0.0,22.99,0.0,Nobile,38.8,False,Background,
-87.625,34.875,7,3.7143,0.0,16.17,0.0,Haworth,50.5,False,Background,
-86.875,35.875,3,3.6667,0.0,7.3,0.0,Haworth,61.8,False,Background,
-89.625,45.875,3,3.6667,0.0,13.72,0.0,Shackleton,14.3,False,Background,
-87.125,32.125,4,3.0,0.0,8.24,0.0,Haworth,52.7,False,Background,
-86.125,29.375,3,4.3333,0.0,9.98,0.0,Nobile,61.8,False,Background,
-87.375,30.375,3,4.0,0.0,7.52,0.0,Haworth,47.1,False,Background,
-85.875,199.375,4,3.25,0.0,7.38,0.0,Sverdrup,94.6,False,Background,
-85.375,198.625,3,4.3333,0.0,5.27,0.0,Sverdrup,107.5,False,Background,
-86.125,197.875,3,3.3333,0.0,6.79,0.0,Sverdrup,86.4,False,Background,
-87.375,29.375,3,4.0,0.0,8.3,0.0,Haworth,45.8,False,Background,
-89.625,105.125,3,4.6667,0.0,30.04,0.0,Shackleton,4.7,True,Background,confirmed within Shackleton PSR boundary
-86.875,186.625,3,4.0,0.0,5.57,0.0,Sverdrup,56.1,False,Background,
-85.875,17.125,3,3.0,0.0,11.45,0.0,Haworth,60.9,False,Background,
-86.125,184.875,4,3.75,0.0,5.03,0.0,Sverdrup,73.8,False,Background,
-87.875,180.875,3,4.6667,0.0,11.61,0.0,Sverdrup,30.9,False,Background,
-87.125,13.375,3,3.0,0.0,7.75,0.0,Haworth,27.7,False,Background,
-86.125,10.625,4,3.25,0.0,10.16,0.0,Haworth,48.0,False,Background,
-85.625,7.625,3,5.0,0.0,14.65,0.0,Haworth,60.0,False,Background,
-85.125,181.875,3,3.6667,0.0,7.3,0.0,Sverdrup,99.5,False,Background,
-85.375,180.875,5,4.0,0.0,9.16,0.0,Sverdrup,91.5,False,Background,
-85.625,178.875,3,3.3333,0.0,16.27,0.0,Sverdrup,82.8,False,Background,
-85.625,178.125,4,3.75,0.0,19.39,0.0,Sverdrup,82.3,False,Background,
-89.875,143.375,3,4.3333,0.0,29.17,0.0,Shackleton,6.4,True,Background,confirmed within Shackleton PSR boundary
-87.125,355.625,4,3.0,0.0,9.73,0.0,Haworth,10.5,True,Background,confirmed within Haworth PSR boundary
-85.375,351.875,3,4.0,0.0,9.16,0.0,Haworth,63.8,False,Background,
-86.875,165.625,3,3.0,0.0,10.81,0.0,Sverdrup,38.3,False,Background,
-85.125,162.375,5,3.8,0.0,14.1,0.0,Sverdrup,88.7,False,Background,
-88.875,154.625,9,3.3333,0.0,10.6,0.0,Shackleton,25.4,False,Background,
-88.875,146.875,3,3.6667,0.0,8.45,0.0,Shackleton,24.7,False,Background,
-89.125,144.625,4,4.0,0.0,13.67,0.0,Shackleton,17.1,False,Background,
-89.125,136.375,9,3.1111,0.0,5.71,0.0,Shackleton,16.6,False,Background,
-86.375,340.875,4,4.0,0.0,9.46,0.0,Haworth,40.4,False,Background,
-85.125,338.875,3,4.3333,0.0,12.53,0.0,Cabeus,60.3,False,Background,
-89.375,127.875,4,4.0,0.0,23.38,0.0,Shackleton,9.0,True,Background,confirmed within Shackleton PSR boundary
-85.625,334.625,3,3.3333,0.0,8.64,0.0,Cabeus,51.3,False,Background,
-86.875,146.125,3,4.0,0.0,6.63,0.0,Sverdrup,35.1,False,Background,
-85.875,146.375,4,3.75,0.0,9.86,0.0,Sverdrup,65.1,False,Background,
-88.375,141.625,3,4.3333,0.0,5.44,0.0,Sverdrup,15.4,True,Background,confirmed within Sverdrup PSR boundary
-86.875,144.625,4,4.75,0.0,6.2,0.0,Sverdrup,35.7,False,Background,
-86.625,140.375,4,3.0,0.0,7.83,0.0,Sverdrup,44.9,False,Background,
-87.125,323.625,5,3.2,0.0,10.41,0.0,Haworth,45.9,False,Background,
-85.125,322.875,5,3.8,0.0,6.53,0.0,Cabeus,19.4,True,Background,confirmed within Cabeus PSR boundary
-86.625,139.625,4,4.5,0.0,9.58,0.0,Sverdrup,45.3,False,Background,
-88.625,137.125,10,3.1,0.0,7.07,0.0,Sverdrup,23.2,False,Background,
-88.125,136.875,14,3.3571,0.0,10.75,0.0,Sverdrup,16.4,True,Background,confirmed within Sverdrup PSR boundary
-85.125,135.875,5,3.0,0.0,4.63,0.0,Sverdrup,91.4,False,Background,
-87.125,134.375,4,4.5,0.0,7.63,0.0,Sverdrup,35.0,False,Background,
-86.625,132.875,4,4.0,0.0,5.4,0.0,Sverdrup,49.6,False,Background,
-86.375,132.125,3,3.6667,0.0,8.01,0.0,Sverdrup,57.1,False,Background,
-88.875,151.125,5,3.8,0.0,6.31,0.0,Shackleton,25.1,False,Background,
-85.625,128.625,3,3.6667,0.0,4.44,0.0,Sverdrup,81.0,False,Background,
-87.375,117.625,3,3.3333,0.0,9.16,0.0,Sverdrup,45.7,False,Background,
-88.125,123.875,3,4.0,0.0,7.27,0.0,Sverdrup,29.3,False,Background,
